{
"type": "FeatureCollection",
"name": "bus_stops",
"crs": { "type": "name", "properties": { "name": "urn:ogc:def:crs:OGC:1.3:CRS84" } },
"features": [
{ "type": "Feature", "properties": { "stop_id": "GGB206000720", "stop_name": "네오위즈.NHN", "lat": 37.39995, "lon": 127.1042667, "정보수집일": "2025-10-31", "모바일단축번호": 7805.0, "도시코드": 31020, "도시명": "경기도 성남시", "관리도시명": "경기BIS", "region": "pangyo", "region_name": "제1판교테크노밸리", "layer_type": "bus_stop", "layer_label_ko": "버스정류장" }, "geometry": { "type": "Point", "coordinates": [ 127.1042667, 37.39995 ] } },
{ "type": "Feature", "properties": { "stop_id": "GGB206000730", "stop_name": "엔씨소프트.안랩", "lat": 37.3995833, "lon": 127.10985, "정보수집일": "2025-10-31", "모바일단축번호": 7630.0, "도시코드": 31020, "도시명": "경기도 성남시", "관리도시명": "경기BIS", "region": "pangyo", "region_name": "제1판교테크노밸리", "layer_type": "bus_stop", "layer_label_ko": "버스정류장" }, "geometry": { "type": "Point", "coordinates": [ 127.10985, 37.3995833 ] } },
{ "type": "Feature", "properties": { "stop_id": "GGB206000731", "stop_name": "엔씨소프트.안랩", "lat": 37.3994667, "lon": 127.1094667, "정보수집일": "2025-10-31", "모바일단축번호": 7631.0, "도시코드": 31020, "도시명": "경기도 성남시", "관리도시명": "경기BIS", "region": "pangyo", "region_name": "제1판교테크노밸리", "layer_type": "bus_stop", "layer_label_ko": "버스정류장" }, "geometry": { "type": "Point", "coordinates": [ 127.1094667, 37.3994667 ] } },
{ "type": "Feature", "properties": { "stop_id": "GGB206000744", "stop_name": "이노밸리A동.오콘", "lat": 37.40295, "lon": 127.1005167, "정보수집일": "2025-10-31", "모바일단축번호": 7666.0, "도시코드": 31020, "도시명": "경기도 성남시", "관리도시명": "경기BIS", "region": "pangyo", "region_name": "제1판교테크노밸리", "layer_type": "bus_stop", "layer_label_ko": "버스정류장" }, "geometry": { "type": "Point", "coordinates": [ 127.1005167, 37.40295 ] } },
{ "type": "Feature", "properties": { "stop_id": "GGB206000745", "stop_name": "판교PDCC.NS홈쇼핑", "lat": 37.4025833, "lon": 127.1007833, "정보수집일": "2025-10-31", "모바일단축번호": 7474.0, "도시코드": 31020, "도시명": "경기도 성남시", "관리도시명": "경기BIS", "region": "pangyo", "region_name": "제1판교테크노밸리", "layer_type": "bus_stop", "layer_label_ko": "버스정류장" }, "geometry": { "type": "Point", "coordinates": [ 127.1007833, 37.4025833 ] } },
{ "type": "Feature", "properties": { "stop_id": "GGB206000801", "stop_name": "판교세븐벤처밸리", "lat": 37.4014333, "lon": 127.1002667, "정보수집일": "2025-10-31", "모바일단축번호": 7683.0, "도시코드": 31020, "도시명": "경기도 성남시", "관리도시명": "경기BIS", "region": "pangyo", "region_name": "제1판교테크노밸리", "layer_type": "bus_stop", "layer_label_ko": "버스정류장" }, "geometry": { "type": "Point", "coordinates": [ 127.1002667, 37.4014333 ] } },
{ "type": "Feature", "properties": { "stop_id": "GGB206000802", "stop_name": "넥슨네트웍스.NHN.네오위즈", "lat": 37.4003667, "lon": 127.10265, "정보수집일": "2025-10-31", "모바일단축번호": 7684.0, "도시코드": 31020, "도시명": "경기도 성남시", "관리도시명": "경기BIS", "region": "pangyo", "region_name": "제1판교테크노밸리", "layer_type": "bus_stop", "layer_label_ko": "버스정류장" }, "geometry": { "type": "Point", "coordinates": [ 127.10265, 37.4003667 ] } },
{ "type": "Feature", "properties": { "stop_id": "GGB206000803", "stop_name": "넥슨", "lat": 37.4016833, "lon": 127.1026167, "정보수집일": "2025-10-31", "모바일단축번호": 7685.0, "도시코드": 31020, "도시명": "경기도 성남시", "관리도시명": "경기BIS", "region": "pangyo", "region_name": "제1판교테크노밸리", "layer_type": "bus_stop", "layer_label_ko": "버스정류장" }, "geometry": { "type": "Point", "coordinates": [ 127.1026167, 37.4016833 ] } },
{ "type": "Feature", "properties": { "stop_id": "GGB206000903", "stop_name": "우주공원.코스맥스", "lat": 37.40435, "lon": 127.10185, "정보수집일": "2025-10-31", "모바일단축번호": 7781.0, "도시코드": 31020, "도시명": "경기도 성남시", "관리도시명": "경기BIS", "region": "pangyo", "region_name": "제1판교테크노밸리", "layer_type": "bus_stop", "layer_label_ko": "버스정류장" }, "geometry": { "type": "Point", "coordinates": [ 127.10185, 37.40435 ] } },
{ "type": "Feature", "properties": { "stop_id": "GGB206000904", "stop_name": "실리콘파크.삼성중공업", "lat": 37.40475, "lon": 127.0998, "정보수집일": "2025-10-31", "모바일단축번호": 7782.0, "도시코드": 31020, "도시명": "경기도 성남시", "관리도시명": "경기BIS", "region": "pangyo", "region_name": "제1판교테크노밸리", "layer_type": "bus_stop", "layer_label_ko": "버스정류장" }, "geometry": { "type": "Point", "coordinates": [ 127.0998, 37.40475 ] } },
{ "type": "Feature", "properties": { "stop_id": "GGB206000126", "stop_name": "판교세븐벤처밸리", "lat": 37.4015167, "lon": 127.10045, "정보수집일": "2025-10-31", "모바일단축번호": 7803.0, "도시코드": 31020, "도시명": "경기도 성남시", "관리도시명": "경기BIS", "region": "pangyo", "region_name": "제1판교테크노밸리", "layer_type": "bus_stop", "layer_label_ko": "버스정류장" }, "geometry": { "type": "Point", "coordinates": [ 127.10045, 37.4015167 ] } },
{ "type": "Feature", "properties": { "stop_id": "GGB206000127", "stop_name": "판교환경생태학습원", "lat": 37.39975, "lon": 127.1040833, "정보수집일": "2025-10-31", "모바일단축번호": 7804.0, "도시코드": 31020, "도시명": "경기도 성남시", "관리도시명": "경기BIS", "region": "pangyo", "region_name": "제1판교테크노밸리", "layer_type": "bus_stop", "layer_label_ko": "버스정류장" }, "geometry": { "type": "Point", "coordinates": [ 127.1040833, 37.39975 ] } },
{ "type": "Feature", "properties": { "stop_id": "GGB206000139", "stop_name": "차그룹컨소시엄", "lat": 37.40335, "lon": 127.1115, "정보수집일": "2025-10-31", "모바일단축번호": 7802.0, "도시코드": 31020, "도시명": "경기도 성남시", "관리도시명": "경기BIS", "region": "pangyo", "region_name": "제1판교테크노밸리", "layer_type": "bus_stop", "layer_label_ko": "버스정류장" }, "geometry": { "type": "Point", "coordinates": [ 127.1115, 37.40335 ] } },
{ "type": "Feature", "properties": { "stop_id": "GGB206000539", "stop_name": "금토천교", "lat": 37.4013, "lon": 127.1060333, "정보수집일": "2025-10-31", "모바일단축번호": 7495.0, "도시코드": 31020, "도시명": "경기도 성남시", "관리도시명": "경기BIS", "region": "pangyo", "region_name": "제1판교테크노밸리", "layer_type": "bus_stop", "layer_label_ko": "버스정류장" }, "geometry": { "type": "Point", "coordinates": [ 127.1060333, 37.4013 ] } },
{ "type": "Feature", "properties": { "stop_id": "GGB206000540", "stop_name": "삼평교", "lat": 37.4041333, "lon": 127.1047833, "정보수집일": "2025-10-31", "모바일단축번호": 7496.0, "도시코드": 31020, "도시명": "경기도 성남시", "관리도시명": "경기BIS", "region": "pangyo", "region_name": "제1판교테크노밸리", "layer_type": "bus_stop", "layer_label_ko": "버스정류장" }, "geometry": { "type": "Point", "coordinates": [ 127.1047833, 37.4041333 ] } },
{ "type": "Feature", "properties": { "stop_id": "GGB206000542", "stop_name": "삼평교", "lat": 37.4039167, "lon": 127.1041667, "정보수집일": "2025-10-31", "모바일단축번호": 7498.0, "도시코드": 31020, "도시명": "경기도 성남시", "관리도시명": "경기BIS", "region": "pangyo", "region_name": "제1판교테크노밸리", "layer_type": "bus_stop", "layer_label_ko": "버스정류장" }, "geometry": { "type": "Point", "coordinates": [ 127.1041667, 37.4039167 ] } },
{ "type": "Feature", "properties": { "stop_id": "GGB206000543", "stop_name": "금토천교", "lat": 37.4012, "lon": 127.10555, "정보수집일": "2025-10-31", "모바일단축번호": 7499.0, "도시코드": 31020, "도시명": "경기도 성남시", "관리도시명": "경기BIS", "region": "pangyo", "region_name": "제1판교테크노밸리", "layer_type": "bus_stop", "layer_label_ko": "버스정류장" }, "geometry": { "type": "Point", "coordinates": [ 127.10555, 37.4012 ] } },
{ "type": "Feature", "properties": { "stop_id": "GGB206000562", "stop_name": "차그룹컨소시엄", "lat": 37.40335, "lon": 127.11095, "정보수집일": "2025-10-31", "모바일단축번호": 7508.0, "도시코드": 31020, "도시명": "경기도 성남시", "관리도시명": "경기BIS", "region": "pangyo", "region_name": "제1판교테크노밸리", "layer_type": "bus_stop", "layer_label_ko": "버스정류장" }, "geometry": { "type": "Point", "coordinates": [ 127.11095, 37.40335 ] } },
{ "type": "Feature", "properties": { "stop_id": "GGB206000563", "stop_name": "한국무역정보통신", "lat": 37.4030833, "lon": 127.1109833, "정보수집일": "2025-10-31", "모바일단축번호": 7509.0, "도시코드": 31020, "도시명": "경기도 성남시", "관리도시명": "경기BIS", "region": "pangyo", "region_name": "제1판교테크노밸리", "layer_type": "bus_stop", "layer_label_ko": "버스정류장" }, "geometry": { "type": "Point", "coordinates": [ 127.1109833, 37.4030833 ] } },
{ "type": "Feature", "properties": { "stop_id": "GGB206000564", "stop_name": "봇들육교", "lat": 37.4033667, "lon": 127.1076667, "정보수집일": "2025-10-31", "모바일단축번호": 7510.0, "도시코드": 31020, "도시명": "경기도 성남시", "관리도시명": "경기BIS", "region": "pangyo", "region_name": "제1판교테크노밸리", "layer_type": "bus_stop", "layer_label_ko": "버스정류장" }, "geometry": { "type": "Point", "coordinates": [ 127.1076667, 37.4033667 ] } },
{ "type": "Feature", "properties": { "stop_id": "GGB206000565", "stop_name": "유라코퍼레이션.SK케미칼", "lat": 37.4030667, "lon": 127.1076833, "정보수집일": "2025-10-31", "모바일단축번호": 7511.0, "도시코드": 31020, "도시명": "경기도 성남시", "관리도시명": "경기BIS", "region": "pangyo", "region_name": "제1판교테크노밸리", "layer_type": "bus_stop", "layer_label_ko": "버스정류장" }, "geometry": { "type": "Point", "coordinates": [ 127.1076833, 37.4030667 ] } },
{ "type": "Feature", "properties": { "stop_id": "GGB206000566", "stop_name": "이노밸리.포스코DX", "lat": 37.4033667, "lon": 127.1030667, "정보수집일": "2025-10-31", "모바일단축번호": 7512.0, "도시코드": 31020, "도시명": "경기도 성남시", "관리도시명": "경기BIS", "region": "pangyo", "region_name": "제1판교테크노밸리", "layer_type": "bus_stop", "layer_label_ko": "버스정류장" }, "geometry": { "type": "Point", "coordinates": [ 127.1030667, 37.4033667 ] } },
{ "type": "Feature", "properties": { "stop_id": "GGB206000567", "stop_name": "SK플래닛.판교디지털센터", "lat": 37.4030167, "lon": 127.10315, "정보수집일": "2025-10-31", "모바일단축번호": 7513.0, "도시코드": 31020, "도시명": "경기도 성남시", "관리도시명": "경기BIS", "region": "pangyo", "region_name": "제1판교테크노밸리", "layer_type": "bus_stop", "layer_label_ko": "버스정류장" }, "geometry": { "type": "Point", "coordinates": [ 127.10315, 37.4030167 ] } },
{ "type": "Feature", "properties": { "stop_id": "GGB206000578", "stop_name": "봇들마을5단지", "lat": 37.4014, "lon": 127.11275, "정보수집일": "2025-10-31", "모바일단축번호": 7521.0, "도시코드": 31020, "도시명": "경기도 성남시", "관리도시명": "경기BIS", "region": "pangyo", "region_name": "제1판교테크노밸리", "layer_type": "bus_stop", "layer_label_ko": "버스정류장" }, "geometry": { "type": "Point", "coordinates": [ 127.11275, 37.4014 ] } },
{ "type": "Feature", "properties": { "stop_id": "GGB206000579", "stop_name": "봇들마을5단지.테크노육교", "lat": 37.4014333, "lon": 127.11315, "정보수집일": "2025-10-31", "모바일단축번호": 7517.0, "도시코드": 31020, "도시명": "경기도 성남시", "관리도시명": "경기BIS", "region": "pangyo", "region_name": "제1판교테크노밸리", "layer_type": "bus_stop", "layer_label_ko": "버스정류장" }, "geometry": { "type": "Point", "coordinates": [ 127.11315, 37.4014333 ] } },
{ "type": "Feature", "properties": { "stop_id": "GGB206000582", "stop_name": "메디포스트", "lat": 37.39995, "lon": 127.1087167, "정보수집일": "2025-10-31", "모바일단축번호": 7520.0, "도시코드": 31020, "도시명": "경기도 성남시", "관리도시명": "경기BIS", "region": "pangyo", "region_name": "제1판교테크노밸리", "layer_type": "bus_stop", "layer_label_ko": "버스정류장" }, "geometry": { "type": "Point", "coordinates": [ 127.1087167, 37.39995 ] } },
{ "type": "Feature", "properties": { "stop_id": "GGB206000583", "stop_name": "NC소프트", "lat": 37.3997333, "lon": 127.1086167, "정보수집일": "2025-10-31", "모바일단축번호": 7522.0, "도시코드": 31020, "도시명": "경기도 성남시", "관리도시명": "경기BIS", "region": "pangyo", "region_name": "제1판교테크노밸리", "layer_type": "bus_stop", "layer_label_ko": "버스정류장" }, "geometry": { "type": "Point", "coordinates": [ 127.1086167, 37.3997333 ] } },
{ "type": "Feature", "properties": { "stop_id": "GGB206000677", "stop_name": "H스퀘어.삼환하이펙스", "lat": 37.4017833, "lon": 127.10985, "정보수집일": "2025-10-31", "모바일단축번호": 7034.0, "도시코드": 31020, "도시명": "경기도 성남시", "관리도시명": "경기BIS", "region": "pangyo", "region_name": "제1판교테크노밸리", "layer_type": "bus_stop", "layer_label_ko": "버스정류장" }, "geometry": { "type": "Point", "coordinates": [ 127.10985, 37.4017833 ] } },
{ "type": "Feature", "properties": { "stop_id": "GGB206000678", "stop_name": "H스퀘어.삼환하이펙스", "lat": 37.40185, "lon": 127.10945, "정보수집일": "2025-10-31", "모바일단축번호": 7479.0, "도시코드": 31020, "도시명": "경기도 성남시", "관리도시명": "경기BIS", "region": "pangyo", "region_name": "제1판교테크노밸리", "layer_type": "bus_stop", "layer_label_ko": "버스정류장" }, "geometry": { "type": "Point", "coordinates": [ 127.10945, 37.40185 ] } },
{ "type": "Feature", "properties": { "stop_id": "SEB206000539", "stop_name": "금토천교", "lat": 37.4012684, "lon": 127.1060779, "정보수집일": "2025-10-31", "모바일단축번호": 7495.0, "도시코드": 11, "도시명": "서울특별시", "관리도시명": "서울BIS", "region": "pangyo", "region_name": "제1판교테크노밸리", "layer_type": "bus_stop", "layer_label_ko": "버스정류장" }, "geometry": { "type": "Point", "coordinates": [ 127.1060779, 37.4012684 ] } },
{ "type": "Feature", "properties": { "stop_id": "SEB206000540", "stop_name": "삼평교", "lat": 37.4041028, "lon": 127.1048367, "정보수집일": "2025-10-31", "모바일단축번호": 7496.0, "도시코드": 11, "도시명": "서울특별시", "관리도시명": "서울BIS", "region": "pangyo", "region_name": "제1판교테크노밸리", "layer_type": "bus_stop", "layer_label_ko": "버스정류장" }, "geometry": { "type": "Point", "coordinates": [ 127.1048367, 37.4041028 ] } },
{ "type": "Feature", "properties": { "stop_id": "SEB206000542", "stop_name": "삼평교", "lat": 37.4038813, "lon": 127.1042188, "정보수집일": "2025-10-31", "모바일단축번호": 7498.0, "도시코드": 11, "도시명": "서울특별시", "관리도시명": "서울BIS", "region": "pangyo", "region_name": "제1판교테크노밸리", "layer_type": "bus_stop", "layer_label_ko": "버스정류장" }, "geometry": { "type": "Point", "coordinates": [ 127.1042188, 37.4038813 ] } },
{ "type": "Feature", "properties": { "stop_id": "SEB206000543", "stop_name": "금토천교", "lat": 37.4011599, "lon": 127.1055913, "정보수집일": "2025-10-31", "모바일단축번호": 7499.0, "도시코드": 11, "도시명": "서울특별시", "관리도시명": "서울BIS", "region": "pangyo", "region_name": "제1판교테크노밸리", "layer_type": "bus_stop", "layer_label_ko": "버스정류장" }, "geometry": { "type": "Point", "coordinates": [ 127.1055913, 37.4011599 ] } },
{ "type": "Feature", "properties": { "stop_id": "GGB168000742", "stop_name": "청라자이", "lat": 37.5297333, "lon": 126.6581667, "정보수집일": "2025-10-31", "모바일단축번호": 42742.0, "도시코드": 23, "도시명": "인천광역시", "관리도시명": "경기BIS", "region": "cheongna", "region_name": "청라국제업무지구", "layer_type": "bus_stop", "layer_label_ko": "버스정류장" }, "geometry": { "type": "Point", "coordinates": [ 126.6581667, 37.5297333 ] } },
{ "type": "Feature", "properties": { "stop_id": "GGB168000743", "stop_name": "호반베르디움3차아파트", "lat": 37.5301, "lon": 126.6585333, "정보수집일": "2025-10-31", "모바일단축번호": 42743.0, "도시코드": 23, "도시명": "인천광역시", "관리도시명": "경기BIS", "region": "cheongna", "region_name": "청라국제업무지구", "layer_type": "bus_stop", "layer_label_ko": "버스정류장" }, "geometry": { "type": "Point", "coordinates": [ 126.6585333, 37.5301 ] } },
{ "type": "Feature", "properties": { "stop_id": "GGB168000784", "stop_name": "청라고등학교", "lat": 37.5369667, "lon": 126.6599833, "정보수집일": "2025-10-31", "모바일단축번호": 42784.0, "도시코드": 23, "도시명": "인천광역시", "관리도시명": "경기BIS", "region": "cheongna", "region_name": "청라국제업무지구", "layer_type": "bus_stop", "layer_label_ko": "버스정류장" }, "geometry": { "type": "Point", "coordinates": [ 126.6599833, 37.5369667 ] } },
{ "type": "Feature", "properties": { "stop_id": "GGB168000785", "stop_name": "청라고등학교", "lat": 37.5368333, "lon": 126.6595833, "정보수집일": "2025-10-31", "모바일단축번호": 42785.0, "도시코드": 23, "도시명": "인천광역시", "관리도시명": "경기BIS", "region": "cheongna", "region_name": "청라국제업무지구", "layer_type": "bus_stop", "layer_label_ko": "버스정류장" }, "geometry": { "type": "Point", "coordinates": [ 126.6595833, 37.5368333 ] } },
{ "type": "Feature", "properties": { "stop_id": "GGB168000789", "stop_name": "서해그랑블", "lat": 37.5301, "lon": 126.6549833, "정보수집일": "2025-10-31", "모바일단축번호": 42789.0, "도시코드": 23, "도시명": "인천광역시", "관리도시명": "경기BIS", "region": "cheongna", "region_name": "청라국제업무지구", "layer_type": "bus_stop", "layer_label_ko": "버스정류장" }, "geometry": { "type": "Point", "coordinates": [ 126.6549833, 37.5301 ] } },
{ "type": "Feature", "properties": { "stop_id": "GGB168000790", "stop_name": "서해그랑블", "lat": 37.5297833, "lon": 126.6549833, "정보수집일": "2025-10-31", "모바일단축번호": 42790.0, "도시코드": 23, "도시명": "인천광역시", "관리도시명": "경기BIS", "region": "cheongna", "region_name": "청라국제업무지구", "layer_type": "bus_stop", "layer_label_ko": "버스정류장" }, "geometry": { "type": "Point", "coordinates": [ 126.6549833, 37.5297833 ] } },
{ "type": "Feature", "properties": { "stop_id": "GGB168000820", "stop_name": "동양엔파트", "lat": 37.53005, "lon": 126.64415, "정보수집일": "2025-10-31", "모바일단축번호": 42820.0, "도시코드": 23, "도시명": "인천광역시", "관리도시명": "경기BIS", "region": "cheongna", "region_name": "청라국제업무지구", "layer_type": "bus_stop", "layer_label_ko": "버스정류장" }, "geometry": { "type": "Point", "coordinates": [ 126.64415, 37.53005 ] } },
{ "type": "Feature", "properties": { "stop_id": "GGB168000836", "stop_name": "엑슬루타워", "lat": 37.53, "lon": 126.6522333, "정보수집일": "2025-10-31", "모바일단축번호": 42836.0, "도시코드": 23, "도시명": "인천광역시", "관리도시명": "경기BIS", "region": "cheongna", "region_name": "청라국제업무지구", "layer_type": "bus_stop", "layer_label_ko": "버스정류장" }, "geometry": { "type": "Point", "coordinates": [ 126.6522333, 37.53 ] } },
{ "type": "Feature", "properties": { "stop_id": "GGB168000837", "stop_name": "동양엔파트", "lat": 37.5296833, "lon": 126.6436167, "정보수집일": "2025-10-31", "모바일단축번호": 42837.0, "도시코드": 23, "도시명": "인천광역시", "관리도시명": "경기BIS", "region": "cheongna", "region_name": "청라국제업무지구", "layer_type": "bus_stop", "layer_label_ko": "버스정류장" }, "geometry": { "type": "Point", "coordinates": [ 126.6436167, 37.5296833 ] } },
{ "type": "Feature", "properties": { "stop_id": "GGB168000861", "stop_name": "청라호수공원(남측)", "lat": 37.5258, "lon": 126.6393667, "정보수집일": "2025-10-31", "모바일단축번호": 42861.0, "도시코드": 23, "도시명": "인천광역시", "관리도시명": "경기BIS", "region": "cheongna", "region_name": "청라국제업무지구", "layer_type": "bus_stop", "layer_label_ko": "버스정류장" }, "geometry": { "type": "Point", "coordinates": [ 126.6393667, 37.5258 ] } },
{ "type": "Feature", "properties": { "stop_id": "GGB168000863", "stop_name": "청라호수공원(남측)", "lat": 37.5259333, "lon": 126.6392, "정보수집일": "2025-10-31", "모바일단축번호": 42863.0, "도시코드": 23, "도시명": "인천광역시", "관리도시명": "경기BIS", "region": "cheongna", "region_name": "청라국제업무지구", "layer_type": "bus_stop", "layer_label_ko": "버스정류장" }, "geometry": { "type": "Point", "coordinates": [ 126.6392, 37.5259333 ] } },
{ "type": "Feature", "properties": { "stop_id": "GGB168000865", "stop_name": "한일베라체", "lat": 37.5300167, "lon": 126.6414, "정보수집일": "2025-10-31", "모바일단축번호": 42865.0, "도시코드": 23, "도시명": "인천광역시", "관리도시명": "경기BIS", "region": "cheongna", "region_name": "청라국제업무지구", "layer_type": "bus_stop", "layer_label_ko": "버스정류장" }, "geometry": { "type": "Point", "coordinates": [ 126.6414, 37.5300167 ] } },
{ "type": "Feature", "properties": { "stop_id": "GGB168000868", "stop_name": "한양수자인", "lat": 37.5273833, "lon": 126.6222333, "정보수집일": "2025-10-31", "모바일단축번호": 42868.0, "도시코드": 23, "도시명": "인천광역시", "관리도시명": "경기BIS", "region": "cheongna", "region_name": "청라국제업무지구", "layer_type": "bus_stop", "layer_label_ko": "버스정류장" }, "geometry": { "type": "Point", "coordinates": [ 126.6222333, 37.5273833 ] } },
{ "type": "Feature", "properties": { "stop_id": "GGB168000876", "stop_name": "힐데스하임", "lat": 37.5297833, "lon": 126.65225, "정보수집일": "2025-10-31", "모바일단축번호": 42876.0, "도시코드": 23, "도시명": "인천광역시", "관리도시명": "경기BIS", "region": "cheongna", "region_name": "청라국제업무지구", "layer_type": "bus_stop", "layer_label_ko": "버스정류장" }, "geometry": { "type": "Point", "coordinates": [ 126.65225, 37.5297833 ] } },
{ "type": "Feature", "properties": { "stop_id": "GGB168000884", "stop_name": "롯데캐슬", "lat": 37.5300333, "lon": 126.6472, "정보수집일": "2025-10-31", "모바일단축번호": 42884.0, "도시코드": 23, "도시명": "인천광역시", "관리도시명": "경기BIS", "region": "cheongna", "region_name": "청라국제업무지구", "layer_type": "bus_stop", "layer_label_ko": "버스정류장" }, "geometry": { "type": "Point", "coordinates": [ 126.6472, 37.5300333 ] } },
{ "type": "Feature", "properties": { "stop_id": "GGB168000885", "stop_name": "휴먼시아후문", "lat": 37.5297333, "lon": 126.6472, "정보수집일": "2025-10-31", "모바일단축번호": 42885.0, "도시코드": 23, "도시명": "인천광역시", "관리도시명": "경기BIS", "region": "cheongna", "region_name": "청라국제업무지구", "layer_type": "bus_stop", "layer_label_ko": "버스정류장" }, "geometry": { "type": "Point", "coordinates": [ 126.6472, 37.5297333 ] } },
{ "type": "Feature", "properties": { "stop_id": "GGB168000893", "stop_name": "한양수자인", "lat": 37.5272333, "lon": 126.622, "정보수집일": "2025-10-31", "모바일단축번호": 42893.0, "도시코드": 23, "도시명": "인천광역시", "관리도시명": "경기BIS", "region": "cheongna", "region_name": "청라국제업무지구", "layer_type": "bus_stop", "layer_label_ko": "버스정류장" }, "geometry": { "type": "Point", "coordinates": [ 126.622, 37.5272333 ] } },
{ "type": "Feature", "properties": { "stop_id": "GGB168000899", "stop_name": "청라호반베르디움.포리공원", "lat": 37.5272833, "lon": 126.6409833, "정보수집일": "2025-10-31", "모바일단축번호": 42899.0, "도시코드": 23, "도시명": "인천광역시", "관리도시명": "경기BIS", "region": "cheongna", "region_name": "청라국제업무지구", "layer_type": "bus_stop", "layer_label_ko": "버스정류장" }, "geometry": { "type": "Point", "coordinates": [ 126.6409833, 37.5272833 ] } },
{ "type": "Feature", "properties": { "stop_id": "GGB168000919", "stop_name": "청라호반베르디움.포리공원", "lat": 37.5272167, "lon": 126.6406333, "정보수집일": "2025-10-31", "모바일단축번호": 42919.0, "도시코드": 23, "도시명": "인천광역시", "관리도시명": "경기BIS", "region": "cheongna", "region_name": "청라국제업무지구", "layer_type": "bus_stop", "layer_label_ko": "버스정류장" }, "geometry": { "type": "Point", "coordinates": [ 126.6406333, 37.5272167 ] } },
{ "type": "Feature", "properties": { "stop_id": "GGB168000922", "stop_name": "청라국제도서관", "lat": 37.5311, "lon": 126.6596333, "정보수집일": "2025-10-31", "모바일단축번호": 42922.0, "도시코드": 23, "도시명": "인천광역시", "관리도시명": "경기BIS", "region": "cheongna", "region_name": "청라국제업무지구", "layer_type": "bus_stop", "layer_label_ko": "버스정류장" }, "geometry": { "type": "Point", "coordinates": [ 126.6596333, 37.5311 ] } },
{ "type": "Feature", "properties": { "stop_id": "GGB168000923", "stop_name": "청라국제도서관", "lat": 37.5311833, "lon": 126.66, "정보수집일": "2025-10-31", "모바일단축번호": 42923.0, "도시코드": 23, "도시명": "인천광역시", "관리도시명": "경기BIS", "region": "cheongna", "region_name": "청라국제업무지구", "layer_type": "bus_stop", "layer_label_ko": "버스정류장" }, "geometry": { "type": "Point", "coordinates": [ 126.66, 37.5311833 ] } },
{ "type": "Feature", "properties": { "stop_id": "GGB168000948", "stop_name": "한일베라체", "lat": 37.5297667, "lon": 126.6413667, "정보수집일": "2025-10-31", "모바일단축번호": 42948.0, "도시코드": 23, "도시명": "인천광역시", "관리도시명": "경기BIS", "region": "cheongna", "region_name": "청라국제업무지구", "layer_type": "bus_stop", "layer_label_ko": "버스정류장" }, "geometry": { "type": "Point", "coordinates": [ 126.6413667, 37.5297667 ] } },
{ "type": "Feature", "properties": { "stop_id": "GGB168000951", "stop_name": "심곡천봉수교", "lat": 37.5301167, "lon": 126.6612333, "정보수집일": "2025-10-31", "모바일단축번호": 42951.0, "도시코드": 23, "도시명": "인천광역시", "관리도시명": "경기BIS", "region": "cheongna", "region_name": "청라국제업무지구", "layer_type": "bus_stop", "layer_label_ko": "버스정류장" }, "geometry": { "type": "Point", "coordinates": [ 126.6612333, 37.5301167 ] } },
{ "type": "Feature", "properties": { "stop_id": "GGB168000952", "stop_name": "가원초등학교", "lat": 37.5292, "lon": 126.6625, "정보수집일": "2025-10-31", "모바일단축번호": 42952.0, "도시코드": 23, "도시명": "인천광역시", "관리도시명": "경기BIS", "region": "cheongna", "region_name": "청라국제업무지구", "layer_type": "bus_stop", "layer_label_ko": "버스정류장" }, "geometry": { "type": "Point", "coordinates": [ 126.6625, 37.5292 ] } },
{ "type": "Feature", "properties": { "stop_id": "GGB168000984", "stop_name": "청라국제업무단지(골드클래스)", "lat": 37.5292, "lon": 126.6251667, "정보수집일": "2025-10-31", "모바일단축번호": 42984.0, "도시코드": 23, "도시명": "인천광역시", "관리도시명": "경기BIS", "region": "cheongna", "region_name": "청라국제업무지구", "layer_type": "bus_stop", "layer_label_ko": "버스정류장" }, "geometry": { "type": "Point", "coordinates": [ 126.6251667, 37.5292 ] } },
{ "type": "Feature", "properties": { "stop_id": "GGB168000985", "stop_name": "반도유보라", "lat": 37.52495, "lon": 126.62335, "정보수집일": "2025-10-31", "모바일단축번호": 42985.0, "도시코드": 23, "도시명": "인천광역시", "관리도시명": "경기BIS", "region": "cheongna", "region_name": "청라국제업무지구", "layer_type": "bus_stop", "layer_label_ko": "버스정류장" }, "geometry": { "type": "Point", "coordinates": [ 126.62335, 37.52495 ] } },
{ "type": "Feature", "properties": { "stop_id": "GGB168000986", "stop_name": "동양엔파트", "lat": 37.5249833, "lon": 126.6230333, "정보수집일": "2025-10-31", "모바일단축번호": 42986.0, "도시코드": 23, "도시명": "인천광역시", "관리도시명": "경기BIS", "region": "cheongna", "region_name": "청라국제업무지구", "layer_type": "bus_stop", "layer_label_ko": "버스정류장" }, "geometry": { "type": "Point", "coordinates": [ 126.6230333, 37.5249833 ] } },
{ "type": "Feature", "properties": { "stop_id": "GGB168000991", "stop_name": "청라꽃농원", "lat": 37.5341, "lon": 126.6627667, "정보수집일": "2025-10-31", "모바일단축번호": 42991.0, "도시코드": 23, "도시명": "인천광역시", "관리도시명": "경기BIS", "region": "cheongna", "region_name": "청라국제업무지구", "layer_type": "bus_stop", "layer_label_ko": "버스정류장" }, "geometry": { "type": "Point", "coordinates": [ 126.6627667, 37.5341 ] } },
{ "type": "Feature", "properties": { "stop_id": "GGB168000999", "stop_name": "롯데캐슬", "lat": 37.53005, "lon": 126.6455, "정보수집일": "2025-10-31", "모바일단축번호": 42999.0, "도시코드": 23, "도시명": "인천광역시", "관리도시명": "경기BIS", "region": "cheongna", "region_name": "청라국제업무지구", "layer_type": "bus_stop", "layer_label_ko": "버스정류장" }, "geometry": { "type": "Point", "coordinates": [ 126.6455, 37.53005 ] } },
{ "type": "Feature", "properties": { "stop_id": "GGB168001004", "stop_name": "청라중봉대로(중)", "lat": 37.5298333, "lon": 126.6489167, "정보수집일": "2025-10-31", "모바일단축번호": 42829.0, "도시코드": 23, "도시명": "인천광역시", "관리도시명": "경기BIS", "region": "cheongna", "region_name": "청라국제업무지구", "layer_type": "bus_stop", "layer_label_ko": "버스정류장" }, "geometry": { "type": "Point", "coordinates": [ 126.6489167, 37.5298333 ] } },
{ "type": "Feature", "properties": { "stop_id": "GGB168001005", "stop_name": "청라중봉대로(중)", "lat": 37.5299833, "lon": 126.6500833, "정보수집일": "2025-10-31", "모바일단축번호": 42838.0, "도시코드": 23, "도시명": "인천광역시", "관리도시명": "경기BIS", "region": "cheongna", "region_name": "청라국제업무지구", "layer_type": "bus_stop", "layer_label_ko": "버스정류장" }, "geometry": { "type": "Point", "coordinates": [ 126.6500833, 37.5299833 ] } },
{ "type": "Feature", "properties": { "stop_id": "GGB168001021", "stop_name": "청라중앙호수공원입구(중)", "lat": 37.52985, "lon": 126.6412333, "정보수집일": "2025-10-31", "모바일단축번호": 89021.0, "도시코드": 23, "도시명": "인천광역시", "관리도시명": "경기BIS", "region": "cheongna", "region_name": "청라국제업무지구", "layer_type": "bus_stop", "layer_label_ko": "버스정류장" }, "geometry": { "type": "Point", "coordinates": [ 126.6412333, 37.52985 ] } },
{ "type": "Feature", "properties": { "stop_id": "GGB168001022", "stop_name": "로봇랜드입구", "lat": 37.5285167, "lon": 126.6223667, "정보수집일": "2025-10-31", "모바일단축번호": 89022.0, "도시코드": 23, "도시명": "인천광역시", "관리도시명": "경기BIS", "region": "cheongna", "region_name": "청라국제업무지구", "layer_type": "bus_stop", "layer_label_ko": "버스정류장" }, "geometry": { "type": "Point", "coordinates": [ 126.6223667, 37.5285167 ] } },
{ "type": "Feature", "properties": { "stop_id": "GGB168001023", "stop_name": "로봇랜드입구", "lat": 37.5288333, "lon": 126.6223167, "정보수집일": "2025-10-31", "모바일단축번호": 89023.0, "도시코드": 23, "도시명": "인천광역시", "관리도시명": "경기BIS", "region": "cheongna", "region_name": "청라국제업무지구", "layer_type": "bus_stop", "layer_label_ko": "버스정류장" }, "geometry": { "type": "Point", "coordinates": [ 126.6223167, 37.5288333 ] } },
{ "type": "Feature", "properties": { "stop_id": "GGB168001024", "stop_name": "청라중앙호수공원입구(중)", "lat": 37.5299333, "lon": 126.6399333, "정보수집일": "2025-10-31", "모바일단축번호": 89024.0, "도시코드": 23, "도시명": "인천광역시", "관리도시명": "경기BIS", "region": "cheongna", "region_name": "청라국제업무지구", "layer_type": "bus_stop", "layer_label_ko": "버스정류장" }, "geometry": { "type": "Point", "coordinates": [ 126.6399333, 37.5299333 ] } },
{ "type": "Feature", "properties": { "stop_id": "GGB168001025", "stop_name": "초은고등학교(중)", "lat": 37.5298167, "lon": 126.6560833, "정보수집일": "2025-10-31", "모바일단축번호": 89025.0, "도시코드": 23, "도시명": "인천광역시", "관리도시명": "경기BIS", "region": "cheongna", "region_name": "청라국제업무지구", "layer_type": "bus_stop", "layer_label_ko": "버스정류장" }, "geometry": { "type": "Point", "coordinates": [ 126.6560833, 37.5298167 ] } },
{ "type": "Feature", "properties": { "stop_id": "GGB168001026", "stop_name": "초은고등학교(중)", "lat": 37.5300167, "lon": 126.65685, "정보수집일": "2025-10-31", "모바일단축번호": 89026.0, "도시코드": 23, "도시명": "인천광역시", "관리도시명": "경기BIS", "region": "cheongna", "region_name": "청라국제업무지구", "layer_type": "bus_stop", "layer_label_ko": "버스정류장" }, "geometry": { "type": "Point", "coordinates": [ 126.65685, 37.5300167 ] } },
{ "type": "Feature", "properties": { "stop_id": "GGB168001028", "stop_name": "호수공원음악분수", "lat": 37.5298167, "lon": 126.6270833, "정보수집일": "2025-10-31", "모바일단축번호": 89028.0, "도시코드": 23, "도시명": "인천광역시", "관리도시명": "경기BIS", "region": "cheongna", "region_name": "청라국제업무지구", "layer_type": "bus_stop", "layer_label_ko": "버스정류장" }, "geometry": { "type": "Point", "coordinates": [ 126.6270833, 37.5298167 ] } },
{ "type": "Feature", "properties": { "stop_id": "GGB168001034", "stop_name": "청라국제도시역", "lat": 37.5559333, "lon": 126.6258167, "정보수집일": "2025-10-31", "모바일단축번호": 89034.0, "도시코드": 23, "도시명": "인천광역시", "관리도시명": "경기BIS", "region": "cheongna", "region_name": "청라국제업무지구", "layer_type": "bus_stop", "layer_label_ko": "버스정류장" }, "geometry": { "type": "Point", "coordinates": [ 126.6258167, 37.5559333 ] } },
{ "type": "Feature", "properties": { "stop_id": "GGB168001119", "stop_name": "가정보금자리(중)", "lat": 37.52745, "lon": 126.6625333, "정보수집일": "2025-10-31", "모바일단축번호": 89119.0, "도시코드": 23, "도시명": "인천광역시", "관리도시명": "경기BIS", "region": "cheongna", "region_name": "청라국제업무지구", "layer_type": "bus_stop", "layer_label_ko": "버스정류장" }, "geometry": { "type": "Point", "coordinates": [ 126.6625333, 37.52745 ] } },
{ "type": "Feature", "properties": { "stop_id": "GGB168001182", "stop_name": "웰카운티17단지", "lat": 37.5390667, "lon": 126.6599667, "정보수집일": "2025-10-31", "모바일단축번호": 89182.0, "도시코드": 23, "도시명": "인천광역시", "관리도시명": "경기BIS", "region": "cheongna", "region_name": "청라국제업무지구", "layer_type": "bus_stop", "layer_label_ko": "버스정류장" }, "geometry": { "type": "Point", "coordinates": [ 126.6599667, 37.5390667 ] } },
{ "type": "Feature", "properties": { "stop_id": "GGB168001183", "stop_name": "웰카운티17단지", "lat": 37.5396667, "lon": 126.6595833, "정보수집일": "2025-10-31", "모바일단축번호": 89183.0, "도시코드": 23, "도시명": "인천광역시", "관리도시명": "경기BIS", "region": "cheongna", "region_name": "청라국제업무지구", "layer_type": "bus_stop", "layer_label_ko": "버스정류장" }, "geometry": { "type": "Point", "coordinates": [ 126.6595833, 37.5396667 ] } },
{ "type": "Feature", "properties": { "stop_id": "GGB168001218", "stop_name": "청라복합문화센터", "lat": 37.52385, "lon": 126.6345, "정보수집일": "2025-10-31", "모바일단축번호": 89218.0, "도시코드": 23, "도시명": "인천광역시", "관리도시명": "경기BIS", "region": "cheongna", "region_name": "청라국제업무지구", "layer_type": "bus_stop", "layer_label_ko": "버스정류장" }, "geometry": { "type": "Point", "coordinates": [ 126.6345, 37.52385 ] } },
{ "type": "Feature", "properties": { "stop_id": "GGB168001219", "stop_name": "청라복합문화센터", "lat": 37.5237, "lon": 126.6346333, "정보수집일": "2025-10-31", "모바일단축번호": 89219.0, "도시코드": 23, "도시명": "인천광역시", "관리도시명": "경기BIS", "region": "cheongna", "region_name": "청라국제업무지구", "layer_type": "bus_stop", "layer_label_ko": "버스정류장" }, "geometry": { "type": "Point", "coordinates": [ 126.6346333, 37.5237 ] } },
{ "type": "Feature", "properties": { "stop_id": "GGB168001245", "stop_name": "중앙호수공원입구(호반베르디움)", "lat": 37.52895, "lon": 126.6404167, "정보수집일": "2025-10-31", "모바일단축번호": 89245.0, "도시코드": 23, "도시명": "인천광역시", "관리도시명": "경기BIS", "region": "cheongna", "region_name": "청라국제업무지구", "layer_type": "bus_stop", "layer_label_ko": "버스정류장" }, "geometry": { "type": "Point", "coordinates": [ 126.6404167, 37.52895 ] } },
{ "type": "Feature", "properties": { "stop_id": "GGB168001288", "stop_name": "청라웰카운티221동", "lat": 37.53475, "lon": 126.6596, "정보수집일": "2025-10-31", "모바일단축번호": 89288.0, "도시코드": 23, "도시명": "인천광역시", "관리도시명": "경기BIS", "region": "cheongna", "region_name": "청라국제업무지구", "layer_type": "bus_stop", "layer_label_ko": "버스정류장" }, "geometry": { "type": "Point", "coordinates": [ 126.6596, 37.53475 ] } },
{ "type": "Feature", "properties": { "stop_id": "GGB168001289", "stop_name": "청라국제어린이집", "lat": 37.5347667, "lon": 126.6599833, "정보수집일": "2025-10-31", "모바일단축번호": 89289.0, "도시코드": 23, "도시명": "인천광역시", "관리도시명": "경기BIS", "region": "cheongna", "region_name": "청라국제업무지구", "layer_type": "bus_stop", "layer_label_ko": "버스정류장" }, "geometry": { "type": "Point", "coordinates": [ 126.6599833, 37.5347667 ] } },
{ "type": "Feature", "properties": { "stop_id": "GGB168001290", "stop_name": "호수공원음악분수(중)", "lat": 37.5298167, "lon": 126.628, "정보수집일": "2025-10-31", "모바일단축번호": 89290.0, "도시코드": 23, "도시명": "인천광역시", "관리도시명": "경기BIS", "region": "cheongna", "region_name": "청라국제업무지구", "layer_type": "bus_stop", "layer_label_ko": "버스정류장" }, "geometry": { "type": "Point", "coordinates": [ 126.628, 37.5298167 ] } },
{ "type": "Feature", "properties": { "stop_id": "GGB168001291", "stop_name": "호수공원음악분수(중)", "lat": 37.5296167, "lon": 126.6274333, "정보수집일": "2025-10-31", "모바일단축번호": 89291.0, "도시코드": 23, "도시명": "인천광역시", "관리도시명": "경기BIS", "region": "cheongna", "region_name": "청라국제업무지구", "layer_type": "bus_stop", "layer_label_ko": "버스정류장" }, "geometry": { "type": "Point", "coordinates": [ 126.6274333, 37.5296167 ] } },
{ "type": "Feature", "properties": { "stop_id": "GGB168001297", "stop_name": "자이더테라스1단지", "lat": 37.5219, "lon": 126.6246667, "정보수집일": "2025-10-31", "모바일단축번호": 89297.0, "도시코드": 23, "도시명": "인천광역시", "관리도시명": "경기BIS", "region": "cheongna", "region_name": "청라국제업무지구", "layer_type": "bus_stop", "layer_label_ko": "버스정류장" }, "geometry": { "type": "Point", "coordinates": [ 126.6246667, 37.5219 ] } },
{ "type": "Feature", "properties": { "stop_id": "GGB168001298", "stop_name": "자이더테라스1단지", "lat": 37.5218333, "lon": 126.6244333, "정보수집일": "2025-10-31", "모바일단축번호": 89298.0, "도시코드": 23, "도시명": "인천광역시", "관리도시명": "경기BIS", "region": "cheongna", "region_name": "청라국제업무지구", "layer_type": "bus_stop", "layer_label_ko": "버스정류장" }, "geometry": { "type": "Point", "coordinates": [ 126.6244333, 37.5218333 ] } },
{ "type": "Feature", "properties": { "stop_id": "GGB168001301", "stop_name": "로봇타워", "lat": 37.5206167, "lon": 126.6121167, "정보수집일": "2025-10-31", "모바일단축번호": 89301.0, "도시코드": 23, "도시명": "인천광역시", "관리도시명": "경기BIS", "region": "cheongna", "region_name": "청라국제업무지구", "layer_type": "bus_stop", "layer_label_ko": "버스정류장" }, "geometry": { "type": "Point", "coordinates": [ 126.6121167, 37.5206167 ] } },
{ "type": "Feature", "properties": { "stop_id": "GGB168001302", "stop_name": "로봇타워", "lat": 37.52065, "lon": 126.6124833, "정보수집일": "2025-10-31", "모바일단축번호": 89302.0, "도시코드": 23, "도시명": "인천광역시", "관리도시명": "경기BIS", "region": "cheongna", "region_name": "청라국제업무지구", "layer_type": "bus_stop", "layer_label_ko": "버스정류장" }, "geometry": { "type": "Point", "coordinates": [ 126.6124833, 37.52065 ] } },
{ "type": "Feature", "properties": { "stop_id": "GGB168001381", "stop_name": "심곡천(심곡3교)", "lat": 37.5200833, "lon": 126.6258667, "정보수집일": "2025-10-31", "모바일단축번호": 89381.0, "도시코드": 23, "도시명": "인천광역시", "관리도시명": "경기BIS", "region": "cheongna", "region_name": "청라국제업무지구", "layer_type": "bus_stop", "layer_label_ko": "버스정류장" }, "geometry": { "type": "Point", "coordinates": [ 126.6258667, 37.5200833 ] } },
{ "type": "Feature", "properties": { "stop_id": "GGB168001382", "stop_name": "심곡천(심곡3교)", "lat": 37.5199, "lon": 126.6259167, "정보수집일": "2025-10-31", "모바일단축번호": 89382.0, "도시코드": 23, "도시명": "인천광역시", "관리도시명": "경기BIS", "region": "cheongna", "region_name": "청라국제업무지구", "layer_type": "bus_stop", "layer_label_ko": "버스정류장" }, "geometry": { "type": "Point", "coordinates": [ 126.6259167, 37.5199 ] } },
{ "type": "Feature", "properties": { "stop_id": "GGB168001412", "stop_name": "한국지엠청라주행시험장", "lat": 37.5192833, "lon": 126.64945, "정보수집일": "2025-10-31", "모바일단축번호": 89412.0, "도시코드": 23, "도시명": "인천광역시", "관리도시명": "경기BIS", "region": "cheongna", "region_name": "청라국제업무지구", "layer_type": "bus_stop", "layer_label_ko": "버스정류장" }, "geometry": { "type": "Point", "coordinates": [ 126.64945, 37.5192833 ] } },
{ "type": "Feature", "properties": { "stop_id": "GGB168001413", "stop_name": "한국지엠청라주행시험장", "lat": 37.51985, "lon": 126.6489167, "정보수집일": "2025-10-31", "모바일단축번호": 89413.0, "도시코드": 23, "도시명": "인천광역시", "관리도시명": "경기BIS", "region": "cheongna", "region_name": "청라국제업무지구", "layer_type": "bus_stop", "layer_label_ko": "버스정류장" }, "geometry": { "type": "Point", "coordinates": [ 126.6489167, 37.51985 ] } },
{ "type": "Feature", "properties": { "stop_id": "GGB168001420", "stop_name": "중봉로교차로", "lat": 37.524, "lon": 126.6495833, "정보수집일": "2025-10-31", "모바일단축번호": 89420.0, "도시코드": 23, "도시명": "인천광역시", "관리도시명": "경기BIS", "region": "cheongna", "region_name": "청라국제업무지구", "layer_type": "bus_stop", "layer_label_ko": "버스정류장" }, "geometry": { "type": "Point", "coordinates": [ 126.6495833, 37.524 ] } },
{ "type": "Feature", "properties": { "stop_id": "GGB168001421", "stop_name": "중봉로교차로", "lat": 37.52405, "lon": 126.6491, "정보수집일": "2025-10-31", "모바일단축번호": 89421.0, "도시코드": 23, "도시명": "인천광역시", "관리도시명": "경기BIS", "region": "cheongna", "region_name": "청라국제업무지구", "layer_type": "bus_stop", "layer_label_ko": "버스정류장" }, "geometry": { "type": "Point", "coordinates": [ 126.6491, 37.52405 ] } },
{ "type": "Feature", "properties": { "stop_id": "GGB168001497", "stop_name": "청라푸르지오라피아노", "lat": 37.5228, "lon": 126.6320333, "정보수집일": "2025-10-31", "모바일단축번호": 89497.0, "도시코드": 23, "도시명": "인천광역시", "관리도시명": "경기BIS", "region": "cheongna", "region_name": "청라국제업무지구", "layer_type": "bus_stop", "layer_label_ko": "버스정류장" }, "geometry": { "type": "Point", "coordinates": [ 126.6320333, 37.5228 ] } },
{ "type": "Feature", "properties": { "stop_id": "GGB168001498", "stop_name": "청라푸르지오라피아노", "lat": 37.5223333, "lon": 126.6315833, "정보수집일": "2025-10-31", "모바일단축번호": 89498.0, "도시코드": 23, "도시명": "인천광역시", "관리도시명": "경기BIS", "region": "cheongna", "region_name": "청라국제업무지구", "layer_type": "bus_stop", "layer_label_ko": "버스정류장" }, "geometry": { "type": "Point", "coordinates": [ 126.6315833, 37.5223333 ] } },
{ "type": "Feature", "properties": { "stop_id": "GGB168001506", "stop_name": "봉수대로501번길", "lat": 37.5204667, "lon": 126.6506833, "정보수집일": "2025-10-31", "모바일단축번호": 89506.0, "도시코드": 23, "도시명": "인천광역시", "관리도시명": "경기BIS", "region": "cheongna", "region_name": "청라국제업무지구", "layer_type": "bus_stop", "layer_label_ko": "버스정류장" }, "geometry": { "type": "Point", "coordinates": [ 126.6506833, 37.5204667 ] } },
{ "type": "Feature", "properties": { "stop_id": "GGB168001507", "stop_name": "봉수대로501번길", "lat": 37.5206833, "lon": 126.65065, "정보수집일": "2025-10-31", "모바일단축번호": 89507.0, "도시코드": 23, "도시명": "인천광역시", "관리도시명": "경기BIS", "region": "cheongna", "region_name": "청라국제업무지구", "layer_type": "bus_stop", "layer_label_ko": "버스정류장" }, "geometry": { "type": "Point", "coordinates": [ 126.65065, 37.5206833 ] } },
{ "type": "Feature", "properties": { "stop_id": "GGB277103837", "stop_name": "북인천TG(미정차)", "lat": 37.5547667, "lon": 126.6167833, "정보수집일": "2025-10-31", "모바일단축번호": 0.0, "도시코드": 23, "도시명": "인천광역시", "관리도시명": "경기BIS", "region": "cheongna", "region_name": "청라국제업무지구", "layer_type": "bus_stop", "layer_label_ko": "버스정류장" }, "geometry": { "type": "Point", "coordinates": [ 126.6167833, 37.5547667 ] } },
{ "type": "Feature", "properties": { "stop_id": "GGB277103838", "stop_name": "북인천TG(미정차)", "lat": 37.5542167, "lon": 126.617, "정보수집일": "2025-10-31", "모바일단축번호": 0.0, "도시코드": 23, "도시명": "인천광역시", "관리도시명": "경기BIS", "region": "cheongna", "region_name": "청라국제업무지구", "layer_type": "bus_stop", "layer_label_ko": "버스정류장" }, "geometry": { "type": "Point", "coordinates": [ 126.617, 37.5542167 ] } },
{ "type": "Feature", "properties": { "stop_id": "ICB168000972", "stop_name": "해원중학교", "lat": 37.52723, "lon": 126.628948, "정보수집일": "2025-10-31", "모바일단축번호": 42972.0, "도시코드": 23, "도시명": "인천광역시", "관리도시명": "인천BIS", "region": "cheongna", "region_name": "청라국제업무지구", "layer_type": "bus_stop", "layer_label_ko": "버스정류장" }, "geometry": { "type": "Point", "coordinates": [ 126.628948, 37.52723 ] } },
{ "type": "Feature", "properties": { "stop_id": "ICB168000973", "stop_name": "해원중학교", "lat": 37.527212, "lon": 126.628705, "정보수집일": "2025-10-31", "모바일단축번호": 42973.0, "도시코드": 23, "도시명": "인천광역시", "관리도시명": "인천BIS", "region": "cheongna", "region_name": "청라국제업무지구", "layer_type": "bus_stop", "layer_label_ko": "버스정류장" }, "geometry": { "type": "Point", "coordinates": [ 126.628705, 37.527212 ] } },
{ "type": "Feature", "properties": { "stop_id": "ICB168000984", "stop_name": "청라국제업무단지(골드클래스)", "lat": 37.529208, "lon": 126.62523, "정보수집일": "2025-10-31", "모바일단축번호": 42984.0, "도시코드": 23, "도시명": "인천광역시", "관리도시명": "인천BIS", "region": "cheongna", "region_name": "청라국제업무지구", "layer_type": "bus_stop", "layer_label_ko": "버스정류장" }, "geometry": { "type": "Point", "coordinates": [ 126.62523, 37.529208 ] } },
{ "type": "Feature", "properties": { "stop_id": "ICB168000985", "stop_name": "반도유보라", "lat": 37.525203, "lon": 126.62322, "정보수집일": "2025-10-31", "모바일단축번호": 42985.0, "도시코드": 23, "도시명": "인천광역시", "관리도시명": "인천BIS", "region": "cheongna", "region_name": "청라국제업무지구", "layer_type": "bus_stop", "layer_label_ko": "버스정류장" }, "geometry": { "type": "Point", "coordinates": [ 126.62322, 37.525203 ] } },
{ "type": "Feature", "properties": { "stop_id": "ICB168000986", "stop_name": "동양엔파트5단지", "lat": 37.525121, "lon": 126.62299, "정보수집일": "2025-10-31", "모바일단축번호": 42986.0, "도시코드": 23, "도시명": "인천광역시", "관리도시명": "인천BIS", "region": "cheongna", "region_name": "청라국제업무지구", "layer_type": "bus_stop", "layer_label_ko": "버스정류장" }, "geometry": { "type": "Point", "coordinates": [ 126.62299, 37.525121 ] } },
{ "type": "Feature", "properties": { "stop_id": "ICB168000987", "stop_name": "청라힐스테이트", "lat": 37.52523, "lon": 126.62826, "정보수집일": "2025-10-31", "모바일단축번호": 42987.0, "도시코드": 23, "도시명": "인천광역시", "관리도시명": "인천BIS", "region": "cheongna", "region_name": "청라국제업무지구", "layer_type": "bus_stop", "layer_label_ko": "버스정류장" }, "geometry": { "type": "Point", "coordinates": [ 126.62826, 37.52523 ] } },
{ "type": "Feature", "properties": { "stop_id": "ICB168000988", "stop_name": "청라힐스테이트", "lat": 37.525029, "lon": 126.628316, "정보수집일": "2025-10-31", "모바일단축번호": 42988.0, "도시코드": 23, "도시명": "인천광역시", "관리도시명": "인천BIS", "region": "cheongna", "region_name": "청라국제업무지구", "layer_type": "bus_stop", "layer_label_ko": "버스정류장" }, "geometry": { "type": "Point", "coordinates": [ 126.628316, 37.525029 ] } },
{ "type": "Feature", "properties": { "stop_id": "ICB168000989", "stop_name": "제일풍경채2차331동앞", "lat": 37.53628, "lon": 126.648528, "정보수집일": "2025-10-31", "모바일단축번호": 42989.0, "도시코드": 23, "도시명": "인천광역시", "관리도시명": "인천BIS", "region": "cheongna", "region_name": "청라국제업무지구", "layer_type": "bus_stop", "layer_label_ko": "버스정류장" }, "geometry": { "type": "Point", "coordinates": [ 126.648528, 37.53628 ] } },
{ "type": "Feature", "properties": { "stop_id": "ICB168000990", "stop_name": "청라센트럴에일린의뜰104동", "lat": 37.535968, "lon": 126.648078, "정보수집일": "2025-10-31", "모바일단축번호": 42990.0, "도시코드": 23, "도시명": "인천광역시", "관리도시명": "인천BIS", "region": "cheongna", "region_name": "청라국제업무지구", "layer_type": "bus_stop", "layer_label_ko": "버스정류장" }, "geometry": { "type": "Point", "coordinates": [ 126.648078, 37.535968 ] } },
{ "type": "Feature", "properties": { "stop_id": "ICB168000991", "stop_name": "청라꽃농원", "lat": 37.534131, "lon": 126.662731, "정보수집일": "2025-10-31", "모바일단축번호": 42991.0, "도시코드": 23, "도시명": "인천광역시", "관리도시명": "인천BIS", "region": "cheongna", "region_name": "청라국제업무지구", "layer_type": "bus_stop", "layer_label_ko": "버스정류장" }, "geometry": { "type": "Point", "coordinates": [ 126.662731, 37.534131 ] } },
{ "type": "Feature", "properties": { "stop_id": "ICB168000997", "stop_name": "청라웰카운티223동", "lat": 37.535976, "lon": 126.658746, "정보수집일": "2025-10-31", "모바일단축번호": 42997.0, "도시코드": 23, "도시명": "인천광역시", "관리도시명": "인천BIS", "region": "cheongna", "region_name": "청라국제업무지구", "layer_type": "bus_stop", "layer_label_ko": "버스정류장" }, "geometry": { "type": "Point", "coordinates": [ 126.658746, 37.535976 ] } },
{ "type": "Feature", "properties": { "stop_id": "ICB168000998", "stop_name": "호반베르디움214동앞", "lat": 37.536345, "lon": 126.659052, "정보수집일": "2025-10-31", "모바일단축번호": 42998.0, "도시코드": 23, "도시명": "인천광역시", "관리도시명": "인천BIS", "region": "cheongna", "region_name": "청라국제업무지구", "layer_type": "bus_stop", "layer_label_ko": "버스정류장" }, "geometry": { "type": "Point", "coordinates": [ 126.659052, 37.536345 ] } },
{ "type": "Feature", "properties": { "stop_id": "ICB168000999", "stop_name": "롯데캐슬", "lat": 37.530101, "lon": 126.646323, "정보수집일": "2025-10-31", "모바일단축번호": 42999.0, "도시코드": 23, "도시명": "인천광역시", "관리도시명": "인천BIS", "region": "cheongna", "region_name": "청라국제업무지구", "layer_type": "bus_stop", "layer_label_ko": "버스정류장" }, "geometry": { "type": "Point", "coordinates": [ 126.646323, 37.530101 ] } },
{ "type": "Feature", "properties": { "stop_id": "ICB168001004", "stop_name": "롯데마트", "lat": 37.529728, "lon": 126.648761, "정보수집일": "2025-10-31", "모바일단축번호": 42829.0, "도시코드": 23, "도시명": "인천광역시", "관리도시명": "인천BIS", "region": "cheongna", "region_name": "청라국제업무지구", "layer_type": "bus_stop", "layer_label_ko": "버스정류장" }, "geometry": { "type": "Point", "coordinates": [ 126.648761, 37.529728 ] } },
{ "type": "Feature", "properties": { "stop_id": "ICB168001005", "stop_name": "롯데마트", "lat": 37.53014, "lon": 126.650314, "정보수집일": "2025-10-31", "모바일단축번호": 42838.0, "도시코드": 23, "도시명": "인천광역시", "관리도시명": "인천BIS", "region": "cheongna", "region_name": "청라국제업무지구", "layer_type": "bus_stop", "layer_label_ko": "버스정류장" }, "geometry": { "type": "Point", "coordinates": [ 126.650314, 37.53014 ] } },
{ "type": "Feature", "properties": { "stop_id": "ICB168001006", "stop_name": "심곡천봉수교", "lat": 37.529892, "lon": 126.660398, "정보수집일": "2025-10-31", "모바일단축번호": 42875.0, "도시코드": 23, "도시명": "인천광역시", "관리도시명": "인천BIS", "region": "cheongna", "region_name": "청라국제업무지구", "layer_type": "bus_stop", "layer_label_ko": "버스정류장" }, "geometry": { "type": "Point", "coordinates": [ 126.660398, 37.529892 ] } },
{ "type": "Feature", "properties": { "stop_id": "ICB168001016", "stop_name": "연희공원", "lat": 37.541259, "lon": 126.650161, "정보수집일": "2025-10-31", "모바일단축번호": 42950.0, "도시코드": 23, "도시명": "인천광역시", "관리도시명": "인천BIS", "region": "cheongna", "region_name": "청라국제업무지구", "layer_type": "bus_stop", "layer_label_ko": "버스정류장" }, "geometry": { "type": "Point", "coordinates": [ 126.650161, 37.541259 ] } },
{ "type": "Feature", "properties": { "stop_id": "ICB168001017", "stop_name": "청라디이스트(567동)", "lat": 37.528531, "lon": 126.624453, "정보수집일": "2025-10-31", "모바일단축번호": 89017.0, "도시코드": 23, "도시명": "인천광역시", "관리도시명": "인천BIS", "region": "cheongna", "region_name": "청라국제업무지구", "layer_type": "bus_stop", "layer_label_ko": "버스정류장" }, "geometry": { "type": "Point", "coordinates": [ 126.624453, 37.528531 ] } },
{ "type": "Feature", "properties": { "stop_id": "ICB168001018", "stop_name": "청람중학교", "lat": 37.53916, "lon": 126.643686, "정보수집일": "2025-10-31", "모바일단축번호": 89018.0, "도시코드": 23, "도시명": "인천광역시", "관리도시명": "인천BIS", "region": "cheongna", "region_name": "청라국제업무지구", "layer_type": "bus_stop", "layer_label_ko": "버스정류장" }, "geometry": { "type": "Point", "coordinates": [ 126.643686, 37.53916 ] } },
{ "type": "Feature", "properties": { "stop_id": "ICB168001019", "stop_name": "청람중학교", "lat": 37.53887, "lon": 126.644118, "정보수집일": "2025-10-31", "모바일단축번호": 89019.0, "도시코드": 23, "도시명": "인천광역시", "관리도시명": "인천BIS", "region": "cheongna", "region_name": "청라국제업무지구", "layer_type": "bus_stop", "layer_label_ko": "버스정류장" }, "geometry": { "type": "Point", "coordinates": [ 126.644118, 37.53887 ] } },
{ "type": "Feature", "properties": { "stop_id": "ICB168001021", "stop_name": "청라중앙호수공원입구", "lat": 37.529713, "lon": 126.641302, "정보수집일": "2025-10-31", "모바일단축번호": 89021.0, "도시코드": 23, "도시명": "인천광역시", "관리도시명": "인천BIS", "region": "cheongna", "region_name": "청라국제업무지구", "layer_type": "bus_stop", "layer_label_ko": "버스정류장" }, "geometry": { "type": "Point", "coordinates": [ 126.641302, 37.529713 ] } },
{ "type": "Feature", "properties": { "stop_id": "ICB168001022", "stop_name": "로봇랜드입구", "lat": 37.528557, "lon": 126.622446, "정보수집일": "2025-10-31", "모바일단축번호": 89022.0, "도시코드": 23, "도시명": "인천광역시", "관리도시명": "인천BIS", "region": "cheongna", "region_name": "청라국제업무지구", "layer_type": "bus_stop", "layer_label_ko": "버스정류장" }, "geometry": { "type": "Point", "coordinates": [ 126.622446, 37.528557 ] } },
{ "type": "Feature", "properties": { "stop_id": "ICB168001023", "stop_name": "로봇랜드입구", "lat": 37.528852, "lon": 126.622344, "정보수집일": "2025-10-31", "모바일단축번호": 89023.0, "도시코드": 23, "도시명": "인천광역시", "관리도시명": "인천BIS", "region": "cheongna", "region_name": "청라국제업무지구", "layer_type": "bus_stop", "layer_label_ko": "버스정류장" }, "geometry": { "type": "Point", "coordinates": [ 126.622344, 37.528852 ] } },
{ "type": "Feature", "properties": { "stop_id": "ICB168001024", "stop_name": "청라중앙호수공원입구", "lat": 37.529931, "lon": 126.639961, "정보수집일": "2025-10-31", "모바일단축번호": 89024.0, "도시코드": 23, "도시명": "인천광역시", "관리도시명": "인천BIS", "region": "cheongna", "region_name": "청라국제업무지구", "layer_type": "bus_stop", "layer_label_ko": "버스정류장" }, "geometry": { "type": "Point", "coordinates": [ 126.639961, 37.529931 ] } },
{ "type": "Feature", "properties": { "stop_id": "ICB168001025", "stop_name": "초은고등학교", "lat": 37.529813, "lon": 126.656141, "정보수집일": "2025-10-31", "모바일단축번호": 89025.0, "도시코드": 23, "도시명": "인천광역시", "관리도시명": "인천BIS", "region": "cheongna", "region_name": "청라국제업무지구", "layer_type": "bus_stop", "layer_label_ko": "버스정류장" }, "geometry": { "type": "Point", "coordinates": [ 126.656141, 37.529813 ] } },
{ "type": "Feature", "properties": { "stop_id": "ICB168001026", "stop_name": "초은고등학교", "lat": 37.530124, "lon": 126.656908, "정보수집일": "2025-10-31", "모바일단축번호": 89026.0, "도시코드": 23, "도시명": "인천광역시", "관리도시명": "인천BIS", "region": "cheongna", "region_name": "청라국제업무지구", "layer_type": "bus_stop", "layer_label_ko": "버스정류장" }, "geometry": { "type": "Point", "coordinates": [ 126.656908, 37.530124 ] } },
{ "type": "Feature", "properties": { "stop_id": "ICB168001027", "stop_name": "호수공원음악분수", "lat": 37.529554, "lon": 126.627153, "정보수집일": "2025-10-31", "모바일단축번호": 89027.0, "도시코드": 23, "도시명": "인천광역시", "관리도시명": "인천BIS", "region": "cheongna", "region_name": "청라국제업무지구", "layer_type": "bus_stop", "layer_label_ko": "버스정류장" }, "geometry": { "type": "Point", "coordinates": [ 126.627153, 37.529554 ] } },
{ "type": "Feature", "properties": { "stop_id": "ICB168001028", "stop_name": "호수공원음악분수", "lat": 37.529832, "lon": 126.627123, "정보수집일": "2025-10-31", "모바일단축번호": 89028.0, "도시코드": 23, "도시명": "인천광역시", "관리도시명": "인천BIS", "region": "cheongna", "region_name": "청라국제업무지구", "layer_type": "bus_stop", "layer_label_ko": "버스정류장" }, "geometry": { "type": "Point", "coordinates": [ 126.627123, 37.529832 ] } },
{ "type": "Feature", "properties": { "stop_id": "ICB168001034", "stop_name": "청라국제도시역(경명대로)", "lat": 37.556439, "lon": 126.627472, "정보수집일": "2025-10-31", "모바일단축번호": 89034.0, "도시코드": 23, "도시명": "인천광역시", "관리도시명": "인천BIS", "region": "cheongna", "region_name": "청라국제업무지구", "layer_type": "bus_stop", "layer_label_ko": "버스정류장" }, "geometry": { "type": "Point", "coordinates": [ 126.627472, 37.556439 ] } },
{ "type": "Feature", "properties": { "stop_id": "ICB168001035", "stop_name": "서부산업단지", "lat": 37.554382, "lon": 126.634554, "정보수집일": "2025-10-31", "모바일단축번호": 89035.0, "도시코드": 23, "도시명": "인천광역시", "관리도시명": "인천BIS", "region": "cheongna", "region_name": "청라국제업무지구", "layer_type": "bus_stop", "layer_label_ko": "버스정류장" }, "geometry": { "type": "Point", "coordinates": [ 126.634554, 37.554382 ] } },
{ "type": "Feature", "properties": { "stop_id": "ICB168001036", "stop_name": "서부산업단지", "lat": 37.555813, "lon": 126.634913, "정보수집일": "2025-10-31", "모바일단축번호": 89036.0, "도시코드": 23, "도시명": "인천광역시", "관리도시명": "인천BIS", "region": "cheongna", "region_name": "청라국제업무지구", "layer_type": "bus_stop", "layer_label_ko": "버스정류장" }, "geometry": { "type": "Point", "coordinates": [ 126.634913, 37.555813 ] } },
{ "type": "Feature", "properties": { "stop_id": "ICB168001039", "stop_name": "청라2동행정복지센터", "lat": 37.532353, "lon": 126.644505, "정보수집일": "2025-10-31", "모바일단축번호": 89039.0, "도시코드": 23, "도시명": "인천광역시", "관리도시명": "인천BIS", "region": "cheongna", "region_name": "청라국제업무지구", "layer_type": "bus_stop", "layer_label_ko": "버스정류장" }, "geometry": { "type": "Point", "coordinates": [ 126.644505, 37.532353 ] } },
{ "type": "Feature", "properties": { "stop_id": "ICB168001042", "stop_name": "청라2동행정복지센터", "lat": 37.532361, "lon": 126.644753, "정보수집일": "2025-10-31", "모바일단축번호": 89042.0, "도시코드": 23, "도시명": "인천광역시", "관리도시명": "인천BIS", "region": "cheongna", "region_name": "청라국제업무지구", "layer_type": "bus_stop", "layer_label_ko": "버스정류장" }, "geometry": { "type": "Point", "coordinates": [ 126.644753, 37.532361 ] } },
{ "type": "Feature", "properties": { "stop_id": "ICB168001043", "stop_name": "청라국제도시역(서부산단방향)", "lat": 37.554983, "lon": 126.625971, "정보수집일": "2025-10-31", "모바일단축번호": 89043.0, "도시코드": 23, "도시명": "인천광역시", "관리도시명": "인천BIS", "region": "cheongna", "region_name": "청라국제업무지구", "layer_type": "bus_stop", "layer_label_ko": "버스정류장" }, "geometry": { "type": "Point", "coordinates": [ 126.625971, 37.554983 ] } },
{ "type": "Feature", "properties": { "stop_id": "ICB168001044", "stop_name": "서인천세무서", "lat": 37.530284, "lon": 126.624296, "정보수집일": "2025-10-31", "모바일단축번호": 89044.0, "도시코드": 23, "도시명": "인천광역시", "관리도시명": "인천BIS", "region": "cheongna", "region_name": "청라국제업무지구", "layer_type": "bus_stop", "layer_label_ko": "버스정류장" }, "geometry": { "type": "Point", "coordinates": [ 126.624296, 37.530284 ] } },
{ "type": "Feature", "properties": { "stop_id": "ICB168001046", "stop_name": "베어즈베스트청라GC", "lat": 37.544432, "lon": 126.632129, "정보수집일": "2025-10-31", "모바일단축번호": 89046.0, "도시코드": 23, "도시명": "인천광역시", "관리도시명": "인천BIS", "region": "cheongna", "region_name": "청라국제업무지구", "layer_type": "bus_stop", "layer_label_ko": "버스정류장" }, "geometry": { "type": "Point", "coordinates": [ 126.632129, 37.544432 ] } },
{ "type": "Feature", "properties": { "stop_id": "ICB168001047", "stop_name": "베어즈베스트청라GC", "lat": 37.54451, "lon": 126.631666, "정보수집일": "2025-10-31", "모바일단축번호": 89047.0, "도시코드": 23, "도시명": "인천광역시", "관리도시명": "인천BIS", "region": "cheongna", "region_name": "청라국제업무지구", "layer_type": "bus_stop", "layer_label_ko": "버스정류장" }, "geometry": { "type": "Point", "coordinates": [ 126.631666, 37.54451 ] } },
{ "type": "Feature", "properties": { "stop_id": "ICB168001048", "stop_name": "인천체육고등학교입구", "lat": 37.547711, "lon": 126.611719, "정보수집일": "2025-10-31", "모바일단축번호": 89048.0, "도시코드": 23, "도시명": "인천광역시", "관리도시명": "인천BIS", "region": "cheongna", "region_name": "청라국제업무지구", "layer_type": "bus_stop", "layer_label_ko": "버스정류장" }, "geometry": { "type": "Point", "coordinates": [ 126.611719, 37.547711 ] } },
{ "type": "Feature", "properties": { "stop_id": "ICB168001049", "stop_name": "인천체육고등학교입구", "lat": 37.547895, "lon": 126.611707, "정보수집일": "2025-10-31", "모바일단축번호": 89049.0, "도시코드": 23, "도시명": "인천광역시", "관리도시명": "인천BIS", "region": "cheongna", "region_name": "청라국제업무지구", "layer_type": "bus_stop", "layer_label_ko": "버스정류장" }, "geometry": { "type": "Point", "coordinates": [ 126.611707, 37.547895 ] } },
{ "type": "Feature", "properties": { "stop_id": "ICB168001103", "stop_name": "호수공원", "lat": 37.541699, "lon": 126.635321, "정보수집일": "2025-10-31", "모바일단축번호": 89103.0, "도시코드": 23, "도시명": "인천광역시", "관리도시명": "인천BIS", "region": "cheongna", "region_name": "청라국제업무지구", "layer_type": "bus_stop", "layer_label_ko": "버스정류장" }, "geometry": { "type": "Point", "coordinates": [ 126.635321, 37.541699 ] } },
{ "type": "Feature", "properties": { "stop_id": "ICB168001104", "stop_name": "호수공원", "lat": 37.542023, "lon": 126.635235, "정보수집일": "2025-10-31", "모바일단축번호": 89104.0, "도시코드": 23, "도시명": "인천광역시", "관리도시명": "인천BIS", "region": "cheongna", "region_name": "청라국제업무지구", "layer_type": "bus_stop", "layer_label_ko": "버스정류장" }, "geometry": { "type": "Point", "coordinates": [ 126.635235, 37.542023 ] } },
{ "type": "Feature", "properties": { "stop_id": "ICB168001111", "stop_name": "국립생물자원관", "lat": 37.557285, "lon": 126.636567, "정보수집일": "2025-10-31", "모바일단축번호": 89111.0, "도시코드": 23, "도시명": "인천광역시", "관리도시명": "인천BIS", "region": "cheongna", "region_name": "청라국제업무지구", "layer_type": "bus_stop", "layer_label_ko": "버스정류장" }, "geometry": { "type": "Point", "coordinates": [ 126.636567, 37.557285 ] } },
{ "type": "Feature", "properties": { "stop_id": "ICB168001112", "stop_name": "호반베르디움2차", "lat": 37.53667, "lon": 126.656358, "정보수집일": "2025-10-31", "모바일단축번호": 89112.0, "도시코드": 23, "도시명": "인천광역시", "관리도시명": "인천BIS", "region": "cheongna", "region_name": "청라국제업무지구", "layer_type": "bus_stop", "layer_label_ko": "버스정류장" }, "geometry": { "type": "Point", "coordinates": [ 126.656358, 37.53667 ] } },
{ "type": "Feature", "properties": { "stop_id": "ICB168001113", "stop_name": "호반베르디움2차", "lat": 37.536675, "lon": 126.656584, "정보수집일": "2025-10-31", "모바일단축번호": 89113.0, "도시코드": 23, "도시명": "인천광역시", "관리도시명": "인천BIS", "region": "cheongna", "region_name": "청라국제업무지구", "layer_type": "bus_stop", "layer_label_ko": "버스정류장" }, "geometry": { "type": "Point", "coordinates": [ 126.656584, 37.536675 ] } },
{ "type": "Feature", "properties": { "stop_id": "ICB168001114", "stop_name": "한국가스공사인천지역본부", "lat": 37.534871, "lon": 126.623817, "정보수집일": "2025-10-31", "모바일단축번호": 89114.0, "도시코드": 23, "도시명": "인천광역시", "관리도시명": "인천BIS", "region": "cheongna", "region_name": "청라국제업무지구", "layer_type": "bus_stop", "layer_label_ko": "버스정류장" }, "geometry": { "type": "Point", "coordinates": [ 126.623817, 37.534871 ] } },
{ "type": "Feature", "properties": { "stop_id": "ICB168001115", "stop_name": "한국가스공사인천지역본부", "lat": 37.534935, "lon": 126.624113, "정보수집일": "2025-10-31", "모바일단축번호": 89115.0, "도시코드": 23, "도시명": "인천광역시", "관리도시명": "인천BIS", "region": "cheongna", "region_name": "청라국제업무지구", "layer_type": "bus_stop", "layer_label_ko": "버스정류장" }, "geometry": { "type": "Point", "coordinates": [ 126.624113, 37.534935 ] } },
{ "type": "Feature", "properties": { "stop_id": "ICB168001121", "stop_name": "청라달튼국제학교", "lat": 37.54688, "lon": 126.621697, "정보수집일": "2025-10-31", "모바일단축번호": 89121.0, "도시코드": 23, "도시명": "인천광역시", "관리도시명": "인천BIS", "region": "cheongna", "region_name": "청라국제업무지구", "layer_type": "bus_stop", "layer_label_ko": "버스정류장" }, "geometry": { "type": "Point", "coordinates": [ 126.621697, 37.54688 ] } },
{ "type": "Feature", "properties": { "stop_id": "ICB168001123", "stop_name": "청라한화꿈에그린", "lat": 37.538098, "lon": 126.636709, "정보수집일": "2025-10-31", "모바일단축번호": 89123.0, "도시코드": 23, "도시명": "인천광역시", "관리도시명": "인천BIS", "region": "cheongna", "region_name": "청라국제업무지구", "layer_type": "bus_stop", "layer_label_ko": "버스정류장" }, "geometry": { "type": "Point", "coordinates": [ 126.636709, 37.538098 ] } },
{ "type": "Feature", "properties": { "stop_id": "ICB168001124", "stop_name": "청라한화꿈에그린", "lat": 37.538086, "lon": 126.63646, "정보수집일": "2025-10-31", "모바일단축번호": 89124.0, "도시코드": 23, "도시명": "인천광역시", "관리도시명": "인천BIS", "region": "cheongna", "region_name": "청라국제업무지구", "layer_type": "bus_stop", "layer_label_ko": "버스정류장" }, "geometry": { "type": "Point", "coordinates": [ 126.63646, 37.538086 ] } },
{ "type": "Feature", "properties": { "stop_id": "ICB168001127", "stop_name": "청라도", "lat": 37.533854, "lon": 126.61424, "정보수집일": "2025-10-31", "모바일단축번호": 89127.0, "도시코드": 23, "도시명": "인천광역시", "관리도시명": "인천BIS", "region": "cheongna", "region_name": "청라국제업무지구", "layer_type": "bus_stop", "layer_label_ko": "버스정류장" }, "geometry": { "type": "Point", "coordinates": [ 126.61424, 37.533854 ] } },
{ "type": "Feature", "properties": { "stop_id": "ICB168001179", "stop_name": "청라백세요양병원", "lat": 37.52864, "lon": 126.612341, "정보수집일": "2025-10-31", "모바일단축번호": 89179.0, "도시코드": 23, "도시명": "인천광역시", "관리도시명": "인천BIS", "region": "cheongna", "region_name": "청라국제업무지구", "layer_type": "bus_stop", "layer_label_ko": "버스정류장" }, "geometry": { "type": "Point", "coordinates": [ 126.612341, 37.52864 ] } },
{ "type": "Feature", "properties": { "stop_id": "ICB168001180", "stop_name": "한라비발디", "lat": 37.539931, "lon": 126.636678, "정보수집일": "2025-10-31", "모바일단축번호": 89180.0, "도시코드": 23, "도시명": "인천광역시", "관리도시명": "인천BIS", "region": "cheongna", "region_name": "청라국제업무지구", "layer_type": "bus_stop", "layer_label_ko": "버스정류장" }, "geometry": { "type": "Point", "coordinates": [ 126.636678, 37.539931 ] } },
{ "type": "Feature", "properties": { "stop_id": "ICB168001181", "stop_name": "한라비발디", "lat": 37.540677, "lon": 126.636455, "정보수집일": "2025-10-31", "모바일단축번호": 89181.0, "도시코드": 23, "도시명": "인천광역시", "관리도시명": "인천BIS", "region": "cheongna", "region_name": "청라국제업무지구", "layer_type": "bus_stop", "layer_label_ko": "버스정류장" }, "geometry": { "type": "Point", "coordinates": [ 126.636455, 37.540677 ] } },
{ "type": "Feature", "properties": { "stop_id": "ICB168001182", "stop_name": "웰카운티17단지", "lat": 37.538932, "lon": 126.659947, "정보수집일": "2025-10-31", "모바일단축번호": 89182.0, "도시코드": 23, "도시명": "인천광역시", "관리도시명": "인천BIS", "region": "cheongna", "region_name": "청라국제업무지구", "layer_type": "bus_stop", "layer_label_ko": "버스정류장" }, "geometry": { "type": "Point", "coordinates": [ 126.659947, 37.538932 ] } },
{ "type": "Feature", "properties": { "stop_id": "ICB168001183", "stop_name": "웰카운티17단지", "lat": 37.539675, "lon": 126.659589, "정보수집일": "2025-10-31", "모바일단축번호": 89183.0, "도시코드": 23, "도시명": "인천광역시", "관리도시명": "인천BIS", "region": "cheongna", "region_name": "청라국제업무지구", "layer_type": "bus_stop", "layer_label_ko": "버스정류장" }, "geometry": { "type": "Point", "coordinates": [ 126.659589, 37.539675 ] } },
{ "type": "Feature", "properties": { "stop_id": "ICB168001215", "stop_name": "청라국제도시역(청라국제교방향)", "lat": 37.554861, "lon": 126.625322, "정보수집일": "2025-10-31", "모바일단축번호": 89215.0, "도시코드": 23, "도시명": "인천광역시", "관리도시명": "인천BIS", "region": "cheongna", "region_name": "청라국제업무지구", "layer_type": "bus_stop", "layer_label_ko": "버스정류장" }, "geometry": { "type": "Point", "coordinates": [ 126.625322, 37.554861 ] } },
{ "type": "Feature", "properties": { "stop_id": "ICB168001216", "stop_name": "경명초등학교", "lat": 37.536206, "lon": 126.637179, "정보수집일": "2025-10-31", "모바일단축번호": 89216.0, "도시코드": 23, "도시명": "인천광역시", "관리도시명": "인천BIS", "region": "cheongna", "region_name": "청라국제업무지구", "layer_type": "bus_stop", "layer_label_ko": "버스정류장" }, "geometry": { "type": "Point", "coordinates": [ 126.637179, 37.536206 ] } },
{ "type": "Feature", "properties": { "stop_id": "ICB168001217", "stop_name": "청라푸르지오", "lat": 37.5359, "lon": 126.637207, "정보수집일": "2025-10-31", "모바일단축번호": 89217.0, "도시코드": 23, "도시명": "인천광역시", "관리도시명": "인천BIS", "region": "cheongna", "region_name": "청라국제업무지구", "layer_type": "bus_stop", "layer_label_ko": "버스정류장" }, "geometry": { "type": "Point", "coordinates": [ 126.637207, 37.5359 ] } },
{ "type": "Feature", "properties": { "stop_id": "ICB168001218", "stop_name": "청라복합문화센터", "lat": 37.524042, "lon": 126.634901, "정보수집일": "2025-10-31", "모바일단축번호": 89218.0, "도시코드": 23, "도시명": "인천광역시", "관리도시명": "인천BIS", "region": "cheongna", "region_name": "청라국제업무지구", "layer_type": "bus_stop", "layer_label_ko": "버스정류장" }, "geometry": { "type": "Point", "coordinates": [ 126.634901, 37.524042 ] } },
{ "type": "Feature", "properties": { "stop_id": "ICB168001219", "stop_name": "청라복합문화센터", "lat": 37.523898, "lon": 126.635074, "정보수집일": "2025-10-31", "모바일단축번호": 89219.0, "도시코드": 23, "도시명": "인천광역시", "관리도시명": "인천BIS", "region": "cheongna", "region_name": "청라국제업무지구", "layer_type": "bus_stop", "layer_label_ko": "버스정류장" }, "geometry": { "type": "Point", "coordinates": [ 126.635074, 37.523898 ] } },
{ "type": "Feature", "properties": { "stop_id": "ICB168001225", "stop_name": "홈플러스", "lat": 37.532504, "lon": 126.64927, "정보수집일": "2025-10-31", "모바일단축번호": 89225.0, "도시코드": 23, "도시명": "인천광역시", "관리도시명": "인천BIS", "region": "cheongna", "region_name": "청라국제업무지구", "layer_type": "bus_stop", "layer_label_ko": "버스정류장" }, "geometry": { "type": "Point", "coordinates": [ 126.64927, 37.532504 ] } },
{ "type": "Feature", "properties": { "stop_id": "ICB168001233", "stop_name": "인천체육고등학교", "lat": 37.545597, "lon": 126.611405, "정보수집일": "2025-10-31", "모바일단축번호": 89233.0, "도시코드": 23, "도시명": "인천광역시", "관리도시명": "인천BIS", "region": "cheongna", "region_name": "청라국제업무지구", "layer_type": "bus_stop", "layer_label_ko": "버스정류장" }, "geometry": { "type": "Point", "coordinates": [ 126.611405, 37.545597 ] } },
{ "type": "Feature", "properties": { "stop_id": "ICB168001245", "stop_name": "중앙호수공원입구(호반베르디움)", "lat": 37.529383, "lon": 126.640416, "정보수집일": "2025-10-31", "모바일단축번호": 89245.0, "도시코드": 23, "도시명": "인천광역시", "관리도시명": "인천BIS", "region": "cheongna", "region_name": "청라국제업무지구", "layer_type": "bus_stop", "layer_label_ko": "버스정류장" }, "geometry": { "type": "Point", "coordinates": [ 126.640416, 37.529383 ] } },
{ "type": "Feature", "properties": { "stop_id": "ICB168001246", "stop_name": "청라로봇랜드", "lat": 37.522338, "lon": 126.612172, "정보수집일": "2025-10-31", "모바일단축번호": 89246.0, "도시코드": 23, "도시명": "인천광역시", "관리도시명": "인천BIS", "region": "cheongna", "region_name": "청라국제업무지구", "layer_type": "bus_stop", "layer_label_ko": "버스정류장" }, "geometry": { "type": "Point", "coordinates": [ 126.612172, 37.522338 ] } },
{ "type": "Feature", "properties": { "stop_id": "ICB168001247", "stop_name": "청라로봇랜드", "lat": 37.521971, "lon": 126.61199, "정보수집일": "2025-10-31", "모바일단축번호": 89247.0, "도시코드": 23, "도시명": "인천광역시", "관리도시명": "인천BIS", "region": "cheongna", "region_name": "청라국제업무지구", "layer_type": "bus_stop", "layer_label_ko": "버스정류장" }, "geometry": { "type": "Point", "coordinates": [ 126.61199, 37.521971 ] } },
{ "type": "Feature", "properties": { "stop_id": "ICB168001256", "stop_name": "청라골프아카데미", "lat": 37.551413, "lon": 126.63228, "정보수집일": "2025-10-31", "모바일단축번호": 89256.0, "도시코드": 23, "도시명": "인천광역시", "관리도시명": "인천BIS", "region": "cheongna", "region_name": "청라국제업무지구", "layer_type": "bus_stop", "layer_label_ko": "버스정류장" }, "geometry": { "type": "Point", "coordinates": [ 126.63228, 37.551413 ] } },
{ "type": "Feature", "properties": { "stop_id": "ICB168001265", "stop_name": "하나금융그룹통합데이터센터", "lat": 37.55516, "lon": 126.63004, "정보수집일": "2025-10-31", "모바일단축번호": 89265.0, "도시코드": 23, "도시명": "인천광역시", "관리도시명": "인천BIS", "region": "cheongna", "region_name": "청라국제업무지구", "layer_type": "bus_stop", "layer_label_ko": "버스정류장" }, "geometry": { "type": "Point", "coordinates": [ 126.63004, 37.55516 ] } },
{ "type": "Feature", "properties": { "stop_id": "ICB168001268", "stop_name": "베어즈베스트골프장", "lat": 37.54569, "lon": 126.63166, "정보수집일": "2025-10-31", "모바일단축번호": 89268.0, "도시코드": 23, "도시명": "인천광역시", "관리도시명": "인천BIS", "region": "cheongna", "region_name": "청라국제업무지구", "layer_type": "bus_stop", "layer_label_ko": "버스정류장" }, "geometry": { "type": "Point", "coordinates": [ 126.63166, 37.54569 ] } },
{ "type": "Feature", "properties": { "stop_id": "ICB168001269", "stop_name": "베어즈베스트골프장", "lat": 37.545024, "lon": 126.632173, "정보수집일": "2025-10-31", "모바일단축번호": 89269.0, "도시코드": 23, "도시명": "인천광역시", "관리도시명": "인천BIS", "region": "cheongna", "region_name": "청라국제업무지구", "layer_type": "bus_stop", "layer_label_ko": "버스정류장" }, "geometry": { "type": "Point", "coordinates": [ 126.632173, 37.545024 ] } },
{ "type": "Feature", "properties": { "stop_id": "ICB168001270", "stop_name": "청라국제도시역", "lat": 37.554661, "lon": 126.626013, "정보수집일": "2025-10-31", "모바일단축번호": 89270.0, "도시코드": 23, "도시명": "인천광역시", "관리도시명": "인천BIS", "region": "cheongna", "region_name": "청라국제업무지구", "layer_type": "bus_stop", "layer_label_ko": "버스정류장" }, "geometry": { "type": "Point", "coordinates": [ 126.626013, 37.554661 ] } },
{ "type": "Feature", "properties": { "stop_id": "ICB168001271", "stop_name": "경연초중학교", "lat": 37.53936, "lon": 126.624693, "정보수집일": "2025-10-31", "모바일단축번호": 89271.0, "도시코드": 23, "도시명": "인천광역시", "관리도시명": "인천BIS", "region": "cheongna", "region_name": "청라국제업무지구", "layer_type": "bus_stop", "layer_label_ko": "버스정류장" }, "geometry": { "type": "Point", "coordinates": [ 126.624693, 37.53936 ] } },
{ "type": "Feature", "properties": { "stop_id": "ICB168001272", "stop_name": "경연초중학교", "lat": 37.538676, "lon": 126.625068, "정보수집일": "2025-10-31", "모바일단축번호": 89272.0, "도시코드": 23, "도시명": "인천광역시", "관리도시명": "인천BIS", "region": "cheongna", "region_name": "청라국제업무지구", "layer_type": "bus_stop", "layer_label_ko": "버스정류장" }, "geometry": { "type": "Point", "coordinates": [ 126.625068, 37.538676 ] } },
{ "type": "Feature", "properties": { "stop_id": "ICB168001273", "stop_name": "한국가스공사", "lat": 37.534361, "lon": 126.62375, "정보수집일": "2025-10-31", "모바일단축번호": 89273.0, "도시코드": 23, "도시명": "인천광역시", "관리도시명": "인천BIS", "region": "cheongna", "region_name": "청라국제업무지구", "layer_type": "bus_stop", "layer_label_ko": "버스정류장" }, "geometry": { "type": "Point", "coordinates": [ 126.62375, 37.534361 ] } },
{ "type": "Feature", "properties": { "stop_id": "ICB168001274", "stop_name": "한국가스공사", "lat": 37.533831, "lon": 126.623981, "정보수집일": "2025-10-31", "모바일단축번호": 89274.0, "도시코드": 23, "도시명": "인천광역시", "관리도시명": "인천BIS", "region": "cheongna", "region_name": "청라국제업무지구", "layer_type": "bus_stop", "layer_label_ko": "버스정류장" }, "geometry": { "type": "Point", "coordinates": [ 126.623981, 37.533831 ] } },
{ "type": "Feature", "properties": { "stop_id": "ICB168001275", "stop_name": "서인천세무서(중)", "lat": 37.529927, "lon": 126.62409, "정보수집일": "2025-10-31", "모바일단축번호": 89275.0, "도시코드": 23, "도시명": "인천광역시", "관리도시명": "인천BIS", "region": "cheongna", "region_name": "청라국제업무지구", "layer_type": "bus_stop", "layer_label_ko": "버스정류장" }, "geometry": { "type": "Point", "coordinates": [ 126.62409, 37.529927 ] } },
{ "type": "Feature", "properties": { "stop_id": "ICB168001276", "stop_name": "서인천세무서(중)", "lat": 37.529838, "lon": 126.624384, "정보수집일": "2025-10-31", "모바일단축번호": 89276.0, "도시코드": 23, "도시명": "인천광역시", "관리도시명": "인천BIS", "region": "cheongna", "region_name": "청라국제업무지구", "layer_type": "bus_stop", "layer_label_ko": "버스정류장" }, "geometry": { "type": "Point", "coordinates": [ 126.624384, 37.529838 ] } },
{ "type": "Feature", "properties": { "stop_id": "ICB168001277", "stop_name": "경명초등학교", "lat": 37.536025, "lon": 126.641161, "정보수집일": "2025-10-31", "모바일단축번호": 89277.0, "도시코드": 23, "도시명": "인천광역시", "관리도시명": "인천BIS", "region": "cheongna", "region_name": "청라국제업무지구", "layer_type": "bus_stop", "layer_label_ko": "버스정류장" }, "geometry": { "type": "Point", "coordinates": [ 126.641161, 37.536025 ] } },
{ "type": "Feature", "properties": { "stop_id": "ICB168001278", "stop_name": "경명초등학교", "lat": 37.536141, "lon": 126.640057, "정보수집일": "2025-10-31", "모바일단축번호": 89278.0, "도시코드": 23, "도시명": "인천광역시", "관리도시명": "인천BIS", "region": "cheongna", "region_name": "청라국제업무지구", "layer_type": "bus_stop", "layer_label_ko": "버스정류장" }, "geometry": { "type": "Point", "coordinates": [ 126.640057, 37.536141 ] } },
{ "type": "Feature", "properties": { "stop_id": "ICB168001279", "stop_name": "청람초등학교", "lat": 37.536033, "lon": 126.649154, "정보수집일": "2025-10-31", "모바일단축번호": 89279.0, "도시코드": 23, "도시명": "인천광역시", "관리도시명": "인천BIS", "region": "cheongna", "region_name": "청라국제업무지구", "layer_type": "bus_stop", "layer_label_ko": "버스정류장" }, "geometry": { "type": "Point", "coordinates": [ 126.649154, 37.536033 ] } },
{ "type": "Feature", "properties": { "stop_id": "ICB168001280", "stop_name": "청람초등학교", "lat": 37.536196, "lon": 126.650482, "정보수집일": "2025-10-31", "모바일단축번호": 89280.0, "도시코드": 23, "도시명": "인천광역시", "관리도시명": "인천BIS", "region": "cheongna", "region_name": "청라국제업무지구", "layer_type": "bus_stop", "layer_label_ko": "버스정류장" }, "geometry": { "type": "Point", "coordinates": [ 126.650482, 37.536196 ] } },
{ "type": "Feature", "properties": { "stop_id": "ICB168001281", "stop_name": "청라초등학교", "lat": 37.535976, "lon": 126.656046, "정보수집일": "2025-10-31", "모바일단축번호": 89281.0, "도시코드": 23, "도시명": "인천광역시", "관리도시명": "인천BIS", "region": "cheongna", "region_name": "청라국제업무지구", "layer_type": "bus_stop", "layer_label_ko": "버스정류장" }, "geometry": { "type": "Point", "coordinates": [ 126.656046, 37.535976 ] } },
{ "type": "Feature", "properties": { "stop_id": "ICB168001282", "stop_name": "청라초등학교", "lat": 37.536318, "lon": 126.657036, "정보수집일": "2025-10-31", "모바일단축번호": 89282.0, "도시코드": 23, "도시명": "인천광역시", "관리도시명": "인천BIS", "region": "cheongna", "region_name": "청라국제업무지구", "layer_type": "bus_stop", "layer_label_ko": "버스정류장" }, "geometry": { "type": "Point", "coordinates": [ 126.657036, 37.536318 ] } },
{ "type": "Feature", "properties": { "stop_id": "ICB168001285", "stop_name": "경연초중학교·호반베르디움6차", "lat": 37.53817, "lon": 126.624925, "정보수집일": "2025-10-31", "모바일단축번호": 89285.0, "도시코드": 23, "도시명": "인천광역시", "관리도시명": "인천BIS", "region": "cheongna", "region_name": "청라국제업무지구", "layer_type": "bus_stop", "layer_label_ko": "버스정류장" }, "geometry": { "type": "Point", "coordinates": [ 126.624925, 37.53817 ] } },
{ "type": "Feature", "properties": { "stop_id": "ICB168001286", "stop_name": "경연초중학교·청라센텀로제비앙", "lat": 37.538197, "lon": 126.624705, "정보수집일": "2025-10-31", "모바일단축번호": 89286.0, "도시코드": 23, "도시명": "인천광역시", "관리도시명": "인천BIS", "region": "cheongna", "region_name": "청라국제업무지구", "layer_type": "bus_stop", "layer_label_ko": "버스정류장" }, "geometry": { "type": "Point", "coordinates": [ 126.624705, 37.538197 ] } },
{ "type": "Feature", "properties": { "stop_id": "ICB168001287", "stop_name": "북인천하부TG(미정차)", "lat": 37.55471, "lon": 126.616842, "정보수집일": "2025-10-31", "모바일단축번호": 89287.0, "도시코드": 23, "도시명": "인천광역시", "관리도시명": "인천BIS", "region": "cheongna", "region_name": "청라국제업무지구", "layer_type": "bus_stop", "layer_label_ko": "버스정류장" }, "geometry": { "type": "Point", "coordinates": [ 126.616842, 37.55471 ] } },
{ "type": "Feature", "properties": { "stop_id": "ICB168001288", "stop_name": "청라웰카운티221동", "lat": 37.534914, "lon": 126.65966, "정보수집일": "2025-10-31", "모바일단축번호": 89288.0, "도시코드": 23, "도시명": "인천광역시", "관리도시명": "인천BIS", "region": "cheongna", "region_name": "청라국제업무지구", "layer_type": "bus_stop", "layer_label_ko": "버스정류장" }, "geometry": { "type": "Point", "coordinates": [ 126.65966, 37.534914 ] } },
{ "type": "Feature", "properties": { "stop_id": "ICB168001289", "stop_name": "청라국제어린이집", "lat": 37.534937, "lon": 126.660067, "정보수집일": "2025-10-31", "모바일단축번호": 89289.0, "도시코드": 23, "도시명": "인천광역시", "관리도시명": "인천BIS", "region": "cheongna", "region_name": "청라국제업무지구", "layer_type": "bus_stop", "layer_label_ko": "버스정류장" }, "geometry": { "type": "Point", "coordinates": [ 126.660067, 37.534937 ] } },
{ "type": "Feature", "properties": { "stop_id": "ICB168001290", "stop_name": "청라우미린아파트", "lat": 37.529782, "lon": 126.627339, "정보수집일": "2025-10-31", "모바일단축번호": 89290.0, "도시코드": 23, "도시명": "인천광역시", "관리도시명": "인천BIS", "region": "cheongna", "region_name": "청라국제업무지구", "layer_type": "bus_stop", "layer_label_ko": "버스정류장" }, "geometry": { "type": "Point", "coordinates": [ 126.627339, 37.529782 ] } },
{ "type": "Feature", "properties": { "stop_id": "ICB168001291", "stop_name": "청라호수공원한신더휴아파트", "lat": 37.529769, "lon": 126.628224, "정보수집일": "2025-10-31", "모바일단축번호": 89291.0, "도시코드": 23, "도시명": "인천광역시", "관리도시명": "인천BIS", "region": "cheongna", "region_name": "청라국제업무지구", "layer_type": "bus_stop", "layer_label_ko": "버스정류장" }, "geometry": { "type": "Point", "coordinates": [ 126.628224, 37.529769 ] } },
{ "type": "Feature", "properties": { "stop_id": "ICB168001292", "stop_name": "국제금융단지", "lat": 37.536068, "lon": 126.627157, "정보수집일": "2025-10-31", "모바일단축번호": 89292.0, "도시코드": 23, "도시명": "인천광역시", "관리도시명": "인천BIS", "region": "cheongna", "region_name": "청라국제업무지구", "layer_type": "bus_stop", "layer_label_ko": "버스정류장" }, "geometry": { "type": "Point", "coordinates": [ 126.627157, 37.536068 ] } },
{ "type": "Feature", "properties": { "stop_id": "ICB168001293", "stop_name": "국제금융단지", "lat": 37.536299, "lon": 126.628019, "정보수집일": "2025-10-31", "모바일단축번호": 89293.0, "도시코드": 23, "도시명": "인천광역시", "관리도시명": "인천BIS", "region": "cheongna", "region_name": "청라국제업무지구", "layer_type": "bus_stop", "layer_label_ko": "버스정류장" }, "geometry": { "type": "Point", "coordinates": [ 126.628019, 37.536299 ] } },
{ "type": "Feature", "properties": { "stop_id": "ICB168001294", "stop_name": "하나금융그룹통합데이터센터", "lat": 37.554869, "lon": 126.629853, "정보수집일": "2025-10-31", "모바일단축번호": 89294.0, "도시코드": 23, "도시명": "인천광역시", "관리도시명": "인천BIS", "region": "cheongna", "region_name": "청라국제업무지구", "layer_type": "bus_stop", "layer_label_ko": "버스정류장" }, "geometry": { "type": "Point", "coordinates": [ 126.629853, 37.554869 ] } },
{ "type": "Feature", "properties": { "stop_id": "ICB168001295", "stop_name": "청라센텀로제비앙", "lat": 37.537248, "lon": 126.622486, "정보수집일": "2025-10-31", "모바일단축번호": 89295.0, "도시코드": 23, "도시명": "인천광역시", "관리도시명": "인천BIS", "region": "cheongna", "region_name": "청라국제업무지구", "layer_type": "bus_stop", "layer_label_ko": "버스정류장" }, "geometry": { "type": "Point", "coordinates": [ 126.622486, 37.537248 ] } },
{ "type": "Feature", "properties": { "stop_id": "ICB168001296", "stop_name": "청라센텀로제비앙", "lat": 37.537171, "lon": 126.622036, "정보수집일": "2025-10-31", "모바일단축번호": 89296.0, "도시코드": 23, "도시명": "인천광역시", "관리도시명": "인천BIS", "region": "cheongna", "region_name": "청라국제업무지구", "layer_type": "bus_stop", "layer_label_ko": "버스정류장" }, "geometry": { "type": "Point", "coordinates": [ 126.622036, 37.537171 ] } },
{ "type": "Feature", "properties": { "stop_id": "ICB168001297", "stop_name": "자이더테라스1단지", "lat": 37.521941, "lon": 126.624727, "정보수집일": "2025-10-31", "모바일단축번호": 89297.0, "도시코드": 23, "도시명": "인천광역시", "관리도시명": "인천BIS", "region": "cheongna", "region_name": "청라국제업무지구", "layer_type": "bus_stop", "layer_label_ko": "버스정류장" }, "geometry": { "type": "Point", "coordinates": [ 126.624727, 37.521941 ] } },
{ "type": "Feature", "properties": { "stop_id": "ICB168001298", "stop_name": "자이더테라스1단지", "lat": 37.521858, "lon": 126.624411, "정보수집일": "2025-10-31", "모바일단축번호": 89298.0, "도시코드": 23, "도시명": "인천광역시", "관리도시명": "인천BIS", "region": "cheongna", "region_name": "청라국제업무지구", "layer_type": "bus_stop", "layer_label_ko": "버스정류장" }, "geometry": { "type": "Point", "coordinates": [ 126.624411, 37.521858 ] } },
{ "type": "Feature", "properties": { "stop_id": "ICB168001299", "stop_name": "청라파크자이상가", "lat": 37.521844, "lon": 126.627433, "정보수집일": "2025-10-31", "모바일단축번호": 89299.0, "도시코드": 23, "도시명": "인천광역시", "관리도시명": "인천BIS", "region": "cheongna", "region_name": "청라국제업무지구", "layer_type": "bus_stop", "layer_label_ko": "버스정류장" }, "geometry": { "type": "Point", "coordinates": [ 126.627433, 37.521844 ] } },
{ "type": "Feature", "properties": { "stop_id": "ICB168001300", "stop_name": "청라파크자이상가", "lat": 37.521922, "lon": 126.627822, "정보수집일": "2025-10-31", "모바일단축번호": 89300.0, "도시코드": 23, "도시명": "인천광역시", "관리도시명": "인천BIS", "region": "cheongna", "region_name": "청라국제업무지구", "layer_type": "bus_stop", "layer_label_ko": "버스정류장" }, "geometry": { "type": "Point", "coordinates": [ 126.627822, 37.521922 ] } },
{ "type": "Feature", "properties": { "stop_id": "ICB168001301", "stop_name": "로봇타워", "lat": 37.520172, "lon": 126.612299, "정보수집일": "2025-10-31", "모바일단축번호": 89301.0, "도시코드": 23, "도시명": "인천광역시", "관리도시명": "인천BIS", "region": "cheongna", "region_name": "청라국제업무지구", "layer_type": "bus_stop", "layer_label_ko": "버스정류장" }, "geometry": { "type": "Point", "coordinates": [ 126.612299, 37.520172 ] } },
{ "type": "Feature", "properties": { "stop_id": "ICB168001302", "stop_name": "로봇타워", "lat": 37.520131, "lon": 126.612517, "정보수집일": "2025-10-31", "모바일단축번호": 89302.0, "도시코드": 23, "도시명": "인천광역시", "관리도시명": "인천BIS", "region": "cheongna", "region_name": "청라국제업무지구", "layer_type": "bus_stop", "layer_label_ko": "버스정류장" }, "geometry": { "type": "Point", "coordinates": [ 126.612517, 37.520131 ] } },
{ "type": "Feature", "properties": { "stop_id": "ICB168001334", "stop_name": "청라시티프라디움", "lat": 37.536327, "lon": 126.62734, "정보수집일": "2025-10-31", "모바일단축번호": 89334.0, "도시코드": 23, "도시명": "인천광역시", "관리도시명": "인천BIS", "region": "cheongna", "region_name": "청라국제업무지구", "layer_type": "bus_stop", "layer_label_ko": "버스정류장" }, "geometry": { "type": "Point", "coordinates": [ 126.62734, 37.536327 ] } },
{ "type": "Feature", "properties": { "stop_id": "ICB168001335", "stop_name": "청라시티프라디움", "lat": 37.536052, "lon": 126.627314, "정보수집일": "2025-10-31", "모바일단축번호": 89335.0, "도시코드": 23, "도시명": "인천광역시", "관리도시명": "인천BIS", "region": "cheongna", "region_name": "청라국제업무지구", "layer_type": "bus_stop", "layer_label_ko": "버스정류장" }, "geometry": { "type": "Point", "coordinates": [ 126.627314, 37.536052 ] } },
{ "type": "Feature", "properties": { "stop_id": "ICB168001344", "stop_name": "청라모아미래도아파트604동", "lat": 37.538904, "lon": 126.619324, "정보수집일": "2025-10-31", "모바일단축번호": 89344.0, "도시코드": 23, "도시명": "인천광역시", "관리도시명": "인천BIS", "region": "cheongna", "region_name": "청라국제업무지구", "layer_type": "bus_stop", "layer_label_ko": "버스정류장" }, "geometry": { "type": "Point", "coordinates": [ 126.619324, 37.538904 ] } },
{ "type": "Feature", "properties": { "stop_id": "ICB168001346", "stop_name": "청라센텀로제비앙정문앞", "lat": 37.538492, "lon": 126.621818, "정보수집일": "2025-10-31", "모바일단축번호": 89346.0, "도시코드": 23, "도시명": "인천광역시", "관리도시명": "인천BIS", "region": "cheongna", "region_name": "청라국제업무지구", "layer_type": "bus_stop", "layer_label_ko": "버스정류장" }, "geometry": { "type": "Point", "coordinates": [ 126.621818, 37.538492 ] } },
{ "type": "Feature", "properties": { "stop_id": "ICB168001347", "stop_name": "인천경연초중학교", "lat": 37.538925, "lon": 126.626974, "정보수집일": "2025-10-31", "모바일단축번호": 89347.0, "도시코드": 23, "도시명": "인천광역시", "관리도시명": "인천BIS", "region": "cheongna", "region_name": "청라국제업무지구", "layer_type": "bus_stop", "layer_label_ko": "버스정류장" }, "geometry": { "type": "Point", "coordinates": [ 126.626974, 37.538925 ] } },
{ "type": "Feature", "properties": { "stop_id": "ICB168001348", "stop_name": "청라한양수자인레이크블루", "lat": 37.538912, "lon": 126.628923, "정보수집일": "2025-10-31", "모바일단축번호": 89348.0, "도시코드": 23, "도시명": "인천광역시", "관리도시명": "인천BIS", "region": "cheongna", "region_name": "청라국제업무지구", "layer_type": "bus_stop", "layer_label_ko": "버스정류장" }, "geometry": { "type": "Point", "coordinates": [ 126.628923, 37.538912 ] } },
{ "type": "Feature", "properties": { "stop_id": "ICB168001349", "stop_name": "제일풍경채2차", "lat": 37.538589, "lon": 126.646832, "정보수집일": "2025-10-31", "모바일단축번호": 89349.0, "도시코드": 23, "도시명": "인천광역시", "관리도시명": "인천BIS", "region": "cheongna", "region_name": "청라국제업무지구", "layer_type": "bus_stop", "layer_label_ko": "버스정류장" }, "geometry": { "type": "Point", "coordinates": [ 126.646832, 37.538589 ] } },
{ "type": "Feature", "properties": { "stop_id": "ICB168001350", "stop_name": "제일풍경채1차정문앞", "lat": 37.538974, "lon": 126.646435, "정보수집일": "2025-10-31", "모바일단축번호": 89350.0, "도시코드": 23, "도시명": "인천광역시", "관리도시명": "인천BIS", "region": "cheongna", "region_name": "청라국제업무지구", "layer_type": "bus_stop", "layer_label_ko": "버스정류장" }, "geometry": { "type": "Point", "coordinates": [ 126.646435, 37.538974 ] } },
{ "type": "Feature", "properties": { "stop_id": "ICB168001351", "stop_name": "청라한양수자인레이크블루", "lat": 37.539148, "lon": 126.628926, "정보수집일": "2025-10-31", "모바일단축번호": 89351.0, "도시코드": 23, "도시명": "인천광역시", "관리도시명": "인천BIS", "region": "cheongna", "region_name": "청라국제업무지구", "layer_type": "bus_stop", "layer_label_ko": "버스정류장" }, "geometry": { "type": "Point", "coordinates": [ 126.628926, 37.539148 ] } },
{ "type": "Feature", "properties": { "stop_id": "ICB168001353", "stop_name": "청라모아미래도아파트정문", "lat": 37.538498, "lon": 126.621553, "정보수집일": "2025-10-31", "모바일단축번호": 89353.0, "도시코드": 23, "도시명": "인천광역시", "관리도시명": "인천BIS", "region": "cheongna", "region_name": "청라국제업무지구", "layer_type": "bus_stop", "layer_label_ko": "버스정류장" }, "geometry": { "type": "Point", "coordinates": [ 126.621553, 37.538498 ] } },
{ "type": "Feature", "properties": { "stop_id": "ICB168001372", "stop_name": "한화꿈에그린정문", "lat": 37.538919, "lon": 126.638257, "정보수집일": "2025-10-31", "모바일단축번호": 89372.0, "도시코드": 23, "도시명": "인천광역시", "관리도시명": "인천BIS", "region": "cheongna", "region_name": "청라국제업무지구", "layer_type": "bus_stop", "layer_label_ko": "버스정류장" }, "geometry": { "type": "Point", "coordinates": [ 126.638257, 37.538919 ] } },
{ "type": "Feature", "properties": { "stop_id": "ICB168001373", "stop_name": "한라비발디정문", "lat": 37.539215, "lon": 126.638568, "정보수집일": "2025-10-31", "모바일단축번호": 89373.0, "도시코드": 23, "도시명": "인천광역시", "관리도시명": "인천BIS", "region": "cheongna", "region_name": "청라국제업무지구", "layer_type": "bus_stop", "layer_label_ko": "버스정류장" }, "geometry": { "type": "Point", "coordinates": [ 126.638568, 37.539215 ] } },
{ "type": "Feature", "properties": { "stop_id": "ICB168001374", "stop_name": "청라3동행정복지센터", "lat": 37.533612, "lon": 126.627416, "정보수집일": "2025-10-31", "모바일단축번호": 89374.0, "도시코드": 23, "도시명": "인천광역시", "관리도시명": "인천BIS", "region": "cheongna", "region_name": "청라국제업무지구", "layer_type": "bus_stop", "layer_label_ko": "버스정류장" }, "geometry": { "type": "Point", "coordinates": [ 126.627416, 37.533612 ] } },
{ "type": "Feature", "properties": { "stop_id": "ICB168001375", "stop_name": "청라3동행정복지센터", "lat": 37.533656, "lon": 126.627658, "정보수집일": "2025-10-31", "모바일단축번호": 89375.0, "도시코드": 23, "도시명": "인천광역시", "관리도시명": "인천BIS", "region": "cheongna", "region_name": "청라국제업무지구", "layer_type": "bus_stop", "layer_label_ko": "버스정류장" }, "geometry": { "type": "Point", "coordinates": [ 126.627658, 37.533656 ] } },
{ "type": "Feature", "properties": { "stop_id": "ICB168001376", "stop_name": "인천푸른빛유치원", "lat": 37.5378, "lon": 126.628356, "정보수집일": "2025-10-31", "모바일단축번호": 89376.0, "도시코드": 23, "도시명": "인천광역시", "관리도시명": "인천BIS", "region": "cheongna", "region_name": "청라국제업무지구", "layer_type": "bus_stop", "layer_label_ko": "버스정류장" }, "geometry": { "type": "Point", "coordinates": [ 126.628356, 37.5378 ] } },
{ "type": "Feature", "properties": { "stop_id": "ICB168001377", "stop_name": "인천푸른빛유치원", "lat": 37.537868, "lon": 126.62814, "정보수집일": "2025-10-31", "모바일단축번호": 89377.0, "도시코드": 23, "도시명": "인천광역시", "관리도시명": "인천BIS", "region": "cheongna", "region_name": "청라국제업무지구", "layer_type": "bus_stop", "layer_label_ko": "버스정류장" }, "geometry": { "type": "Point", "coordinates": [ 126.62814, 37.537868 ] } },
{ "type": "Feature", "properties": { "stop_id": "ICB168001380", "stop_name": "남청라TG", "lat": 37.513243, "lon": 126.613616, "정보수집일": "2025-10-31", "모바일단축번호": 89380.0, "도시코드": 23, "도시명": "인천광역시", "관리도시명": "인천BIS", "region": "cheongna", "region_name": "청라국제업무지구", "layer_type": "bus_stop", "layer_label_ko": "버스정류장" }, "geometry": { "type": "Point", "coordinates": [ 126.613616, 37.513243 ] } },
{ "type": "Feature", "properties": { "stop_id": "ICB168001381", "stop_name": "심곡천(심곡3교)", "lat": 37.520102, "lon": 126.625944, "정보수집일": "2025-10-31", "모바일단축번호": 89381.0, "도시코드": 23, "도시명": "인천광역시", "관리도시명": "인천BIS", "region": "cheongna", "region_name": "청라국제업무지구", "layer_type": "bus_stop", "layer_label_ko": "버스정류장" }, "geometry": { "type": "Point", "coordinates": [ 126.625944, 37.520102 ] } },
{ "type": "Feature", "properties": { "stop_id": "ICB168001382", "stop_name": "심곡천(심곡3교)", "lat": 37.519947, "lon": 126.625968, "정보수집일": "2025-10-31", "모바일단축번호": 89382.0, "도시코드": 23, "도시명": "인천광역시", "관리도시명": "인천BIS", "region": "cheongna", "region_name": "청라국제업무지구", "layer_type": "bus_stop", "layer_label_ko": "버스정류장" }, "geometry": { "type": "Point", "coordinates": [ 126.625968, 37.519947 ] } },
{ "type": "Feature", "properties": { "stop_id": "ICB168001385", "stop_name": "가정택지삼거리", "lat": 37.532353, "lon": 126.662571, "정보수집일": "2025-10-31", "모바일단축번호": 89385.0, "도시코드": 23, "도시명": "인천광역시", "관리도시명": "인천BIS", "region": "cheongna", "region_name": "청라국제업무지구", "layer_type": "bus_stop", "layer_label_ko": "버스정류장" }, "geometry": { "type": "Point", "coordinates": [ 126.662571, 37.532353 ] } },
{ "type": "Feature", "properties": { "stop_id": "ICB168001412", "stop_name": "한국지엠청라주행시험장", "lat": 37.51932, "lon": 126.649331, "정보수집일": "2025-10-31", "모바일단축번호": 89412.0, "도시코드": 23, "도시명": "인천광역시", "관리도시명": "인천BIS", "region": "cheongna", "region_name": "청라국제업무지구", "layer_type": "bus_stop", "layer_label_ko": "버스정류장" }, "geometry": { "type": "Point", "coordinates": [ 126.649331, 37.51932 ] } },
{ "type": "Feature", "properties": { "stop_id": "ICB168001413", "stop_name": "한국지엠청라주행시험장", "lat": 37.519877, "lon": 126.649035, "정보수집일": "2025-10-31", "모바일단축번호": 89413.0, "도시코드": 23, "도시명": "인천광역시", "관리도시명": "인천BIS", "region": "cheongna", "region_name": "청라국제업무지구", "layer_type": "bus_stop", "layer_label_ko": "버스정류장" }, "geometry": { "type": "Point", "coordinates": [ 126.649035, 37.519877 ] } },
{ "type": "Feature", "properties": { "stop_id": "ICB168001414", "stop_name": "북항배후로입구", "lat": 37.514861, "lon": 126.613343, "정보수집일": "2025-10-31", "모바일단축번호": 89414.0, "도시코드": 23, "도시명": "인천광역시", "관리도시명": "인천BIS", "region": "cheongna", "region_name": "청라국제업무지구", "layer_type": "bus_stop", "layer_label_ko": "버스정류장" }, "geometry": { "type": "Point", "coordinates": [ 126.613343, 37.514861 ] } },
{ "type": "Feature", "properties": { "stop_id": "ICB168001417", "stop_name": "청라스타필드", "lat": 37.550939, "lon": 126.616194, "정보수집일": "2025-10-31", "모바일단축번호": 89417.0, "도시코드": 23, "도시명": "인천광역시", "관리도시명": "인천BIS", "region": "cheongna", "region_name": "청라국제업무지구", "layer_type": "bus_stop", "layer_label_ko": "버스정류장" }, "geometry": { "type": "Point", "coordinates": [ 126.616194, 37.550939 ] } },
{ "type": "Feature", "properties": { "stop_id": "ICB168001418", "stop_name": "청라스타필드", "lat": 37.550813, "lon": 126.616344, "정보수집일": "2025-10-31", "모바일단축번호": 89418.0, "도시코드": 23, "도시명": "인천광역시", "관리도시명": "인천BIS", "region": "cheongna", "region_name": "청라국제업무지구", "layer_type": "bus_stop", "layer_label_ko": "버스정류장" }, "geometry": { "type": "Point", "coordinates": [ 126.616344, 37.550813 ] } },
{ "type": "Feature", "properties": { "stop_id": "ICB168001420", "stop_name": "중봉로교차로", "lat": 37.524026, "lon": 126.649557, "정보수집일": "2025-10-31", "모바일단축번호": 89420.0, "도시코드": 23, "도시명": "인천광역시", "관리도시명": "인천BIS", "region": "cheongna", "region_name": "청라국제업무지구", "layer_type": "bus_stop", "layer_label_ko": "버스정류장" }, "geometry": { "type": "Point", "coordinates": [ 126.649557, 37.524026 ] } },
{ "type": "Feature", "properties": { "stop_id": "ICB168001421", "stop_name": "중봉로교차로", "lat": 37.524079, "lon": 126.649031, "정보수집일": "2025-10-31", "모바일단축번호": 89421.0, "도시코드": 23, "도시명": "인천광역시", "관리도시명": "인천BIS", "region": "cheongna", "region_name": "청라국제업무지구", "layer_type": "bus_stop", "layer_label_ko": "버스정류장" }, "geometry": { "type": "Point", "coordinates": [ 126.649031, 37.524079 ] } },
{ "type": "Feature", "properties": { "stop_id": "ICB168001444", "stop_name": "하나글로벌캠퍼스", "lat": 37.54999, "lon": 126.621629, "정보수집일": "2025-10-31", "모바일단축번호": 89444.0, "도시코드": 23, "도시명": "인천광역시", "관리도시명": "인천BIS", "region": "cheongna", "region_name": "청라국제업무지구", "layer_type": "bus_stop", "layer_label_ko": "버스정류장" }, "geometry": { "type": "Point", "coordinates": [ 126.621629, 37.54999 ] } },
{ "type": "Feature", "properties": { "stop_id": "ICB168001445", "stop_name": "하나글로벌캠퍼스", "lat": 37.550899, "lon": 126.622478, "정보수집일": "2025-10-31", "모바일단축번호": 89445.0, "도시코드": 23, "도시명": "인천광역시", "관리도시명": "인천BIS", "region": "cheongna", "region_name": "청라국제업무지구", "layer_type": "bus_stop", "layer_label_ko": "버스정류장" }, "geometry": { "type": "Point", "coordinates": [ 126.622478, 37.550899 ] } },
{ "type": "Feature", "properties": { "stop_id": "ICB168001447", "stop_name": "진솔인더스트리", "lat": 37.518085, "lon": 126.629837, "정보수집일": "2025-10-31", "모바일단축번호": 89447.0, "도시코드": 23, "도시명": "인천광역시", "관리도시명": "인천BIS", "region": "cheongna", "region_name": "청라국제업무지구", "layer_type": "bus_stop", "layer_label_ko": "버스정류장" }, "geometry": { "type": "Point", "coordinates": [ 126.629837, 37.518085 ] } },
{ "type": "Feature", "properties": { "stop_id": "ICB168001448", "stop_name": "진솔인더스트리", "lat": 37.517931, "lon": 126.629637, "정보수집일": "2025-10-31", "모바일단축번호": 89448.0, "도시코드": 23, "도시명": "인천광역시", "관리도시명": "인천BIS", "region": "cheongna", "region_name": "청라국제업무지구", "layer_type": "bus_stop", "layer_label_ko": "버스정류장" }, "geometry": { "type": "Point", "coordinates": [ 126.629637, 37.517931 ] } },
{ "type": "Feature", "properties": { "stop_id": "ICB168001449", "stop_name": "에코크레이션", "lat": 37.516584, "lon": 126.628359, "정보수집일": "2025-10-31", "모바일단축번호": 89449.0, "도시코드": 23, "도시명": "인천광역시", "관리도시명": "인천BIS", "region": "cheongna", "region_name": "청라국제업무지구", "layer_type": "bus_stop", "layer_label_ko": "버스정류장" }, "geometry": { "type": "Point", "coordinates": [ 126.628359, 37.516584 ] } },
{ "type": "Feature", "properties": { "stop_id": "ICB168001450", "stop_name": "에코크레이션", "lat": 37.516591, "lon": 126.628066, "정보수집일": "2025-10-31", "모바일단축번호": 89450.0, "도시코드": 23, "도시명": "인천광역시", "관리도시명": "인천BIS", "region": "cheongna", "region_name": "청라국제업무지구", "layer_type": "bus_stop", "layer_label_ko": "버스정류장" }, "geometry": { "type": "Point", "coordinates": [ 126.628066, 37.516591 ] } },
{ "type": "Feature", "properties": { "stop_id": "ICB168001451", "stop_name": "하나모터스", "lat": 37.514665, "lon": 126.62804, "정보수집일": "2025-10-31", "모바일단축번호": 89451.0, "도시코드": 23, "도시명": "인천광역시", "관리도시명": "인천BIS", "region": "cheongna", "region_name": "청라국제업무지구", "layer_type": "bus_stop", "layer_label_ko": "버스정류장" }, "geometry": { "type": "Point", "coordinates": [ 126.62804, 37.514665 ] } },
{ "type": "Feature", "properties": { "stop_id": "ICB168001452", "stop_name": "하나모터스", "lat": 37.51452, "lon": 126.627903, "정보수집일": "2025-10-31", "모바일단축번호": 89452.0, "도시코드": 23, "도시명": "인천광역시", "관리도시명": "인천BIS", "region": "cheongna", "region_name": "청라국제업무지구", "layer_type": "bus_stop", "layer_label_ko": "버스정류장" }, "geometry": { "type": "Point", "coordinates": [ 126.627903, 37.51452 ] } },
{ "type": "Feature", "properties": { "stop_id": "ICB168001460", "stop_name": "자이더테라스2단지(209동)", "lat": 37.524043, "lon": 126.626457, "정보수집일": "2025-10-31", "모바일단축번호": 89460.0, "도시코드": 23, "도시명": "인천광역시", "관리도시명": "인천BIS", "region": "cheongna", "region_name": "청라국제업무지구", "layer_type": "bus_stop", "layer_label_ko": "버스정류장" }, "geometry": { "type": "Point", "coordinates": [ 126.626457, 37.524043 ] } },
{ "type": "Feature", "properties": { "stop_id": "ICB168001471", "stop_name": "청라1호문화공원", "lat": 37.53268, "lon": 126.660011, "정보수집일": "2025-10-31", "모바일단축번호": 89471.0, "도시코드": 23, "도시명": "인천광역시", "관리도시명": "인천BIS", "region": "cheongna", "region_name": "청라국제업무지구", "layer_type": "bus_stop", "layer_label_ko": "버스정류장" }, "geometry": { "type": "Point", "coordinates": [ 126.660011, 37.53268 ] } },
{ "type": "Feature", "properties": { "stop_id": "ICB168001478", "stop_name": "공촌유수지체육공원", "lat": 37.543667, "lon": 126.620373, "정보수집일": "2025-10-31", "모바일단축번호": 89478.0, "도시코드": 23, "도시명": "인천광역시", "관리도시명": "인천BIS", "region": "cheongna", "region_name": "청라국제업무지구", "layer_type": "bus_stop", "layer_label_ko": "버스정류장" }, "geometry": { "type": "Point", "coordinates": [ 126.620373, 37.543667 ] } },
{ "type": "Feature", "properties": { "stop_id": "ICB168001479", "stop_name": "공촌유수지체육공원", "lat": 37.544392, "lon": 126.621164, "정보수집일": "2025-10-31", "모바일단축번호": 89479.0, "도시코드": 23, "도시명": "인천광역시", "관리도시명": "인천BIS", "region": "cheongna", "region_name": "청라국제업무지구", "layer_type": "bus_stop", "layer_label_ko": "버스정류장" }, "geometry": { "type": "Point", "coordinates": [ 126.621164, 37.544392 ] } },
{ "type": "Feature", "properties": { "stop_id": "ICB168001481", "stop_name": "서인천세무서", "lat": 37.531315, "lon": 126.623762, "정보수집일": "2025-10-31", "모바일단축번호": 89481.0, "도시코드": 23, "도시명": "인천광역시", "관리도시명": "인천BIS", "region": "cheongna", "region_name": "청라국제업무지구", "layer_type": "bus_stop", "layer_label_ko": "버스정류장" }, "geometry": { "type": "Point", "coordinates": [ 126.623762, 37.531315 ] } },
{ "type": "Feature", "properties": { "stop_id": "ICB168001495", "stop_name": "자이더테라스2단지(209동)", "lat": 37.524001, "lon": 126.626751, "정보수집일": "2025-10-31", "모바일단축번호": 89495.0, "도시코드": 23, "도시명": "인천광역시", "관리도시명": "인천BIS", "region": "cheongna", "region_name": "청라국제업무지구", "layer_type": "bus_stop", "layer_label_ko": "버스정류장" }, "geometry": { "type": "Point", "coordinates": [ 126.626751, 37.524001 ] } },
{ "type": "Feature", "properties": { "stop_id": "ICB168001497", "stop_name": "청라푸르지오라피아노", "lat": 37.522795, "lon": 126.63208, "정보수집일": "2025-10-31", "모바일단축번호": 89497.0, "도시코드": 23, "도시명": "인천광역시", "관리도시명": "인천BIS", "region": "cheongna", "region_name": "청라국제업무지구", "layer_type": "bus_stop", "layer_label_ko": "버스정류장" }, "geometry": { "type": "Point", "coordinates": [ 126.63208, 37.522795 ] } },
{ "type": "Feature", "properties": { "stop_id": "ICB168001498", "stop_name": "청라푸르지오라피아노", "lat": 37.522366, "lon": 126.631613, "정보수집일": "2025-10-31", "모바일단축번호": 89498.0, "도시코드": 23, "도시명": "인천광역시", "관리도시명": "인천BIS", "region": "cheongna", "region_name": "청라국제업무지구", "layer_type": "bus_stop", "layer_label_ko": "버스정류장" }, "geometry": { "type": "Point", "coordinates": [ 126.631613, 37.522366 ] } },
{ "type": "Feature", "properties": { "stop_id": "ICB168001503", "stop_name": "가정교", "lat": 37.537957, "lon": 126.663034, "정보수집일": "2025-10-31", "모바일단축번호": 89503.0, "도시코드": 23, "도시명": "인천광역시", "관리도시명": "인천BIS", "region": "cheongna", "region_name": "청라국제업무지구", "layer_type": "bus_stop", "layer_label_ko": "버스정류장" }, "geometry": { "type": "Point", "coordinates": [ 126.663034, 37.537957 ] } },
{ "type": "Feature", "properties": { "stop_id": "ICB168001506", "stop_name": "봉수대로501번길", "lat": 37.520502, "lon": 126.650716, "정보수집일": "2025-10-31", "모바일단축번호": 89506.0, "도시코드": 23, "도시명": "인천광역시", "관리도시명": "인천BIS", "region": "cheongna", "region_name": "청라국제업무지구", "layer_type": "bus_stop", "layer_label_ko": "버스정류장" }, "geometry": { "type": "Point", "coordinates": [ 126.650716, 37.520502 ] } },
{ "type": "Feature", "properties": { "stop_id": "ICB168001507", "stop_name": "봉수대로501번길", "lat": 37.520716, "lon": 126.650685, "정보수집일": "2025-10-31", "모바일단축번호": 89507.0, "도시코드": 23, "도시명": "인천광역시", "관리도시명": "인천BIS", "region": "cheongna", "region_name": "청라국제업무지구", "layer_type": "bus_stop", "layer_label_ko": "버스정류장" }, "geometry": { "type": "Point", "coordinates": [ 126.650685, 37.520716 ] } },
{ "type": "Feature", "properties": { "stop_id": "ICB168001523", "stop_name": "청라국제도시역푸르지오시티", "lat": 37.551951, "lon": 126.617881, "정보수집일": "2025-10-31", "모바일단축번호": 89523.0, "도시코드": 23, "도시명": "인천광역시", "관리도시명": "인천BIS", "region": "cheongna", "region_name": "청라국제업무지구", "layer_type": "bus_stop", "layer_label_ko": "버스정류장" }, "geometry": { "type": "Point", "coordinates": [ 126.617881, 37.551951 ] } },
{ "type": "Feature", "properties": { "stop_id": "ICB168001524", "stop_name": "청라국제도시역푸르지오시티", "lat": 37.551825, "lon": 126.617921, "정보수집일": "2025-10-31", "모바일단축번호": 89524.0, "도시코드": 23, "도시명": "인천광역시", "관리도시명": "인천BIS", "region": "cheongna", "region_name": "청라국제업무지구", "layer_type": "bus_stop", "layer_label_ko": "버스정류장" }, "geometry": { "type": "Point", "coordinates": [ 126.617921, 37.551825 ] } },
{ "type": "Feature", "properties": { "stop_id": "ICB168001529", "stop_name": "크리스탈로102번길", "lat": 37.534301, "lon": 126.639013, "정보수집일": "2025-10-31", "모바일단축번호": 89529.0, "도시코드": 23, "도시명": "인천광역시", "관리도시명": "인천BIS", "region": "cheongna", "region_name": "청라국제업무지구", "layer_type": "bus_stop", "layer_label_ko": "버스정류장" }, "geometry": { "type": "Point", "coordinates": [ 126.639013, 37.534301 ] } },
{ "type": "Feature", "properties": { "stop_id": "ICB168001530", "stop_name": "크리스탈로102번길", "lat": 37.534094, "lon": 126.638639, "정보수집일": "2025-10-31", "모바일단축번호": 89530.0, "도시코드": 23, "도시명": "인천광역시", "관리도시명": "인천BIS", "region": "cheongna", "region_name": "청라국제업무지구", "layer_type": "bus_stop", "layer_label_ko": "버스정류장" }, "geometry": { "type": "Point", "coordinates": [ 126.638639, 37.534094 ] } },
{ "type": "Feature", "properties": { "stop_id": "ICB168001531", "stop_name": "청라호수공원(동축)", "lat": 37.534464, "lon": 126.636708, "정보수집일": "2025-10-31", "모바일단축번호": 89531.0, "도시코드": 23, "도시명": "인천광역시", "관리도시명": "인천BIS", "region": "cheongna", "region_name": "청라국제업무지구", "layer_type": "bus_stop", "layer_label_ko": "버스정류장" }, "geometry": { "type": "Point", "coordinates": [ 126.636708, 37.534464 ] } },
{ "type": "Feature", "properties": { "stop_id": "ICB168001532", "stop_name": "청라호수공원(동축)", "lat": 37.534607, "lon": 126.636464, "정보수집일": "2025-10-31", "모바일단축번호": 89532.0, "도시코드": 23, "도시명": "인천광역시", "관리도시명": "인천BIS", "region": "cheongna", "region_name": "청라국제업무지구", "layer_type": "bus_stop", "layer_label_ko": "버스정류장" }, "geometry": { "type": "Point", "coordinates": [ 126.636464, 37.534607 ] } },
{ "type": "Feature", "properties": { "stop_id": "ICB168001533", "stop_name": "청라한내로72번길", "lat": 37.531623, "lon": 126.628735, "정보수집일": "2025-10-31", "모바일단축번호": 89533.0, "도시코드": 23, "도시명": "인천광역시", "관리도시명": "인천BIS", "region": "cheongna", "region_name": "청라국제업무지구", "layer_type": "bus_stop", "layer_label_ko": "버스정류장" }, "geometry": { "type": "Point", "coordinates": [ 126.628735, 37.531623 ] } },
{ "type": "Feature", "properties": { "stop_id": "ICB168001534", "stop_name": "청라한내로72번길", "lat": 37.531811, "lon": 126.628546, "정보수집일": "2025-10-31", "모바일단축번호": 89534.0, "도시코드": 23, "도시명": "인천광역시", "관리도시명": "인천BIS", "region": "cheongna", "region_name": "청라국제업무지구", "layer_type": "bus_stop", "layer_label_ko": "버스정류장" }, "geometry": { "type": "Point", "coordinates": [ 126.628546, 37.531811 ] } },
{ "type": "Feature", "properties": { "stop_id": "ICB168001535", "stop_name": "청라호수공원(서측)", "lat": 37.533688, "lon": 126.632134, "정보수집일": "2025-10-31", "모바일단축번호": 89535.0, "도시코드": 23, "도시명": "인천광역시", "관리도시명": "인천BIS", "region": "cheongna", "region_name": "청라국제업무지구", "layer_type": "bus_stop", "layer_label_ko": "버스정류장" }, "geometry": { "type": "Point", "coordinates": [ 126.632134, 37.533688 ] } },
{ "type": "Feature", "properties": { "stop_id": "ICB168001536", "stop_name": "청라호수공원(서측)", "lat": 37.533595, "lon": 126.631674, "정보수집일": "2025-10-31", "모바일단축번호": 89536.0, "도시코드": 23, "도시명": "인천광역시", "관리도시명": "인천BIS", "region": "cheongna", "region_name": "청라국제업무지구", "layer_type": "bus_stop", "layer_label_ko": "버스정류장" }, "geometry": { "type": "Point", "coordinates": [ 126.631674, 37.533595 ] } },
{ "type": "Feature", "properties": { "stop_id": "ICB168001537", "stop_name": "인천해양경찰서", "lat": 37.533453, "lon": 126.640741, "정보수집일": "2025-10-31", "모바일단축번호": 89537.0, "도시코드": 23, "도시명": "인천광역시", "관리도시명": "인천BIS", "region": "cheongna", "region_name": "청라국제업무지구", "layer_type": "bus_stop", "layer_label_ko": "버스정류장" }, "geometry": { "type": "Point", "coordinates": [ 126.640741, 37.533453 ] } },
{ "type": "Feature", "properties": { "stop_id": "ICB168001538", "stop_name": "인천해양경찰서", "lat": 37.533504, "lon": 126.640411, "정보수집일": "2025-10-31", "모바일단축번호": 89538.0, "도시코드": 23, "도시명": "인천광역시", "관리도시명": "인천BIS", "region": "cheongna", "region_name": "청라국제업무지구", "layer_type": "bus_stop", "layer_label_ko": "버스정류장" }, "geometry": { "type": "Point", "coordinates": [ 126.640411, 37.533504 ] } },
{ "type": "Feature", "properties": { "stop_id": "ICB168000628", "stop_name": "화력발전소", "lat": 37.538623, "lon": 126.605092, "정보수집일": "2025-10-31", "모바일단축번호": 42628.0, "도시코드": 23, "도시명": "인천광역시", "관리도시명": "인천BIS", "region": "cheongna", "region_name": "청라국제업무지구", "layer_type": "bus_stop", "layer_label_ko": "버스정류장" }, "geometry": { "type": "Point", "coordinates": [ 126.605092, 37.538623 ] } },
{ "type": "Feature", "properties": { "stop_id": "ICB168000742", "stop_name": "청라자이", "lat": 37.529807, "lon": 126.658217, "정보수집일": "2025-10-31", "모바일단축번호": 42742.0, "도시코드": 23, "도시명": "인천광역시", "관리도시명": "인천BIS", "region": "cheongna", "region_name": "청라국제업무지구", "layer_type": "bus_stop", "layer_label_ko": "버스정류장" }, "geometry": { "type": "Point", "coordinates": [ 126.658217, 37.529807 ] } },
{ "type": "Feature", "properties": { "stop_id": "ICB168000743", "stop_name": "호반베르디움3차아파트", "lat": 37.53009, "lon": 126.658594, "정보수집일": "2025-10-31", "모바일단축번호": 42743.0, "도시코드": 23, "도시명": "인천광역시", "관리도시명": "인천BIS", "region": "cheongna", "region_name": "청라국제업무지구", "layer_type": "bus_stop", "layer_label_ko": "버스정류장" }, "geometry": { "type": "Point", "coordinates": [ 126.658594, 37.53009 ] } },
{ "type": "Feature", "properties": { "stop_id": "ICB168000744", "stop_name": "청라1동행정복지센터", "lat": 37.532086, "lon": 126.653207, "정보수집일": "2025-10-31", "모바일단축번호": 42744.0, "도시코드": 23, "도시명": "인천광역시", "관리도시명": "인천BIS", "region": "cheongna", "region_name": "청라국제업무지구", "layer_type": "bus_stop", "layer_label_ko": "버스정류장" }, "geometry": { "type": "Point", "coordinates": [ 126.653207, 37.532086 ] } },
{ "type": "Feature", "properties": { "stop_id": "ICB168000745", "stop_name": "청라1동행정복지센터", "lat": 37.532104, "lon": 126.653443, "정보수집일": "2025-10-31", "모바일단축번호": 42745.0, "도시코드": 23, "도시명": "인천광역시", "관리도시명": "인천BIS", "region": "cheongna", "region_name": "청라국제업무지구", "layer_type": "bus_stop", "layer_label_ko": "버스정류장" }, "geometry": { "type": "Point", "coordinates": [ 126.653443, 37.532104 ] } },
{ "type": "Feature", "properties": { "stop_id": "ICB168000746", "stop_name": "웰카운티1차", "lat": 37.538718, "lon": 126.656351, "정보수집일": "2025-10-31", "모바일단축번호": 42746.0, "도시코드": 23, "도시명": "인천광역시", "관리도시명": "인천BIS", "region": "cheongna", "region_name": "청라국제업무지구", "layer_type": "bus_stop", "layer_label_ko": "버스정류장" }, "geometry": { "type": "Point", "coordinates": [ 126.656351, 37.538718 ] } },
{ "type": "Feature", "properties": { "stop_id": "ICB168000747", "stop_name": "메이루즈커낼파크뷰", "lat": 37.536283, "lon": 126.65405, "정보수집일": "2025-10-31", "모바일단축번호": 42747.0, "도시코드": 23, "도시명": "인천광역시", "관리도시명": "인천BIS", "region": "cheongna", "region_name": "청라국제업무지구", "layer_type": "bus_stop", "layer_label_ko": "버스정류장" }, "geometry": { "type": "Point", "coordinates": [ 126.65405, 37.536283 ] } },
{ "type": "Feature", "properties": { "stop_id": "ICB168000762", "stop_name": "메이루즈커낼파크뷰", "lat": 37.53597, "lon": 126.653954, "정보수집일": "2025-10-31", "모바일단축번호": 42762.0, "도시코드": 23, "도시명": "인천광역시", "관리도시명": "인천BIS", "region": "cheongna", "region_name": "청라국제업무지구", "layer_type": "bus_stop", "layer_label_ko": "버스정류장" }, "geometry": { "type": "Point", "coordinates": [ 126.653954, 37.53597 ] } },
{ "type": "Feature", "properties": { "stop_id": "ICB168000764", "stop_name": "웰카운티1차", "lat": 37.538511, "lon": 126.656578, "정보수집일": "2025-10-31", "모바일단축번호": 42764.0, "도시코드": 23, "도시명": "인천광역시", "관리도시명": "인천BIS", "region": "cheongna", "region_name": "청라국제업무지구", "layer_type": "bus_stop", "layer_label_ko": "버스정류장" }, "geometry": { "type": "Point", "coordinates": [ 126.656578, 37.538511 ] } },
{ "type": "Feature", "properties": { "stop_id": "ICB168000771", "stop_name": "중흥S클래스2단지", "lat": 37.534581, "lon": 126.656364, "정보수집일": "2025-10-31", "모바일단축번호": 42771.0, "도시코드": 23, "도시명": "인천광역시", "관리도시명": "인천BIS", "region": "cheongna", "region_name": "청라국제업무지구", "layer_type": "bus_stop", "layer_label_ko": "버스정류장" }, "geometry": { "type": "Point", "coordinates": [ 126.656364, 37.534581 ] } },
{ "type": "Feature", "properties": { "stop_id": "ICB168000772", "stop_name": "웰카운티", "lat": 37.534908, "lon": 126.656607, "정보수집일": "2025-10-31", "모바일단축번호": 42772.0, "도시코드": 23, "도시명": "인천광역시", "관리도시명": "인천BIS", "region": "cheongna", "region_name": "청라국제업무지구", "layer_type": "bus_stop", "layer_label_ko": "버스정류장" }, "geometry": { "type": "Point", "coordinates": [ 126.656607, 37.534908 ] } },
{ "type": "Feature", "properties": { "stop_id": "ICB168000784", "stop_name": "청라고등학교", "lat": 37.537035, "lon": 126.660043, "정보수집일": "2025-10-31", "모바일단축번호": 42784.0, "도시코드": 23, "도시명": "인천광역시", "관리도시명": "인천BIS", "region": "cheongna", "region_name": "청라국제업무지구", "layer_type": "bus_stop", "layer_label_ko": "버스정류장" }, "geometry": { "type": "Point", "coordinates": [ 126.660043, 37.537035 ] } },
{ "type": "Feature", "properties": { "stop_id": "ICB168000785", "stop_name": "청라고등학교", "lat": 37.537043, "lon": 126.659723, "정보수집일": "2025-10-31", "모바일단축번호": 42785.0, "도시코드": 23, "도시명": "인천광역시", "관리도시명": "인천BIS", "region": "cheongna", "region_name": "청라국제업무지구", "layer_type": "bus_stop", "layer_label_ko": "버스정류장" }, "geometry": { "type": "Point", "coordinates": [ 126.659723, 37.537043 ] } },
{ "type": "Feature", "properties": { "stop_id": "ICB168000789", "stop_name": "서해그랑블", "lat": 37.530058, "lon": 126.655049, "정보수집일": "2025-10-31", "모바일단축번호": 42789.0, "도시코드": 23, "도시명": "인천광역시", "관리도시명": "인천BIS", "region": "cheongna", "region_name": "청라국제업무지구", "layer_type": "bus_stop", "layer_label_ko": "버스정류장" }, "geometry": { "type": "Point", "coordinates": [ 126.655049, 37.530058 ] } },
{ "type": "Feature", "properties": { "stop_id": "ICB168000790", "stop_name": "서해그랑블", "lat": 37.529798, "lon": 126.65501, "정보수집일": "2025-10-31", "모바일단축번호": 42790.0, "도시코드": 23, "도시명": "인천광역시", "관리도시명": "인천BIS", "region": "cheongna", "region_name": "청라국제업무지구", "layer_type": "bus_stop", "layer_label_ko": "버스정류장" }, "geometry": { "type": "Point", "coordinates": [ 126.65501, 37.529798 ] } },
{ "type": "Feature", "properties": { "stop_id": "ICB168000794", "stop_name": "메이루즈커낼파크뷰정문", "lat": 37.534859, "lon": 126.653427, "정보수집일": "2025-10-31", "모바일단축번호": 42794.0, "도시코드": 23, "도시명": "인천광역시", "관리도시명": "인천BIS", "region": "cheongna", "region_name": "청라국제업무지구", "layer_type": "bus_stop", "layer_label_ko": "버스정류장" }, "geometry": { "type": "Point", "coordinates": [ 126.653427, 37.534859 ] } },
{ "type": "Feature", "properties": { "stop_id": "ICB168000795", "stop_name": "린스트라우스정문", "lat": 37.534724, "lon": 126.653195, "정보수집일": "2025-10-31", "모바일단축번호": 42795.0, "도시코드": 23, "도시명": "인천광역시", "관리도시명": "인천BIS", "region": "cheongna", "region_name": "청라국제업무지구", "layer_type": "bus_stop", "layer_label_ko": "버스정류장" }, "geometry": { "type": "Point", "coordinates": [ 126.653195, 37.534724 ] } },
{ "type": "Feature", "properties": { "stop_id": "ICB168000820", "stop_name": "동양엔파트4단지", "lat": 37.530107, "lon": 126.643961, "정보수집일": "2025-10-31", "모바일단축번호": 42820.0, "도시코드": 23, "도시명": "인천광역시", "관리도시명": "인천BIS", "region": "cheongna", "region_name": "청라국제업무지구", "layer_type": "bus_stop", "layer_label_ko": "버스정류장" }, "geometry": { "type": "Point", "coordinates": [ 126.643961, 37.530107 ] } },
{ "type": "Feature", "properties": { "stop_id": "ICB168000830", "stop_name": "풍림엑슬루타워", "lat": 37.530914, "lon": 126.649866, "정보수집일": "2025-10-31", "모바일단축번호": 42830.0, "도시코드": 23, "도시명": "인천광역시", "관리도시명": "인천BIS", "region": "cheongna", "region_name": "청라국제업무지구", "layer_type": "bus_stop", "layer_label_ko": "버스정류장" }, "geometry": { "type": "Point", "coordinates": [ 126.649866, 37.530914 ] } },
{ "type": "Feature", "properties": { "stop_id": "ICB168000831", "stop_name": "린스트라우스", "lat": 37.535156, "lon": 126.650012, "정보수집일": "2025-10-31", "모바일단축번호": 42831.0, "도시코드": 23, "도시명": "인천광역시", "관리도시명": "인천BIS", "region": "cheongna", "region_name": "청라국제업무지구", "layer_type": "bus_stop", "layer_label_ko": "버스정류장" }, "geometry": { "type": "Point", "coordinates": [ 126.650012, 37.535156 ] } },
{ "type": "Feature", "properties": { "stop_id": "ICB168000832", "stop_name": "중흥S클래스", "lat": 37.539201, "lon": 126.650121, "정보수집일": "2025-10-31", "모바일단축번호": 42832.0, "도시코드": 23, "도시명": "인천광역시", "관리도시명": "인천BIS", "region": "cheongna", "region_name": "청라국제업무지구", "layer_type": "bus_stop", "layer_label_ko": "버스정류장" }, "geometry": { "type": "Point", "coordinates": [ 126.650121, 37.539201 ] } },
{ "type": "Feature", "properties": { "stop_id": "ICB168000833", "stop_name": "제일풍경채", "lat": 37.539202, "lon": 126.649619, "정보수집일": "2025-10-31", "모바일단축번호": 42833.0, "도시코드": 23, "도시명": "인천광역시", "관리도시명": "인천BIS", "region": "cheongna", "region_name": "청라국제업무지구", "layer_type": "bus_stop", "layer_label_ko": "버스정류장" }, "geometry": { "type": "Point", "coordinates": [ 126.649619, 37.539202 ] } },
{ "type": "Feature", "properties": { "stop_id": "ICB168000834", "stop_name": "청라센트럴에일린의뜰", "lat": 37.535182, "lon": 126.649449, "정보수집일": "2025-10-31", "모바일단축번호": 42834.0, "도시코드": 23, "도시명": "인천광역시", "관리도시명": "인천BIS", "region": "cheongna", "region_name": "청라국제업무지구", "layer_type": "bus_stop", "layer_label_ko": "버스정류장" }, "geometry": { "type": "Point", "coordinates": [ 126.649449, 37.535182 ] } },
{ "type": "Feature", "properties": { "stop_id": "ICB168000835", "stop_name": "롯데캐슬", "lat": 37.531034, "lon": 126.649318, "정보수집일": "2025-10-31", "모바일단축번호": 42835.0, "도시코드": 23, "도시명": "인천광역시", "관리도시명": "인천BIS", "region": "cheongna", "region_name": "청라국제업무지구", "layer_type": "bus_stop", "layer_label_ko": "버스정류장" }, "geometry": { "type": "Point", "coordinates": [ 126.649318, 37.531034 ] } },
{ "type": "Feature", "properties": { "stop_id": "ICB168000836", "stop_name": "엑슬루타워", "lat": 37.530107, "lon": 126.652408, "정보수집일": "2025-10-31", "모바일단축번호": 42836.0, "도시코드": 23, "도시명": "인천광역시", "관리도시명": "인천BIS", "region": "cheongna", "region_name": "청라국제업무지구", "layer_type": "bus_stop", "layer_label_ko": "버스정류장" }, "geometry": { "type": "Point", "coordinates": [ 126.652408, 37.530107 ] } },
{ "type": "Feature", "properties": { "stop_id": "ICB168000837", "stop_name": "동양엔파트4단지", "lat": 37.529735, "lon": 126.643855, "정보수집일": "2025-10-31", "모바일단축번호": 42837.0, "도시코드": 23, "도시명": "인천광역시", "관리도시명": "인천BIS", "region": "cheongna", "region_name": "청라국제업무지구", "layer_type": "bus_stop", "layer_label_ko": "버스정류장" }, "geometry": { "type": "Point", "coordinates": [ 126.643855, 37.529735 ] } },
{ "type": "Feature", "properties": { "stop_id": "ICB168000839", "stop_name": "한일베라체", "lat": 37.53096, "lon": 126.640832, "정보수집일": "2025-10-31", "모바일단축번호": 42839.0, "도시코드": 23, "도시명": "인천광역시", "관리도시명": "인천BIS", "region": "cheongna", "region_name": "청라국제업무지구", "layer_type": "bus_stop", "layer_label_ko": "버스정류장" }, "geometry": { "type": "Point", "coordinates": [ 126.640832, 37.53096 ] } },
{ "type": "Feature", "properties": { "stop_id": "ICB168000840", "stop_name": "레이크파크", "lat": 37.530917, "lon": 126.640347, "정보수집일": "2025-10-31", "모바일단축번호": 42840.0, "도시코드": 23, "도시명": "인천광역시", "관리도시명": "인천BIS", "region": "cheongna", "region_name": "청라국제업무지구", "layer_type": "bus_stop", "layer_label_ko": "버스정류장" }, "geometry": { "type": "Point", "coordinates": [ 126.640347, 37.530917 ] } },
{ "type": "Feature", "properties": { "stop_id": "ICB168000841", "stop_name": "남광하우스토리", "lat": 37.535074, "lon": 126.640748, "정보수집일": "2025-10-31", "모바일단축번호": 42841.0, "도시코드": 23, "도시명": "인천광역시", "관리도시명": "인천BIS", "region": "cheongna", "region_name": "청라국제업무지구", "layer_type": "bus_stop", "layer_label_ko": "버스정류장" }, "geometry": { "type": "Point", "coordinates": [ 126.640748, 37.535074 ] } },
{ "type": "Feature", "properties": { "stop_id": "ICB168000842", "stop_name": "대우푸르지오", "lat": 37.535064, "lon": 126.640438, "정보수집일": "2025-10-31", "모바일단축번호": 42842.0, "도시코드": 23, "도시명": "인천광역시", "관리도시명": "인천BIS", "region": "cheongna", "region_name": "청라국제업무지구", "layer_type": "bus_stop", "layer_label_ko": "버스정류장" }, "geometry": { "type": "Point", "coordinates": [ 126.640438, 37.535064 ] } },
{ "type": "Feature", "properties": { "stop_id": "ICB168000844", "stop_name": "중흥S클래스1차", "lat": 37.540536, "lon": 126.652005, "정보수집일": "2025-10-31", "모바일단축번호": 42844.0, "도시코드": 23, "도시명": "인천광역시", "관리도시명": "인천BIS", "region": "cheongna", "region_name": "청라국제업무지구", "layer_type": "bus_stop", "layer_label_ko": "버스정류장" }, "geometry": { "type": "Point", "coordinates": [ 126.652005, 37.540536 ] } },
{ "type": "Feature", "properties": { "stop_id": "ICB168000845", "stop_name": "중흥S클래스1차", "lat": 37.540175, "lon": 126.652572, "정보수집일": "2025-10-31", "모바일단축번호": 42845.0, "도시코드": 23, "도시명": "인천광역시", "관리도시명": "인천BIS", "region": "cheongna", "region_name": "청라국제업무지구", "layer_type": "bus_stop", "layer_label_ko": "버스정류장" }, "geometry": { "type": "Point", "coordinates": [ 126.652572, 37.540175 ] } },
{ "type": "Feature", "properties": { "stop_id": "ICB168000847", "stop_name": "중흥S클래스", "lat": 37.538537, "lon": 126.653174, "정보수집일": "2025-10-31", "모바일단축번호": 42847.0, "도시코드": 23, "도시명": "인천광역시", "관리도시명": "인천BIS", "region": "cheongna", "region_name": "청라국제업무지구", "layer_type": "bus_stop", "layer_label_ko": "버스정류장" }, "geometry": { "type": "Point", "coordinates": [ 126.653174, 37.538537 ] } },
{ "type": "Feature", "properties": { "stop_id": "ICB168000848", "stop_name": "청라중학교", "lat": 37.538653, "lon": 126.653534, "정보수집일": "2025-10-31", "모바일단축번호": 42848.0, "도시코드": 23, "도시명": "인천광역시", "관리도시명": "인천BIS", "region": "cheongna", "region_name": "청라국제업무지구", "layer_type": "bus_stop", "layer_label_ko": "버스정류장" }, "geometry": { "type": "Point", "coordinates": [ 126.653534, 37.538653 ] } },
{ "type": "Feature", "properties": { "stop_id": "ICB168000855", "stop_name": "호반베르디움", "lat": 37.53624, "lon": 126.656898, "정보수집일": "2025-10-31", "모바일단축번호": 42855.0, "도시코드": 23, "도시명": "인천광역시", "관리도시명": "인천BIS", "region": "cheongna", "region_name": "청라국제업무지구", "layer_type": "bus_stop", "layer_label_ko": "버스정류장" }, "geometry": { "type": "Point", "coordinates": [ 126.656898, 37.53624 ] } },
{ "type": "Feature", "properties": { "stop_id": "ICB168000856", "stop_name": "중흥S클래스2단지(북측)", "lat": 37.53601, "lon": 126.655824, "정보수집일": "2025-10-31", "모바일단축번호": 42856.0, "도시코드": 23, "도시명": "인천광역시", "관리도시명": "인천BIS", "region": "cheongna", "region_name": "청라국제업무지구", "layer_type": "bus_stop", "layer_label_ko": "버스정류장" }, "geometry": { "type": "Point", "coordinates": [ 126.655824, 37.53601 ] } },
{ "type": "Feature", "properties": { "stop_id": "ICB168000860", "stop_name": "한화꿈에그린", "lat": 37.538756, "lon": 126.640771, "정보수집일": "2025-10-31", "모바일단축번호": 42860.0, "도시코드": 23, "도시명": "인천광역시", "관리도시명": "인천BIS", "region": "cheongna", "region_name": "청라국제업무지구", "layer_type": "bus_stop", "layer_label_ko": "버스정류장" }, "geometry": { "type": "Point", "coordinates": [ 126.640771, 37.538756 ] } },
{ "type": "Feature", "properties": { "stop_id": "ICB168000861", "stop_name": "청라호수공원(남측)", "lat": 37.525632, "lon": 126.63897, "정보수집일": "2025-10-31", "모바일단축번호": 42861.0, "도시코드": 23, "도시명": "인천광역시", "관리도시명": "인천BIS", "region": "cheongna", "region_name": "청라국제업무지구", "layer_type": "bus_stop", "layer_label_ko": "버스정류장" }, "geometry": { "type": "Point", "coordinates": [ 126.63897, 37.525632 ] } },
{ "type": "Feature", "properties": { "stop_id": "ICB168000862", "stop_name": "청라우미린", "lat": 37.529085, "lon": 126.627931, "정보수집일": "2025-10-31", "모바일단축번호": 42862.0, "도시코드": 23, "도시명": "인천광역시", "관리도시명": "인천BIS", "region": "cheongna", "region_name": "청라국제업무지구", "layer_type": "bus_stop", "layer_label_ko": "버스정류장" }, "geometry": { "type": "Point", "coordinates": [ 126.627931, 37.529085 ] } },
{ "type": "Feature", "properties": { "stop_id": "ICB168000863", "stop_name": "청라호수공원(남측)", "lat": 37.525686, "lon": 126.638547, "정보수집일": "2025-10-31", "모바일단축번호": 42863.0, "도시코드": 23, "도시명": "인천광역시", "관리도시명": "인천BIS", "region": "cheongna", "region_name": "청라국제업무지구", "layer_type": "bus_stop", "layer_label_ko": "버스정류장" }, "geometry": { "type": "Point", "coordinates": [ 126.638547, 37.525686 ] } },
{ "type": "Feature", "properties": { "stop_id": "ICB168000864", "stop_name": "자이더테라스2단지", "lat": 37.524017, "lon": 126.624126, "정보수집일": "2025-10-31", "모바일단축번호": 42864.0, "도시코드": 23, "도시명": "인천광역시", "관리도시명": "인천BIS", "region": "cheongna", "region_name": "청라국제업무지구", "layer_type": "bus_stop", "layer_label_ko": "버스정류장" }, "geometry": { "type": "Point", "coordinates": [ 126.624126, 37.524017 ] } },
{ "type": "Feature", "properties": { "stop_id": "ICB168000865", "stop_name": "한일베라체", "lat": 37.530058, "lon": 126.641404, "정보수집일": "2025-10-31", "모바일단축번호": 42865.0, "도시코드": 23, "도시명": "인천광역시", "관리도시명": "인천BIS", "region": "cheongna", "region_name": "청라국제업무지구", "layer_type": "bus_stop", "layer_label_ko": "버스정류장" }, "geometry": { "type": "Point", "coordinates": [ 126.641404, 37.530058 ] } },
{ "type": "Feature", "properties": { "stop_id": "ICB168000866", "stop_name": "제일풍경채2차321동앞", "lat": 37.537506, "lon": 126.644446, "정보수집일": "2025-10-31", "모바일단축번호": 42866.0, "도시코드": 23, "도시명": "인천광역시", "관리도시명": "인천BIS", "region": "cheongna", "region_name": "청라국제업무지구", "layer_type": "bus_stop", "layer_label_ko": "버스정류장" }, "geometry": { "type": "Point", "coordinates": [ 126.644446, 37.537506 ] } },
{ "type": "Feature", "properties": { "stop_id": "ICB168000868", "stop_name": "청라디이스트", "lat": 37.527972, "lon": 126.622092, "정보수집일": "2025-10-31", "모바일단축번호": 42868.0, "도시코드": 23, "도시명": "인천광역시", "관리도시명": "인천BIS", "region": "cheongna", "region_name": "청라국제업무지구", "layer_type": "bus_stop", "layer_label_ko": "버스정류장" }, "geometry": { "type": "Point", "coordinates": [ 126.622092, 37.527972 ] } },
{ "type": "Feature", "properties": { "stop_id": "ICB168000870", "stop_name": "청라호수공원한신더휴", "lat": 37.529143, "lon": 126.628146, "정보수집일": "2025-10-31", "모바일단축번호": 42870.0, "도시코드": 23, "도시명": "인천광역시", "관리도시명": "인천BIS", "region": "cheongna", "region_name": "청라국제업무지구", "layer_type": "bus_stop", "layer_label_ko": "버스정류장" }, "geometry": { "type": "Point", "coordinates": [ 126.628146, 37.529143 ] } },
{ "type": "Feature", "properties": { "stop_id": "ICB168000871", "stop_name": "자이더테라스2단지", "lat": 37.523967, "lon": 126.624686, "정보수집일": "2025-10-31", "모바일단축번호": 42871.0, "도시코드": 23, "도시명": "인천광역시", "관리도시명": "인천BIS", "region": "cheongna", "region_name": "청라국제업무지구", "layer_type": "bus_stop", "layer_label_ko": "버스정류장" }, "geometry": { "type": "Point", "coordinates": [ 126.624686, 37.523967 ] } },
{ "type": "Feature", "properties": { "stop_id": "ICB168000872", "stop_name": "한화꿈에그린", "lat": 37.538761, "lon": 126.640419, "정보수집일": "2025-10-31", "모바일단축번호": 42872.0, "도시코드": 23, "도시명": "인천광역시", "관리도시명": "인천BIS", "region": "cheongna", "region_name": "청라국제업무지구", "layer_type": "bus_stop", "layer_label_ko": "버스정류장" }, "geometry": { "type": "Point", "coordinates": [ 126.640419, 37.538761 ] } },
{ "type": "Feature", "properties": { "stop_id": "ICB168000873", "stop_name": "제일풍경채2차321동앞", "lat": 37.537823, "lon": 126.644882, "정보수집일": "2025-10-31", "모바일단축번호": 42873.0, "도시코드": 23, "도시명": "인천광역시", "관리도시명": "인천BIS", "region": "cheongna", "region_name": "청라국제업무지구", "layer_type": "bus_stop", "layer_label_ko": "버스정류장" }, "geometry": { "type": "Point", "coordinates": [ 126.644882, 37.537823 ] } },
{ "type": "Feature", "properties": { "stop_id": "ICB168000876", "stop_name": "힐데스하임", "lat": 37.529795, "lon": 126.652792, "정보수집일": "2025-10-31", "모바일단축번호": 42876.0, "도시코드": 23, "도시명": "인천광역시", "관리도시명": "인천BIS", "region": "cheongna", "region_name": "청라국제업무지구", "layer_type": "bus_stop", "layer_label_ko": "버스정류장" }, "geometry": { "type": "Point", "coordinates": [ 126.652792, 37.529795 ] } },
{ "type": "Feature", "properties": { "stop_id": "ICB168000880", "stop_name": "호반베르디움14단지", "lat": 37.536291, "lon": 126.651391, "정보수집일": "2025-10-31", "모바일단축번호": 42880.0, "도시코드": 23, "도시명": "인천광역시", "관리도시명": "인천BIS", "region": "cheongna", "region_name": "청라국제업무지구", "layer_type": "bus_stop", "layer_label_ko": "버스정류장" }, "geometry": { "type": "Point", "coordinates": [ 126.651391, 37.536291 ] } },
{ "type": "Feature", "properties": { "stop_id": "ICB168000881", "stop_name": "린스트라우스", "lat": 37.535925, "lon": 126.650904, "정보수집일": "2025-10-31", "모바일단축번호": 42881.0, "도시코드": 23, "도시명": "인천광역시", "관리도시명": "인천BIS", "region": "cheongna", "region_name": "청라국제업무지구", "layer_type": "bus_stop", "layer_label_ko": "버스정류장" }, "geometry": { "type": "Point", "coordinates": [ 126.650904, 37.535925 ] } },
{ "type": "Feature", "properties": { "stop_id": "ICB168000884", "stop_name": "롯데캐슬", "lat": 37.530115, "lon": 126.648391, "정보수집일": "2025-10-31", "모바일단축번호": 42884.0, "도시코드": 23, "도시명": "인천광역시", "관리도시명": "인천BIS", "region": "cheongna", "region_name": "청라국제업무지구", "layer_type": "bus_stop", "layer_label_ko": "버스정류장" }, "geometry": { "type": "Point", "coordinates": [ 126.648391, 37.530115 ] } },
{ "type": "Feature", "properties": { "stop_id": "ICB168000885", "stop_name": "휴먼시아후문", "lat": 37.529706, "lon": 126.647243, "정보수집일": "2025-10-31", "모바일단축번호": 42885.0, "도시코드": 23, "도시명": "인천광역시", "관리도시명": "인천BIS", "region": "cheongna", "region_name": "청라국제업무지구", "layer_type": "bus_stop", "layer_label_ko": "버스정류장" }, "geometry": { "type": "Point", "coordinates": [ 126.647243, 37.529706 ] } },
{ "type": "Feature", "properties": { "stop_id": "ICB168000888", "stop_name": "SK뷰아파트", "lat": 37.525889, "lon": 126.630472, "정보수집일": "2025-10-31", "모바일단축번호": 42888.0, "도시코드": 23, "도시명": "인천광역시", "관리도시명": "인천BIS", "region": "cheongna", "region_name": "청라국제업무지구", "layer_type": "bus_stop", "layer_label_ko": "버스정류장" }, "geometry": { "type": "Point", "coordinates": [ 126.630472, 37.525889 ] } },
{ "type": "Feature", "properties": { "stop_id": "ICB168000889", "stop_name": "SK뷰아파트", "lat": 37.525742, "lon": 126.630654, "정보수집일": "2025-10-31", "모바일단축번호": 42889.0, "도시코드": 23, "도시명": "인천광역시", "관리도시명": "인천BIS", "region": "cheongna", "region_name": "청라국제업무지구", "layer_type": "bus_stop", "layer_label_ko": "버스정류장" }, "geometry": { "type": "Point", "coordinates": [ 126.630654, 37.525742 ] } },
{ "type": "Feature", "properties": { "stop_id": "ICB168000891", "stop_name": "제일풍경채2차323동앞", "lat": 37.536233, "lon": 126.645142, "정보수집일": "2025-10-31", "모바일단축번호": 42891.0, "도시코드": 23, "도시명": "인천광역시", "관리도시명": "인천BIS", "region": "cheongna", "region_name": "청라국제업무지구", "layer_type": "bus_stop", "layer_label_ko": "버스정류장" }, "geometry": { "type": "Point", "coordinates": [ 126.645142, 37.536233 ] } },
{ "type": "Feature", "properties": { "stop_id": "ICB168000892", "stop_name": "청라센트럴에일린의뜰106동", "lat": 37.535955, "lon": 126.645422, "정보수집일": "2025-10-31", "모바일단축번호": 42892.0, "도시코드": 23, "도시명": "인천광역시", "관리도시명": "인천BIS", "region": "cheongna", "region_name": "청라국제업무지구", "layer_type": "bus_stop", "layer_label_ko": "버스정류장" }, "geometry": { "type": "Point", "coordinates": [ 126.645422, 37.535955 ] } },
{ "type": "Feature", "properties": { "stop_id": "ICB168000893", "stop_name": "한양수자인", "lat": 37.527771, "lon": 126.621876, "정보수집일": "2025-10-31", "모바일단축번호": 42893.0, "도시코드": 23, "도시명": "인천광역시", "관리도시명": "인천BIS", "region": "cheongna", "region_name": "청라국제업무지구", "layer_type": "bus_stop", "layer_label_ko": "버스정류장" }, "geometry": { "type": "Point", "coordinates": [ 126.621876, 37.527771 ] } },
{ "type": "Feature", "properties": { "stop_id": "ICB168000895", "stop_name": "청라달튼국제학교", "lat": 37.546603, "lon": 126.621056, "정보수집일": "2025-10-31", "모바일단축번호": 42895.0, "도시코드": 23, "도시명": "인천광역시", "관리도시명": "인천BIS", "region": "cheongna", "region_name": "청라국제업무지구", "layer_type": "bus_stop", "layer_label_ko": "버스정류장" }, "geometry": { "type": "Point", "coordinates": [ 126.621056, 37.546603 ] } },
{ "type": "Feature", "properties": { "stop_id": "ICB168000899", "stop_name": "청라호반베르디움.포리공원", "lat": 37.527305, "lon": 126.640987, "정보수집일": "2025-10-31", "모바일단축번호": 42899.0, "도시코드": 23, "도시명": "인천광역시", "관리도시명": "인천BIS", "region": "cheongna", "region_name": "청라국제업무지구", "layer_type": "bus_stop", "layer_label_ko": "버스정류장" }, "geometry": { "type": "Point", "coordinates": [ 126.640987, 37.527305 ] } },
{ "type": "Feature", "properties": { "stop_id": "ICB168000901", "stop_name": "북인천하부TG(미정차)", "lat": 37.554323, "lon": 126.616995, "정보수집일": "2025-10-31", "모바일단축번호": 42901.0, "도시코드": 23, "도시명": "인천광역시", "관리도시명": "인천BIS", "region": "cheongna", "region_name": "청라국제업무지구", "layer_type": "bus_stop", "layer_label_ko": "버스정류장" }, "geometry": { "type": "Point", "coordinates": [ 126.616995, 37.554323 ] } },
{ "type": "Feature", "properties": { "stop_id": "ICB168000904", "stop_name": "반도유보라", "lat": 37.524798, "lon": 126.626777, "정보수집일": "2025-10-31", "모바일단축번호": 42904.0, "도시코드": 23, "도시명": "인천광역시", "관리도시명": "인천BIS", "region": "cheongna", "region_name": "청라국제업무지구", "layer_type": "bus_stop", "layer_label_ko": "버스정류장" }, "geometry": { "type": "Point", "coordinates": [ 126.626777, 37.524798 ] } },
{ "type": "Feature", "properties": { "stop_id": "ICB168000905", "stop_name": "반도유보라", "lat": 37.5247, "lon": 126.627113, "정보수집일": "2025-10-31", "모바일단축번호": 42905.0, "도시코드": 23, "도시명": "인천광역시", "관리도시명": "인천BIS", "region": "cheongna", "region_name": "청라국제업무지구", "layer_type": "bus_stop", "layer_label_ko": "버스정류장" }, "geometry": { "type": "Point", "coordinates": [ 126.627113, 37.5247 ] } },
{ "type": "Feature", "properties": { "stop_id": "ICB168000908", "stop_name": "호반베르디움3차아파트", "lat": 37.53132, "lon": 126.656501, "정보수집일": "2025-10-31", "모바일단축번호": 42908.0, "도시코드": 23, "도시명": "인천광역시", "관리도시명": "인천BIS", "region": "cheongna", "region_name": "청라국제업무지구", "layer_type": "bus_stop", "layer_label_ko": "버스정류장" }, "geometry": { "type": "Point", "coordinates": [ 126.656501, 37.53132 ] } },
{ "type": "Feature", "properties": { "stop_id": "ICB168000912", "stop_name": "서해그랑블", "lat": 37.531213, "lon": 126.656288, "정보수집일": "2025-10-31", "모바일단축번호": 42912.0, "도시코드": 23, "도시명": "인천광역시", "관리도시명": "인천BIS", "region": "cheongna", "region_name": "청라국제업무지구", "layer_type": "bus_stop", "layer_label_ko": "버스정류장" }, "geometry": { "type": "Point", "coordinates": [ 126.656288, 37.531213 ] } },
{ "type": "Feature", "properties": { "stop_id": "ICB168000919", "stop_name": "청라호반베르디움.포리공원", "lat": 37.527309, "lon": 126.640722, "정보수집일": "2025-10-31", "모바일단축번호": 42919.0, "도시코드": 23, "도시명": "인천광역시", "관리도시명": "인천BIS", "region": "cheongna", "region_name": "청라국제업무지구", "layer_type": "bus_stop", "layer_label_ko": "버스정류장" }, "geometry": { "type": "Point", "coordinates": [ 126.640722, 37.527309 ] } },
{ "type": "Feature", "properties": { "stop_id": "ICB168000920", "stop_name": "남광하우스토리", "lat": 37.535953, "lon": 126.641461, "정보수집일": "2025-10-31", "모바일단축번호": 42920.0, "도시코드": 23, "도시명": "인천광역시", "관리도시명": "인천BIS", "region": "cheongna", "region_name": "청라국제업무지구", "layer_type": "bus_stop", "layer_label_ko": "버스정류장" }, "geometry": { "type": "Point", "coordinates": [ 126.641461, 37.535953 ] } },
{ "type": "Feature", "properties": { "stop_id": "ICB168000921", "stop_name": "남광하우스토리", "lat": 37.5362, "lon": 126.642041, "정보수집일": "2025-10-31", "모바일단축번호": 42921.0, "도시코드": 23, "도시명": "인천광역시", "관리도시명": "인천BIS", "region": "cheongna", "region_name": "청라국제업무지구", "layer_type": "bus_stop", "layer_label_ko": "버스정류장" }, "geometry": { "type": "Point", "coordinates": [ 126.642041, 37.5362 ] } },
{ "type": "Feature", "properties": { "stop_id": "ICB168000922", "stop_name": "청라국제도서관", "lat": 37.531082, "lon": 126.659643, "정보수집일": "2025-10-31", "모바일단축번호": 42922.0, "도시코드": 23, "도시명": "인천광역시", "관리도시명": "인천BIS", "region": "cheongna", "region_name": "청라국제업무지구", "layer_type": "bus_stop", "layer_label_ko": "버스정류장" }, "geometry": { "type": "Point", "coordinates": [ 126.659643, 37.531082 ] } },
{ "type": "Feature", "properties": { "stop_id": "ICB168000923", "stop_name": "청라국제도서관", "lat": 37.531204, "lon": 126.66004, "정보수집일": "2025-10-31", "모바일단축번호": 42923.0, "도시코드": 23, "도시명": "인천광역시", "관리도시명": "인천BIS", "region": "cheongna", "region_name": "청라국제업무지구", "layer_type": "bus_stop", "layer_label_ko": "버스정류장" }, "geometry": { "type": "Point", "coordinates": [ 126.66004, 37.531204 ] } },
{ "type": "Feature", "properties": { "stop_id": "ICB168000930", "stop_name": "인천체육고등학교", "lat": 37.545606, "lon": 126.611801, "정보수집일": "2025-10-31", "모바일단축번호": 42930.0, "도시코드": 23, "도시명": "인천광역시", "관리도시명": "인천BIS", "region": "cheongna", "region_name": "청라국제업무지구", "layer_type": "bus_stop", "layer_label_ko": "버스정류장" }, "geometry": { "type": "Point", "coordinates": [ 126.611801, 37.545606 ] } },
{ "type": "Feature", "properties": { "stop_id": "ICB168000931", "stop_name": "청라도", "lat": 37.533816, "lon": 126.614583, "정보수집일": "2025-10-31", "모바일단축번호": 42931.0, "도시코드": 23, "도시명": "인천광역시", "관리도시명": "인천BIS", "region": "cheongna", "region_name": "청라국제업무지구", "layer_type": "bus_stop", "layer_label_ko": "버스정류장" }, "geometry": { "type": "Point", "coordinates": [ 126.614583, 37.533816 ] } },
{ "type": "Feature", "properties": { "stop_id": "ICB168000936", "stop_name": "골드클래스", "lat": 37.528, "lon": 126.624941, "정보수집일": "2025-10-31", "모바일단축번호": 42936.0, "도시코드": 23, "도시명": "인천광역시", "관리도시명": "인천BIS", "region": "cheongna", "region_name": "청라국제업무지구", "layer_type": "bus_stop", "layer_label_ko": "버스정류장" }, "geometry": { "type": "Point", "coordinates": [ 126.624941, 37.528 ] } },
{ "type": "Feature", "properties": { "stop_id": "ICB168000942", "stop_name": "영종대교휴게소", "lat": 37.55406, "lon": 126.608258, "정보수집일": "2025-10-31", "모바일단축번호": 42942.0, "도시코드": 23, "도시명": "인천광역시", "관리도시명": "인천BIS", "region": "cheongna", "region_name": "청라국제업무지구", "layer_type": "bus_stop", "layer_label_ko": "버스정류장" }, "geometry": { "type": "Point", "coordinates": [ 126.608258, 37.55406 ] } },
{ "type": "Feature", "properties": { "stop_id": "ICB168000943", "stop_name": "영종대교휴게소", "lat": 37.554109, "lon": 126.607938, "정보수집일": "2025-10-31", "모바일단축번호": 42943.0, "도시코드": 23, "도시명": "인천광역시", "관리도시명": "인천BIS", "region": "cheongna", "region_name": "청라국제업무지구", "layer_type": "bus_stop", "layer_label_ko": "버스정류장" }, "geometry": { "type": "Point", "coordinates": [ 126.607938, 37.554109 ] } },
{ "type": "Feature", "properties": { "stop_id": "ICB168000944", "stop_name": "청라백세요양병원", "lat": 37.527857, "lon": 126.611993, "정보수집일": "2025-10-31", "모바일단축번호": 42944.0, "도시코드": 23, "도시명": "인천광역시", "관리도시명": "인천BIS", "region": "cheongna", "region_name": "청라국제업무지구", "layer_type": "bus_stop", "layer_label_ko": "버스정류장" }, "geometry": { "type": "Point", "coordinates": [ 126.611993, 37.527857 ] } },
{ "type": "Feature", "properties": { "stop_id": "ICB168000948", "stop_name": "한일베라체", "lat": 37.529713, "lon": 126.641457, "정보수집일": "2025-10-31", "모바일단축번호": 42948.0, "도시코드": 23, "도시명": "인천광역시", "관리도시명": "인천BIS", "region": "cheongna", "region_name": "청라국제업무지구", "layer_type": "bus_stop", "layer_label_ko": "버스정류장" }, "geometry": { "type": "Point", "coordinates": [ 126.641457, 37.529713 ] } },
{ "type": "Feature", "properties": { "stop_id": "ICB168000951", "stop_name": "심곡천봉수교", "lat": 37.5301, "lon": 126.661065, "정보수집일": "2025-10-31", "모바일단축번호": 42951.0, "도시코드": 23, "도시명": "인천광역시", "관리도시명": "인천BIS", "region": "cheongna", "region_name": "청라국제업무지구", "layer_type": "bus_stop", "layer_label_ko": "버스정류장" }, "geometry": { "type": "Point", "coordinates": [ 126.661065, 37.5301 ] } },
{ "type": "Feature", "properties": { "stop_id": "ICB168000952", "stop_name": "가원초등학교", "lat": 37.528343, "lon": 126.662502, "정보수집일": "2025-10-31", "모바일단축번호": 42952.0, "도시코드": 23, "도시명": "인천광역시", "관리도시명": "인천BIS", "region": "cheongna", "region_name": "청라국제업무지구", "layer_type": "bus_stop", "layer_label_ko": "버스정류장" }, "geometry": { "type": "Point", "coordinates": [ 126.662502, 37.528343 ] } },
{ "type": "Feature", "properties": { "stop_id": "ICB168000961", "stop_name": "청라디이스트", "lat": 37.529114, "lon": 126.623355, "정보수집일": "2025-10-31", "모바일단축번호": 42961.0, "도시코드": 23, "도시명": "인천광역시", "관리도시명": "인천BIS", "region": "cheongna", "region_name": "청라국제업무지구", "layer_type": "bus_stop", "layer_label_ko": "버스정류장" }, "geometry": { "type": "Point", "coordinates": [ 126.623355, 37.529114 ] } },
{ "type": "Feature", "properties": { "stop_id": "ICB168000962", "stop_name": "청라디이스트(562동)", "lat": 37.526663, "lon": 126.624553, "정보수집일": "2025-10-31", "모바일단축번호": 42962.0, "도시코드": 23, "도시명": "인천광역시", "관리도시명": "인천BIS", "region": "cheongna", "region_name": "청라국제업무지구", "layer_type": "bus_stop", "layer_label_ko": "버스정류장" }, "geometry": { "type": "Point", "coordinates": [ 126.624553, 37.526663 ] } },
{ "type": "Feature", "properties": { "stop_id": "ICB168000963", "stop_name": "반도유보라", "lat": 37.526496, "lon": 126.624622, "정보수집일": "2025-10-31", "모바일단축번호": 42963.0, "도시코드": 23, "도시명": "인천광역시", "관리도시명": "인천BIS", "region": "cheongna", "region_name": "청라국제업무지구", "layer_type": "bus_stop", "layer_label_ko": "버스정류장" }, "geometry": { "type": "Point", "coordinates": [ 126.624622, 37.526496 ] } },
{ "type": "Feature", "properties": { "stop_id": "ICB168000964", "stop_name": "해원고등학교", "lat": 37.527558, "lon": 126.627646, "정보수집일": "2025-10-31", "모바일단축번호": 42964.0, "도시코드": 23, "도시명": "인천광역시", "관리도시명": "인천BIS", "region": "cheongna", "region_name": "청라국제업무지구", "layer_type": "bus_stop", "layer_label_ko": "버스정류장" }, "geometry": { "type": "Point", "coordinates": [ 126.627646, 37.527558 ] } },
{ "type": "Feature", "properties": { "stop_id": "ICB168000965", "stop_name": "해원중학교후문", "lat": 37.527385, "lon": 126.627714, "정보수집일": "2025-10-31", "모바일단축번호": 42965.0, "도시코드": 23, "도시명": "인천광역시", "관리도시명": "인천BIS", "region": "cheongna", "region_name": "청라국제업무지구", "layer_type": "bus_stop", "layer_label_ko": "버스정류장" }, "geometry": { "type": "Point", "coordinates": [ 126.627714, 37.527385 ] } }
]
}
