{
"type": "FeatureCollection",
"name": "landuse_features",
"crs": { "type": "name", "properties": { "name": "urn:ogc:def:crs:OGC:1.3:CRS84" } },
"features": [
{ "type": "Feature", "properties": { "present_sn": "28260UQ111PS190201011384", "lclas_cl": "UQA100", "mlsfc_cl": "UQA120", "sclas_cl": "UQA122", "atrb_se": "UQA122", "wtnnc_sn": "28000ARZ190003020053", "ntfc_sn": "28000NTC190003010762", "dgm_nm": "제2종일반주거지역", "dgm_ar": "38649.51575899296", "dgm_lt": "838.74", "sgg_cd": "28260", "drawing_no": null, "create_dat": "2015-04-01", "mnum": "62800002826020120291UQA1220001003", "alias": null, "remark": null, "ntfdate": "20121224", "zone_name": "제2종일반주거지역", "region": "cheongna", "region_name": "청라국제업무지구", "layer_type": "landuse_zone", "area_m2": 38622.459226234809 }, "geometry": { "type": "Polygon", "coordinates": [ [ [ 126.642919228911339, 37.530224585015723 ], [ 126.642911464950558, 37.5318463421819 ], [ 126.643929675832524, 37.531849429433663 ], [ 126.643927095055247, 37.532390015115737 ], [ 126.643925374498721, 37.532750405542686 ], [ 126.644491167218007, 37.532752117287124 ], [ 126.644605400558902, 37.532752462558804 ], [ 126.644610120313629, 37.53176195637289 ], [ 126.644619027958612, 37.529892430336282 ], [ 126.642920843607456, 37.529887286497896 ], [ 126.642919228911339, 37.530224585015723 ] ] ] } },
{ "type": "Feature", "properties": { "present_sn": "28260UQ111PS190002211574", "lclas_cl": "UQA100", "mlsfc_cl": "UQA120", "sclas_cl": "UQA123", "atrb_se": "UQA123", "wtnnc_sn": "28000ARZ190003020054", "ntfc_sn": "28000NTC190003010762", "dgm_nm": "제3종일반주거지역", "dgm_ar": "170108.02219450538", "dgm_lt": "3102.91144265", "sgg_cd": "28260", "drawing_no": null, "create_dat": "2015-04-01", "mnum": "62800002826020120291UQA1230001007", "alias": null, "remark": null, "ntfdate": "20121224", "zone_name": "제3종일반주거지역", "region": "cheongna", "region_name": "청라국제업무지구", "layer_type": "landuse_zone", "area_m2": 169988.46205563881 }, "geometry": { "type": "Polygon", "coordinates": [ [ [ 126.656472168239517, 37.528782297366256 ], [ 126.656466892638662, 37.529927638336751 ], [ 126.656458280684021, 37.531797166743047 ], [ 126.659824036584311, 37.531806952311364 ], [ 126.659832564540707, 37.529937423246437 ], [ 126.661145267528781, 37.529941213626216 ], [ 126.661053097361687, 37.529602779406105 ], [ 126.660890969712256, 37.529007478322768 ], [ 126.660685080008193, 37.527911100138034 ], [ 126.660721150355826, 37.527417731853582 ], [ 126.656590597815892, 37.527410516462254 ], [ 126.656478487344941, 37.527410324150082 ], [ 126.656472168239517, 37.528782297366256 ] ] ] } },
{ "type": "Feature", "properties": { "present_sn": "28260UQ111PS190001211458", "lclas_cl": "UQA100", "mlsfc_cl": "UQA120", "sclas_cl": "UQA121", "atrb_se": "UQA121", "wtnnc_sn": "28000ARZ190003020041", "ntfc_sn": "28000NTC190003010762", "dgm_nm": "제1종일반주거지역", "dgm_ar": "47733.40144999666", "dgm_lt": "693.219684157", "sgg_cd": "28260", "drawing_no": null, "create_dat": "2015-04-01", "mnum": "62800002826020120291UQA1210001009", "alias": null, "remark": null, "ntfdate": "20121224", "zone_name": "제1종일반주거지역", "region": "cheongna", "region_name": "청라국제업무지구", "layer_type": "landuse_zone", "area_m2": 47699.825660143957 }, "geometry": { "type": "Polygon", "coordinates": [ [ [ 126.659787871455961, 37.539733271384733 ], [ 126.660211153098317, 37.539734495459797 ], [ 126.66043744642208, 37.539735149248088 ], [ 126.660505334420634, 37.539735345300016 ], [ 126.660775491826314, 37.539520428462474 ], [ 126.660947874101126, 37.539383254672366 ], [ 126.661068699885931, 37.539287197283372 ], [ 126.661189752880887, 37.539190870126802 ], [ 126.66134532669038, 37.539067162134401 ], [ 126.661346152209433, 37.538885435122033 ], [ 126.661346809508842, 37.538740738250439 ], [ 126.661347466803534, 37.538596041375271 ], [ 126.661347706637159, 37.538543244133507 ], [ 126.66134807047915, 37.538463147293115 ], [ 126.661348234187116, 37.538427108219466 ], [ 126.661348851363442, 37.538291240909807 ], [ 126.661349260629279, 37.538201143222615 ], [ 126.661516374846158, 37.538201624459916 ], [ 126.66176755532851, 37.538202347337226 ], [ 126.662030163400999, 37.538203102530993 ], [ 126.662075421148202, 37.538203232621733 ], [ 126.662323659896913, 37.538203945860936 ], [ 126.662322735251351, 37.538033386043594 ], [ 126.662322041589647, 37.537911750573244 ], [ 126.662321347928696, 37.537790115100393 ], [ 126.662320654268413, 37.537668479625026 ], [ 126.662319960608897, 37.537546844147144 ], [ 126.662319266950107, 37.537425208666754 ], [ 126.662318573292012, 37.537303573183848 ], [ 126.662317879634671, 37.537181937698435 ], [ 126.66231718597804, 37.537060302210499 ], [ 126.662316492322134, 37.53693866672004 ], [ 126.662315798666981, 37.536817031227088 ], [ 126.662315105012524, 37.536695395731599 ], [ 126.662314411358793, 37.53657376023363 ], [ 126.662313636802281, 37.536445006687956 ], [ 126.6623127150268, 37.536273816135555 ], [ 126.662084169288875, 37.536273159487926 ], [ 126.662016284417632, 37.536272964358879 ], [ 126.661819305153386, 37.536272397938561 ], [ 126.661622439036037, 37.536271831515329 ], [ 126.661425572924273, 37.536271264763954 ], [ 126.661393327613382, 37.536271171902712 ], [ 126.661392713836278, 37.536406318478093 ], [ 126.661415342165455, 37.536406383645122 ], [ 126.661410022004773, 37.537577861061763 ], [ 126.659797728516097, 37.537573206864728 ], [ 126.659787871455961, 37.539733271384733 ] ] ] } },
{ "type": "Feature", "properties": { "present_sn": "28260UQ111PS190001211458", "lclas_cl": "UQA100", "mlsfc_cl": "UQA120", "sclas_cl": "UQA121", "atrb_se": "UQA121", "wtnnc_sn": "28000ARZ190003020041", "ntfc_sn": "28000NTC190003010762", "dgm_nm": "제1종일반주거지역", "dgm_ar": "110326.39893349963", "dgm_lt": "693.219684157", "sgg_cd": "28260", "drawing_no": null, "create_dat": "2015-04-01", "mnum": "62800002826020150288UQA1210001001", "alias": null, "remark": null, "ntfdate": "20151109", "zone_name": "제1종일반주거지역", "region": "cheongna", "region_name": "청라국제업무지구", "layer_type": "landuse_zone", "area_m2": 110249.56497003949 }, "geometry": { "type": "Polygon", "coordinates": [ [ [ 126.622393943884617, 37.521341415855069 ], [ 126.626924373207189, 37.522611418516554 ], [ 126.626944001399792, 37.522568125117608 ], [ 126.627031846395113, 37.522374600675533 ], [ 126.627106536297688, 37.522210226544949 ], [ 126.627181111850064, 37.522046032197423 ], [ 126.627255801542319, 37.521881567862089 ], [ 126.627330719841652, 37.521716563604215 ], [ 126.627353824079336, 37.521665730842592 ], [ 126.627438806589211, 37.521478684126222 ], [ 126.627523904487887, 37.521291097112943 ], [ 126.627609229541974, 37.521103240453371 ], [ 126.627689864643344, 37.520925730272133 ], [ 126.627727846282625, 37.52084034648059 ], [ 126.627804608760385, 37.520668049701356 ], [ 126.626873447885728, 37.520253437344365 ], [ 126.62681407728509, 37.520227480688519 ], [ 126.626754594510217, 37.520201343448804 ], [ 126.626694769722903, 37.520175745688121 ], [ 126.626634602922209, 37.520150687405916 ], [ 126.626574207223854, 37.520126168960807 ], [ 126.626513470411936, 37.520102009798023 ], [ 126.626452392034921, 37.520078300014653 ], [ 126.626391198776133, 37.520054950231085 ], [ 126.626329663499661, 37.520032139923735 ], [ 126.626267786655632, 37.520009778994471 ], [ 126.626205794024827, 37.519987958259186 ], [ 126.626143573843635, 37.519966407065425 ], [ 126.626081012092428, 37.519945305248456 ], [ 126.62601833500301, 37.519924653526957 ], [ 126.625955088302959, 37.519904810852601 ], [ 126.625891725359054, 37.5198855984681 ], [ 126.625828134408636, 37.519866745720634 ], [ 126.625764429018915, 37.519848162872073 ], [ 126.625700610093006, 37.51982966972696 ], [ 126.625636562255025, 37.519811716413273 ], [ 126.625572400879875, 37.519793852802543 ], [ 126.625507896118521, 37.519776798955377 ], [ 126.625443274653477, 37.519760465493889 ], [ 126.625378310703042, 37.519744761599789 ], [ 126.625313120095811, 37.519729147047173 ], [ 126.625248039012817, 37.519714253599922 ], [ 126.625182615893237, 37.519699899621408 ], [ 126.62511696430434, 37.519685995373905 ], [ 126.625051310476948, 37.519672541578089 ], [ 126.62498531506219, 37.519659537152194 ], [ 126.624853090824573, 37.519634969030385 ], [ 126.624786748430495, 37.519623495071109 ], [ 126.624720177107221, 37.519612560938612 ], [ 126.624653603991234, 37.519601987159128 ], [ 126.624586915965779, 37.519591773371673 ], [ 126.624520224785982, 37.519582190229912 ], [ 126.624452967138012, 37.51957278544031 ], [ 126.624385704519469, 37.519564371686201 ], [ 126.62431832789359, 37.519556137727832 ], [ 126.624250948561325, 37.519548444316754 ], [ 126.62418356697485, 37.519541201355324 ], [ 126.624115730216374, 37.519534497495506 ], [ 126.624048003863066, 37.519528334543878 ], [ 126.623980273889828, 37.519522892334322 ], [ 126.623912428995155, 37.519517810114792 ], [ 126.623842772442984, 37.519513082459852 ], [ 126.623776506190623, 37.519508996299471 ], [ 126.623708542302509, 37.519505084870055 ], [ 126.623640688357199, 37.519501804446662 ], [ 126.623572491890371, 37.519499153581677 ], [ 126.623392196021626, 37.519494260801565 ], [ 126.622871961021985, 37.519480133552101 ], [ 126.6228682121791, 37.519487770944181 ], [ 126.622864097541267, 37.519496163995534 ], [ 126.622859994168508, 37.519504566092742 ], [ 126.62285589084037, 37.519512959180034 ], [ 126.622851787511308, 37.519521352267148 ], [ 126.622847695447362, 37.519529754400153 ], [ 126.622843603382478, 37.519538156532981 ], [ 126.622839511362187, 37.519546549655892 ], [ 126.622835419295455, 37.519554951788415 ], [ 126.622831338539399, 37.519563353957047 ], [ 126.622827257782376, 37.519571756125494 ], [ 126.622823188290496, 37.519580167339832 ], [ 126.622819118843239, 37.519588569544247 ], [ 126.622815049349512, 37.519596980758266 ], [ 126.622810979900422, 37.519605382962361 ], [ 126.622806921716446, 37.519613794212333 ], [ 126.622802863531533, 37.519622205462149 ], [ 126.622798816657294, 37.519630616748067 ], [ 126.622794769782161, 37.519639028033843 ], [ 126.622790722860543, 37.519647448329216 ], [ 126.622786675983576, 37.519655859614666 ], [ 126.622782640371753, 37.519664279946007 ], [ 126.622778604804509, 37.519672691267424 ], [ 126.622774580502437, 37.519681111634711 ], [ 126.622770544887871, 37.519689531965589 ], [ 126.622766531895536, 37.51969795236883 ], [ 126.62276250759075, 37.519706372735662 ], [ 126.622758494551064, 37.519714802148357 ], [ 126.622754481556015, 37.51972322255115 ], [ 126.622750468514553, 37.519731651963561 ], [ 126.62274646682927, 37.519740072402314 ], [ 126.622742465097588, 37.519748501850678 ], [ 126.622738474676567, 37.519756931335181 ], [ 126.62273448425465, 37.519765360819513 ], [ 126.622730493831838, 37.519773790303674 ], [ 126.622726503408117, 37.519782219787714 ], [ 126.622722524249539, 37.519790658317632 ], [ 126.622718545135641, 37.519799087837654 ], [ 126.622714565975286, 37.519807526367252 ], [ 126.622710598125607, 37.519815964932995 ], [ 126.622706630275019, 37.519824403498575 ], [ 126.622702673735176, 37.519832842100293 ], [ 126.62269870588284, 37.519841280665581 ], [ 126.622694749341179, 37.519849719267 ], [ 126.622690804110263, 37.519858157904544 ], [ 126.622686858832864, 37.519866605551691 ], [ 126.622682913554598, 37.519875053198703 ], [ 126.622678968320983, 37.519883491835799 ], [ 126.62267503435254, 37.519891939518779 ], [ 126.622671100383229, 37.519900387201638 ], [ 126.622667166412981, 37.519908834884333 ], [ 126.622663243707947, 37.519917291612899 ], [ 126.62265932104755, 37.519925739331583 ], [ 126.622655398386286, 37.519934187050104 ], [ 126.622651486990208, 37.519942643814531 ], [ 126.622647575593192, 37.519951100578815 ], [ 126.622643675506964, 37.519959557379238 ], [ 126.6226397641082, 37.51996801414321 ], [ 126.622635864020197, 37.519976470943348 ], [ 126.622631975242925, 37.519984927779603 ], [ 126.622628075153145, 37.519993384579436 ], [ 126.622624186328551, 37.520001850425167 ], [ 126.622620308860277, 37.520010307297269 ], [ 126.622616431345534, 37.520018773178997 ], [ 126.622612553829939, 37.520027239060575 ], [ 126.622608676313448, 37.520035704942025 ], [ 126.622604810107717, 37.520044170859606 ], [ 126.622600943901119, 37.520052636777052 ], [ 126.622597077693626, 37.520061102694314 ], [ 126.622593222796922, 37.520069568647763 ], [ 126.622589367853763, 37.520078043610823 ], [ 126.622585512909737, 37.520086518573734 ], [ 126.622581669322003, 37.52009498456303 ], [ 126.62257782568787, 37.520103459561938 ], [ 126.622573982052884, 37.52011193456071 ], [ 126.622570149728631, 37.520120409595634 ], [ 126.622566317403511, 37.520128884630417 ], [ 126.622562485031978, 37.52013736867481 ], [ 126.622558664016765, 37.520145843745595 ], [ 126.62255484295514, 37.520154327826006 ], [ 126.622551021892619, 37.52016281190626 ], [ 126.62254721218649, 37.520171287012936 ], [ 126.622543402433919, 37.520179771129207 ], [ 126.62253959268044, 37.520188255245337 ], [ 126.622535794192217, 37.5201967484074 ], [ 126.622531995748716, 37.520205232559555 ], [ 126.62252819730432, 37.520213716711559 ], [ 126.622524410125166, 37.520222209909491 ], [ 126.62252062299072, 37.520230694097513 ], [ 126.622516835809833, 37.520239187295168 ], [ 126.622516332445585, 37.520240302908135 ], [ 126.622512511374282, 37.520248786986983 ], [ 126.622508701659328, 37.520257262092237 ], [ 126.622504880586277, 37.5202657461708 ], [ 126.622501070824015, 37.520274230285516 ], [ 126.622497261060886, 37.520282714400103 ], [ 126.62249345129689, 37.520291198514535 ], [ 126.622489641532027, 37.520299682628838 ], [ 126.622485843077968, 37.520308166779294 ], [ 126.622482044577467, 37.520316659939382 ], [ 126.622478246121688, 37.520325144089568 ], [ 126.622474458976711, 37.520333628275907 ], [ 126.622470671785322, 37.520342121471877 ], [ 126.62246688459301, 37.52035061466772 ], [ 126.62246309744549, 37.520359098853632 ], [ 126.622459321563156, 37.520367592085492 ], [ 126.622455534368299, 37.520376085280887 ], [ 126.62245175848426, 37.520384578512463 ], [ 126.622447993911038, 37.520393071780191 ], [ 126.622444218025294, 37.520401565011504 ], [ 126.62244045345038, 37.520410058278976 ], [ 126.622436688828984, 37.520418560556045 ], [ 126.622432924252351, 37.520427053823227 ], [ 126.62242917094099, 37.52043555613637 ], [ 126.622425417674322, 37.520444049439583 ], [ 126.622421664361227, 37.52045255175242 ], [ 126.622417911047265, 37.52046105406513 ], [ 126.622414169044134, 37.520469556414007 ], [ 126.62241042704018, 37.520478058762734 ], [ 126.622406685035358, 37.520486561111348 ], [ 126.62240294302967, 37.520495063459819 ], [ 126.622399212334855, 37.520503565844457 ], [ 126.622395481593571, 37.520512077238727 ], [ 126.62239175089708, 37.520520579623089 ], [ 126.622071624141554, 37.52125105667389 ], [ 126.622393943884617, 37.521341415855069 ] ] ] } },
{ "type": "Feature", "properties": { "present_sn": "28260UQ111PS190201011384", "lclas_cl": "UQA100", "mlsfc_cl": "UQA120", "sclas_cl": "UQA122", "atrb_se": "UQA122", "wtnnc_sn": "28000ARZ190003020053", "ntfc_sn": "28000NTC190003010762", "dgm_nm": "제2종일반주거지역", "dgm_ar": "38370.000000004075", "dgm_lt": "838.74", "sgg_cd": "28260", "drawing_no": null, "create_dat": "2015-04-01", "mnum": "62800002826020120291UQA1220001007", "alias": null, "remark": null, "ntfdate": "20121224", "zone_name": "제2종일반주거지역", "region": "cheongna", "region_name": "청라국제업무지구", "layer_type": "landuse_zone", "area_m2": 38343.05691754882 }, "geometry": { "type": "Polygon", "coordinates": [ [ [ 126.653260587620707, 37.538223572086004 ], [ 126.656428628586482, 37.538232871804155 ], [ 126.656434332644906, 37.53699502018506 ], [ 126.655131949725146, 37.536991207461355 ], [ 126.655131867046521, 37.537009082834622 ], [ 126.654566154660955, 37.537007422237622 ], [ 126.654566237474612, 37.536989546865442 ], [ 126.653266344041867, 37.536985720881297 ], [ 126.653260587620707, 37.538223572086004 ] ] ] } },
{ "type": "Feature", "properties": { "present_sn": "28260UQ111PS190002211574", "lclas_cl": "UQA100", "mlsfc_cl": "UQA120", "sclas_cl": "UQA123", "atrb_se": "UQA123", "wtnnc_sn": "28000ARZ190003020054", "ntfc_sn": "28000NTC190003010762", "dgm_nm": "제3종일반주거지역", "dgm_ar": "325039.4022150245", "dgm_lt": "3102.91144265", "sgg_cd": "28260", "drawing_no": null, "create_dat": "2015-04-01", "mnum": "62800002826020120291UQA1230001001", "alias": null, "remark": null, "ntfdate": "20121224", "zone_name": "제3종일반주거지역", "region": "cheongna", "region_name": "청라국제업무지구", "layer_type": "landuse_zone", "area_m2": 324812.94381740747 }, "geometry": { "type": "Polygon", "coordinates": [ [ [ 126.618863630299984, 37.538419140903883 ], [ 126.61897203472536, 37.53880911513648 ], [ 126.619089160736067, 37.539197495712209 ], [ 126.619214952531792, 37.539584156286864 ], [ 126.621867431914779, 37.539019342763481 ], [ 126.622079104201219, 37.539649642103498 ], [ 126.623058247614139, 37.539652784006265 ], [ 126.623061575719206, 37.538994271915868 ], [ 126.627515408837027, 37.539008460837223 ], [ 126.627512119896295, 37.539666973263898 ], [ 126.629082894184776, 37.539671937408734 ], [ 126.629086169313155, 37.539013424864386 ], [ 126.631894297661319, 37.539022247246038 ], [ 126.631909090252719, 37.536025111855594 ], [ 126.63033580102686, 37.536020177565184 ], [ 126.629904831830473, 37.536022119880784 ], [ 126.629473999618099, 37.536030647278736 ], [ 126.629043440000061, 37.536045769197813 ], [ 126.628613333932819, 37.536067477202195 ], [ 126.628183828475969, 37.53609575374162 ], [ 126.627755081914231, 37.536130599323251 ], [ 126.62732726393709, 37.536171996472866 ], [ 126.626900510292842, 37.536219927611 ], [ 126.626475001942325, 37.536274384313565 ], [ 126.626298689024992, 37.536299718670591 ], [ 126.6260508747269, 37.53633533098597 ], [ 126.625853134993577, 37.536366885450335 ], [ 126.625628309610491, 37.536402759208748 ], [ 126.625207431123826, 37.536476633355434 ], [ 126.624788431593984, 37.5365569360374 ], [ 126.624371435555958, 37.536643631632288 ], [ 126.623956601444149, 37.536736693637707 ], [ 126.623544099100485, 37.536836077570065 ], [ 126.619847434867467, 37.537757611880906 ], [ 126.619835303769477, 37.53776465443778 ], [ 126.619821902600805, 37.537770035071219 ], [ 126.619807571526479, 37.537773610722226 ], [ 126.61979270709962, 37.537775274553724 ], [ 126.619777705506309, 37.53777499180665 ], [ 126.618763958091904, 37.538027681190812 ], [ 126.618863630299984, 37.538419140903883 ] ] ] } },
{ "type": "Feature", "properties": { "present_sn": null, "lclas_cl": null, "mlsfc_cl": null, "sclas_cl": null, "atrb_se": "UQA430", "wtnnc_sn": null, "ntfc_sn": null, "dgm_nm": "자연녹지지역", "dgm_ar": "4138346.2138845124", "dgm_lt": null, "sgg_cd": "28260", "drawing_no": null, "create_dat": null, "mnum": "62800002826020060235UQA4300001002", "alias": null, "remark": null, "ntfdate": null, "zone_name": "자연녹지지역", "region": "cheongna", "region_name": "청라국제업무지구", "layer_type": "landuse_zone", "area_m2": 24391.906266362774 }, "geometry": { "type": "MultiPolygon", "coordinates": [ [ [ [ 126.63311870646038, 37.558941942663154 ], [ 126.632913675743197, 37.558863637892124 ], [ 126.632687166608875, 37.558780310258477 ], [ 126.632521314326468, 37.558721228058488 ], [ 126.632362114738143, 37.558667211939834 ], [ 126.632130144186107, 37.558589992859133 ], [ 126.631940308183204, 37.558529122938552 ], [ 126.631728200686567, 37.558463407745293 ], [ 126.631557893750156, 37.558412869596509 ], [ 126.631258171241058, 37.558327778128692 ], [ 126.631000361239046, 37.558258134169854 ], [ 126.630825951540558, 37.558213528591089 ], [ 126.630588462325221, 37.55815430885297 ], [ 126.630348699283275, 37.558097243853254 ], [ 126.630064264649562, 37.558033640851093 ], [ 126.629865506207636, 37.557992471094131 ], [ 126.629123125237172, 37.557845704194655 ], [ 126.62859138501274, 37.557740592906704 ], [ 126.628550974893145, 37.557741906845912 ], [ 126.628355947593775, 37.557837966323156 ], [ 126.627431478349322, 37.557689982501046 ], [ 126.62715873353882, 37.55764325795483 ], [ 126.626658255262655, 37.557543788029363 ], [ 126.632967, 37.559071 ], [ 126.633233658880044, 37.558987564345522 ], [ 126.63311870646038, 37.558941942663154 ] ] ], [ [ [ 126.616486111792, 37.55539639007862 ], [ 126.616157450035118, 37.555351103952539 ], [ 126.61687491297009, 37.555486536276327 ], [ 126.616486111792, 37.55539639007862 ] ] ], [ [ [ 126.613827472382226, 37.555179923731281 ], [ 126.613439354432288, 37.555146573718368 ], [ 126.612769401655299, 37.555142477878348 ], [ 126.612374191277141, 37.555102073333664 ], [ 126.612076489313864, 37.555092172094525 ], [ 126.611455534682236, 37.555052065475202 ], [ 126.612625, 37.555159 ], [ 126.614575616301209, 37.555205136315998 ], [ 126.613827472382226, 37.555179923731281 ] ] ], [ [ [ 126.609946012745553, 37.554794828962464 ], [ 126.608922833425396, 37.554450138450548 ], [ 126.608700544555091, 37.554325063265047 ], [ 126.608576432572619, 37.554188962001561 ], [ 126.60853218580246, 37.554080696570736 ], [ 126.608664957286095, 37.553968425172293 ], [ 126.609012867276732, 37.553704332206387 ], [ 126.609624178446879, 37.553234246532256 ], [ 126.609870973045759, 37.553044507018782 ], [ 126.610179010105412, 37.552807668246395 ], [ 126.610209136828715, 37.5527922351041 ], [ 126.609880815096901, 37.552792146718389 ], [ 126.608425825199234, 37.553900415865812 ], [ 126.607773284618389, 37.55439735345999 ], [ 126.610394, 37.554955 ], [ 126.610699848250917, 37.554982966402143 ], [ 126.609946012745553, 37.554794828962464 ] ] ], [ [ [ 126.607692752340938, 37.554213561122452 ], [ 126.607458729290713, 37.554330421090548 ], [ 126.607745281285034, 37.554391394796163 ], [ 126.607692752340938, 37.554213561122452 ] ] ] ] } },
{ "type": "Feature", "properties": { "present_sn": "28000UQ111PS202007090013", "lclas_cl": "UQA400", "mlsfc_cl": "UQA430", "sclas_cl": null, "atrb_se": "UQA430", "wtnnc_sn": "28000ARZ202007090003", "ntfc_sn": "28000NTC202006080008", "dgm_nm": "자연녹지지역", "dgm_ar": "443427.4627504847", "dgm_lt": "8771.40286241", "sgg_cd": "28260", "drawing_no": null, "create_dat": "2020-07-09", "mnum": "16130002826020151095UQA4300002005", "alias": null, "remark": null, "ntfdate": null, "zone_name": "자연녹지지역", "region": "cheongna", "region_name": "청라국제업무지구", "layer_type": "landuse_zone", "area_m2": 73994.899243252177 }, "geometry": { "type": "Polygon", "coordinates": [ [ [ 126.659580925977565, 37.525651126000106 ], [ 126.659706528220198, 37.52581781240923 ], [ 126.659709001775141, 37.525821153232542 ], [ 126.659764542350587, 37.525968535801333 ], [ 126.659885666747812, 37.526025828810916 ], [ 126.659923849249637, 37.526062609559403 ], [ 126.659925764175782, 37.526064417078622 ], [ 126.659932859894383, 37.526071285127841 ], [ 126.66027065280629, 37.526246423025057 ], [ 126.660332652047245, 37.526270117988965 ], [ 126.660406453704312, 37.526310515330664 ], [ 126.660456085425608, 37.52631741608824 ], [ 126.660471895641521, 37.52632349837755 ], [ 126.660723724882601, 37.526371797564934 ], [ 126.660964033023504, 37.526391330410952 ], [ 126.660974334498519, 37.526389828429409 ], [ 126.66101650448033, 37.52639571634775 ], [ 126.661117875119061, 37.526369068930492 ], [ 126.661244774614772, 37.526350784088912 ], [ 126.661406201506409, 37.526302415359474 ], [ 126.661493422150556, 37.526551880452949 ], [ 126.661513458257076, 37.526698709475987 ], [ 126.661532960696221, 37.526838509230735 ], [ 126.661505380357227, 37.527179905192689 ], [ 126.661474208237976, 37.527367942234832 ], [ 126.661431503325872, 37.527629286665238 ], [ 126.661430782289315, 37.527962560887552 ], [ 126.661632079282626, 37.528924136451963 ], [ 126.661876763218132, 37.529774473943384 ], [ 126.661880104061908, 37.529786196420254 ], [ 126.661970766297259, 37.530101262988623 ], [ 126.661971546378652, 37.530103878102061 ], [ 126.662052397954184, 37.530384588672625 ], [ 126.662201262968779, 37.530938323324655 ], [ 126.662284167433725, 37.53209011643375 ], [ 126.662304630652429, 37.532193248421294 ], [ 126.662325879588394, 37.532495140961672 ], [ 126.66254337379857, 37.532485313920603 ], [ 126.66255979614418, 37.532706463890804 ], [ 126.662568341867583, 37.532818121019574 ], [ 126.662579237587877, 37.532960508631845 ], [ 126.662604180880862, 37.533273854253729 ], [ 126.662630908390838, 37.533615496041023 ], [ 126.662662464324654, 37.534017788239503 ], [ 126.662706191912832, 37.534180542267066 ], [ 126.662738056599068, 37.534587250141094 ], [ 126.662738869606372, 37.534607614830357 ], [ 126.662742265812355, 37.53460717407782 ], [ 126.662964489109868, 37.534578709364752 ], [ 126.662966562293064, 37.534578444411167 ], [ 126.662493, 37.525792 ], [ 126.65955324357148, 37.525597918993071 ], [ 126.659580925977565, 37.525651126000106 ] ] ] } },
{ "type": "Feature", "properties": { "present_sn": null, "lclas_cl": null, "mlsfc_cl": null, "sclas_cl": null, "atrb_se": "UQA320", "wtnnc_sn": null, "ntfc_sn": null, "dgm_nm": "일반공업지역", "dgm_ar": "91095.80164200171", "dgm_lt": null, "sgg_cd": "28260", "drawing_no": null, "create_dat": null, "mnum": "62800002826020150288UQA3200001003", "alias": null, "remark": null, "ntfdate": null, "zone_name": "일반공업지역", "region": "cheongna", "region_name": "청라국제업무지구", "layer_type": "landuse_zone", "area_m2": 91031.990370845902 }, "geometry": { "type": "Polygon", "coordinates": [ [ [ 126.643771281180818, 37.524833303083874 ], [ 126.643782210759895, 37.524835327376117 ], [ 126.643793173416455, 37.524837531965602 ], [ 126.643804147386021, 37.524839736588326 ], [ 126.643815110086891, 37.524841932165998 ], [ 126.643826084143839, 37.524844118767156 ], [ 126.643837069599783, 37.524846287381983 ], [ 126.643848043744057, 37.524848455961546 ], [ 126.643859029244311, 37.524850615564588 ], [ 126.643870014788249, 37.524852766156826 ], [ 126.643881000375885, 37.524854907738259 ], [ 126.643891997319486, 37.524857040343178 ], [ 126.643902994306757, 37.524859163937279 ], [ 126.643913991337641, 37.524861278520603 ], [ 126.643924988412181, 37.52486338409313 ], [ 126.643935985530334, 37.524865480654867 ], [ 126.643946994004523, 37.524867568240055 ], [ 126.643958002522325, 37.524869646814437 ], [ 126.643969011083755, 37.524871716378044 ], [ 126.643980019645781, 37.524873785940599 ], [ 126.643991039606803, 37.524875837516852 ], [ 126.644002048299043, 37.524877880048052 ], [ 126.644013068347292, 37.524879913602689 ], [ 126.644024099708545, 37.524881947190558 ], [ 126.644035119844006, 37.524883962723621 ], [ 126.644046151335402, 37.524885969280092 ], [ 126.644057171515016, 37.52488797580132 ], [ 126.644068214406019, 37.524889964370431 ], [ 126.644079246028198, 37.524891943894531 ], [ 126.644090277650946, 37.524893923417579 ], [ 126.644101320672675, 37.524895884954297 ], [ 126.644112363694958, 37.524897846489992 ], [ 126.644123406803843, 37.524899790005101 ], [ 126.644134461225661, 37.524901733553413 ], [ 126.64414550442163, 37.52490365904692 ], [ 126.644156558930561, 37.524905584573624 ], [ 126.644167613483063, 37.524907501089515 ], [ 126.644178668122066, 37.524909399584828 ], [ 126.644189734074061, 37.524911298113352 ], [ 126.644200788757189, 37.524913187596823 ], [ 126.644211854839199, 37.524915059093942 ], [ 126.64430113086496, 37.524929880125626 ], [ 126.644390556736525, 37.524944124909183 ], [ 126.644480121139424, 37.524957793410032 ], [ 126.644569812759329, 37.524970885593689 ], [ 126.644659642906674, 37.52498340149404 ], [ 126.64474960022406, 37.524995350086385 ], [ 126.644839662170483, 37.525006713282515 ], [ 126.64492985132587, 37.525017500160288 ], [ 126.645020133750933, 37.525027710616975 ], [ 126.645117632887249, 37.525038077929672 ], [ 126.645215237119487, 37.525047760726366 ], [ 126.645312957671706, 37.525056777060435 ], [ 126.645410760689757, 37.525065108809692 ], [ 126.64550864608529, 37.525072773993514 ], [ 126.645606625253862, 37.525079754626162 ], [ 126.645700966030176, 37.525085841246373 ], [ 126.645818638351642, 37.525088502215148 ], [ 126.645936324817043, 37.52509056845571 ], [ 126.646054036736018, 37.525092040002022 ], [ 126.64617175152361, 37.525092907776155 ], [ 126.646289469134331, 37.525093180787863 ], [ 126.646407189607956, 37.525092850027363 ], [ 126.646524901586631, 37.525091924470374 ], [ 126.64664260506747, 37.525090404116945 ], [ 126.646760300090364, 37.525088279957281 ], [ 126.646896687092223, 37.525085400911571 ], [ 126.647088587786527, 37.525086715732968 ], [ 126.64732296950676, 37.525087562988908 ], [ 126.648677631965398, 37.525089671448704 ], [ 126.648614378113095, 37.523416748586079 ], [ 126.648603090714317, 37.523416255355556 ], [ 126.648591792173264, 37.523415726051034 ], [ 126.648580505114268, 37.52341516074015 ], [ 126.64856921822529, 37.523414559389046 ], [ 126.648557931548666, 37.523413912987955 ], [ 126.648546656354213, 37.523413230580509 ], [ 126.648535381329779, 37.52341251213285 ], [ 126.64852410647535, 37.523411757645007 ], [ 126.648512831833372, 37.523410958107199 ], [ 126.648501568631232, 37.523410131572774 ], [ 126.648490316953712, 37.523409260022213 ], [ 126.648479054134157, 37.523408352397624 ], [ 126.648467814151502, 37.523407399790706 ], [ 126.648456562984322, 37.523406420119564 ], [ 126.648445323341903, 37.523405395432263 ], [ 126.648434095181813, 37.523404334738615 ], [ 126.648422867191897, 37.523403238004761 ], [ 126.648411639372142, 37.523402105230737 ], [ 126.64840042307722, 37.523400927440562 ], [ 126.648389218264725, 37.523399713644032 ], [ 126.648378013622448, 37.523398463807339 ], [ 126.648366820462613, 37.523397177964263 ], [ 126.648355627472995, 37.523395856081038 ], [ 126.648344446008338, 37.523394489181662 ], [ 126.648333275983717, 37.523393095285726 ], [ 126.648322106171818, 37.523391656339847 ], [ 126.648310947842489, 37.523390181387605 ], [ 126.648299789683463, 37.523388670395221 ], [ 126.64828864304944, 37.523387114386715 ], [ 126.648277507855511, 37.523385531381642 ], [ 126.648266384186655, 37.523383903360461 ], [ 126.648255272000355, 37.523382239332939 ], [ 126.648244159984515, 37.523380539265276 ], [ 126.648233059451286, 37.523378803191278 ], [ 126.648221970400698, 37.523377031110975 ], [ 126.648210892875213, 37.52337521401455 ], [ 126.648199815477739, 37.523373369887764 ], [ 126.648188749605467, 37.523371480744906 ], [ 126.648177706528031, 37.523369555629543 ], [ 126.648166663621168, 37.523367594474053 ], [ 126.648155632196989, 37.523365597312242 ], [ 126.648144612255606, 37.523363564144162 ], [ 126.648133603839426, 37.523361485959981 ], [ 126.648122606863581, 37.523359380779304 ], [ 126.64811162141298, 37.523357230582548 ], [ 126.648107699699494, 37.523356453006386 ], [ 126.646985562799117, 37.523133752965407 ], [ 126.645863432693162, 37.522911033279577 ], [ 126.644741309296577, 37.522688311968707 ], [ 126.644459177520147, 37.522632309789863 ], [ 126.644401186174264, 37.5228160897219 ], [ 126.643768817229656, 37.524832845125729 ], [ 126.643771281180818, 37.524833303083874 ] ] ] } },
{ "type": "Feature", "properties": { "present_sn": "28000UQ111PS201407298060", "lclas_cl": "UQA300", "mlsfc_cl": "UQA320", "sclas_cl": null, "atrb_se": "UQA320", "wtnnc_sn": "28000ARZ201407290077", "ntfc_sn": "28000NTC201407290243", "dgm_nm": "일반공업지역", "dgm_ar": "283635.2090974795", "dgm_lt": "3821.75314302", "sgg_cd": "28260", "drawing_no": null, "create_dat": "2015-04-01", "mnum": "62800002826020120291UQA3200001004", "alias": null, "remark": null, "ntfdate": null, "zone_name": "일반공업지역", "region": "cheongna", "region_name": "청라국제업무지구", "layer_type": "landuse_zone", "area_m2": 268248.29598721111 }, "geometry": { "type": "Polygon", "coordinates": [ [ [ 126.65084581437651, 37.516320394378297 ], [ 126.65086207524962, 37.516703382155654 ], [ 126.650865879945911, 37.516808881557402 ], [ 126.65089215031378, 37.517446005675296 ], [ 126.650924469025838, 37.51805974892266 ], [ 126.65093504375659, 37.518260773487988 ], [ 126.65098277931979, 37.519167465669774 ], [ 126.650849919584388, 37.519170684288525 ], [ 126.650867953857329, 37.519513231647778 ], [ 126.650878352838518, 37.51971072376125 ], [ 126.650916572122469, 37.520436738778145 ], [ 126.651049527731516, 37.520435268297113 ], [ 126.651067303134369, 37.520772949434928 ], [ 126.651109742441349, 37.521579146959972 ], [ 126.651133575632045, 37.522031812433127 ], [ 126.651144359944823, 37.522236621629695 ], [ 126.651225856059014, 37.523784540196111 ], [ 126.651230604536011, 37.52387465334035 ], [ 126.651241752751801, 37.524086419191462 ], [ 126.651293245443256, 37.525064470940123 ], [ 126.658256813437859, 37.52508491395038 ], [ 126.659230957506125, 37.525087740515396 ], [ 126.658373, 37.522593 ], [ 126.656313, 37.522252 ], [ 126.655720987126998, 37.521740260058934 ], [ 126.655638307685493, 37.521742482775963 ], [ 126.655582758577609, 37.521719434925338 ], [ 126.655523227484608, 37.52167682387843 ], [ 126.65546368201386, 37.521588352314104 ], [ 126.655342517277717, 37.521468615948415 ], [ 126.655272594564693, 37.521422730749876 ], [ 126.655266095394296, 37.521419670586774 ], [ 126.655063526410871, 37.521387525935772 ], [ 126.655038135437621, 37.521389697644544 ], [ 126.655027061608223, 37.521381739520024 ], [ 126.654943352717865, 37.521368456178116 ], [ 126.654910656698377, 37.52138797214544 ], [ 126.654872603572073, 37.521373174319287 ], [ 126.654714665755279, 37.521353429491491 ], [ 126.654604291729584, 37.521322201374531 ], [ 126.654578657950992, 37.521310584603668 ], [ 126.654137405554181, 37.521240564484785 ], [ 126.653986388972569, 37.521233169009427 ], [ 126.653868073142618, 37.521231469345096 ], [ 126.653783806864567, 37.521229689610735 ], [ 126.653625366737003, 37.521245170599343 ], [ 126.653600809360739, 37.521223023985705 ], [ 126.653266540905179, 37.521222669603567 ], [ 126.653182289313889, 37.521217736014655 ], [ 126.653090738649794, 37.521201248148998 ], [ 126.652973532744269, 37.521179819158533 ], [ 126.652714467061145, 37.521159953398659 ], [ 126.652461446324054, 37.521129473240386 ], [ 126.652387433487192, 37.521112135665128 ], [ 126.652363572444997, 37.521086296789449 ], [ 126.652307009045288, 37.52108703056463 ], [ 126.652230967295608, 37.521068155208049 ], [ 126.652095528371021, 37.521051266482253 ], [ 126.651953603040667, 37.521018410863135 ], [ 126.651859059665512, 37.520988848815911 ], [ 126.651622678966021, 37.520859217002716 ], [ 126.651468512954324, 37.520855786948182 ], [ 126.65120356261265, 37.520834350731917 ], [ 126.651051435284089, 37.517944879881767 ], [ 126.651167272539652, 37.51719278966705 ], [ 126.651163, 37.517147 ], [ 126.651045709928198, 37.516634753564006 ], [ 126.650991675819682, 37.516619740331087 ], [ 126.650980867429226, 37.516351563874565 ], [ 126.65082, 37.515649 ], [ 126.650768048918835, 37.515663982411972 ], [ 126.650755709520112, 37.515740185455179 ], [ 126.650726135531073, 37.515775416512191 ], [ 126.650504949602634, 37.515907295338948 ], [ 126.650460499285231, 37.515979152486821 ], [ 126.650333414265319, 37.51606436894339 ], [ 126.650266622734478, 37.516076153539586 ], [ 126.649971286450494, 37.516100232421117 ], [ 126.64962492363226, 37.516105318825701 ], [ 126.649624572946337, 37.516105326790921 ], [ 126.649614162517622, 37.516106196768845 ], [ 126.649435602911282, 37.516120711239211 ], [ 126.649320111271422, 37.516145594709414 ], [ 126.64927491047537, 37.516112123233334 ], [ 126.649270706007385, 37.516109011283795 ], [ 126.649257867602131, 37.516099510568978 ], [ 126.648990314052895, 37.516176671571372 ], [ 126.6489964166785, 37.516338099075448 ], [ 126.65025412632221, 37.516329024766215 ], [ 126.650283426433944, 37.516325778224193 ], [ 126.65084581437651, 37.516320394378297 ] ] ] } },
{ "type": "Feature", "properties": { "present_sn": "28260UQ111PS190002211574", "lclas_cl": "UQA100", "mlsfc_cl": "UQA120", "sclas_cl": "UQA123", "atrb_se": "UQA123", "wtnnc_sn": "28000ARZ190003020054", "ntfc_sn": "28000NTC190003010762", "dgm_nm": "제3종일반주거지역", "dgm_ar": "3216.0484840002123", "dgm_lt": "3102.91144265", "sgg_cd": "28260", "drawing_no": null, "create_dat": "2015-04-01", "mnum": "62800002826020120291UQA1230001008", "alias": null, "remark": null, "ntfdate": "20121224", "zone_name": "제3종일반주거지역", "region": "cheongna", "region_name": "청라국제업무지구", "layer_type": "landuse_zone", "area_m2": 3213.8007627541019 }, "geometry": { "type": "Polygon", "coordinates": [ [ [ 126.637058169775145, 37.557414024521748 ], [ 126.637599662048473, 37.557149516631647 ], [ 126.637260121423182, 37.556708996118886 ], [ 126.63692106257443, 37.556864973366714 ], [ 126.636725081136092, 37.556955124292109 ], [ 126.637058169775145, 37.557414024521748 ] ] ] } },
{ "type": "Feature", "properties": { "present_sn": null, "lclas_cl": null, "mlsfc_cl": null, "sclas_cl": null, "atrb_se": "UQA330", "wtnnc_sn": null, "ntfc_sn": null, "dgm_nm": "준공업지역", "dgm_ar": "97018.81899949966", "dgm_lt": null, "sgg_cd": "28260", "drawing_no": null, "create_dat": null, "mnum": "62800002826020150288UQA3300001001", "alias": null, "remark": null, "ntfdate": "20151109", "zone_name": "준공업지역", "region": "cheongna", "region_name": "청라국제업무지구", "layer_type": "landuse_zone", "area_m2": 96951.362906761016 }, "geometry": { "type": "Polygon", "coordinates": [ [ [ 126.614132491361062, 37.552923596989437 ], [ 126.614697916392515, 37.553069518138088 ], [ 126.615163887846037, 37.553189793533051 ], [ 126.615345620062186, 37.553236788746418 ], [ 126.61534563137883, 37.553236788783423 ], [ 126.615345634353972, 37.553236212162652 ], [ 126.615432304439452, 37.553259236442528 ], [ 126.615432363952877, 37.553241117825543 ], [ 126.615536049812945, 37.553265071619677 ], [ 126.615753304695801, 37.553314524878289 ], [ 126.615922295708245, 37.553352557825953 ], [ 126.615922329611848, 37.553352566946529 ], [ 126.615969206509646, 37.553363072334314 ], [ 126.616184558544091, 37.553408554252172 ], [ 126.616399924287833, 37.553451422965288 ], [ 126.616489548725198, 37.553467833864239 ], [ 126.616617117168957, 37.553491143793607 ], [ 126.616843605256449, 37.55352792125327 ], [ 126.617055030367595, 37.553562576969775 ], [ 126.617300442618941, 37.553603397522501 ], [ 126.617583339575177, 37.553626013413471 ], [ 126.6176211055067, 37.553632352999678 ], [ 126.618186576753757, 37.553727442039978 ], [ 126.618752327123886, 37.553790364108288 ], [ 126.619318037028947, 37.553905720673384 ], [ 126.619883840275179, 37.554025309461792 ], [ 126.620199199585954, 37.554056240987663 ], [ 126.62044961228311, 37.554084709630665 ], [ 126.620859845269536, 37.554130631589913 ], [ 126.621015178199386, 37.554207085289498 ], [ 126.621015191969207, 37.554226636711988 ], [ 126.621015192941428, 37.554270965185076 ], [ 126.621015110519011, 37.554309436985605 ], [ 126.621035255374736, 37.554309321702064 ], [ 126.621714292960434, 37.554305921670924 ], [ 126.622360306848492, 37.55430264595531 ], [ 126.62231850877933, 37.554068976367446 ], [ 126.622318453427908, 37.554068732923696 ], [ 126.622153900893849, 37.553156308146811 ], [ 126.622147910742981, 37.553154775246441 ], [ 126.622147864196549, 37.553143864164177 ], [ 126.622143359002422, 37.553139615058633 ], [ 126.622079373756051, 37.553079322753469 ], [ 126.621582191163398, 37.552952397009975 ], [ 126.621016474425076, 37.552807940422738 ], [ 126.620733741067184, 37.552735770080425 ], [ 126.620450917819014, 37.552663580751663 ], [ 126.620450910746499, 37.552673860972135 ], [ 126.620450829145199, 37.552674329221183 ], [ 126.619885153486564, 37.552529317748089 ], [ 126.619555338701147, 37.552445018316121 ], [ 126.619409429976201, 37.552407768026967 ], [ 126.619095574571858, 37.552327555368947 ], [ 126.618754030346992, 37.552240224440666 ], [ 126.618708935602371, 37.552228716831053 ], [ 126.618452600886826, 37.552936366361166 ], [ 126.615951966581648, 37.552362165604791 ], [ 126.615923737396614, 37.552440080733916 ], [ 126.613712727073434, 37.551932333683517 ], [ 126.613633477125774, 37.551967175772411 ], [ 126.613359253868779, 37.552724048304576 ], [ 126.614132491361062, 37.552923596989437 ] ] ] } },
{ "type": "Feature", "properties": { "present_sn": "28260UQ111PS190002011637", "lclas_cl": "UQA300", "mlsfc_cl": "UQA320", "sclas_cl": null, "atrb_se": "UQA320", "wtnnc_sn": "28000ARZ190003020049", "ntfc_sn": "28000NTC190003010762", "dgm_nm": "일반공업지역", "dgm_ar": "297350.24756001116", "dgm_lt": "2636.37606391", "sgg_cd": "28260", "drawing_no": null, "create_dat": "2015-04-01", "mnum": "62805482826020200099UQA3200001002", "alias": null, "remark": null, "ntfdate": "20200916", "zone_name": "일반공업지역", "region": "cheongna", "region_name": "청라국제업무지구", "layer_type": "landuse_zone", "area_m2": 267176.08612245385 }, "geometry": { "type": "Polygon", "coordinates": [ [ [ 126.628431858279868, 37.518213571587516 ], [ 126.628511089697923, 37.518248870362498 ], [ 126.628770499775911, 37.517877760214837 ], [ 126.628755962337166, 37.517871371362311 ], [ 126.629114801851031, 37.517358253623705 ], [ 126.629298240179651, 37.517096156883007 ], [ 126.629615482017201, 37.517236935898516 ], [ 126.62971130495238, 37.517279448989335 ], [ 126.630108661300753, 37.51745566252842 ], [ 126.629308626252737, 37.518598853323915 ], [ 126.62947998787358, 37.518669084825433 ], [ 126.629578747049166, 37.518712913702302 ], [ 126.630745467632082, 37.519230867336375 ], [ 126.630844341409755, 37.519274695513886 ], [ 126.63323957561866, 37.520337878724291 ], [ 126.633493094871724, 37.520448950161303 ], [ 126.634123712226497, 37.5207300402421 ], [ 126.634135923825696, 37.519743578987843 ], [ 126.633568, 37.519666 ], [ 126.633053, 37.518781 ], [ 126.633055161458657, 37.518778277065792 ], [ 126.633018248357843, 37.518741263434542 ], [ 126.632966732286206, 37.518636047164485 ], [ 126.63296512064457, 37.518618743109847 ], [ 126.632994839833515, 37.518509906029649 ], [ 126.633052975978003, 37.518418997209217 ], [ 126.634175514503781, 37.517108398034139 ], [ 126.634226828280489, 37.517024224825846 ], [ 126.634231082967489, 37.516940806268167 ], [ 126.634222082000036, 37.516884826724443 ], [ 126.634214414681622, 37.516879847430936 ], [ 126.634197395605909, 37.516821230077163 ], [ 126.634134726643879, 37.516765940302179 ], [ 126.628418, 37.514083 ], [ 126.626791812174304, 37.51386796428946 ], [ 126.626547880618901, 37.51442308282676 ], [ 126.626954531404465, 37.514962084649014 ], [ 126.627379317808533, 37.515154801425666 ], [ 126.627006331909456, 37.515687276581154 ], [ 126.626733822536195, 37.516076451350685 ], [ 126.626687686971223, 37.516096216864497 ], [ 126.626656305777459, 37.516128643060512 ], [ 126.626568470597419, 37.516185847516176 ], [ 126.626483113801541, 37.516245041955031 ], [ 126.626383023230048, 37.516287431105312 ], [ 126.626281023644637, 37.516327021033426 ], [ 126.626174551856465, 37.516356145165346 ], [ 126.625955661911078, 37.516404643530407 ], [ 126.625722964002662, 37.516454719344452 ], [ 126.625436535306235, 37.516888355720198 ], [ 126.628431858279868, 37.518213571587516 ] ] ] } },
{ "type": "Feature", "properties": { "present_sn": "28000UQ111PS201912180008", "lclas_cl": "UQA200", "mlsfc_cl": "UQA220", "sclas_cl": null, "atrb_se": "UQA220", "wtnnc_sn": "28000ARZ201907290001", "ntfc_sn": "28000NTC201907290003", "dgm_nm": "일반상업지역", "dgm_ar": "32755.41952500091", "dgm_lt": "11836.9140961", "sgg_cd": "28260", "drawing_no": null, "create_dat": "20191218", "mnum": "62800002826020120291UQA2200001009", "alias": null, "remark": null, "ntfdate": "20121224", "zone_name": "일반상업지역", "region": "cheongna", "region_name": "청라국제업무지구", "layer_type": "landuse_zone", "area_m2": 32732.399055231701 }, "geometry": { "type": "Polygon", "coordinates": [ [ [ 126.656447490875678, 37.534139229998466 ], [ 126.656447073573361, 37.534229805219589 ], [ 126.659812938784171, 37.534239591644941 ], [ 126.659817464505224, 37.533247588476314 ], [ 126.65950565933872, 37.533246685938728 ], [ 126.659109680373803, 37.533245538568814 ], [ 126.658702387747653, 37.53324435703184 ], [ 126.658295095145334, 37.533243174090337 ], [ 126.657887802566947, 37.533241989744269 ], [ 126.657480510012419, 37.533240803993657 ], [ 126.657073217481837, 37.533239616838493 ], [ 126.656563762441863, 37.533238129928058 ], [ 126.656451642003731, 37.533238207840185 ], [ 126.656447490875678, 37.534139229998466 ] ] ] } },
{ "type": "Feature", "properties": { "present_sn": "28000UQ111PS201912180008", "lclas_cl": "UQA200", "mlsfc_cl": "UQA220", "sclas_cl": null, "atrb_se": "UQA220", "wtnnc_sn": "28000ARZ201907290001", "ntfc_sn": "28000NTC201907290003", "dgm_nm": "일반상업지역", "dgm_ar": "36146.8143130007", "dgm_lt": "11836.9140961", "sgg_cd": "28260", "drawing_no": null, "create_dat": "20191218", "mnum": "62805482826020150288UQA2200001001", "alias": null, "remark": null, "ntfdate": "20151109", "zone_name": "일반상업지역", "region": "cheongna", "region_name": "청라국제업무지구", "layer_type": "landuse_zone", "area_m2": 36121.679830366658 }, "geometry": { "type": "Polygon", "coordinates": [ [ [ 126.617056646580508, 37.551324579723861 ], [ 126.617059342954079, 37.551326192257022 ], [ 126.617118074935846, 37.551361630016693 ], [ 126.61717685210003, 37.551397094923672 ], [ 126.617239588896652, 37.551432797933622 ], [ 126.617302325753258, 37.55146850091036 ], [ 126.617366258289394, 37.551502766166756 ], [ 126.617430190884193, 37.551537031388662 ], [ 126.617495262342743, 37.551569903752132 ], [ 126.617560333858606, 37.551602776079918 ], [ 126.617592507978017, 37.551618017248778 ], [ 126.617624682110588, 37.551633258408891 ], [ 126.617692868756237, 37.5516655551504 ], [ 126.617726549491763, 37.551680512864579 ], [ 126.617777053691981, 37.551702940353003 ], [ 126.617827569239012, 37.551725367856697 ], [ 126.617895889077232, 37.551753790676166 ], [ 126.617930049015882, 37.551768002071128 ], [ 126.617964208967578, 37.551782213456242 ], [ 126.618033442072417, 37.55180910748728 ], [ 126.618068058643587, 37.551822554487629 ], [ 126.618102675227263, 37.551836001477866 ], [ 126.618146389793594, 37.5518517755091 ], [ 126.61819008179171, 37.551867540441037 ], [ 126.618243081169695, 37.551886732282433 ], [ 126.618314197601237, 37.551910523861977 ], [ 126.61838531407831, 37.551934315398817 ], [ 126.61845717424012, 37.551956532580867 ], [ 126.618529034444876, 37.551978749719304 ], [ 126.618588134740506, 37.551995519522904 ], [ 126.618597769632942, 37.551970323175198 ], [ 126.61863020732396, 37.551978357032368 ], [ 126.618754530860372, 37.552009573794329 ], [ 126.619004307132727, 37.55207255117498 ], [ 126.619320083793639, 37.552153040590589 ], [ 126.619713177707567, 37.552253312548146 ], [ 126.619838860712832, 37.551860546825736 ], [ 126.619875998982437, 37.551412786955154 ], [ 126.619876001279323, 37.551412336469788 ], [ 126.619878255897291, 37.550970140024845 ], [ 126.619880424106, 37.550544881798459 ], [ 126.619776218120606, 37.550563465666784 ], [ 126.619210973658696, 37.550561186497895 ], [ 126.618751694679361, 37.55052825424864 ], [ 126.617364384776806, 37.550522767091643 ], [ 126.617016152647437, 37.551298787807426 ], [ 126.617056646580508, 37.551324579723861 ] ] ] } },
{ "type": "Feature", "properties": { "present_sn": "28260UQ111PS190001011581", "lclas_cl": "UQA200", "mlsfc_cl": "UQA210", "sclas_cl": null, "atrb_se": "UQA210", "wtnnc_sn": "28000ARZ190003020056", "ntfc_sn": "28000NTC190003010762", "dgm_nm": "중심상업지역", "dgm_ar": "161776.95500500922", "dgm_lt": "2202.00960585", "sgg_cd": "28260", "drawing_no": null, "create_dat": "2015-04-01", "mnum": "62800002826020120291UQA2100001003", "alias": null, "remark": null, "ntfdate": "20121224", "zone_name": "중심상업지역", "region": "cheongna", "region_name": "청라국제업무지구", "layer_type": "landuse_zone", "area_m2": 161664.1591111499 }, "geometry": { "type": "Polygon", "coordinates": [ [ [ 126.625953720292372, 37.534078812438302 ], [ 126.625954896126615, 37.534250454462175 ], [ 126.625960258076589, 37.534422109792757 ], [ 126.625969920213123, 37.534593598594647 ], [ 126.625979401796542, 37.534710847321996 ], [ 126.62598334533277, 37.534759242932466 ], [ 126.625983769426966, 37.534764920507158 ], [ 126.625990140132402, 37.534825667374108 ], [ 126.626001693059536, 37.534935985071897 ], [ 126.626023804277835, 37.535106792646914 ], [ 126.626050104013714, 37.535277163035232 ], [ 126.626080704531773, 37.535447276788702 ], [ 126.626115381387535, 37.535616772795343 ], [ 126.62615335662457, 37.535782855515869 ], [ 126.626164326313855, 37.535829020973004 ], [ 126.626177419946202, 37.535880328811295 ], [ 126.626177975262806, 37.53588240284882 ], [ 126.626209645968274, 37.53599710918607 ], [ 126.626250428175268, 37.536145000826671 ], [ 126.626298455310888, 37.536298943078329 ], [ 126.626298689024992, 37.536299718670591 ], [ 126.626475001942325, 37.536274384313565 ], [ 126.626900510292842, 37.536219927611 ], [ 126.62732726393709, 37.536171996472866 ], [ 126.627755081914231, 37.536130599323251 ], [ 126.628183828475969, 37.53609575374162 ], [ 126.628613333932819, 37.536067477202195 ], [ 126.629043440000061, 37.536045769197813 ], [ 126.629473999618099, 37.536030647278736 ], [ 126.629904831830473, 37.536022119880784 ], [ 126.63033580102686, 37.536020177565184 ], [ 126.631909090252719, 37.536025111855594 ], [ 126.631923206968978, 37.533164499635966 ], [ 126.631695434869556, 37.533162696424149 ], [ 126.631581393843973, 37.533162249167354 ], [ 126.630903932799995, 37.533160215298381 ], [ 126.629971802342908, 37.533157286542028 ], [ 126.629519143821653, 37.533155861633936 ], [ 126.629066598020643, 37.533154525445234 ], [ 126.628614165835444, 37.533153097782318 ], [ 126.628161620545924, 37.533151668028623 ], [ 126.627652393997209, 37.533150057124914 ], [ 126.627426008696204, 37.533149250166439 ], [ 126.626860891975454, 37.533147639002017 ], [ 126.626858862081008, 37.533508208169827 ], [ 126.626857688013573, 37.533697682322995 ], [ 126.626855703135902, 37.534049241715657 ], [ 126.625953769796226, 37.534046377013794 ], [ 126.625953720292372, 37.534078812438302 ] ] ] } },
{ "type": "Feature", "properties": { "present_sn": "28000UQ111PS201600002368", "lclas_cl": "UQA400", "mlsfc_cl": "UQA430", "sclas_cl": null, "atrb_se": "UQA430", "wtnnc_sn": "28000ARZ201600002368", "ntfc_sn": "28000NTC190001010530", "dgm_nm": "자연녹지지역", "dgm_ar": "66.57257949997876", "dgm_lt": "73.9694345317", "sgg_cd": "28260", "drawing_no": null, "create_dat": "2015-04-01", "mnum": "62800002826020070016UQA4300001001", "alias": null, "remark": null, "ntfdate": null, "zone_name": "자연녹지지역", "region": "cheongna", "region_name": "청라국제업무지구", "layer_type": "landuse_zone", "area_m2": 53.885909591014673 }, "geometry": { "type": "Polygon", "coordinates": [ [ [ 126.642342586954911, 37.547586675061503 ], [ 126.642206569370444, 37.547586531567049 ], [ 126.642176516729549, 37.547585980617008 ], [ 126.642129706598467, 37.547585117374446 ], [ 126.642018400952281, 37.547583075708246 ], [ 126.642069883725341, 37.547615588631501 ], [ 126.64237994206394, 37.547586686689037 ], [ 126.642342586954911, 37.547586675061503 ] ] ] } },
{ "type": "Feature", "properties": { "present_sn": null, "lclas_cl": null, "mlsfc_cl": null, "sclas_cl": null, "atrb_se": "UQA500", "wtnnc_sn": null, "ntfc_sn": null, "dgm_nm": "도시지역미지정", "dgm_ar": "96748.81943000766", "dgm_lt": null, "sgg_cd": "28260", "drawing_no": null, "create_dat": null, "mnum": "15300002826020080001UQA5000001001", "alias": null, "remark": null, "ntfdate": null, "zone_name": "도시지역미지정", "region": "cheongna", "region_name": "청라국제업무지구", "layer_type": "landuse_zone", "area_m2": 94299.22266714921 }, "geometry": { "type": "Polygon", "coordinates": [ [ [ 126.60676856879013, 37.552875512869527 ], [ 126.606767464806495, 37.552565570339489 ], [ 126.606767156205891, 37.552478173760058 ], [ 126.606766926707294, 37.552399381850982 ], [ 126.606766749675131, 37.552340682083027 ], [ 126.606766491289108, 37.552282387485803 ], [ 126.606574857920663, 37.551797016711703 ], [ 126.606087602497823, 37.551682672772884 ], [ 126.60603816882373, 37.551593237612913 ], [ 126.605962505106731, 37.551456376807678 ], [ 126.60587435738023, 37.551497616912222 ], [ 126.604001471601563, 37.551304462523341 ], [ 126.603219856541585, 37.551173348214661 ], [ 126.602541011819682, 37.551018429616931 ], [ 126.601891548588995, 37.5508081959712 ], [ 126.602424976348459, 37.549752693842706 ], [ 126.601377987015368, 37.549414795015629 ], [ 126.601078227161324, 37.550005636116893 ], [ 126.6011838601069, 37.55003833965565 ], [ 126.601247607721618, 37.550518240286138 ], [ 126.601162787469818, 37.550550658500896 ], [ 126.601075972639237, 37.550575141221003 ], [ 126.597997832270991, 37.549601599573428 ], [ 126.597792173780718, 37.550011976587925 ], [ 126.597905, 37.550157 ], [ 126.600523439604288, 37.551145318200795 ], [ 126.600933255651597, 37.551276074062024 ], [ 126.600964182032001, 37.551311674439248 ], [ 126.601318872296417, 37.551445550677364 ], [ 126.602882681652872, 37.551906242966027 ], [ 126.604003337024508, 37.552338259057528 ], [ 126.606026316116754, 37.553215313335741 ], [ 126.606238772012162, 37.553250802746668 ], [ 126.606540958201322, 37.553374437982669 ], [ 126.60676856879013, 37.552875512869527 ] ] ] } },
{ "type": "Feature", "properties": { "present_sn": null, "lclas_cl": null, "mlsfc_cl": null, "sclas_cl": null, "atrb_se": "UQA320", "wtnnc_sn": null, "ntfc_sn": null, "dgm_nm": "일반공업지역", "dgm_ar": "889137.6816939992", "dgm_lt": null, "sgg_cd": "28260", "drawing_no": null, "create_dat": null, "mnum": "62800002826020060003UQA3200001001", "alias": null, "remark": null, "ntfdate": null, "zone_name": "일반공업지역", "region": "cheongna", "region_name": "청라국제업무지구", "layer_type": "landuse_zone", "area_m2": 864665.16237970011 }, "geometry": { "type": "Polygon", "coordinates": [ [ [ 126.604975087266979, 37.538860612916608 ], [ 126.604961253904563, 37.538673881942927 ], [ 126.605141984891077, 37.538474649738113 ], [ 126.605205023355609, 37.53840746746306 ], [ 126.605206542107084, 37.538355665798697 ], [ 126.605386204572952, 37.538358160648102 ], [ 126.605626796832937, 37.538371220844233 ], [ 126.605801510683236, 37.538410909242671 ], [ 126.605943536916328, 37.538469859121669 ], [ 126.606493689363106, 37.53874181656338 ], [ 126.606589735890651, 37.538808991037335 ], [ 126.606691026370981, 37.538911681857023 ], [ 126.606743507781644, 37.538979611534522 ], [ 126.608211453815599, 37.538983608494661 ], [ 126.608211656483832, 37.538794221669413 ], [ 126.608275470025916, 37.53879443417528 ], [ 126.608325034447645, 37.538793247725515 ], [ 126.608324033429128, 37.538983893275606 ], [ 126.609534913675503, 37.538987197819608 ], [ 126.609495079709461, 37.538945169693008 ], [ 126.609407607445064, 37.538817389607757 ], [ 126.609400106956812, 37.538802047921592 ], [ 126.609446265238887, 37.538803102159719 ], [ 126.609557566051379, 37.538809868626458 ], [ 126.609674635846744, 37.538816924426044 ], [ 126.609893508106794, 37.538851257261875 ], [ 126.611251516521236, 37.538968556396924 ], [ 126.611251539150203, 37.538968556471701 ], [ 126.611531028042961, 37.538967614707623 ], [ 126.611547355462477, 37.537724747587902 ], [ 126.611545350218321, 37.537544903872906 ], [ 126.611492831500257, 37.532773315183228 ], [ 126.610558036545157, 37.532822517762817 ], [ 126.609631780472071, 37.532865578514865 ], [ 126.609392234028832, 37.533196256933437 ], [ 126.606561901776459, 37.533187997014643 ], [ 126.606582318469052, 37.527800027871457 ], [ 126.60284, 37.528379 ], [ 126.60264749602544, 37.529792473061036 ], [ 126.602632564545843, 37.533176503144446 ], [ 126.602632027625646, 37.533277321872909 ], [ 126.602627899063663, 37.533287759387939 ], [ 126.602171704599343, 37.53328600281796 ], [ 126.602154, 37.533416 ], [ 126.599288106508681, 37.533597622327505 ], [ 126.599283637777447, 37.534384901976146 ], [ 126.599509444663312, 37.534557308956579 ], [ 126.599504790014805, 37.535340161159255 ], [ 126.599354248962143, 37.535459371832644 ], [ 126.599277086353851, 37.535520484310602 ], [ 126.599272007051937, 37.536402984117757 ], [ 126.599266591195715, 37.537348101252029 ], [ 126.59925947604728, 37.538601699400843 ], [ 126.602819852562888, 37.538851218591198 ], [ 126.60497506463804, 37.538860612840637 ], [ 126.604975087266979, 37.538860612916608 ] ] ] } },
{ "type": "Feature", "properties": { "present_sn": null, "lclas_cl": null, "mlsfc_cl": null, "sclas_cl": null, "atrb_se": "UQA430", "wtnnc_sn": null, "ntfc_sn": null, "dgm_nm": "자연녹지지역", "dgm_ar": "18438.599794497128", "dgm_lt": null, "sgg_cd": "28260", "drawing_no": null, "create_dat": null, "mnum": "62800002826020070017UQA4300001001", "alias": null, "remark": null, "ntfdate": null, "zone_name": "자연녹지지역", "region": "cheongna", "region_name": "청라국제업무지구", "layer_type": "landuse_zone", "area_m2": 18425.670063357193 }, "geometry": { "type": "Polygon", "coordinates": [ [ [ 126.648485405756972, 37.541429444419649 ], [ 126.648609133946039, 37.541446689732382 ], [ 126.6486091226311, 37.541446689698574 ], [ 126.649315680126094, 37.541860604540581 ], [ 126.649405562295172, 37.541984434037452 ], [ 126.649411547507242, 37.542107256517461 ], [ 126.649630034702113, 37.542277653849709 ], [ 126.649652525703914, 37.542861110404672 ], [ 126.649667528671642, 37.542870975871665 ], [ 126.649839198740324, 37.543011861105022 ], [ 126.649949551189735, 37.543126344816251 ], [ 126.650307575322529, 37.543486633894524 ], [ 126.650303140556275, 37.54337066360231 ], [ 126.650280297843352, 37.54276459137369 ], [ 126.650286410929724, 37.542657851522797 ], [ 126.650269201319801, 37.542204198057597 ], [ 126.650257791249771, 37.541599718418503 ], [ 126.650247260011639, 37.541275854024782 ], [ 126.65024380957378, 37.541169590255159 ], [ 126.650220021430641, 37.54116560920685 ], [ 126.650114534874703, 37.541147996398408 ], [ 126.649751126164944, 37.541189801500678 ], [ 126.649690671297904, 37.541196739213341 ], [ 126.64946799983511, 37.541243089168809 ], [ 126.649447839351495, 37.54124728172976 ], [ 126.64912687436393, 37.541240612149792 ], [ 126.649105737976726, 37.541233377213715 ], [ 126.648682616701677, 37.541220400952433 ], [ 126.648660725132686, 37.541219758911836 ], [ 126.648658632135266, 37.541219698598816 ], [ 126.648641416553232, 37.54117522845538 ], [ 126.648442902476233, 37.541209503342152 ], [ 126.648416918310062, 37.541296911575387 ], [ 126.648396282724477, 37.541305859752015 ], [ 126.64841128436565, 37.541315905573825 ], [ 126.648381850414495, 37.541415016324599 ], [ 126.648485405756972, 37.541429444419649 ] ] ] } },
{ "type": "Feature", "properties": { "present_sn": "28000UQ111PS201912180008", "lclas_cl": "UQA200", "mlsfc_cl": "UQA220", "sclas_cl": null, "atrb_se": "UQA220", "wtnnc_sn": "28000ARZ201907290001", "ntfc_sn": "28000NTC201907290003", "dgm_nm": "일반상업지역", "dgm_ar": "12624.805449004072", "dgm_lt": "11836.9140961", "sgg_cd": "28260", "drawing_no": null, "create_dat": "20191218", "mnum": "62805482826020180003UQA2200001002", "alias": null, "remark": null, "ntfdate": "20180122", "zone_name": "일반상업지역", "region": "cheongna", "region_name": "청라국제업무지구", "layer_type": "landuse_zone", "area_m2": 12616.009658106675 }, "geometry": { "type": "Polygon", "coordinates": [ [ [ 126.625123828851642, 37.553762607116084 ], [ 126.625977593236584, 37.553980525847727 ], [ 126.62603166023824, 37.553846261765166 ], [ 126.626055394004482, 37.553762365398136 ], [ 126.626104049536863, 37.553583314105275 ], [ 126.626147088712045, 37.553418390403763 ], [ 126.626189561861224, 37.553253464882367 ], [ 126.626226380565001, 37.5530877104826 ], [ 126.626255848270503, 37.552920941621061 ], [ 126.626279605023342, 37.552778174873332 ], [ 126.625379401131894, 37.552546163133925 ], [ 126.625377566077717, 37.552551013600592 ], [ 126.624907421693848, 37.553707362433833 ], [ 126.625123828851642, 37.553762607116084 ] ] ] } },
{ "type": "Feature", "properties": { "present_sn": "28000UQ111PS201912180008", "lclas_cl": "UQA200", "mlsfc_cl": "UQA220", "sclas_cl": null, "atrb_se": "UQA220", "wtnnc_sn": "28000ARZ201907290001", "ntfc_sn": "28000NTC201907290003", "dgm_nm": "일반상업지역", "dgm_ar": "84431.14806900392", "dgm_lt": "11836.9140961", "sgg_cd": "28260", "drawing_no": null, "create_dat": "20191218", "mnum": "62800002826020120291UQA2200001007", "alias": null, "remark": null, "ntfdate": "20121224", "zone_name": "일반상업지역", "region": "cheongna", "region_name": "청라국제업무지구", "layer_type": "landuse_zone", "area_m2": 84371.958257820675 }, "geometry": { "type": "Polygon", "coordinates": [ [ [ 126.644598528408423, 37.534194591765797 ], [ 126.649958029502343, 37.534210667251635 ], [ 126.64996158204157, 37.534210677826579 ], [ 126.653279201930943, 37.534220506841514 ], [ 126.653283810414081, 37.53322931523364 ], [ 126.653169655434581, 37.533228978585818 ], [ 126.652660540088405, 37.533227475839922 ], [ 126.652236164192132, 37.533226221540637 ], [ 126.651813032826226, 37.533224969401537 ], [ 126.651389901486581, 37.53322371574648 ], [ 126.650966770173213, 37.533222460575537 ], [ 126.650543638886148, 37.533221203888687 ], [ 126.650035881376482, 37.533219693863451 ], [ 126.649921839588089, 37.533219354413205 ], [ 126.649350953972913, 37.533217202997825 ], [ 126.649241098253938, 37.533216875372425 ], [ 126.64805350260896, 37.533213327053488 ], [ 126.646856856241655, 37.533209739613618 ], [ 126.646766460065422, 37.533209468121306 ], [ 126.646379080220044, 37.533208303896487 ], [ 126.645994302539478, 37.53320714623429 ], [ 126.645609411744331, 37.533205986977599 ], [ 126.645224520971297, 37.533204826466587 ], [ 126.64471540622614, 37.533203289472297 ], [ 126.64460325390985, 37.533202950594564 ], [ 126.644598528408423, 37.534194591765797 ] ] ] } },
{ "type": "Feature", "properties": { "present_sn": "28000UQ111PS202311060002", "lclas_cl": "UQA300", "mlsfc_cl": "UQA330", "sclas_cl": null, "atrb_se": "UQA330", "wtnnc_sn": "28000ARZ202311060003", "ntfc_sn": "28000NTC202311020002", "dgm_nm": "준공업지역", "dgm_ar": "176211.72", "dgm_lt": null, "sgg_cd": "28260", "drawing_no": null, "create_dat": null, "mnum": "62805482826020230060UQA3300001001", "alias": null, "remark": null, "ntfdate": "20231023", "zone_name": "준공업지역", "region": "cheongna", "region_name": "청라국제업무지구", "layer_type": "landuse_zone", "area_m2": 176089.10822831126 }, "geometry": { "type": "Polygon", "coordinates": [ [ [ 126.611541887259207, 37.547666675923082 ], [ 126.611631353969216, 37.547674900024312 ], [ 126.611721175655063, 37.547680151976074 ], [ 126.611811239617083, 37.547682341306974 ], [ 126.611901319997074, 37.547681377172658 ], [ 126.611991417252483, 37.547677169476003 ], [ 126.612080851017197, 37.5476699862689 ], [ 126.612117532969606, 37.547666503292326 ], [ 126.612670353355355, 37.547594624313675 ], [ 126.612712478524273, 37.547588906611018 ], [ 126.61279943200158, 37.547579912720778 ], [ 126.612886824058279, 37.547573623167743 ], [ 126.61297442885558, 37.547569947109238 ], [ 126.613018223770069, 37.54756955060855 ], [ 126.613684220152678, 37.547559756706654 ], [ 126.614142168739093, 37.547561539165812 ], [ 126.614142167387072, 37.547561800447326 ], [ 126.614430607366145, 37.547562656201876 ], [ 126.61480081205859, 37.547564400727381 ], [ 126.616810165577689, 37.547573811071516 ], [ 126.619188921587536, 37.547584897373603 ], [ 126.619192910272844, 37.546803890407389 ], [ 126.619198078194344, 37.545791937314007 ], [ 126.616819361881426, 37.545784212132169 ], [ 126.616217206212752, 37.545782248955433 ], [ 126.61481004168526, 37.545777649278335 ], [ 126.614817526096317, 37.54432863538279 ], [ 126.614815557233612, 37.544328628935531 ], [ 126.614434208904029, 37.544327379547696 ], [ 126.613263946506621, 37.544323537801482 ], [ 126.612093684332166, 37.5443196844586 ], [ 126.611969832626556, 37.54441172618823 ], [ 126.611970781016055, 37.544425181043898 ], [ 126.611939311031776, 37.544736449115696 ], [ 126.611898961461435, 37.54504705717514 ], [ 126.611839102904057, 37.545179484850216 ], [ 126.61182933829366, 37.545201076299065 ], [ 126.61154679713691, 37.546908791753921 ], [ 126.61156317141193, 37.547045615503642 ], [ 126.611472438197694, 37.547595538959619 ], [ 126.611541887259207, 37.547666675923082 ] ] ] } },
{ "type": "Feature", "properties": { "present_sn": "28000UQ111PS201912180008", "lclas_cl": "UQA200", "mlsfc_cl": "UQA220", "sclas_cl": null, "atrb_se": "UQA220", "wtnnc_sn": "28000ARZ201907290001", "ntfc_sn": "28000NTC201907290003", "dgm_nm": "일반상업지역", "dgm_ar": "23248.386412500826", "dgm_lt": "11836.9140961", "sgg_cd": "28260", "drawing_no": null, "create_dat": "20191218", "mnum": "62800002826020120291UQA2200001001", "alias": null, "remark": null, "ntfdate": "20121224", "zone_name": "일반상업지역", "region": "cheongna", "region_name": "청라국제업무지구", "layer_type": "landuse_zone", "area_m2": 23232.197903311979 }, "geometry": { "type": "Polygon", "coordinates": [ [ [ 126.622851221464657, 37.553404587481381 ], [ 126.623040300410509, 37.554461535831322 ], [ 126.623075640487315, 37.55465908198105 ], [ 126.623112669213185, 37.554674886803156 ], [ 126.623232360508212, 37.554725977757734 ], [ 126.623371994946979, 37.554785574690825 ], [ 126.623511640880551, 37.554845180505346 ], [ 126.623631310134428, 37.554896261974875 ], [ 126.623711116104019, 37.554930322311705 ], [ 126.623810842592533, 37.554972888547951 ], [ 126.624090124816007, 37.555092089932359 ], [ 126.624259189746383, 37.555164249517631 ], [ 126.624463617546212, 37.554511553089114 ], [ 126.624469460557265, 37.554492903333298 ], [ 126.624729702887677, 37.553661998485175 ], [ 126.622809587392823, 37.553171846570208 ], [ 126.622851221464657, 37.553404587481381 ] ] ] } },
{ "type": "Feature", "properties": { "present_sn": "28260UQ111PS190001010028", "lclas_cl": "UQA400", "mlsfc_cl": "UQA420", "sclas_cl": null, "atrb_se": "UQA420", "wtnnc_sn": "28000ARZ190001010230", "ntfc_sn": "28000NTC190001010530", "dgm_nm": "생산녹지지역", "dgm_ar": "277973.92715448415", "dgm_lt": "2574.03285036", "sgg_cd": "28260", "drawing_no": null, "create_dat": "2015-04-01", "mnum": "62800002826020060001UQA4200001001", "alias": null, "remark": null, "ntfdate": null, "zone_name": "생산녹지지역", "region": "cheongna", "region_name": "청라국제업무지구", "layer_type": "landuse_zone", "area_m2": 1720.321192405924 }, "geometry": { "type": "Polygon", "coordinates": [ [ [ 126.65032093761539, 37.543583376630231 ], [ 126.650283605470804, 37.543603240495358 ], [ 126.649941997228481, 37.543771159137371 ], [ 126.649756924688191, 37.543862148336054 ], [ 126.649074019219412, 37.544197892381369 ], [ 126.648556380996965, 37.544452316874057 ], [ 126.647818030735081, 37.544814495614503 ], [ 126.64876, 37.544441 ], [ 126.650323624788371, 37.543666020634745 ], [ 126.65032093761539, 37.543583376630231 ] ] ] } },
{ "type": "Feature", "properties": { "present_sn": "28260UQ111PS190201011384", "lclas_cl": "UQA100", "mlsfc_cl": "UQA120", "sclas_cl": "UQA122", "atrb_se": "UQA122", "wtnnc_sn": "28000ARZ190003020053", "ntfc_sn": "28000NTC190003010762", "dgm_nm": "제2종일반주거지역", "dgm_ar": "38702.950100998416", "dgm_lt": "838.74", "sgg_cd": "28260", "drawing_no": null, "create_dat": "2015-04-01", "mnum": "62800002826020120291UQA1220001005", "alias": null, "remark": null, "ntfdate": "20121224", "zone_name": "제2종일반주거지역", "region": "cheongna", "region_name": "청라국제업무지구", "layer_type": "landuse_zone", "area_m2": 38675.855598037771 }, "geometry": { "type": "Polygon", "coordinates": [ [ [ 126.642890436021389, 37.535718458232253 ], [ 126.642888805488425, 37.53605896388585 ], [ 126.644589618865581, 37.536064116425656 ], [ 126.644598528408423, 37.534194591765797 ], [ 126.64460325390985, 37.533202950594564 ], [ 126.644489133018538, 37.533202605659298 ], [ 126.643923563169622, 37.533200894572744 ], [ 126.643922068389756, 37.533561375732397 ], [ 126.643919710232325, 37.534102682721894 ], [ 126.642897731717156, 37.534100304670183 ], [ 126.642890436021389, 37.535718458232253 ] ] ] } },
{ "type": "Feature", "properties": { "present_sn": "28260UQ111PS190201011384", "lclas_cl": "UQA100", "mlsfc_cl": "UQA120", "sclas_cl": "UQA122", "atrb_se": "UQA122", "wtnnc_sn": "28000ARZ190003020053", "ntfc_sn": "28000NTC190003010762", "dgm_nm": "제2종일반주거지역", "dgm_ar": "20635.777499998076", "dgm_lt": "838.74", "sgg_cd": "28260", "drawing_no": null, "create_dat": "2015-04-01", "mnum": "62800002826020120291UQA1220001013", "alias": null, "remark": null, "ntfdate": "20121224", "zone_name": "제2종일반주거지역", "region": "cheongna", "region_name": "청라국제업무지구", "layer_type": "landuse_zone", "area_m2": 20621.26451208286 }, "geometry": { "type": "Polygon", "coordinates": [ [ [ 126.659797728516097, 37.537573206864728 ], [ 126.661410022004773, 37.537577861061763 ], [ 126.661415342165455, 37.536406383645122 ], [ 126.661392713836278, 37.536406318478093 ], [ 126.661393327613382, 37.536271171902712 ], [ 126.659803690541537, 37.536266583091304 ], [ 126.659797728516097, 37.537573206864728 ] ] ] } },
{ "type": "Feature", "properties": { "present_sn": null, "lclas_cl": null, "mlsfc_cl": null, "sclas_cl": null, "atrb_se": "UQA430", "wtnnc_sn": null, "ntfc_sn": null, "dgm_nm": "자연녹지지역", "dgm_ar": "832729.5013685081", "dgm_lt": null, "sgg_cd": "28260", "drawing_no": null, "create_dat": null, "mnum": "62800002826020160006UQA4300001002", "alias": null, "remark": null, "ntfdate": null, "zone_name": "자연녹지지역", "region": "cheongna", "region_name": "청라국제업무지구", "layer_type": "landuse_zone", "area_m2": 15827.922432826648 }, "geometry": { "type": "MultiPolygon", "coordinates": [ [ [ [ 126.61550468443933, 37.512106741886505 ], [ 126.615580526653957, 37.511875469315079 ], [ 126.615288522390742, 37.512047522426229 ], [ 126.61550468443933, 37.512106741886505 ] ] ], [ [ [ 126.616984734070769, 37.511112679048928 ], [ 126.616917, 37.511088 ], [ 126.61683950328414, 37.511133662179454 ], [ 126.616984734070769, 37.511112679048928 ] ] ], [ [ [ 126.634222648442318, 37.51688464828753 ], [ 126.634231649410182, 37.516940627831232 ], [ 126.634227394723808, 37.517024046388926 ], [ 126.634176080947896, 37.517108219597468 ], [ 126.633053542434666, 37.518418818778038 ], [ 126.632987654262763, 37.518521956889785 ], [ 126.632964286625253, 37.518604324652522 ], [ 126.632968593198584, 37.51864866684393 ], [ 126.632898898457356, 37.518789724741787 ], [ 126.632893551107031, 37.518910981429414 ], [ 126.63326095664155, 37.51913836238402 ], [ 126.633053, 37.518781 ], [ 126.634512, 37.516943 ], [ 126.633798404374431, 37.516608099525904 ], [ 126.634222648442318, 37.51688464828753 ] ] ], [ [ [ 126.636549617506702, 37.519649254166843 ], [ 126.636914719338606, 37.519355106601203 ], [ 126.636504030655146, 37.51966676397091 ], [ 126.636549617506702, 37.519649254166843 ] ] ], [ [ [ 126.638220873755614, 37.518494650670071 ], [ 126.638416337042159, 37.518494891294608 ], [ 126.638835828610283, 37.518483025607473 ], [ 126.639794493512767, 37.518364421566908 ], [ 126.643369576086485, 37.517902745703502 ], [ 126.643664735679593, 37.517870213501986 ], [ 126.643957901481386, 37.517805058639901 ], [ 126.644213064883999, 37.517715191035471 ], [ 126.644536178117377, 37.517584443046189 ], [ 126.645544149706339, 37.517170526805828 ], [ 126.644211, 37.517555 ], [ 126.638161099273958, 37.518487937765677 ], [ 126.638220873755614, 37.518494650670071 ] ] ], [ [ [ 126.649274910390687, 37.516112141252925 ], [ 126.649273952588118, 37.516094871745658 ], [ 126.649257853845683, 37.516099514536265 ], [ 126.649274910390687, 37.516112141252925 ] ] ] ] } },
{ "type": "Feature", "properties": { "present_sn": null, "lclas_cl": null, "mlsfc_cl": null, "sclas_cl": null, "atrb_se": "UQA430", "wtnnc_sn": null, "ntfc_sn": null, "dgm_nm": "자연녹지지역", "dgm_ar": "447601.45349950495", "dgm_lt": null, "sgg_cd": "28260", "drawing_no": null, "create_dat": null, "mnum": "62800002826020220000UQA4300001001", "alias": null, "remark": null, "ntfdate": null, "zone_name": "자연녹지지역", "region": "cheongna", "region_name": "청라국제업무지구", "layer_type": "landuse_zone", "area_m2": 411829.43554120749 }, "geometry": { "type": "Polygon", "coordinates": [ [ [ 126.608576432572619, 37.554188962001561 ], [ 126.608700544555091, 37.554325063265047 ], [ 126.608922833425396, 37.554450138450548 ], [ 126.609946012745553, 37.554794828962464 ], [ 126.610699848250917, 37.554982966402143 ], [ 126.611455534682236, 37.555052065475202 ], [ 126.612076489313864, 37.555092172094525 ], [ 126.612374191277141, 37.555102073333664 ], [ 126.612769401655299, 37.555142477878348 ], [ 126.613439354432288, 37.555146573718368 ], [ 126.613827472382226, 37.555179923731281 ], [ 126.614575616301209, 37.555205136315998 ], [ 126.6155, 37.555227 ], [ 126.616157450035118, 37.555351103952539 ], [ 126.616486111792, 37.55539639007862 ], [ 126.61687491297009, 37.555486536276327 ], [ 126.62271, 37.556588 ], [ 126.626658255262655, 37.557543788029363 ], [ 126.62715873353882, 37.55764325795483 ], [ 126.627431478349322, 37.557689982501046 ], [ 126.628355947593775, 37.557837966323156 ], [ 126.628550974893145, 37.557741906845912 ], [ 126.62859138501274, 37.557740592906704 ], [ 126.629123125237172, 37.557845704194655 ], [ 126.629865506207636, 37.557992471094131 ], [ 126.630064264649562, 37.558033640851093 ], [ 126.630348699283275, 37.558097243853254 ], [ 126.630588462325221, 37.55815430885297 ], [ 126.630825951540558, 37.558213528591089 ], [ 126.631000361239046, 37.558258134169854 ], [ 126.631258171241058, 37.558327778128692 ], [ 126.631557893750156, 37.558412869596509 ], [ 126.631728200686567, 37.558463407745293 ], [ 126.631940308183204, 37.558529122938552 ], [ 126.632130144186107, 37.558589992859133 ], [ 126.632362114738143, 37.558667211939834 ], [ 126.632521314326468, 37.558721228058488 ], [ 126.632687166608875, 37.558780310258477 ], [ 126.632913675743197, 37.558863637892124 ], [ 126.63311870646038, 37.558941942663154 ], [ 126.633233658880044, 37.558987564345522 ], [ 126.634916915547535, 37.558460885385173 ], [ 126.635051590505654, 37.55839419421936 ], [ 126.635385080614199, 37.558231276562381 ], [ 126.635407860763706, 37.55822015696468 ], [ 126.635329479916635, 37.558216850559063 ], [ 126.63528689112178, 37.558214673234765 ], [ 126.635244337957559, 37.558212153631374 ], [ 126.635201809063076, 37.558209300723504 ], [ 126.63511689212234, 37.558202568176078 ], [ 126.635032151533366, 37.558194493647413 ], [ 126.63494763261447, 37.558185068268749 ], [ 126.634863369322403, 37.558174292145999 ], [ 126.634779395525513, 37.558162183404612 ], [ 126.634741261799292, 37.558156226574191 ], [ 126.634690961931597, 37.558147907394329 ], [ 126.634646815172175, 37.558140337109201 ], [ 126.634564505411831, 37.558125863794984 ], [ 126.634514741126537, 37.558116807396907 ], [ 126.634422169794533, 37.558099328837756 ], [ 126.634324514603222, 37.558080014406798 ], [ 126.634239198658946, 37.558062387079808 ], [ 126.634160692071745, 37.558045546713863 ], [ 126.634032559965078, 37.558016775984441 ], [ 126.633952817366463, 37.557998138673511 ], [ 126.633854495221641, 37.557974109626585 ], [ 126.633785893876848, 37.557956822331981 ], [ 126.633696056690709, 37.557933468287345 ], [ 126.63310122821359, 37.557788699590688 ], [ 126.633028686197676, 37.557769624620406 ], [ 126.632260525728498, 37.557568918078168 ], [ 126.632115136139319, 37.557530946301505 ], [ 126.631941666568281, 37.557486390358015 ], [ 126.631659147250915, 37.557415571288935 ], [ 126.631266707631383, 37.557320720024812 ], [ 126.631026195057387, 37.557264609091334 ], [ 126.630800189676066, 37.557213498633701 ], [ 126.630800235570021, 37.5572133726399 ], [ 126.630584470767971, 37.557164951826508 ], [ 126.629768936222945, 37.556982649549347 ], [ 126.629422686147564, 37.556910849619996 ], [ 126.629038317864783, 37.556803051214217 ], [ 126.628835415063307, 37.55674263962981 ], [ 126.628783590455157, 37.556727204350821 ], [ 126.628556275958104, 37.556671445395175 ], [ 126.628083037647599, 37.556547244518981 ], [ 126.627602844612142, 37.556410946524551 ], [ 126.627375841567101, 37.556340797553069 ], [ 126.627371434550739, 37.556339450131041 ], [ 126.627289179669845, 37.55631468267319 ], [ 126.627193771310701, 37.556285954175443 ], [ 126.627066771921065, 37.556244556681484 ], [ 126.627014295241764, 37.556223874825506 ], [ 126.626910448882725, 37.556182947028326 ], [ 126.626774174752981, 37.55612923035897 ], [ 126.626475919693917, 37.556011677927195 ], [ 126.626241925162148, 37.55593244065971 ], [ 126.625725196697232, 37.555757709024064 ], [ 126.625300435303203, 37.55562778585783 ], [ 126.625119330623292, 37.555566121901528 ], [ 126.62500587021168, 37.555524477033323 ], [ 126.624875985249133, 37.555476770096405 ], [ 126.624820994716274, 37.555456601818207 ], [ 126.624781586832526, 37.555438906882628 ], [ 126.624746163955052, 37.555416449428577 ], [ 126.624682252474003, 37.55536542992008 ], [ 126.62460772580954, 37.5553098715678 ], [ 126.624562709939354, 37.555282157723468 ], [ 126.624495316009401, 37.555248516008248 ], [ 126.622930944069182, 37.554602459738362 ], [ 126.622892688074757, 37.554388569332957 ], [ 126.622715398338229, 37.554300839408718 ], [ 126.622360306848492, 37.55430264595531 ], [ 126.621714292960434, 37.554305921670924 ], [ 126.621035255374736, 37.554309321702064 ], [ 126.621015110519011, 37.554309436985605 ], [ 126.621015192941428, 37.554270965185076 ], [ 126.621015191969207, 37.554226636711988 ], [ 126.621015178199386, 37.554207085289498 ], [ 126.620859845269536, 37.554130631589913 ], [ 126.62044961228311, 37.554084709630665 ], [ 126.620199199585954, 37.554056240987663 ], [ 126.619883840275179, 37.554025309461792 ], [ 126.619318037028947, 37.553905720673384 ], [ 126.618752327123886, 37.553790364108288 ], [ 126.618186576753757, 37.553727442039978 ], [ 126.6176211055067, 37.553632352999678 ], [ 126.617583339575177, 37.553626013413471 ], [ 126.617300442618941, 37.553603397522501 ], [ 126.617197682029854, 37.553595197508791 ], [ 126.617054291486454, 37.553596262398983 ], [ 126.616747595767052, 37.553597786174841 ], [ 126.616750986147281, 37.553598698207622 ], [ 126.616088582209883, 37.553603745778602 ], [ 126.615431250070841, 37.553503120662768 ], [ 126.615344551001101, 37.553483465971993 ], [ 126.61533393376962, 37.553479466914141 ], [ 126.615128291665343, 37.553591867811477 ], [ 126.615051074645791, 37.553620716930986 ], [ 126.614929139090648, 37.553587071433952 ], [ 126.614884167838767, 37.553683059300816 ], [ 126.614808311431844, 37.553711372124724 ], [ 126.611476002537856, 37.552792561337768 ], [ 126.610209136828715, 37.5527922351041 ], [ 126.610179010105412, 37.552807668246395 ], [ 126.609870973045759, 37.553044507018782 ], [ 126.609624178446879, 37.553234246532256 ], [ 126.609012867276732, 37.553704332206387 ], [ 126.608664957286095, 37.553968425172293 ], [ 126.60853218580246, 37.554080696570736 ], [ 126.608576432572619, 37.554188962001561 ] ] ] } },
{ "type": "Feature", "properties": { "present_sn": "28260UQ111PS190001011581", "lclas_cl": "UQA200", "mlsfc_cl": "UQA210", "sclas_cl": null, "atrb_se": "UQA210", "wtnnc_sn": "28000ARZ190003020056", "ntfc_sn": "28000NTC190003010762", "dgm_nm": "중심상업지역", "dgm_ar": "267257.3636925144", "dgm_lt": "2202.00960585", "sgg_cd": "28260", "drawing_no": null, "create_dat": "2015-04-01", "mnum": "62800002826020120291UQA2100001002", "alias": null, "remark": null, "ntfdate": "20121224", "zone_name": "중심상업지역", "region": "cheongna", "region_name": "청라국제업무지구", "layer_type": "landuse_zone", "area_m2": 267071.38325635303 }, "geometry": { "type": "Polygon", "coordinates": [ [ [ 126.618262023105288, 37.534388368977368 ], [ 126.618278511449446, 37.534754656125564 ], [ 126.618302513854957, 37.535120679314865 ], [ 126.618334019624882, 37.535486339397607 ], [ 126.618373040643746, 37.53585154630786 ], [ 126.618419543631674, 37.536216191812024 ], [ 126.618473529157939, 37.536580185804681 ], [ 126.618534986523045, 37.536943429132599 ], [ 126.618603882398091, 37.53730582256776 ], [ 126.618680217349478, 37.537667276000626 ], [ 126.618763958091904, 37.538027681190812 ], [ 126.619777705506309, 37.53777499180665 ], [ 126.61979270709962, 37.537775274553724 ], [ 126.619807571526479, 37.537773610722226 ], [ 126.619821902600805, 37.537770035071219 ], [ 126.619835303769477, 37.53776465443778 ], [ 126.619847434867467, 37.537757611880906 ], [ 126.623544099100485, 37.536836077570065 ], [ 126.623956601444149, 37.536736693637707 ], [ 126.624371435555958, 37.536643631632288 ], [ 126.624788431593984, 37.5365569360374 ], [ 126.625207431123826, 37.536476633355434 ], [ 126.625628309610491, 37.536402759208748 ], [ 126.625849783258829, 37.536367424391386 ], [ 126.625849549684688, 37.536366621769062 ], [ 126.62580243889802, 37.536201600100732 ], [ 126.625792320716897, 37.536166159080231 ], [ 126.625780768780899, 37.536123325395025 ], [ 126.625721229339092, 37.535903114664244 ], [ 126.625713373139149, 37.535867861030631 ], [ 126.625688313866206, 37.535766059729447 ], [ 126.625650163581057, 37.535589975335739 ], [ 126.625616315493829, 37.535413364025445 ], [ 126.625586769122478, 37.535236315899482 ], [ 126.625566006206881, 37.535090109519075 ], [ 126.625561525341524, 37.535058650766068 ], [ 126.625540582311714, 37.534880729017317 ], [ 126.625524166279803, 37.53470255137568 ], [ 126.625511937798606, 37.534524116762256 ], [ 126.625504009523993, 37.534345515635763 ], [ 126.625500607248583, 37.534166838814699 ], [ 126.625501169095386, 37.534077462557683 ], [ 126.625500997947867, 37.53404394524523 ], [ 126.625492848942812, 37.533143111051444 ], [ 126.620680435609074, 37.533128772071784 ], [ 126.620676925534909, 37.533200524477564 ], [ 126.620671605543109, 37.533476921539283 ], [ 126.620671286118494, 37.533753343723085 ], [ 126.620675978859254, 37.534029746017147 ], [ 126.618253059565021, 37.534021908006778 ], [ 126.618262023105288, 37.534388368977368 ] ] ] } },
{ "type": "Feature", "properties": { "present_sn": "28260UQ111PS190001014689", "lclas_cl": "UQA100", "mlsfc_cl": "UQA130", "sclas_cl": null, "atrb_se": "UQA130", "wtnnc_sn": "28000ARZ190003020046", "ntfc_sn": "28000NTC190003010762", "dgm_nm": "준주거지역", "dgm_ar": "12015.004500005243", "dgm_lt": "529.320091773", "sgg_cd": "28260", "drawing_no": null, "create_dat": "2015-04-01", "mnum": "62800002826020120291UQA1300001006", "alias": null, "remark": null, "ntfdate": "20121224", "zone_name": "준주거지역", "region": "cheongna", "region_name": "청라국제업무지구", "layer_type": "landuse_zone", "area_m2": 12006.565833188746 }, "geometry": { "type": "Polygon", "coordinates": [ [ [ 126.655095063979019, 37.532784147278008 ], [ 126.656339561181198, 37.532787791092552 ], [ 126.656453715526695, 37.532788124673161 ], [ 126.656457868244786, 37.5318866968667 ], [ 126.655099233047167, 37.531882719600638 ], [ 126.655095063979019, 37.532784147278008 ] ] ] } },
{ "type": "Feature", "properties": { "present_sn": "28260UQ111PS190002211574", "lclas_cl": "UQA100", "mlsfc_cl": "UQA120", "sclas_cl": "UQA123", "atrb_se": "UQA123", "wtnnc_sn": "28000ARZ190003020054", "ntfc_sn": "28000NTC190003010762", "dgm_nm": "제3종일반주거지역", "dgm_ar": "612594.6456500007", "dgm_lt": "3102.91144265", "sgg_cd": "28260", "drawing_no": null, "create_dat": "2015-04-01", "mnum": "62800002826020120291UQA1230001002", "alias": null, "remark": null, "ntfdate": "20121224", "zone_name": "제3종일반주거지역", "region": "cheongna", "region_name": "청라국제업무지구", "layer_type": "landuse_zone", "area_m2": 612167.89269752789 }, "geometry": { "type": "Polygon", "coordinates": [ [ [ 126.619597094691287, 37.527967338383597 ], [ 126.62358381777382, 37.528989531889366 ], [ 126.623995273039839, 37.529091560356335 ], [ 126.624409103120144, 37.529187261019956 ], [ 126.624825183521196, 37.529276624448393 ], [ 126.625243322095471, 37.529359595946445 ], [ 126.625663394434994, 37.529436148066672 ], [ 126.62588773019516, 37.529473432908993 ], [ 126.626085253458356, 37.529506262301183 ], [ 126.626332488320827, 37.529543420869906 ], [ 126.626508706919978, 37.529569901980821 ], [ 126.626933619002315, 37.52962705764778 ], [ 126.627359842708287, 37.529677692781 ], [ 126.627787208277667, 37.529721797819136 ], [ 126.628215557307044, 37.529759354229249 ], [ 126.628644731391702, 37.529790343480613 ], [ 126.629074572036103, 37.529814765064295 ], [ 126.629504920833597, 37.529832600454121 ], [ 126.629935630600343, 37.529843849181269 ], [ 126.630366531570544, 37.52984850169819 ], [ 126.631939883496003, 37.529853435492448 ], [ 126.631947718873874, 37.529558584260258 ], [ 126.631963630808684, 37.52926393848206 ], [ 126.631987618494207, 37.528969642310194 ], [ 126.632019647230209, 37.528675830779441 ], [ 126.63205973883764, 37.528382648109684 ], [ 126.632107835992258, 37.528090229261707 ], [ 126.632163937891164, 37.527798718381455 ], [ 126.632228021151363, 37.52750825053279 ], [ 126.632300039721514, 37.52721896971704 ], [ 126.632379970266456, 37.526931001985282 ], [ 126.632467766738657, 37.526644491335944 ], [ 126.632563394405537, 37.526359581801351 ], [ 126.631004599238068, 37.525910252911594 ], [ 126.631283732722949, 37.525296031477431 ], [ 126.629815801828968, 37.524872866120511 ], [ 126.629536669302041, 37.525487075099328 ], [ 126.628731605251872, 37.525254991710234 ], [ 126.628911225794397, 37.524859438309782 ], [ 126.628188407813752, 37.52465099133169 ], [ 126.628688889718205, 37.523549787481464 ], [ 126.628579768796868, 37.5235183498203 ], [ 126.627539510860203, 37.523218454743706 ], [ 126.627635477505422, 37.523006755586692 ], [ 126.627115726839392, 37.522856689104408 ], [ 126.62633918260245, 37.524565250064953 ], [ 126.624186437849403, 37.523944547972754 ], [ 126.624233742473422, 37.523837490297723 ], [ 126.624545006239657, 37.52313313513848 ], [ 126.623587670247858, 37.522857084857456 ], [ 126.623276375639122, 37.523561518499299 ], [ 126.62322909281643, 37.523668503783817 ], [ 126.621563315182726, 37.523188164088424 ], [ 126.621260882202321, 37.523100948063828 ], [ 126.619824368508148, 37.526378466720608 ], [ 126.619666190044015, 37.526749739685052 ], [ 126.619516189557601, 37.527123165195647 ], [ 126.61937440169352, 37.52749862626689 ], [ 126.619240883770914, 37.527875996975219 ], [ 126.619597094691287, 37.527967338383597 ] ] ] } },
{ "type": "Feature", "properties": { "present_sn": "28000UQ111PS201600002521", "lclas_cl": "UQA400", "mlsfc_cl": "UQA430", "sclas_cl": null, "atrb_se": "UQA430", "wtnnc_sn": "28000ARZ201600002521", "ntfc_sn": "28000NTC201407290243", "dgm_nm": "자연녹지지역", "dgm_ar": "149063.79289999817", "dgm_lt": "1980.13373526", "sgg_cd": "28260", "drawing_no": null, "create_dat": "2015-04-01", "mnum": "62800002826020060034UQA4300001002", "alias": null, "remark": null, "ntfdate": null, "zone_name": "자연녹지지역", "region": "cheongna", "region_name": "청라국제업무지구", "layer_type": "landuse_zone", "area_m2": 148540.14005630245 }, "geometry": { "type": "Polygon", "coordinates": [ [ [ 126.609755038923311, 37.552556779611173 ], [ 126.609833473340089, 37.552425225686299 ], [ 126.610111370536572, 37.552368213816891 ], [ 126.610348783721207, 37.551958962175782 ], [ 126.610318482406655, 37.551672258389289 ], [ 126.61019988976993, 37.551498065382049 ], [ 126.61003713711267, 37.551350485119734 ], [ 126.607405622583258, 37.549258653311803 ], [ 126.607206733059442, 37.549141762209558 ], [ 126.606911669538476, 37.549022387060468 ], [ 126.606754220406557, 37.548944285949965 ], [ 126.605714707403749, 37.548860168041855 ], [ 126.605698128826972, 37.549110631501321 ], [ 126.60587145561621, 37.549860679103894 ], [ 126.606019969554026, 37.550195090806902 ], [ 126.606090183326501, 37.550744305319682 ], [ 126.605861896636739, 37.551129612810364 ], [ 126.60584945424489, 37.551271953811423 ], [ 126.605962505106731, 37.551456376807678 ], [ 126.60603816882373, 37.551593237612913 ], [ 126.606087602497823, 37.551682672772884 ], [ 126.606574857920663, 37.551797016711703 ], [ 126.606766491289108, 37.552282387485803 ], [ 126.606766749675131, 37.552340682083027 ], [ 126.606766926707294, 37.552399381850982 ], [ 126.606767156205891, 37.552478173760058 ], [ 126.606767464806495, 37.552565570339489 ], [ 126.60676856879013, 37.552875512869527 ], [ 126.606540958201322, 37.553374437982669 ], [ 126.606478519624702, 37.553544479212988 ], [ 126.606525828555192, 37.553687326447367 ], [ 126.606675801057989, 37.553991844363509 ], [ 126.60686353494836, 37.554194692423003 ], [ 126.606879972677916, 37.554207270890842 ], [ 126.607458767406285, 37.554330429200938 ], [ 126.607692752340938, 37.554213561122452 ], [ 126.607745281285034, 37.554391394796163 ], [ 126.607773284618389, 37.55439735345999 ], [ 126.608425825199234, 37.553900415865812 ], [ 126.609880815096901, 37.552792146718389 ], [ 126.611476206236276, 37.55279256201063 ], [ 126.610522229837684, 37.55252949984358 ], [ 126.610232500371211, 37.552576832929148 ], [ 126.610140892625381, 37.552609054896763 ], [ 126.609755038923311, 37.552556779611173 ] ] ] } },
{ "type": "Feature", "properties": { "present_sn": null, "lclas_cl": null, "mlsfc_cl": null, "sclas_cl": null, "atrb_se": "UQA330", "wtnnc_sn": null, "ntfc_sn": null, "dgm_nm": "준공업지역", "dgm_ar": "950719.5308640007", "dgm_lt": null, "sgg_cd": "28260", "drawing_no": null, "create_dat": null, "mnum": "62800002826020220404UQA3300001001", "alias": null, "remark": null, "ntfdate": null, "zone_name": "준공업지역", "region": "cheongna", "region_name": "청라국제업무지구", "layer_type": "landuse_zone", "area_m2": 786.0229098505207 }, "geometry": { "type": "MultiPolygon", "coordinates": [ [ [ [ 126.638457135293464, 37.556730432140576 ], [ 126.638661449899217, 37.556816383487643 ], [ 126.638662646733962, 37.556770960538294 ], [ 126.638236166918674, 37.55663743220606 ], [ 126.638457135293464, 37.556730432140576 ] ] ], [ [ [ 126.643317478708283, 37.547298977934936 ], [ 126.642653202924421, 37.547561214806223 ], [ 126.643267, 37.547504 ], [ 126.64341265156115, 37.54725834569058 ], [ 126.643317478708283, 37.547298977934936 ] ] ], [ [ [ 126.64024056428029, 37.548791655673057 ], [ 126.640263, 37.548797 ], [ 126.640282665002786, 37.548782273522185 ], [ 126.64024056428029, 37.548791655673057 ] ] ] ] } },
{ "type": "Feature", "properties": { "present_sn": "28000UQ111PS201407298061", "lclas_cl": "UQA300", "mlsfc_cl": "UQA330", "sclas_cl": null, "atrb_se": "UQA330", "wtnnc_sn": "28000ARZ201407290078", "ntfc_sn": "28000NTC201407290243", "dgm_nm": "준공업지역", "dgm_ar": "11877.624374998297", "dgm_lt": "454.852226", "sgg_cd": "28260", "drawing_no": null, "create_dat": "2015-04-01", "mnum": "62805482826020200032UQA3300001001", "alias": null, "remark": null, "ntfdate": "20201003", "zone_name": "준공업지역", "region": "cheongna", "region_name": "청라국제업무지구", "layer_type": "landuse_zone", "area_m2": 11869.343339594667 }, "geometry": { "type": "Polygon", "coordinates": [ [ [ 126.62878354419108, 37.518370823600321 ], [ 126.629037828492912, 37.518484609994466 ], [ 126.629137264954664, 37.51852862157466 ], [ 126.629308626252737, 37.518598853323915 ], [ 126.630108661300753, 37.51745566252842 ], [ 126.62971130495238, 37.517279448989335 ], [ 126.629615482017201, 37.517236935898516 ], [ 126.629298240179651, 37.517096156883007 ], [ 126.629114801851031, 37.517358253623705 ], [ 126.628755962337166, 37.517871371362311 ], [ 126.628770499775911, 37.517877760214837 ], [ 126.628511089697923, 37.518248870362498 ], [ 126.62878354419108, 37.518370823600321 ] ] ] } },
{ "type": "Feature", "properties": { "present_sn": "28260UQ111PS190002211574", "lclas_cl": "UQA100", "mlsfc_cl": "UQA120", "sclas_cl": "UQA123", "atrb_se": "UQA123", "wtnnc_sn": "28000ARZ190003020054", "ntfc_sn": "28000NTC190003010762", "dgm_nm": "제3종일반주거지역", "dgm_ar": "396133.34416748874", "dgm_lt": "3102.91144265", "sgg_cd": "28260", "drawing_no": null, "create_dat": "2015-04-01", "mnum": "62800002826020120291UQA1230001005", "alias": null, "remark": null, "ntfdate": "20121224", "zone_name": "제3종일반주거지역", "region": "cheongna", "region_name": "청라국제업무지구", "layer_type": "landuse_zone", "area_m2": 395855.64786486758 }, "geometry": { "type": "Polygon", "coordinates": [ [ [ 126.644580283719804, 37.538025134563199 ], [ 126.644575345066229, 37.539061256058389 ], [ 126.644562201859884, 37.541818419510662 ], [ 126.644706419806823, 37.541812269122808 ], [ 126.644849989090446, 37.541799764636373 ], [ 126.644992468219542, 37.541780940760276 ], [ 126.645133415661221, 37.541755841215206 ], [ 126.645272400984808, 37.541724554806869 ], [ 126.645408982361147, 37.541687188328197 ], [ 126.645542763266505, 37.54164383970074 ], [ 126.645673301706225, 37.541594651760079 ], [ 126.64833893578718, 37.540517089568539 ], [ 126.648472212397891, 37.540467104825915 ], [ 126.648608966469524, 37.540423482289413 ], [ 126.648748722047515, 37.540386382703289 ], [ 126.648890992035945, 37.540355930740901 ], [ 126.649035278112194, 37.540332233024621 ], [ 126.64918107076862, 37.540315369115937 ], [ 126.649327860584279, 37.540305400559426 ], [ 126.649475138224389, 37.54030237088255 ], [ 126.650186360120273, 37.54030448889624 ], [ 126.653250856333244, 37.540313565954484 ], [ 126.65326057630628, 37.538223572052637 ], [ 126.65326633272764, 37.536985720847944 ], [ 126.653270497753354, 37.536090033212169 ], [ 126.650032955462549, 37.536080442133105 ], [ 126.650028757930826, 37.536080429640485 ], [ 126.644589630179667, 37.536064116459862 ], [ 126.644580283719804, 37.538025134563199 ] ] ] } },
{ "type": "Feature", "properties": { "present_sn": "28260UQ111PS190201011384", "lclas_cl": "UQA100", "mlsfc_cl": "UQA120", "sclas_cl": "UQA122", "atrb_se": "UQA122", "wtnnc_sn": "28000ARZ190003020053", "ntfc_sn": "28000NTC190003010762", "dgm_nm": "제2종일반주거지역", "dgm_ar": "26112.00932999639", "dgm_lt": "838.74", "sgg_cd": "28260", "drawing_no": null, "create_dat": "2015-04-01", "mnum": "62800002826020120291UQA1220001011", "alias": null, "remark": null, "ntfdate": "20121224", "zone_name": "제2종일반주거지역", "region": "cheongna", "region_name": "청라국제업무지구", "layer_type": "landuse_zone", "area_m2": 26093.670139955015 }, "geometry": { "type": "Polygon", "coordinates": [ [ [ 126.655106733151001, 37.53026096031072 ], [ 126.655099233047167, 37.531882719600638 ], [ 126.656457868244786, 37.5318866968667 ], [ 126.656458280684021, 37.531797166743047 ], [ 126.656466892638662, 37.529927638336751 ], [ 126.655108292971917, 37.529923661351191 ], [ 126.655106733151001, 37.53026096031072 ] ] ] } },
{ "type": "Feature", "properties": { "present_sn": null, "lclas_cl": null, "mlsfc_cl": null, "sclas_cl": null, "atrb_se": "UQA320", "wtnnc_sn": null, "ntfc_sn": null, "dgm_nm": "일반공업지역", "dgm_ar": "114468.27080249245", "dgm_lt": null, "sgg_cd": "28260", "drawing_no": null, "create_dat": null, "mnum": "62800002826020150288UQA3200001002", "alias": null, "remark": null, "ntfdate": "20151109", "zone_name": "일반공업지역", "region": "cheongna", "region_name": "청라국제업무지구", "layer_type": "landuse_zone", "area_m2": 114388.20992695849 }, "geometry": { "type": "Polygon", "coordinates": [ [ [ 126.636836927342458, 37.521968525803324 ], [ 126.636937158133961, 37.52201624534473 ], [ 126.637036944950424, 37.52206456709461 ], [ 126.637136265213314, 37.522113481974529 ], [ 126.637235118923982, 37.52216298998561 ], [ 126.637333506040065, 37.522213100138821 ], [ 126.637431415338568, 37.522263794380898 ], [ 126.637528835465005, 37.522315081687942 ], [ 126.637625766464396, 37.522366953051375 ], [ 126.637722197025965, 37.522419408437543 ], [ 126.637818138506645, 37.522472438872747 ], [ 126.638118254623095, 37.522639667431953 ], [ 126.638257659445969, 37.52271578846053 ], [ 126.639347542921087, 37.523227095749426 ], [ 126.640484828426779, 37.52373145608648 ], [ 126.640583365506927, 37.52377479754923 ], [ 126.640680571719187, 37.523817332982475 ], [ 126.640767845173954, 37.523855287997527 ], [ 126.640854928100637, 37.523892890980022 ], [ 126.640941831853411, 37.523930132955137 ], [ 126.641018960646349, 37.523962903149709 ], [ 126.641095966675721, 37.523995339552847 ], [ 126.641172883963847, 37.52402742424875 ], [ 126.641316867157443, 37.52408656295129 ], [ 126.641460597237696, 37.524144277141914 ], [ 126.641604154031199, 37.524200431916249 ], [ 126.64173801886345, 37.524251331250298 ], [ 126.641862269748074, 37.524297209672028 ], [ 126.641982236069353, 37.524340164722197 ], [ 126.642071286135632, 37.52437119556609 ], [ 126.642160667272151, 37.524401614676698 ], [ 126.642250368121623, 37.524431431028653 ], [ 126.642340388768659, 37.524460626601673 ], [ 126.64243072921137, 37.524489201395042 ], [ 126.642521366780073, 37.524517164349014 ], [ 126.642612301516039, 37.52454450645314 ], [ 126.642703522148111, 37.524571218662615 ], [ 126.642795039943536, 37.524597310020859 ], [ 126.642796271308256, 37.524597665146871 ], [ 126.642806947338528, 37.524600652818869 ], [ 126.642817623369609, 37.524603640489921 ], [ 126.642828299444716, 37.524606619150219 ], [ 126.642838975563791, 37.524609588799784 ], [ 126.642849663039215, 37.524612549472963 ], [ 126.642860350558621, 37.524615501135415 ], [ 126.642871038078894, 37.524618452796908 ], [ 126.642881736998618, 37.524621386472226 ], [ 126.64289243596231, 37.524624311136819 ], [ 126.642903134970013, 37.524627226790663 ], [ 126.642913845290849, 37.524630142477896 ], [ 126.642924555698798, 37.524633040144614 ], [ 126.642935266107585, 37.524635937810352 ], [ 126.642945976603443, 37.524638817455596 ], [ 126.642956698412476, 37.524641697134214 ], [ 126.642967431577901, 37.524644567836425 ], [ 126.64297815351793, 37.524647420483781 ], [ 126.642988886771178, 37.524650273164482 ], [ 126.64299962006838, 37.524653116834479 ], [ 126.643010353409494, 37.524655951493706 ], [ 126.643021098106928, 37.524658777176519 ], [ 126.643031842848274, 37.524661593848592 ], [ 126.643042598945925, 37.524664401544264 ], [ 126.643053343775136, 37.524667200194848 ], [ 126.643064099960625, 37.524669989869032 ], [ 126.643074867502378, 37.52467277056676 ], [ 126.643085623775676, 37.524675542219427 ], [ 126.643096391405237, 37.524678304895673 ], [ 126.643107159035623, 37.524681067570953 ], [ 126.643117938065359, 37.524683812260015 ], [ 126.643128717139021, 37.524686547938337 ], [ 126.64313949621345, 37.524689283615686 ], [ 126.643150275374865, 37.524692001272484 ], [ 126.643161065849455, 37.52469471896265 ], [ 126.643171856411016, 37.524697418632293 ], [ 126.643182646973372, 37.524700118300906 ], [ 126.64319344889195, 37.524702808993133 ], [ 126.643204250897497, 37.52470548166481 ], [ 126.643215052903827, 37.524708154335507 ], [ 126.643224362108143, 37.524710732377777 ], [ 126.643853965218199, 37.522707486360261 ], [ 126.643910364410274, 37.522523368509262 ], [ 126.642743386055798, 37.522291725775951 ], [ 126.641576415048732, 37.522060062531381 ], [ 126.640409451346684, 37.521828387785597 ], [ 126.639242494950153, 37.521596701538904 ], [ 126.638075545859678, 37.521365003791566 ], [ 126.63806947706945, 37.521363813829929 ], [ 126.638058469321209, 37.521361716689476 ], [ 126.638047449868409, 37.521359700601153 ], [ 126.638036396043589, 37.521357774505077 ], [ 126.638025330557809, 37.521355920451349 ], [ 126.638014230699952, 37.521354156389862 ], [ 126.638003119181064, 37.521352464370693 ], [ 126.637991995913737, 37.521350862413392 ], [ 126.637980838317915, 37.521349341438551 ], [ 126.637969680329135, 37.521347901550605 ], [ 126.637958488011762, 37.521346542645091 ], [ 126.637947295257689, 37.521345273836239 ], [ 126.637936079530505, 37.52134407703489 ], [ 126.637924852054667, 37.52134297029535 ], [ 126.637913612873831, 37.521341944607876 ], [ 126.637902373299823, 37.521341000007268 ], [ 126.637891110708921, 37.521340136423916 ], [ 126.637879836369166, 37.521339362902367 ], [ 126.637868561679852, 37.521338661457911 ], [ 126.637857275241629, 37.521338050075308 ], [ 126.637845977054482, 37.521337528754493 ], [ 126.637834678517649, 37.521337079510779 ], [ 126.637823379543661, 37.521336720363706 ], [ 126.63781208017619, 37.521336442303479 ], [ 126.637800769103407, 37.521336245295295 ], [ 126.637789457593314, 37.521336138383774 ], [ 126.637778145689637, 37.521336112559084 ], [ 126.637766833392348, 37.521336167821275 ], [ 126.637755520701447, 37.521336304170312 ], [ 126.637744207573064, 37.521336530615983 ], [ 126.637732905406565, 37.521336829173599 ], [ 126.637721602802543, 37.521337217827842 ], [ 126.637710311072894, 37.521337696613557 ], [ 126.637699018993104, 37.521338247476365 ], [ 126.637687737787545, 37.52133888847068 ], [ 126.637676456188089, 37.521339610551834 ], [ 126.637665196818389, 37.521340413789574 ], [ 126.637653937010967, 37.521341307123926 ], [ 126.637642688165144, 37.521342272570237 ], [ 126.637631450193325, 37.521343328148028 ], [ 126.637620234451148, 37.521344464882411 ], [ 126.637609029582947, 37.521345691748294 ], [ 126.637597835676189, 37.52134699072613 ], [ 126.637586652643307, 37.521348379835466 ], [ 126.637575491883666, 37.521349841091627 ], [ 126.637564353309727, 37.521351392514177 ], [ 126.637553225653306, 37.52135302505846 ], [ 126.637542120226271, 37.521354738759335 ], [ 126.637531037028594, 37.521356533616846 ], [ 126.63751997606019, 37.52135840963097 ], [ 126.637508926009218, 37.521360366766864 ], [ 126.637497909499317, 37.521362405094223 ], [ 126.637486915174861, 37.521364533588006 ], [ 126.637475954435203, 37.52136673426353 ], [ 126.637465004612778, 37.521369016060866 ], [ 126.637454088331381, 37.521371379049697 ], [ 126.637443205590856, 37.521373823230057 ], [ 126.637432345079404, 37.521376348567102 ], [ 126.637421518108809, 37.521378955095685 ], [ 126.637410713410929, 37.521381633771171 ], [ 126.637399953522007, 37.521384402682884 ], [ 126.637389215905714, 37.521387243741493 ], [ 126.637378511830178, 37.521390165991725 ], [ 126.637367852650996, 37.521393160458636 ], [ 126.637357215656863, 37.521396245092021 ], [ 126.637346623558997, 37.521399401942134 ], [ 126.637336065045588, 37.521402630974087 ], [ 126.637325551340822, 37.521405950242318 ], [ 126.637315071220414, 37.521409341692419 ], [ 126.637304624684361, 37.521412805324381 ], [ 126.637294223000666, 37.521416350182911 ], [ 126.637283866213124, 37.52141996725819 ], [ 126.637273554277925, 37.521423665560043 ], [ 126.637263275883129, 37.521427445053568 ], [ 126.637253053740068, 37.521431287789014 ], [ 126.637242865137409, 37.521435211716174 ], [ 126.637232732698848, 37.521439216904817 ], [ 126.637222645200083, 37.521443285300542 ], [ 126.63721260255349, 37.521447434922891 ], [ 126.637025313035409, 37.521525675775365 ], [ 126.636907042668966, 37.521575072457409 ], [ 126.636554463518209, 37.521722358684357 ], [ 126.636544420885357, 37.521726490229774 ], [ 126.636534310774849, 37.521730540476668 ], [ 126.636524144586389, 37.521734491440434 ], [ 126.636513922276194, 37.521738352130846 ], [ 126.636503655156147, 37.521742122582815 ], [ 126.636493320646366, 37.521745793716683 ], [ 126.636482941326804, 37.521749374612085 ], [ 126.636472505929461, 37.521752856224303 ], [ 126.636462025766349, 37.521756238588281 ], [ 126.636451489481615, 37.521759530678835 ], [ 126.636440919743066, 37.521762723556037 ], [ 126.636430293926878, 37.521765817150047 ], [ 126.636419623301137, 37.521768820505493 ], [ 126.636412951622489, 37.521770637903685 ], [ 126.636836927342458, 37.521968525803324 ] ] ] } },
{ "type": "Feature", "properties": { "present_sn": "28260UQ111PS190001014689", "lclas_cl": "UQA100", "mlsfc_cl": "UQA130", "sclas_cl": null, "atrb_se": "UQA130", "wtnnc_sn": "28000ARZ190003020046", "ntfc_sn": "28000NTC190003010762", "dgm_nm": "준주거지역", "dgm_ar": "159206.6574999997", "dgm_lt": "529.320091773", "sgg_cd": "28260", "drawing_no": null, "create_dat": "2015-04-01", "mnum": "62800002826020120291UQA1300001003", "alias": null, "remark": null, "ntfdate": "20121224", "zone_name": "준주거지역", "region": "cheongna", "region_name": "청라국제업무지구", "layer_type": "landuse_zone", "area_m2": 159095.04560869141 }, "geometry": { "type": "Polygon", "coordinates": [ [ [ 126.644589630179667, 37.536064116459862 ], [ 126.650028757930826, 37.536080429640485 ], [ 126.650032955462549, 37.536080442133105 ], [ 126.653270497753354, 37.536090033212169 ], [ 126.653279190617098, 37.534220506808161 ], [ 126.64996158204157, 37.534210677826579 ], [ 126.649958029502343, 37.534210667251635 ], [ 126.644598539722239, 37.534194591799981 ], [ 126.644589630179667, 37.536064116459862 ] ] ] } },
{ "type": "Feature", "properties": { "present_sn": "28260UQ111PS202009140002", "lclas_cl": "UQA100", "mlsfc_cl": "UQA122", "sclas_cl": null, "atrb_se": "UQA122", "wtnnc_sn": "28260ARZ202009060002", "ntfc_sn": "28260NTC202009090001", "dgm_nm": "제2종일반주거지역", "dgm_ar": "159383.37237251177", "dgm_lt": "0", "sgg_cd": "28260", "drawing_no": null, "create_dat": "2020-09-14", "mnum": "16130002826020151095UQA1220001005", "alias": null, "remark": null, "ntfdate": null, "zone_name": "제2종일반주거지역", "region": "cheongna", "region_name": "청라국제업무지구", "layer_type": "landuse_zone", "area_m2": 25406.697529279649 }, "geometry": { "type": "Polygon", "coordinates": [ [ [ 126.661184323010119, 37.534731527278396 ], [ 126.661359126415078, 37.534756177390875 ], [ 126.661399955345445, 37.534809273144724 ], [ 126.661467437871806, 37.53479811500312 ], [ 126.662200801838679, 37.534676347298237 ], [ 126.662678870096286, 37.534615371409778 ], [ 126.662738869606372, 37.534607614830357 ], [ 126.662738056599068, 37.534587250141094 ], [ 126.662706191912832, 37.534180542267066 ], [ 126.662662464324654, 37.534017788239503 ], [ 126.662630908390838, 37.533615496041023 ], [ 126.662604180880862, 37.533273854253729 ], [ 126.662579237587877, 37.532960508631845 ], [ 126.662568341867583, 37.532818121019574 ], [ 126.66255979614418, 37.532706463890804 ], [ 126.66254337379857, 37.532485313920603 ], [ 126.662325879588394, 37.532495140961672 ], [ 126.662349262378115, 37.532828033650489 ], [ 126.662357020332749, 37.532938697440869 ], [ 126.662089539010765, 37.533018747762178 ], [ 126.661953686565681, 37.53306285711534 ], [ 126.661734396454534, 37.533293600511151 ], [ 126.661354392259256, 37.53365866871416 ], [ 126.661025032364378, 37.533810707612119 ], [ 126.660932377318801, 37.533908918581758 ], [ 126.660825322330552, 37.533989068151641 ], [ 126.660738342489509, 37.534431293034402 ], [ 126.661184323010119, 37.534731527278396 ] ] ] } },
{ "type": "Feature", "properties": { "present_sn": "28260UQ111PS190001211458", "lclas_cl": "UQA100", "mlsfc_cl": "UQA120", "sclas_cl": "UQA121", "atrb_se": "UQA121", "wtnnc_sn": "28000ARZ190003020041", "ntfc_sn": "28000NTC190003010762", "dgm_nm": "제1종일반주거지역", "dgm_ar": "27934.839999999967", "dgm_lt": "693.219684157", "sgg_cd": "28260", "drawing_no": null, "create_dat": "2015-04-01", "mnum": "62800002826020120291UQA1210001008", "alias": null, "remark": null, "ntfdate": "20121224", "zone_name": "제1종일반주거지역", "region": "cheongna", "region_name": "청라국제업무지구", "layer_type": "landuse_zone", "area_m2": 27915.224494140413 }, "geometry": { "type": "Polygon", "coordinates": [ [ [ 126.653266344041867, 37.536985720881297 ], [ 126.654566237474612, 37.536989546865442 ], [ 126.654566154660955, 37.537007422237622 ], [ 126.655131867046521, 37.537009082834622 ], [ 126.655131949725146, 37.536991207461355 ], [ 126.656434332644906, 37.53699502018506 ], [ 126.656438459783729, 37.536099332249435 ], [ 126.655079748171104, 37.536095354380151 ], [ 126.654627183783049, 37.536094025947115 ], [ 126.653270509067454, 37.536090033245529 ], [ 126.653266344041867, 37.536985720881297 ] ] ] } },
{ "type": "Feature", "properties": { "present_sn": "28260UQ111PS190201011384", "lclas_cl": "UQA100", "mlsfc_cl": "UQA120", "sclas_cl": "UQA122", "atrb_se": "UQA122", "wtnnc_sn": "28000ARZ190003020053", "ntfc_sn": "28000NTC190003010762", "dgm_nm": "제2종일반주거지역", "dgm_ar": "35810.83279650196", "dgm_lt": "838.74", "sgg_cd": "28260", "drawing_no": null, "create_dat": "2015-04-01", "mnum": "62800002826020120291UQA1220001004", "alias": null, "remark": null, "ntfdate": "20121224", "zone_name": "제2종일반주거지역", "region": "cheongna", "region_name": "청라국제업무지구", "layer_type": "landuse_zone", "area_m2": 35785.778139199305 }, "geometry": { "type": "Polygon", "coordinates": [ [ [ 126.640582127010916, 37.534182385392796 ], [ 126.640573117214473, 37.536051909231183 ], [ 126.642436241916428, 37.536057588738295 ], [ 126.642437854203919, 37.535721317686111 ], [ 126.642445181275775, 37.534098659325146 ], [ 126.640864536215787, 37.534092851932627 ], [ 126.640582563715199, 37.534091765277509 ], [ 126.640582127010916, 37.534182385392796 ] ] ] } },
{ "type": "Feature", "properties": { "present_sn": "28000UQ111PS202406180001", "lclas_cl": "UQA100", "mlsfc_cl": "UQA130", "sclas_cl": null, "atrb_se": "UQA130", "wtnnc_sn": "28000ARZ202406180001", "ntfc_sn": "28000NTC202406040001", "dgm_nm": "준주거지역", "dgm_ar": "104023.32", "dgm_lt": null, "sgg_cd": "28260", "drawing_no": null, "create_dat": "2024-07-27 14:16:38", "mnum": "62805482826020240066UQA1300001001", "alias": null, "remark": null, "ntfdate": null, "zone_name": "준주거지역", "region": "cheongna", "region_name": "청라국제업무지구", "layer_type": "landuse_zone", "area_m2": 103950.99656613728 }, "geometry": { "type": "Polygon", "coordinates": [ [ [ 126.61481004168526, 37.545777649278335 ], [ 126.616217206212752, 37.545782248955433 ], [ 126.616819361881426, 37.545784212132169 ], [ 126.619198078194344, 37.545791937314007 ], [ 126.619192910272844, 37.546803890407389 ], [ 126.619188921587536, 37.547584897373603 ], [ 126.619867174504492, 37.547588055450795 ], [ 126.620282982009286, 37.54758998422551 ], [ 126.620453874151181, 37.547563686425811 ], [ 126.620811563741114, 37.547565398750102 ], [ 126.620665226546151, 37.546746633155394 ], [ 126.620656985970129, 37.546700440039722 ], [ 126.620651364688371, 37.546668770260624 ], [ 126.620573521323834, 37.546233225636691 ], [ 126.620473023718816, 37.545680056131609 ], [ 126.620463983411483, 37.545633184674237 ], [ 126.620463950290443, 37.545633022389808 ], [ 126.620463928347263, 37.545632887171031 ], [ 126.620305663682757, 37.544869078611931 ], [ 126.620295597435984, 37.544823726491131 ], [ 126.620282193981396, 37.544767092253267 ], [ 126.620187769348405, 37.544377570170219 ], [ 126.620187758124885, 37.544377552114263 ], [ 126.619630704654071, 37.544375833090491 ], [ 126.619461135825532, 37.544343750076699 ], [ 126.616224663390923, 37.54433323482003 ], [ 126.616223181085886, 37.544333229983714 ], [ 126.614817526096317, 37.54432863538279 ], [ 126.61481004168526, 37.545777649278335 ] ] ] } },
{ "type": "Feature", "properties": { "present_sn": "28000UQ111PS202512010006", "lclas_cl": "UQA400", "mlsfc_cl": "UQA430", "sclas_cl": null, "atrb_se": "UQA430", "wtnnc_sn": "28000ARZ202512010006", "ntfc_sn": "28000NTC202512010001", "dgm_nm": "자연녹지지역", "dgm_ar": "10210137.82", "dgm_lt": null, "sgg_cd": "28260", "drawing_no": null, "create_dat": "2025-12-04 15:48:38", "mnum": "16130002826020240623UQA4300001001", "alias": null, "remark": null, "ntfdate": null, "zone_name": "자연녹지지역", "region": "cheongna", "region_name": "청라국제업무지구", "layer_type": "landuse_zone", "area_m2": 25856.638206185955 }, "geometry": { "type": "MultiPolygon", "coordinates": [ [ [ [ 126.66295955806585, 37.536247651100972 ], [ 126.662861588769857, 37.536157325368976 ], [ 126.662769591413365, 37.536072494697642 ], [ 126.662694797012392, 37.536124087008893 ], [ 126.662408170698342, 37.536356890790749 ], [ 126.662377232171409, 37.536393021707035 ], [ 126.662459444177685, 37.536477500230411 ], [ 126.662500174257545, 37.53670277429417 ], [ 126.662603158619575, 37.538422606994402 ], [ 126.662667372896721, 37.538559291039476 ], [ 126.662677600846095, 37.538649419249346 ], [ 126.662734173371149, 37.538649581551567 ], [ 126.662745467552725, 37.538652587053377 ], [ 126.663179, 37.53852 ], [ 126.663061596825415, 37.536341709029095 ], [ 126.66295955806585, 37.536247651100972 ] ] ], [ [ [ 126.639361613981222, 37.55699357610019 ], [ 126.639318724435554, 37.557023258146216 ], [ 126.639307414380852, 37.557031089053297 ], [ 126.639266607643222, 37.557093411153822 ], [ 126.639263661874367, 37.557100819579084 ], [ 126.63949, 37.55703 ], [ 126.639367231528311, 37.556991561910579 ], [ 126.639361613981222, 37.55699357610019 ] ] ], [ [ [ 126.638778785224005, 37.557234971970978 ], [ 126.638682521414481, 37.55708741017424 ], [ 126.638684615053677, 37.556837663505064 ], [ 126.638661449674615, 37.556816383126545 ], [ 126.638457135068862, 37.556730431779485 ], [ 126.638399505066985, 37.556758815798531 ], [ 126.638370123533122, 37.556773141202818 ], [ 126.635473648488713, 37.558188024220392 ], [ 126.635385080389597, 37.558231276201298 ], [ 126.635154056472544, 37.558344074699022 ], [ 126.635051590281066, 37.558394193858284 ], [ 126.634916912956882, 37.558460886195768 ], [ 126.638807772989935, 37.557243463947188 ], [ 126.638778785224005, 37.557234971970978 ] ] ] ] } },
{ "type": "Feature", "properties": { "present_sn": "28260UQ111PS190201011384", "lclas_cl": "UQA100", "mlsfc_cl": "UQA120", "sclas_cl": "UQA122", "atrb_se": "UQA122", "wtnnc_sn": "28000ARZ190003020053", "ntfc_sn": "28000NTC190003010762", "dgm_nm": "제2종일반주거지역", "dgm_ar": "40730.11206000161", "dgm_lt": "838.74", "sgg_cd": "28260", "drawing_no": null, "create_dat": "2015-04-01", "mnum": "62800002826020120291UQA1220001006", "alias": null, "remark": null, "ntfdate": "20121224", "zone_name": "제2종일반주거지역", "region": "cheongna", "region_name": "청라국제업무지구", "layer_type": "landuse_zone", "area_m2": 40701.607104884053 }, "geometry": { "type": "Polygon", "coordinates": [ [ [ 126.640558671359017, 37.539049047512677 ], [ 126.644575333751689, 37.539061256024191 ], [ 126.644580272405449, 37.538025134529015 ], [ 126.642938815019804, 37.538020161997565 ], [ 126.642938732965206, 37.538037298544552 ], [ 126.642372787702257, 37.538035488715586 ], [ 126.642372869454235, 37.53801844226718 ], [ 126.640563665584367, 37.538012926472817 ], [ 126.640558671359017, 37.539049047512677 ] ] ] } },
{ "type": "Feature", "properties": { "present_sn": "28260UQ111PS190001211458", "lclas_cl": "UQA100", "mlsfc_cl": "UQA120", "sclas_cl": "UQA121", "atrb_se": "UQA121", "wtnnc_sn": "28000ARZ190003020041", "ntfc_sn": "28000NTC190003010762", "dgm_nm": "제1종일반주거지역", "dgm_ar": "64951.59999999218", "dgm_lt": "693.219684157", "sgg_cd": "28260", "drawing_no": null, "create_dat": "2015-04-01", "mnum": "62800002826020120291UQA1210001007", "alias": null, "remark": null, "ntfdate": "20121224", "zone_name": "제1종일반주거지역", "region": "cheongna", "region_name": "청라국제업무지구", "layer_type": "landuse_zone", "area_m2": 64905.991072216464 }, "geometry": { "type": "Polygon", "coordinates": [ [ [ 126.653250867647969, 37.540313565987873 ], [ 126.656418997030556, 37.540322866405717 ], [ 126.656428628586482, 37.538232871804155 ], [ 126.653260587620707, 37.538223572086004 ], [ 126.653250867647969, 37.540313565987873 ] ] ] } },
{ "type": "Feature", "properties": { "present_sn": "28000UQ111PS201912180008", "lclas_cl": "UQA200", "mlsfc_cl": "UQA220", "sclas_cl": null, "atrb_se": "UQA220", "wtnnc_sn": "28000ARZ201907290001", "ntfc_sn": "28000NTC201907290003", "dgm_nm": "일반상업지역", "dgm_ar": "84366.79143099755", "dgm_lt": "11836.9140961", "sgg_cd": "28260", "drawing_no": null, "create_dat": "20191218", "mnum": "62800002826020120291UQA2200001008", "alias": null, "remark": null, "ntfdate": "20121224", "zone_name": "일반상업지역", "region": "cheongna", "region_name": "청라국제업무지구", "layer_type": "landuse_zone", "area_m2": 84307.646827049815 }, "geometry": { "type": "Polygon", "coordinates": [ [ [ 126.644605400558902, 37.532752462558804 ], [ 126.644717439064792, 37.532752801089252 ], [ 126.6452267770199, 37.532754338741711 ], [ 126.645611326070323, 37.532755498210705 ], [ 126.645995875142802, 37.532756656427637 ], [ 126.64638053737329, 37.532757813732708 ], [ 126.646768028024809, 37.532758978280739 ], [ 126.646858536793331, 37.532759250108796 ], [ 126.648055515371667, 37.532762838510848 ], [ 126.649226246610056, 37.532766336491001 ], [ 126.649336780484077, 37.532766666151083 ], [ 126.64990426858401, 37.532768807512987 ], [ 126.650018649094264, 37.532769147986876 ], [ 126.650545749808799, 37.532770715564247 ], [ 126.650968878551083, 37.532771972230734 ], [ 126.651392007319643, 37.532773227381298 ], [ 126.651815136114493, 37.532774481016006 ], [ 126.652238264935662, 37.532775733134848 ], [ 126.652662638279622, 37.532776987413762 ], [ 126.653171750563885, 37.532778490135293 ], [ 126.653285904856844, 37.532778826777651 ], [ 126.653290511921924, 37.531787869179261 ], [ 126.649868701065088, 37.531777730528425 ], [ 126.649865997150158, 37.531777722477678 ], [ 126.644610120313629, 37.53176195637289 ], [ 126.644605400558902, 37.532752462558804 ] ] ] } },
{ "type": "Feature", "properties": { "present_sn": "28260UQ111PS190001014689", "lclas_cl": "UQA100", "mlsfc_cl": "UQA130", "sclas_cl": null, "atrb_se": "UQA130", "wtnnc_sn": "28000ARZ190003020046", "ntfc_sn": "28000NTC190003010762", "dgm_nm": "준주거지역", "dgm_ar": "159206.6574999997", "dgm_lt": "529.320091773", "sgg_cd": "28260", "drawing_no": null, "create_dat": "2015-04-01", "mnum": "62800002826020120291UQA1300001004", "alias": null, "remark": null, "ntfdate": "20121224", "zone_name": "준주거지역", "region": "cheongna", "region_name": "청라국제업무지구", "layer_type": "landuse_zone", "area_m2": 159095.04833778579 }, "geometry": { "type": "Polygon", "coordinates": [ [ [ 126.644610131627104, 37.531761956407074 ], [ 126.649865997150158, 37.531777722477678 ], [ 126.649868701065088, 37.531777730528425 ], [ 126.653290500608463, 37.531787869145901 ], [ 126.653299191620405, 37.529918341365381 ], [ 126.649818253033018, 37.529908027085902 ], [ 126.649797334983319, 37.529907964794056 ], [ 126.64461903927176, 37.529892430370481 ], [ 126.644610131627104, 37.531761956407074 ] ] ] } },
{ "type": "Feature", "properties": { "present_sn": null, "lclas_cl": null, "mlsfc_cl": null, "sclas_cl": null, "atrb_se": "UQA500", "wtnnc_sn": null, "ntfc_sn": null, "dgm_nm": "도시지역미지정", "dgm_ar": "12509.715350001672", "dgm_lt": null, "sgg_cd": "28260", "drawing_no": null, "create_dat": null, "mnum": "15200002826020080003UQA5000001001", "alias": null, "remark": null, "ntfdate": null, "zone_name": "도시지역미지정", "region": "cheongna", "region_name": "청라국제업무지구", "layer_type": "landuse_zone", "area_m2": 9040.4049782514321 }, "geometry": { "type": "Polygon", "coordinates": [ [ [ 126.599266591195715, 37.537348101252029 ], [ 126.599272007051937, 37.536402984117757 ], [ 126.598762644581768, 37.536401698623855 ], [ 126.598757842286076, 37.537168422359365 ], [ 126.598715724497097, 37.537168241294296 ], [ 126.599064, 37.538588 ], [ 126.59925947604728, 37.538601699400843 ], [ 126.599266591195715, 37.537348101252029 ] ] ] } },
{ "type": "Feature", "properties": { "present_sn": null, "lclas_cl": null, "mlsfc_cl": null, "sclas_cl": null, "atrb_se": "UQA430", "wtnnc_sn": null, "ntfc_sn": null, "dgm_nm": "자연녹지지역", "dgm_ar": "225.0367289997153", "dgm_lt": null, "sgg_cd": "28260", "drawing_no": null, "create_dat": null, "mnum": "62800002826020080002UQA4300001001", "alias": null, "remark": null, "ntfdate": null, "zone_name": "자연녹지지역", "region": "cheongna", "region_name": "청라국제업무지구", "layer_type": "landuse_zone", "area_m2": 224.88058705701636 }, "geometry": { "type": "Polygon", "coordinates": [ [ [ 126.611531028042961, 37.538967614707623 ], [ 126.611251674924063, 37.538968556920402 ], [ 126.611561331622184, 37.538995312013469 ], [ 126.611547355462477, 37.537724747587902 ], [ 126.611531028042961, 37.538967614707623 ] ] ] } },
{ "type": "Feature", "properties": { "present_sn": "28260UQ111PS190001211458", "lclas_cl": "UQA100", "mlsfc_cl": "UQA120", "sclas_cl": "UQA121", "atrb_se": "UQA121", "wtnnc_sn": "28000ARZ190003020041", "ntfc_sn": "28000NTC190003010762", "dgm_nm": "제1종일반주거지역", "dgm_ar": "77362.4129400083", "dgm_lt": "693.219684157", "sgg_cd": "28260", "drawing_no": null, "create_dat": "2015-04-01", "mnum": "62800002826020120291UQA1210001006", "alias": null, "remark": null, "ntfdate": "20121224", "zone_name": "제1종일반주거지역", "region": "cheongna", "region_name": "청라국제업무지구", "layer_type": "landuse_zone", "area_m2": 77308.271233862339 }, "geometry": { "type": "Polygon", "coordinates": [ [ [ 126.640563665584367, 37.538012926472817 ], [ 126.642372869454235, 37.53801844226718 ], [ 126.642372787702257, 37.538035488715586 ], [ 126.642938732965206, 37.538037298544552 ], [ 126.642938815019804, 37.538020161997565 ], [ 126.644580272405449, 37.538025134529015 ], [ 126.644589618865581, 37.536064116425656 ], [ 126.642888805488425, 37.53605896388585 ], [ 126.642436241916428, 37.536057588738295 ], [ 126.640573117214473, 37.536051909231183 ], [ 126.640563665584367, 37.538012926472817 ] ] ] } },
{ "type": "Feature", "properties": { "present_sn": null, "lclas_cl": null, "mlsfc_cl": null, "sclas_cl": null, "atrb_se": "UQA220", "wtnnc_sn": null, "ntfc_sn": null, "dgm_nm": "일반상업지역", "dgm_ar": "33059.35994999836", "dgm_lt": null, "sgg_cd": "28260", "drawing_no": null, "create_dat": null, "mnum": "62800002826020150288UQA2200001004", "alias": null, "remark": null, "ntfdate": "20151109", "zone_name": "일반상업지역", "region": "cheongna", "region_name": "청라국제업무지구", "layer_type": "landuse_zone", "area_m2": 33036.277886214222 }, "geometry": { "type": "Polygon", "coordinates": [ [ [ 126.632965564972267, 37.533453181225269 ], [ 126.633085670445737, 37.533508876670474 ], [ 126.633236253980272, 37.533578722460717 ], [ 126.633320011646262, 37.533617636027515 ], [ 126.634068418993877, 37.533964775254333 ], [ 126.635176145978804, 37.533460058893624 ], [ 126.635178618710199, 37.532931366355527 ], [ 126.635181004012324, 37.532443668492846 ], [ 126.634078277306998, 37.531932175248919 ], [ 126.633323892057263, 37.532275895670374 ], [ 126.633238962081833, 37.532314643684593 ], [ 126.633088832602709, 37.532383010993833 ], [ 126.632970565693256, 37.532436881524539 ], [ 126.632965564972267, 37.533453181225269 ] ] ] } },
{ "type": "Feature", "properties": { "present_sn": "28260UQ111PS190201011384", "lclas_cl": "UQA100", "mlsfc_cl": "UQA120", "sclas_cl": "UQA122", "atrb_se": "UQA122", "wtnnc_sn": "28000ARZ190003020053", "ntfc_sn": "28000NTC190003010762", "dgm_nm": "제2종일반주거지역", "dgm_ar": "32066.86617000105", "dgm_lt": "838.74", "sgg_cd": "28260", "drawing_no": null, "create_dat": "2015-04-01", "mnum": "62800002826020120291UQA1220001010", "alias": null, "remark": null, "ntfdate": "20121224", "zone_name": "제2종일반주거지역", "region": "cheongna", "region_name": "청라국제업무지구", "layer_type": "landuse_zone", "area_m2": 32044.355442948556 }, "geometry": { "type": "Polygon", "coordinates": [ [ [ 126.653290511921924, 37.531787869179261 ], [ 126.653285904856844, 37.532778826777651 ], [ 126.653398022702405, 37.532779157307104 ], [ 126.653963703081331, 37.532780823340083 ], [ 126.653965375340803, 37.532420432524383 ], [ 126.653966211459377, 37.532240237108205 ], [ 126.653967885764345, 37.531879395770588 ], [ 126.65464669411169, 37.531881391369062 ], [ 126.654654204012729, 37.530259632156692 ], [ 126.654655765871198, 37.529922333213285 ], [ 126.653299202933582, 37.529918341398727 ], [ 126.653290511921924, 37.531787869179261 ] ] ] } },
{ "type": "Feature", "properties": { "present_sn": "28260UQ111PS190007010577", "lclas_cl": "UQA100", "mlsfc_cl": "UQA110", "sclas_cl": "UQA111", "atrb_se": "UQA111", "wtnnc_sn": "28000ARZ190003020050", "ntfc_sn": "28000NTC190003010762", "dgm_nm": "제1종전용주거지역", "dgm_ar": "108775.46517198868", "dgm_lt": "1322.73128171", "sgg_cd": "28260", "drawing_no": null, "create_dat": "2015-04-01", "mnum": "62800002826020120291UQA1110001002", "alias": null, "remark": null, "ntfdate": null, "zone_name": "제1종전용주거지역", "region": "cheongna", "region_name": "청라국제업무지구", "layer_type": "landuse_zone", "area_m2": 108699.337718871 }, "geometry": { "type": "Polygon", "coordinates": [ [ [ 126.6405453501594, 37.541812453505251 ], [ 126.644489861055391, 37.54181909280544 ], [ 126.64456219054496, 37.541818419476463 ], [ 126.644575333751689, 37.539061256024191 ], [ 126.640558671359017, 37.539049047512677 ], [ 126.6405453501594, 37.541812453505251 ] ] ] } },
{ "type": "Feature", "properties": { "present_sn": "28260UQ111PS190002211574", "lclas_cl": "UQA100", "mlsfc_cl": "UQA120", "sclas_cl": "UQA123", "atrb_se": "UQA123", "wtnnc_sn": "28000ARZ190003020054", "ntfc_sn": "28000NTC190003010762", "dgm_nm": "제3종일반주거지역", "dgm_ar": "211465.16010999738", "dgm_lt": "3102.91144265", "sgg_cd": "28260", "drawing_no": null, "create_dat": "2015-04-01", "mnum": "62800002826020120291UQA1230001006", "alias": null, "remark": null, "ntfdate": "20121224", "zone_name": "제3종일반주거지역", "region": "cheongna", "region_name": "청라국제업무지구", "layer_type": "landuse_zone", "area_m2": 211316.53404224999 }, "geometry": { "type": "Polygon", "coordinates": [ [ [ 126.656438459783729, 37.536099332249435 ], [ 126.656434332644906, 37.53699502018506 ], [ 126.656428628586482, 37.538232871804155 ], [ 126.656418997030556, 37.540322866405717 ], [ 126.65978513609079, 37.540332654977966 ], [ 126.659787871455961, 37.539733271384733 ], [ 126.659797728516097, 37.537573206864728 ], [ 126.659803690541537, 37.536266583091304 ], [ 126.659806651616023, 37.535617609299905 ], [ 126.660365678529544, 37.535619225460522 ], [ 126.660367382535952, 37.535245139721994 ], [ 126.66066663752315, 37.535246003780792 ], [ 126.660664587698477, 37.53569640230026 ], [ 126.661643706212487, 37.535699224103759 ], [ 126.660884831911801, 37.535009402872888 ], [ 126.660668329342428, 37.534874260547767 ], [ 126.660668537229839, 37.534828580997143 ], [ 126.660560455397601, 37.534761145322562 ], [ 126.65981056972393, 37.53475885189421 ], [ 126.659812938784171, 37.534239591644941 ], [ 126.656447073573361, 37.534229805219589 ], [ 126.656438459783729, 37.536099332249435 ] ] ] } },
{ "type": "Feature", "properties": { "present_sn": "28260UQ111PS190001014689", "lclas_cl": "UQA100", "mlsfc_cl": "UQA130", "sclas_cl": null, "atrb_se": "UQA130", "wtnnc_sn": "28000ARZ190003020046", "ntfc_sn": "28000NTC190003010762", "dgm_nm": "준주거지역", "dgm_ar": "16471.10520250367", "dgm_lt": "529.320091773", "sgg_cd": "28260", "drawing_no": null, "create_dat": "2015-04-01", "mnum": "62800002826020120291UQA1300001001", "alias": null, "remark": null, "ntfdate": "20121224", "zone_name": "준주거지역", "region": "cheongna", "region_name": "청라국제업무지구", "layer_type": "landuse_zone", "area_m2": 16459.581593562732 }, "geometry": { "type": "Polygon", "coordinates": [ [ [ 126.640582563715199, 37.534091765277509 ], [ 126.640864536215787, 37.534092851932627 ], [ 126.642445181275775, 37.534098659325146 ], [ 126.642448488442454, 37.533196419107867 ], [ 126.640867744513429, 37.533191602585752 ], [ 126.640586905685552, 37.53319074465729 ], [ 126.640582563715199, 37.534091765277509 ] ] ] } },
{ "type": "Feature", "properties": { "present_sn": "28260UQ111PS190201011384", "lclas_cl": "UQA100", "mlsfc_cl": "UQA120", "sclas_cl": "UQA122", "atrb_se": "UQA122", "wtnnc_sn": "28000ARZ190003020053", "ntfc_sn": "28000NTC190003010762", "dgm_nm": "제2종일반주거지역", "dgm_ar": "32075.38383000061", "dgm_lt": "838.74", "sgg_cd": "28260", "drawing_no": null, "create_dat": "2015-04-01", "mnum": "62800002826020120291UQA1220001008", "alias": null, "remark": null, "ntfdate": "20121224", "zone_name": "제2종일반주거지역", "region": "cheongna", "region_name": "청라국제업무지구", "layer_type": "landuse_zone", "area_m2": 32052.866679886112 }, "geometry": { "type": "Polygon", "coordinates": [ [ [ 126.653279201930943, 37.534220506841514 ], [ 126.653270509067454, 37.536090033245529 ], [ 126.654627183783049, 37.536094025947115 ], [ 126.654628750933711, 37.535755682207636 ], [ 126.65463626227573, 37.534133924070566 ], [ 126.653957433514805, 37.534131928310252 ], [ 126.653960360145135, 37.533501244514042 ], [ 126.65396161271498, 37.533231311828438 ], [ 126.653283810414081, 37.53322931523364 ], [ 126.653279201930943, 37.534220506841514 ] ] ] } },
{ "type": "Feature", "properties": { "present_sn": "28000UQ111PS201912310010", "lclas_cl": "UQA400", "mlsfc_cl": "UQA430", "sclas_cl": null, "atrb_se": "UQA430", "wtnnc_sn": "28000ARZ201912310005", "ntfc_sn": "28000NTC201912300010", "dgm_nm": "자연녹지지역", "dgm_ar": "24451.775252002783", "dgm_lt": "2.2648489386", "sgg_cd": "28260", "drawing_no": null, "create_dat": "20191231", "mnum": "62800002826020190788UQA4300001002", "alias": null, "remark": null, "ntfdate": null, "zone_name": "자연녹지지역", "region": "cheongna", "region_name": "청라국제업무지구", "layer_type": "landuse_zone", "area_m2": 13765.239791667404 }, "geometry": { "type": "Polygon", "coordinates": [ [ [ 126.662964489109868, 37.534578709364752 ], [ 126.662743692218882, 37.534606988961734 ], [ 126.662678870096286, 37.534615371409778 ], [ 126.662200801838679, 37.534676347298237 ], [ 126.661467437871806, 37.53479811500312 ], [ 126.661400600730033, 37.534809166884656 ], [ 126.661403795104306, 37.534813311624383 ], [ 126.662769591638025, 37.536072495058697 ], [ 126.662861588994502, 37.536157325730024 ], [ 126.66295955829051, 37.536247651462013 ], [ 126.663061596834154, 37.536341709191099 ], [ 126.662966562293064, 37.534578444411167 ], [ 126.662964489109868, 37.534578709364752 ] ] ] } },
{ "type": "Feature", "properties": { "present_sn": null, "lclas_cl": null, "mlsfc_cl": null, "sclas_cl": null, "atrb_se": "UQA130", "wtnnc_sn": null, "ntfc_sn": null, "dgm_nm": "준주거지역", "dgm_ar": "120863.04183650644", "dgm_lt": null, "sgg_cd": "28260", "drawing_no": null, "create_dat": null, "mnum": "62800002826020220613UQA1300001001", "alias": null, "remark": null, "ntfdate": "20220613", "zone_name": "준주거지역", "region": "cheongna", "region_name": "청라국제업무지구", "layer_type": "landuse_zone", "area_m2": 120779.20515106509 }, "geometry": { "type": "Polygon", "coordinates": [ [ [ 126.608979260954868, 37.519785356529404 ], [ 126.608976898039799, 37.520195407277335 ], [ 126.608968585694868, 37.521639639476874 ], [ 126.60896750882209, 37.521825762371456 ], [ 126.610759166374265, 37.521831703270024 ], [ 126.61075667946497, 37.522308579934887 ], [ 126.610754925874147, 37.522644832514167 ], [ 126.611551133919306, 37.522647463960325 ], [ 126.611613924920619, 37.522285022873945 ], [ 126.611684588818989, 37.521683349855124 ], [ 126.611707908458882, 37.52159314763049 ], [ 126.611785827772806, 37.521292654319829 ], [ 126.611894168134242, 37.520667274191595 ], [ 126.611932867467686, 37.520229700857875 ], [ 126.611986745941323, 37.519918496359658 ], [ 126.612002953329039, 37.519825387423836 ], [ 126.612041670093419, 37.519601889326047 ], [ 126.612057764225483, 37.519508780003932 ], [ 126.612140095135359, 37.519033418674958 ], [ 126.612134595595919, 37.518850950005877 ], [ 126.612185553531546, 37.518557214925508 ], [ 126.6122158762022, 37.518468657414218 ], [ 126.612261231228999, 37.518332315852106 ], [ 126.612295983338129, 37.518131374356052 ], [ 126.61232758687305, 37.517948586436397 ], [ 126.612372324012796, 37.517833109722432 ], [ 126.60898885517912, 37.518120007084121 ], [ 126.608979260954868, 37.519785356529404 ] ] ] } },
{ "type": "Feature", "properties": { "present_sn": "28000UQ111PS202510310005", "lclas_cl": "UQA400", "mlsfc_cl": "UQA430", "sclas_cl": null, "atrb_se": "UQA430", "wtnnc_sn": "28000ARZ202510310005", "ntfc_sn": "28000NTC202510310001", "dgm_nm": "자연녹지지역", "dgm_ar": "68369.31", "dgm_lt": null, "sgg_cd": "28260", "drawing_no": null, "create_dat": "2025-11-03 18:03:11", "mnum": "16130002826020240859UQA4300001001", "alias": "국토교통부고시 제2024-859호", "remark": null, "ntfdate": "20241226", "zone_name": "자연녹지지역", "region": "cheongna", "region_name": "청라국제업무지구", "layer_type": "landuse_zone", "area_m2": 13677.904763230496 }, "geometry": { "type": "Polygon", "coordinates": [ [ [ 126.662753573580645, 37.534617870624423 ], [ 126.662753573580758, 37.534617870622924 ], [ 126.662748252759101, 37.534618576225249 ], [ 126.662744856533067, 37.534619017024681 ], [ 126.66268485666896, 37.534626774431736 ], [ 126.662206785573446, 37.534687756907722 ], [ 126.661473417777728, 37.534809543964833 ], [ 126.661405934901779, 37.534820703057726 ], [ 126.66140953665024, 37.53482485796934 ], [ 126.662876553067775, 37.536177306364976 ], [ 126.663061947064406, 37.536348207340772 ], [ 126.662967213464626, 37.534590526206571 ], [ 126.662753573580645, 37.534617870624423 ] ] ] } },
{ "type": "Feature", "properties": { "present_sn": "28000UQ111PS202601150002", "lclas_cl": "UQA400", "mlsfc_cl": "UQA410", "sclas_cl": null, "atrb_se": "UQA410", "wtnnc_sn": "28000ARZ202601150003", "ntfc_sn": "28000NTC202601190001", "dgm_nm": "보전녹지지역", "dgm_ar": "1089784.92", "dgm_lt": null, "sgg_cd": "28260", "drawing_no": null, "create_dat": "2026-01-19 15:22:56", "mnum": "62800002826020260013UQA4100001001", "alias": null, "remark": "인고 제2026-13호\n연희공원 특례사업\n", "ntfdate": "20260112", "zone_name": "보전녹지지역", "region": "cheongna", "region_name": "청라국제업무지구", "layer_type": "landuse_zone", "area_m2": 43091.258043736532 }, "geometry": { "type": "MultiPolygon", "coordinates": [ [ [ [ 126.650220021430641, 37.54116560920685 ], [ 126.65024380957378, 37.541169590255159 ], [ 126.650247260011639, 37.541275854024782 ], [ 126.650257791249771, 37.541599718418503 ], [ 126.650269201319801, 37.542204198057583 ], [ 126.650286410929724, 37.542657851522797 ], [ 126.65028134551045, 37.542746286419778 ], [ 126.650280297843352, 37.54276459137369 ], [ 126.650303140556275, 37.543370663602317 ], [ 126.650307575322529, 37.543486633894524 ], [ 126.650375035740296, 37.543554588771329 ], [ 126.65032093761539, 37.543583376630217 ], [ 126.650323624788356, 37.54366602063476 ], [ 126.651506, 37.54308 ], [ 126.650562, 37.541107 ], [ 126.65906, 37.541107 ], [ 126.659359179134398, 37.540883312804304 ], [ 126.658465117663781, 37.540880719191776 ], [ 126.65429724208721, 37.540868538410187 ], [ 126.653173589011317, 37.540865229315123 ], [ 126.652151441429993, 37.540862209861587 ], [ 126.650560576973362, 37.540857492801614 ], [ 126.650197981959565, 37.540581523235147 ], [ 126.650220021430641, 37.54116560920685 ] ] ], [ [ [ 126.66273417359578, 37.538649581912594 ], [ 126.662707018783721, 37.53864950401092 ], [ 126.662677601070754, 37.53864941961038 ], [ 126.662475184579876, 37.538648838671151 ], [ 126.661570363702282, 37.538646237575996 ], [ 126.661530165556044, 37.538678016853751 ], [ 126.661527829416926, 37.539192564694432 ], [ 126.660056973231576, 37.540361593249628 ], [ 126.662064, 37.538861 ], [ 126.662745467025999, 37.538652587214465 ], [ 126.66273417359578, 37.538649581912594 ] ] ] ] } },
{ "type": "Feature", "properties": { "present_sn": null, "lclas_cl": null, "mlsfc_cl": null, "sclas_cl": null, "atrb_se": "UQA430", "wtnnc_sn": null, "ntfc_sn": null, "dgm_nm": "자연녹지지역", "dgm_ar": "13781.453625502043", "dgm_lt": null, "sgg_cd": "28260", "drawing_no": null, "create_dat": null, "mnum": "62800002826020120291UQA4300001002", "alias": null, "remark": null, "ntfdate": "20121224", "zone_name": "자연녹지지역", "region": "cheongna", "region_name": "청라국제업무지구", "layer_type": "landuse_zone", "area_m2": 13771.847763355388 }, "geometry": { "type": "Polygon", "coordinates": [ [ [ 126.627635477505422, 37.523006755586692 ], [ 126.627539510860203, 37.523218454743706 ], [ 126.628579768796868, 37.5235183498203 ], [ 126.628688889718205, 37.523549787481464 ], [ 126.628792588590869, 37.523579658228961 ], [ 126.628811185947356, 37.523538757905605 ], [ 126.628831132819329, 37.523494906589711 ], [ 126.629139029208304, 37.522817251925922 ], [ 126.628926324854419, 37.522755854402902 ], [ 126.627629319444708, 37.522381899408899 ], [ 126.627365942831261, 37.522306148068672 ], [ 126.627365359396194, 37.522307452656349 ], [ 126.627192978989029, 37.522686709886386 ], [ 126.627115726839392, 37.522856689104408 ], [ 126.627635477505422, 37.523006755586692 ] ] ] } },
{ "type": "Feature", "properties": { "present_sn": null, "lclas_cl": null, "mlsfc_cl": null, "sclas_cl": null, "atrb_se": "UQA430", "wtnnc_sn": null, "ntfc_sn": null, "dgm_nm": "자연녹지지역", "dgm_ar": "187687.6498000003", "dgm_lt": null, "sgg_cd": "28260", "drawing_no": null, "create_dat": null, "mnum": "62800002826020060034UQA4300001005", "alias": null, "remark": null, "ntfdate": null, "zone_name": "자연녹지지역", "region": "cheongna", "region_name": "청라국제업무지구", "layer_type": "landuse_zone", "area_m2": 187556.75464520289 }, "geometry": { "type": "Polygon", "coordinates": [ [ [ 126.609741858526192, 37.53280161316885 ], [ 126.609725003405941, 37.532584869605898 ], [ 126.609609767726994, 37.532185890094567 ], [ 126.609673210084992, 37.531845076548073 ], [ 126.609755806458253, 37.531584154048737 ], [ 126.610842005847161, 37.531370343570039 ], [ 126.610910522968197, 37.531356875172783 ], [ 126.610630538963548, 37.530723184680063 ], [ 126.610231882076874, 37.530219563504687 ], [ 126.610045393752557, 37.529621860388339 ], [ 126.61063770110502, 37.52935064238212 ], [ 126.610728946330141, 37.529035418080177 ], [ 126.610695615252013, 37.528701941949784 ], [ 126.610538065246175, 37.528260386481868 ], [ 126.610391297129965, 37.528115922517372 ], [ 126.610339022581257, 37.528139175104336 ], [ 126.610185303447821, 37.528242639994481 ], [ 126.609642811788774, 37.528583649508455 ], [ 126.609415621765663, 37.528447494892944 ], [ 126.609495956694673, 37.528315496410599 ], [ 126.609296833035188, 37.528210050316943 ], [ 126.609339957816786, 37.528162621310443 ], [ 126.609143364663225, 37.528049344756333 ], [ 126.609149862716279, 37.527845472565339 ], [ 126.60915121106521, 37.527804031556386 ], [ 126.60661363870679, 37.527795182333897 ], [ 126.606582318469052, 37.527800027871457 ], [ 126.606561901776459, 37.533187997014643 ], [ 126.609392234028832, 37.533196256933437 ], [ 126.609631780472071, 37.532865578514865 ], [ 126.609741858526192, 37.53280161316885 ] ] ] } },
{ "type": "Feature", "properties": { "present_sn": "28260UQ111PS190001014689", "lclas_cl": "UQA100", "mlsfc_cl": "UQA130", "sclas_cl": null, "atrb_se": "UQA130", "wtnnc_sn": "28000ARZ190003020046", "ntfc_sn": "28000NTC190003010762", "dgm_nm": "준주거지역", "dgm_ar": "12004.423424995388", "dgm_lt": "529.320091773", "sgg_cd": "28260", "drawing_no": null, "create_dat": "2015-04-01", "mnum": "62800002826020120291UQA1300001005", "alias": null, "remark": null, "ntfdate": "20121224", "zone_name": "준주거지역", "region": "cheongna", "region_name": "청라국제업무지구", "layer_type": "landuse_zone", "area_m2": 11995.992126876019 }, "geometry": { "type": "Polygon", "coordinates": [ [ [ 126.655088814820246, 37.534135252409861 ], [ 126.656447490875678, 37.534139229998466 ], [ 126.656451642003731, 37.533238207840185 ], [ 126.656337485103776, 37.533238279693926 ], [ 126.65509298041691, 37.533234635820278 ], [ 126.655088814820246, 37.534135252409861 ] ] ] } },
{ "type": "Feature", "properties": { "present_sn": "28260UQ111PS190201011384", "lclas_cl": "UQA100", "mlsfc_cl": "UQA120", "sclas_cl": "UQA122", "atrb_se": "UQA122", "wtnnc_sn": "28000ARZ190003020053", "ntfc_sn": "28000NTC190003010762", "dgm_nm": "제2종일반주거지역", "dgm_ar": "26125.939770000972", "dgm_lt": "838.74", "sgg_cd": "28260", "drawing_no": null, "create_dat": "2015-04-01", "mnum": "62800002826020120291UQA1220001009", "alias": null, "remark": null, "ntfdate": "20121224", "zone_name": "제2종일반주거지역", "region": "cheongna", "region_name": "청라국제업무지구", "layer_type": "landuse_zone", "area_m2": 26107.590359763846 }, "geometry": { "type": "Polygon", "coordinates": [ [ [ 126.655081313277307, 37.535757010624494 ], [ 126.655079748171104, 37.536095354380151 ], [ 126.656438459783729, 37.536099332249435 ], [ 126.656447073573361, 37.534229805219589 ], [ 126.656447490875678, 37.534139229998466 ], [ 126.655088814820246, 37.534135252409861 ], [ 126.655081313277307, 37.535757010624494 ] ] ] } },
{ "type": "Feature", "properties": { "present_sn": "28000UQ111PS201912180008", "lclas_cl": "UQA200", "mlsfc_cl": "UQA220", "sclas_cl": null, "atrb_se": "UQA220", "wtnnc_sn": "28000ARZ201907290001", "ntfc_sn": "28000NTC201907290003", "dgm_nm": "일반상업지역", "dgm_ar": "43914.20018250278", "dgm_lt": "11836.9140961", "sgg_cd": "28260", "drawing_no": null, "create_dat": "20191218", "mnum": "62800002826020120291UQA2200001003", "alias": null, "remark": null, "ntfdate": null, "zone_name": "일반상업지역", "region": "cheongna", "region_name": "청라국제업무지구", "layer_type": "landuse_zone", "area_m2": 43883.584209332548 }, "geometry": { "type": "Polygon", "coordinates": [ [ [ 126.627121591224281, 37.556177030498247 ], [ 126.62717756794828, 37.55619484926067 ], [ 126.627324197859139, 37.556232713917126 ], [ 126.627406560809405, 37.556253958841694 ], [ 126.628514808712325, 37.556539833666811 ], [ 126.62901441651448, 37.556668711029587 ], [ 126.629712964478514, 37.554933912424239 ], [ 126.628643375759424, 37.55466093785698 ], [ 126.628385640655424, 37.554595180672074 ], [ 126.627291026061457, 37.554315888967388 ], [ 126.627073707791908, 37.555009868674624 ], [ 126.626764985822504, 37.555995747291533 ], [ 126.626753473297214, 37.556032479952584 ], [ 126.627121591224281, 37.556177030498247 ] ] ] } },
{ "type": "Feature", "properties": { "present_sn": "28260UQ111PS190001211458", "lclas_cl": "UQA100", "mlsfc_cl": "UQA120", "sclas_cl": "UQA121", "atrb_se": "UQA121", "wtnnc_sn": "28000ARZ190003020041", "ntfc_sn": "28000NTC190003010762", "dgm_nm": "제1종일반주거지역", "dgm_ar": "35696.209999994026", "dgm_lt": "693.219684157", "sgg_cd": "28260", "drawing_no": null, "create_dat": "2015-04-01", "mnum": "62800002826020120291UQA1210001004", "alias": null, "remark": null, "ntfdate": "20121224", "zone_name": "제1종일반주거지역", "region": "cheongna", "region_name": "청라국제업무지구", "layer_type": "landuse_zone", "area_m2": 35671.145574775284 }, "geometry": { "type": "Polygon", "coordinates": [ [ [ 126.653299202933582, 37.529918341398727 ], [ 126.654655765871198, 37.529922333213285 ], [ 126.655108292971917, 37.529923661351191 ], [ 126.656466892638662, 37.529927638336751 ], [ 126.656472168239517, 37.528782297366256 ], [ 126.655170154368747, 37.528778486433168 ], [ 126.655170239387999, 37.528760097477438 ], [ 126.654604589299069, 37.528758437374606 ], [ 126.654604504140963, 37.528776826329263 ], [ 126.653304526963993, 37.528773000811583 ], [ 126.653299202933582, 37.529918341398727 ] ] ] } },
{ "type": "Feature", "properties": { "present_sn": "28260UQ111PS190001211458", "lclas_cl": "UQA100", "mlsfc_cl": "UQA120", "sclas_cl": "UQA121", "atrb_se": "UQA121", "wtnnc_sn": "28000ARZ190003020041", "ntfc_sn": "28000NTC190003010762", "dgm_nm": "제1종일반주거지역", "dgm_ar": "63889.45952999893", "dgm_lt": "693.219684157", "sgg_cd": "28260", "drawing_no": null, "create_dat": "2015-04-01", "mnum": "62800002826020120291UQA1210001002", "alias": null, "remark": null, "ntfdate": "20121224", "zone_name": "제1종일반주거지역", "region": "cheongna", "region_name": "청라국제업무지구", "layer_type": "landuse_zone", "area_m2": 63844.896635915087 }, "geometry": { "type": "Polygon", "coordinates": [ [ [ 126.628911225794397, 37.524859438309782 ], [ 126.628731593939435, 37.525254991674529 ], [ 126.629536669302041, 37.525487075099328 ], [ 126.629815801828968, 37.524872866120511 ], [ 126.631283732722949, 37.525296031477431 ], [ 126.63100461059517, 37.525910243937325 ], [ 126.632563394405537, 37.526359581801351 ], [ 126.632651952593463, 37.526115681170687 ], [ 126.632746250315947, 37.525873149867365 ], [ 126.632846241829213, 37.525632077833833 ], [ 126.632951915417408, 37.525392537098405 ], [ 126.633217136025763, 37.524808874215871 ], [ 126.628811185947356, 37.523538757905605 ], [ 126.628792588590869, 37.523579658228961 ], [ 126.628688889718205, 37.523549787481464 ], [ 126.628188407813752, 37.52465099133169 ], [ 126.628911225794397, 37.524859438309782 ] ] ] } },
{ "type": "Feature", "properties": { "present_sn": "28260UQ111PS190001211458", "lclas_cl": "UQA100", "mlsfc_cl": "UQA120", "sclas_cl": "UQA121", "atrb_se": "UQA121", "wtnnc_sn": "28000ARZ190003020041", "ntfc_sn": "28000NTC190003010762", "dgm_nm": "제1종일반주거지역", "dgm_ar": "28978.196423495483", "dgm_lt": "693.219684157", "sgg_cd": "28260", "drawing_no": null, "create_dat": "2015-04-01", "mnum": "62800002826020120291UQA1210001005", "alias": null, "remark": null, "ntfdate": "20121224", "zone_name": "제1종일반주거지역", "region": "cheongna", "region_name": "청라국제업무지구", "layer_type": "landuse_zone", "area_m2": 28957.816438602349 }, "geometry": { "type": "Polygon", "coordinates": [ [ [ 126.659824036584311, 37.531806952311364 ], [ 126.659823828738908, 37.531852514754412 ], [ 126.661083810544255, 37.531856153343021 ], [ 126.661308835602767, 37.531856801758011 ], [ 126.661509423556936, 37.531857379395504 ], [ 126.661495096053784, 37.531698854067251 ], [ 126.661480013070403, 37.531532307749764 ], [ 126.661464819880436, 37.531365130415629 ], [ 126.661450108741349, 37.531191467336811 ], [ 126.661445150015311, 37.531137393673895 ], [ 126.661432440009534, 37.5309964422772 ], [ 126.661417972376086, 37.530943602615807 ], [ 126.661356545611895, 37.53071817826477 ], [ 126.661301017854427, 37.530514214425033 ], [ 126.661286329868133, 37.530460112723034 ], [ 126.661188164878382, 37.530098713153244 ], [ 126.661145267528781, 37.529941213626216 ], [ 126.659832564540707, 37.529937423246437 ], [ 126.659824036584311, 37.531806952311364 ] ] ] } },
{ "type": "Feature", "properties": { "present_sn": null, "lclas_cl": null, "mlsfc_cl": null, "sclas_cl": null, "atrb_se": "UQA320", "wtnnc_sn": null, "ntfc_sn": null, "dgm_nm": "일반공업지역", "dgm_ar": "2944.7520184985005", "dgm_lt": null, "sgg_cd": "28260", "drawing_no": null, "create_dat": null, "mnum": "62800002826020220404UQA3200001001", "alias": null, "remark": null, "ntfdate": null, "zone_name": "일반공업지역", "region": "cheongna", "region_name": "청라국제업무지구", "layer_type": "landuse_zone", "area_m2": 73.527454497243284 }, "geometry": { "type": "Polygon", "coordinates": [ [ [ 126.642018400952281, 37.547583075708246 ], [ 126.641964908233177, 37.547576425740885 ], [ 126.641888513594211, 37.547602411823405 ], [ 126.641854736139905, 37.547614021778436 ], [ 126.641823096020744, 37.547638592831511 ], [ 126.642069883725341, 37.547615588631501 ], [ 126.642018400952281, 37.547583075708246 ] ] ] } },
{ "type": "Feature", "properties": { "present_sn": "28000UQ111PS201912180008", "lclas_cl": "UQA200", "mlsfc_cl": "UQA220", "sclas_cl": null, "atrb_se": "UQA220", "wtnnc_sn": "28000ARZ201907290001", "ntfc_sn": "28000NTC201907290003", "dgm_nm": "일반상업지역", "dgm_ar": "32721.132500006788", "dgm_lt": "11836.9140961", "sgg_cd": "28260", "drawing_no": null, "create_dat": "20191218", "mnum": "62800002826020120291UQA2200010001", "alias": null, "remark": null, "ntfdate": "20121224", "zone_name": "일반상업지역", "region": "cheongna", "region_name": "청라국제업무지구", "layer_type": "landuse_zone", "area_m2": 32698.136221263045 }, "geometry": { "type": "Polygon", "coordinates": [ [ [ 126.656457868244786, 37.5318866968667 ], [ 126.656453715526695, 37.532788124673161 ], [ 126.657075285405384, 37.532789939081816 ], [ 126.657482575490832, 37.532791126217759 ], [ 126.657889865600254, 37.532792311949166 ], [ 126.658297155733536, 37.532793496276064 ], [ 126.658704445890706, 37.532794679198417 ], [ 126.65911173607175, 37.532795860716256 ], [ 126.659507373250932, 37.532797007084724 ], [ 126.659819515954069, 37.532797910590574 ], [ 126.659823828738908, 37.531852514754412 ], [ 126.659824036584311, 37.531806952311364 ], [ 126.656458280684021, 37.531797166743047 ], [ 126.656457868244786, 37.5318866968667 ] ] ] } },
{ "type": "Feature", "properties": { "present_sn": "28260UQ111PS190002211574", "lclas_cl": "UQA100", "mlsfc_cl": "UQA120", "sclas_cl": "UQA123", "atrb_se": "UQA123", "wtnnc_sn": "28000ARZ190003020054", "ntfc_sn": "28000NTC190003010762", "dgm_nm": "제3종일반주거지역", "dgm_ar": "500158.2156119962", "dgm_lt": "3102.91144265", "sgg_cd": "28260", "drawing_no": null, "create_dat": "2015-04-01", "mnum": "62800002826020120291UQA1230001004", "alias": null, "remark": null, "ntfdate": "20121224", "zone_name": "제3종일반주거지역", "region": "cheongna", "region_name": "청라국제업무지구", "layer_type": "landuse_zone", "area_m2": 499808.12143912842 }, "geometry": { "type": "Polygon", "coordinates": [ [ [ 126.636473478558599, 37.529635322971458 ], [ 126.636471226608563, 37.530097433428487 ], [ 126.636463236007074, 37.531737055814389 ], [ 126.640593860666229, 37.53174975110332 ], [ 126.640602868543198, 37.529880225888107 ], [ 126.640608388375142, 37.528734535491722 ], [ 126.640612433052226, 37.528550151318349 ], [ 126.640622801022985, 37.528365912599355 ], [ 126.640639468877211, 37.528181972429692 ], [ 126.644627130561886, 37.52819408933189 ], [ 126.64461903927176, 37.529892430370481 ], [ 126.649797334983319, 37.529907964794056 ], [ 126.649818253033018, 37.529908027085902 ], [ 126.653299191620405, 37.529918341365381 ], [ 126.653304515650987, 37.528773000778223 ], [ 126.653310875595807, 37.527404722030106 ], [ 126.653196740176327, 37.527404520632892 ], [ 126.653162801790913, 37.527404420539092 ], [ 126.650039888507834, 37.527398772418749 ], [ 126.649720639875966, 37.527398182342509 ], [ 126.649071848857929, 37.527396788686488 ], [ 126.64879400676611, 37.527395959261909 ], [ 126.64768874358802, 37.527393464208366 ], [ 126.647348114734399, 37.527392623468906 ], [ 126.647047188232307, 37.527393072195487 ], [ 126.64667354954085, 37.527387174991894 ], [ 126.646412236606722, 37.527383776752004 ], [ 126.646233285461321, 37.527379634625802 ], [ 126.646107394705524, 37.527374931115681 ], [ 126.645901663958966, 37.527364040574398 ], [ 126.645677506713085, 37.527350301092135 ], [ 126.645432325776895, 37.527332713644938 ], [ 126.645168161788519, 37.527310383268876 ], [ 126.644887284660754, 37.527281785007773 ], [ 126.644743563761395, 37.527267836107896 ], [ 126.644607887855031, 37.527251208374516 ], [ 126.644349095533769, 37.527217539926539 ], [ 126.644090998979095, 37.527180359156681 ], [ 126.64383382448105, 37.527139666754785 ], [ 126.643577458946893, 37.527095462384146 ], [ 126.643322128234914, 37.527047836834008 ], [ 126.643067945074108, 37.526996880552133 ], [ 126.642814684535921, 37.526942322565887 ], [ 126.642562797867726, 37.526884434549515 ], [ 126.642312059277955, 37.526823125726125 ], [ 126.642062808178537, 37.526758397135929 ], [ 126.641814818346091, 37.526690248099356 ], [ 126.641568428325144, 37.526618859854025 ], [ 126.641338097977354, 37.526548511159127 ], [ 126.640875349041664, 37.526395372384329 ], [ 126.640772458898965, 37.526360189860092 ], [ 126.640533379200292, 37.526274676241187 ], [ 126.640296012144162, 37.526186013911179 ], [ 126.640060698435704, 37.526093933625987 ], [ 126.639827322798908, 37.525998885539785 ], [ 126.639595886994854, 37.525900509273328 ], [ 126.639485031974104, 37.525851696271644 ], [ 126.637861646727757, 37.52513150325801 ], [ 126.637746167700882, 37.525080241712594 ], [ 126.637642234179069, 37.525307151255539 ], [ 126.637196263089947, 37.526289837703146 ], [ 126.637115030301558, 37.52647735339319 ], [ 126.637041865475254, 37.526657415702246 ], [ 126.636973107420388, 37.526838482649943 ], [ 126.636908642600389, 37.527020643992493 ], [ 126.63684858504817, 37.527203719890991 ], [ 126.636792821665992, 37.527387710002891 ], [ 126.636741579616825, 37.527572434837914 ], [ 126.636694745365403, 37.52775798415022 ], [ 126.63665231982047, 37.527944177749923 ], [ 126.636614303013744, 37.528131015641883 ], [ 126.636580808984107, 37.528318317984798 ], [ 126.63655183732584, 37.528506174880285 ], [ 126.636537292619593, 37.528612176400408 ], [ 126.636498066836381, 37.529000561838366 ], [ 126.636485240295826, 37.529195045813992 ], [ 126.63647693759701, 37.529389814060664 ], [ 126.63647405767334, 37.529516484265457 ], [ 126.636473478558599, 37.529635322971458 ] ] ] } },
{ "type": "Feature", "properties": { "present_sn": "28000UQ111PS201912180008", "lclas_cl": "UQA200", "mlsfc_cl": "UQA220", "sclas_cl": null, "atrb_se": "UQA220", "wtnnc_sn": "28000ARZ201907290001", "ntfc_sn": "28000NTC201907290003", "dgm_nm": "일반상업지역", "dgm_ar": "9914.964000002481", "dgm_lt": "11836.9140961", "sgg_cd": "28260", "drawing_no": null, "create_dat": "20191218", "mnum": "62800002826020140223UQA2200001002", "alias": null, "remark": null, "ntfdate": "20140729", "zone_name": "일반상업지역", "region": "cheongna", "region_name": "청라국제업무지구", "layer_type": "landuse_zone", "area_m2": 9908.0770139877404 }, "geometry": { "type": "Polygon", "coordinates": [ [ [ 126.614211634648768, 37.548502594546008 ], [ 126.615467694611411, 37.548508401425352 ], [ 126.615471147933675, 37.547838763925853 ], [ 126.61547184486605, 37.547703618304183 ], [ 126.614215798405652, 37.547697811543713 ], [ 126.614211634648768, 37.548502594546008 ] ] ] } },
{ "type": "Feature", "properties": { "present_sn": null, "lclas_cl": null, "mlsfc_cl": null, "sclas_cl": null, "atrb_se": "UQA220", "wtnnc_sn": null, "ntfc_sn": null, "dgm_nm": "일반상업지역", "dgm_ar": "121729.66651199886", "dgm_lt": null, "sgg_cd": "28260", "drawing_no": null, "create_dat": null, "mnum": "62800002826020220613UQA2200001001", "alias": null, "remark": null, "ntfdate": "20220613", "zone_name": "일반상업지역", "region": "cheongna", "region_name": "청라국제업무지구", "layer_type": "landuse_zone", "area_m2": 121645.33479952985 }, "geometry": { "type": "Polygon", "coordinates": [ [ [ 126.61075667946497, 37.522308579934887 ], [ 126.610759166374265, 37.521831703270024 ], [ 126.603352082587747, 37.521806966286285 ], [ 126.603364050866645, 37.519554532121084 ], [ 126.603024704508798, 37.519553387757185 ], [ 126.603019026876368, 37.520621041615854 ], [ 126.603017038436221, 37.520994945663652 ], [ 126.603012246863045, 37.521895919174447 ], [ 126.6028991278787, 37.521895537470982 ], [ 126.602893040545325, 37.523039773613561 ], [ 126.603006161256985, 37.523040155332723 ], [ 126.602993701460562, 37.525382685350991 ], [ 126.603628667905653, 37.525384826110582 ], [ 126.603629569900349, 37.525376873415496 ], [ 126.60363053386385, 37.525367902811475 ], [ 126.603631452625265, 37.525358923045282 ], [ 126.603632326184609, 37.525349934116882 ], [ 126.603633143133791, 37.52534095400766 ], [ 126.603633914880959, 37.525331964736239 ], [ 126.603634630113717, 37.525322966264547 ], [ 126.603635300048722, 37.525313976650125 ], [ 126.603635924781784, 37.525304977873517 ], [ 126.603636492952631, 37.525295978906364 ], [ 126.603637015873687, 37.525286979786742 ], [ 126.603637482232543, 37.525277980476581 ], [ 126.603637903389483, 37.525268972004241 ], [ 126.603638279248855, 37.525259972389172 ], [ 126.603638598593918, 37.525250963573825 ], [ 126.603638872689288, 37.525241954606024 ], [ 126.603639101534981, 37.525232945485797 ], [ 126.603639273770725, 37.525223945184742 ], [ 126.603639389492301, 37.525214935683387 ], [ 126.603639480606802, 37.525204169170337 ], [ 126.603640730106122, 37.524966753731782 ], [ 126.603645978121733, 37.523978503351728 ], [ 126.603647237038857, 37.523741430271244 ], [ 126.603649753297901, 37.523267572392832 ], [ 126.608959104133135, 37.523285337715002 ], [ 126.608962830335457, 37.522638890050672 ], [ 126.610754925874147, 37.522644832514167 ], [ 126.61075667946497, 37.522308579934887 ] ] ] } },
{ "type": "Feature", "properties": { "present_sn": "28000UQ111PS201600002720", "lclas_cl": "UQA100", "mlsfc_cl": "UQA130", "sclas_cl": null, "atrb_se": "UQA130", "wtnnc_sn": "28000ARZ201600002720", "ntfc_sn": "28000NTC201407290243", "dgm_nm": "준주거지역", "dgm_ar": "88799.97000000381", "dgm_lt": "1262.86120074", "sgg_cd": "28260", "drawing_no": null, "create_dat": "2015-04-01", "mnum": "62800002826020140223UQA1300001001", "alias": null, "remark": null, "ntfdate": "20140729", "zone_name": "준주거지역", "region": "cheongna", "region_name": "청라국제업무지구", "layer_type": "landuse_zone", "area_m2": 88738.238326516017 }, "geometry": { "type": "Polygon", "coordinates": [ [ [ 126.615471147933675, 37.547838763925853 ], [ 126.61546202103446, 37.549608522581991 ], [ 126.620214753029416, 37.549630371092803 ], [ 126.620224455975162, 37.5477254567488 ], [ 126.61547184486605, 37.547703618304183 ], [ 126.615471147933675, 37.547838763925853 ] ] ] } },
{ "type": "Feature", "properties": { "present_sn": null, "lclas_cl": null, "mlsfc_cl": null, "sclas_cl": null, "atrb_se": "UQA420", "wtnnc_sn": null, "ntfc_sn": null, "dgm_nm": "생산녹지지역", "dgm_ar": "19115.490341501445", "dgm_lt": null, "sgg_cd": "28260", "drawing_no": null, "create_dat": null, "mnum": "62800002826020060004UQA4200001001", "alias": null, "remark": null, "ntfdate": null, "zone_name": "생산녹지지역", "region": "cheongna", "region_name": "청라국제업무지구", "layer_type": "landuse_zone", "area_m2": 1806.7896783182837 }, "geometry": { "type": "Polygon", "coordinates": [ [ [ 126.639266607867825, 37.557093411514906 ], [ 126.639307414605454, 37.55703108941438 ], [ 126.639361614205853, 37.556993576461274 ], [ 126.639367232185833, 37.556991562116451 ], [ 126.638662646733962, 37.556770960538294 ], [ 126.638661449899217, 37.556816383487643 ], [ 126.638684615278279, 37.556837663866148 ], [ 126.638682521639069, 37.557087410535324 ], [ 126.638778785448608, 37.557234972332054 ], [ 126.638807772502531, 37.557243464099692 ], [ 126.639263662294866, 37.55710081944752 ], [ 126.639266607867825, 37.557093411514906 ] ] ] } },
{ "type": "Feature", "properties": { "present_sn": "28000UQ111PS201407298061", "lclas_cl": "UQA300", "mlsfc_cl": "UQA330", "sclas_cl": null, "atrb_se": "UQA330", "wtnnc_sn": "28000ARZ201407290078", "ntfc_sn": "28000NTC201407290243", "dgm_nm": "준공업지역", "dgm_ar": "58190.750160494164", "dgm_lt": "1251.268779", "sgg_cd": "28260", "drawing_no": null, "create_dat": "2015-04-01", "mnum": "62805482826020190068UQA3300001002", "alias": null, "remark": null, "ntfdate": "20191216", "zone_name": "준공업지역", "region": "cheongna", "region_name": "청라국제업무지구", "layer_type": "landuse_zone", "area_m2": 58149.941440578266 }, "geometry": { "type": "Polygon", "coordinates": [ [ [ 126.649786030813289, 37.520725154589513 ], [ 126.649840729624188, 37.522158073264528 ], [ 126.649848987647417, 37.522374966342319 ], [ 126.649910006403587, 37.523184778282662 ], [ 126.649924913095461, 37.523575942698791 ], [ 126.649928336465649, 37.523666051950755 ], [ 126.649930454136864, 37.523721018681279 ], [ 126.649937628860883, 37.523785541954723 ], [ 126.649947183497929, 37.523875669453354 ], [ 126.649987969869755, 37.524260360644881 ], [ 126.6500178375301, 37.52506033084304 ], [ 126.651293245443256, 37.525064470940123 ], [ 126.651241752751801, 37.524086419191462 ], [ 126.651230604536011, 37.52387465334035 ], [ 126.651225856059014, 37.523784540196111 ], [ 126.651144359944823, 37.522236621629695 ], [ 126.651133575632045, 37.522031812433127 ], [ 126.651109742441349, 37.521579146959972 ], [ 126.651067303134369, 37.520772949434928 ], [ 126.65104951646191, 37.520435259253773 ], [ 126.650916572122469, 37.520436738778145 ], [ 126.650833846666785, 37.520437069833719 ], [ 126.650560308113597, 37.520440672251169 ], [ 126.650407725897963, 37.520447066322745 ], [ 126.650311397463653, 37.520451104698935 ], [ 126.650295241509198, 37.520451651314282 ], [ 126.650277116973555, 37.520452264152823 ], [ 126.650243292330998, 37.520452704159524 ], [ 126.649775648438847, 37.520454826349365 ], [ 126.649786030813289, 37.520725154589513 ] ] ] } },
{ "type": "Feature", "properties": { "present_sn": "28260UQ111PS190001211458", "lclas_cl": "UQA100", "mlsfc_cl": "UQA120", "sclas_cl": "UQA121", "atrb_se": "UQA121", "wtnnc_sn": "28000ARZ190003020041", "ntfc_sn": "28000NTC190003010762", "dgm_nm": "제1종일반주거지역", "dgm_ar": "66863.26504549966", "dgm_lt": "693.219684157", "sgg_cd": "28260", "drawing_no": null, "create_dat": "2015-04-01", "mnum": "62800002826020120291UQA1210001003", "alias": null, "remark": null, "ntfdate": "20121224", "zone_name": "제1종일반주거지역", "region": "cheongna", "region_name": "청라국제업무지구", "layer_type": "landuse_zone", "area_m2": 66816.473599690697 }, "geometry": { "type": "Polygon", "coordinates": [ [ [ 126.64060285723005, 37.529880225853525 ], [ 126.64246831732234, 37.52988591166536 ], [ 126.642920843607456, 37.529887286497896 ], [ 126.644619027958612, 37.529892430336282 ], [ 126.644627119248952, 37.528194089297699 ], [ 126.640639468877211, 37.528181972429692 ], [ 126.640622801022985, 37.528365912599355 ], [ 126.64061243309564, 37.528550142308582 ], [ 126.640608377062165, 37.528734535457161 ], [ 126.64060285723005, 37.529880225853525 ] ] ] } },
{ "type": "Feature", "properties": { "present_sn": null, "lclas_cl": null, "mlsfc_cl": null, "sclas_cl": null, "atrb_se": "UQA112", "wtnnc_sn": null, "ntfc_sn": null, "dgm_nm": "제2종전용주거지역", "dgm_ar": "112428.2157890036", "dgm_lt": null, "sgg_cd": "28260", "drawing_no": null, "create_dat": null, "mnum": "62800002826020120291UQA1120001001", "alias": null, "remark": null, "ntfdate": "20121224", "zone_name": "제2종전용주거지역", "region": "cheongna", "region_name": "청라국제업무지구", "layer_type": "landuse_zone", "area_m2": 112349.80280414573 }, "geometry": { "type": "Polygon", "coordinates": [ [ [ 126.627629319444708, 37.522381899408899 ], [ 126.628926324854419, 37.522755854402902 ], [ 126.629139029208304, 37.522817251925922 ], [ 126.628831132819329, 37.523494906589711 ], [ 126.628811185947356, 37.523538757905605 ], [ 126.633217136025763, 37.524808874215871 ], [ 126.633874491209838, 37.523362256184178 ], [ 126.633571077499496, 37.523227487302613 ], [ 126.628300965622813, 37.520888172359491 ], [ 126.628059210264226, 37.520780730957412 ], [ 126.628059118827153, 37.520780919876309 ], [ 126.627847171548538, 37.521247295967541 ], [ 126.627365942831261, 37.522306148068672 ], [ 126.627629319444708, 37.522381899408899 ] ] ] } },
{ "type": "Feature", "properties": { "present_sn": null, "lclas_cl": null, "mlsfc_cl": null, "sclas_cl": null, "atrb_se": "UQA330", "wtnnc_sn": null, "ntfc_sn": null, "dgm_nm": "준공업지역", "dgm_ar": "289654.0567994791", "dgm_lt": null, "sgg_cd": "28260", "drawing_no": null, "create_dat": null, "mnum": "62800002826020220613UQA3300001001", "alias": null, "remark": null, "ntfdate": "20220613", "zone_name": "준공업지역", "region": "cheongna", "region_name": "청라국제업무지구", "layer_type": "landuse_zone", "area_m2": 279352.14749895944 }, "geometry": { "type": "Polygon", "coordinates": [ [ [ 126.611551133919306, 37.522647463960325 ], [ 126.611106401725465, 37.522645994794104 ], [ 126.608962830335457, 37.522638890050672 ], [ 126.608959104133135, 37.523285337715002 ], [ 126.603649753297901, 37.523267572392832 ], [ 126.603647237038857, 37.523741430271244 ], [ 126.603645978121733, 37.523978503351728 ], [ 126.603640730106122, 37.524966753731782 ], [ 126.603639480606802, 37.525204169170337 ], [ 126.603639389492301, 37.525214935683387 ], [ 126.603639273770725, 37.525223945184742 ], [ 126.603639101534981, 37.525232945485797 ], [ 126.603638872689288, 37.525241954606024 ], [ 126.603638598593918, 37.525250963573825 ], [ 126.603638279248855, 37.525259972389172 ], [ 126.603637903389483, 37.525268972004241 ], [ 126.603637482232543, 37.525277980476581 ], [ 126.603637015873687, 37.525286979786742 ], [ 126.603636492952631, 37.525295978906364 ], [ 126.603635924781784, 37.525304977873517 ], [ 126.603635300048722, 37.525313976650125 ], [ 126.603634630113717, 37.525322966264547 ], [ 126.603633914880959, 37.525331964736239 ], [ 126.603633143133791, 37.52534095400766 ], [ 126.603632326184609, 37.525349934116882 ], [ 126.603631452625265, 37.525358923045282 ], [ 126.60363053386385, 37.525367902811475 ], [ 126.603629569900349, 37.525376873415496 ], [ 126.603628667905653, 37.525384826110582 ], [ 126.603628549326615, 37.525385852838681 ], [ 126.603627483550781, 37.525394823099674 ], [ 126.603626361260382, 37.52540378416036 ], [ 126.603625193719978, 37.525412745068579 ], [ 126.603623980929569, 37.525421705824357 ], [ 126.603622711624539, 37.5254306573798 ], [ 126.60362139706946, 37.525439608782804 ], [ 126.60362024825703, 37.52544717322094 ], [ 126.603435852507545, 37.525755843399679 ], [ 126.603432605164997, 37.525764472939521 ], [ 126.603429312619653, 37.525773093317042 ], [ 126.603425974871485, 37.525781704532214 ], [ 126.603422580655831, 37.525790297537178 ], [ 126.603419141237339, 37.525798881379764 ], [ 126.603415656663813, 37.525807447050248 ], [ 126.603412115527021, 37.52581601252998 ], [ 126.603408529283101, 37.525824550827878 ], [ 126.603404886475872, 37.525833088935002 ], [ 126.603401198561471, 37.525841599860279 ], [ 126.603397465396228, 37.525850110632888 ], [ 126.603393675811276, 37.525858594185529 ], [ 126.603389840975453, 37.525867077585495 ], [ 126.603385961032416, 37.525875533803621 ], [ 126.603382035838493, 37.525883989869044 ], [ 126.603378054224777, 37.525892418714477 ], [ 126.603374027408037, 37.525900838397504 ], [ 126.603369944123614, 37.525909239870231 ], [ 126.603365826948632, 37.525917632218679 ], [ 126.603361653305953, 37.525926006356841 ], [ 126.603357434508069, 37.525934362322843 ], [ 126.60335315919454, 37.525942709088255 ], [ 126.603348838725807, 37.525951037681494 ], [ 126.603344473101814, 37.52595934810256 ], [ 126.603340062274668, 37.525967649361156 ], [ 126.603335606340124, 37.525975923437855 ], [ 126.603331093889906, 37.525984188313934 ], [ 126.603326536284371, 37.52599243501782 ], [ 126.603321933523574, 37.526000663549503 ], [ 126.603317285559541, 37.526008882918703 ], [ 126.603312581175516, 37.52601707506782 ], [ 126.603307842948709, 37.526025249082842 ], [ 126.603303048206087, 37.526033413897238 ], [ 126.603298208308118, 37.52604156053939 ], [ 126.603293323254746, 37.526049689009319 ], [ 126.603288393093905, 37.526057790297266 ], [ 126.603283611814703, 37.526065549711163 ], [ 126.603171272627563, 37.526247107583622 ], [ 126.603166878394148, 37.526254408793513 ], [ 126.603162049779499, 37.526262555467767 ], [ 126.603157266270259, 37.526270729323613 ], [ 126.603090494699174, 37.526413618863224 ], [ 126.607056778639404, 37.526925657415788 ], [ 126.611029937444357, 37.526940262918941 ], [ 126.611032972660738, 37.526922253172465 ], [ 126.610810713044955, 37.526921446067021 ], [ 126.610977610737777, 37.52595808382619 ], [ 126.611019739510255, 37.525714956027095 ], [ 126.611551133919306, 37.522647463960325 ] ] ] } },
{ "type": "Feature", "properties": { "present_sn": "28260UQ111PS190007010577", "lclas_cl": "UQA100", "mlsfc_cl": "UQA110", "sclas_cl": "UQA111", "atrb_se": "UQA111", "wtnnc_sn": "28000ARZ190003020050", "ntfc_sn": "28000NTC190003010762", "dgm_nm": "제1종전용주거지역", "dgm_ar": "311746.2383574858", "dgm_lt": "1322.73128171", "sgg_cd": "28260", "drawing_no": null, "create_dat": "2015-04-01", "mnum": "62800002826020120291UQA1110001001", "alias": null, "remark": null, "ntfdate": null, "zone_name": "제1종전용주거지역", "region": "cheongna", "region_name": "청라국제업무지구", "layer_type": "landuse_zone", "area_m2": 311529.05982454482 }, "geometry": { "type": "Polygon", "coordinates": [ [ [ 126.619324252963423, 37.539899017715818 ], [ 126.619439297561939, 37.540212582171982 ], [ 126.619560075446799, 37.540524777524745 ], [ 126.619686553060689, 37.540835540579231 ], [ 126.619727219732965, 37.540933050752116 ], [ 126.619897936408847, 37.541353399480336 ], [ 126.620060282421974, 37.541775847227505 ], [ 126.631880598676972, 37.541797408276224 ], [ 126.631894297661319, 37.539022247246038 ], [ 126.629086169313155, 37.539013424864386 ], [ 126.629082894184776, 37.539671937408734 ], [ 126.627512119896295, 37.539666973263898 ], [ 126.627515408837027, 37.539008460837223 ], [ 126.623061575719206, 37.538994271915868 ], [ 126.623058247614139, 37.539652784006265 ], [ 126.622079104201219, 37.539649642103498 ], [ 126.621867431914779, 37.539019342763481 ], [ 126.619214952531792, 37.539584156286864 ], [ 126.619324252963423, 37.539899017715818 ] ] ] } },
{ "type": "Feature", "properties": { "present_sn": "28260UQ111PS190201011384", "lclas_cl": "UQA100", "mlsfc_cl": "UQA120", "sclas_cl": "UQA122", "atrb_se": "UQA122", "wtnnc_sn": "28000ARZ190003020053", "ntfc_sn": "28000NTC190003010762", "dgm_nm": "제2종일반주거지역", "dgm_ar": "42477.83000000578", "dgm_lt": "838.74", "sgg_cd": "28260", "drawing_no": null, "create_dat": "2015-04-01", "mnum": "62800002826020120291UQA1220001012", "alias": null, "remark": null, "ntfdate": "20121224", "zone_name": "제2종일반주거지역", "region": "cheongna", "region_name": "청라국제업무지구", "layer_type": "landuse_zone", "area_m2": 42448.003974578794 }, "geometry": { "type": "Polygon", "coordinates": [ [ [ 126.653304526963993, 37.528773000811583 ], [ 126.654604504140963, 37.528776826329263 ], [ 126.654604589299069, 37.528758437374606 ], [ 126.655170239387999, 37.528760097477438 ], [ 126.655170154368747, 37.528778486433168 ], [ 126.656472168239517, 37.528782297366256 ], [ 126.656478487344941, 37.527410324150082 ], [ 126.653310886908613, 37.527404722063466 ], [ 126.653304526963993, 37.528773000811583 ] ] ] } },
{ "type": "Feature", "properties": { "present_sn": "28260UQ111PS190201011384", "lclas_cl": "UQA100", "mlsfc_cl": "UQA120", "sclas_cl": "UQA122", "atrb_se": "UQA122", "wtnnc_sn": "28000ARZ190003020053", "ntfc_sn": "28000NTC190003010762", "dgm_nm": "제2종일반주거지역", "dgm_ar": "35853.839240998466", "dgm_lt": "838.74", "sgg_cd": "28260", "drawing_no": null, "create_dat": "2015-04-01", "mnum": "62800002826020120291UQA1220001002", "alias": null, "remark": null, "ntfdate": "20121224", "zone_name": "제2종일반주거지역", "region": "cheongna", "region_name": "청라국제업무지구", "layer_type": "landuse_zone", "area_m2": 35828.754925945825 }, "geometry": { "type": "Polygon", "coordinates": [ [ [ 126.640593849352797, 37.531749751068737 ], [ 126.640593417952232, 37.531839281039574 ], [ 126.64087549619272, 37.531840142726445 ], [ 126.642345339767559, 37.531844621872871 ], [ 126.642458926830798, 37.531844967252397 ], [ 126.642459360018293, 37.531754599355516 ], [ 126.642466267002192, 37.530313668184689 ], [ 126.642466700588685, 37.530223210166483 ], [ 126.64246831732234, 37.52988591166536 ], [ 126.64060285723005, 37.529880225853525 ], [ 126.640593849352797, 37.531749751068737 ] ] ] } },
{ "type": "Feature", "properties": { "present_sn": "28260UQ111PS190002211574", "lclas_cl": "UQA100", "mlsfc_cl": "UQA120", "sclas_cl": "UQA123", "atrb_se": "UQA123", "wtnnc_sn": "28000ARZ190003020054", "ntfc_sn": "28000NTC190003010762", "dgm_nm": "제3종일반주거지역", "dgm_ar": "309310.9831529921", "dgm_lt": "3102.91144265", "sgg_cd": "28260", "drawing_no": null, "create_dat": "2015-04-01", "mnum": "62800002826020120291UQA1230001003", "alias": null, "remark": null, "ntfdate": "20121224", "zone_name": "제3종일반주거지역", "region": "cheongna", "region_name": "청라국제업무지구", "layer_type": "landuse_zone", "area_m2": 309094.73847104469 }, "geometry": { "type": "Polygon", "coordinates": [ [ [ 126.636443371755036, 37.535812499720421 ], [ 126.636443341055525, 37.535818797534425 ], [ 126.636441561918076, 37.536183773413619 ], [ 126.636441123068877, 37.536273798811486 ], [ 126.636440903116494, 37.5363189196269 ], [ 126.636415035873256, 37.541624595313351 ], [ 126.636414154465783, 37.541805357709393 ], [ 126.6405453501594, 37.541812453505251 ], [ 126.640558671359017, 37.539049047512677 ], [ 126.640563665584367, 37.538012926472817 ], [ 126.640573117214473, 37.536051909231183 ], [ 126.640582127010916, 37.534182385392796 ], [ 126.636451379515336, 37.534169689026712 ], [ 126.636443371755036, 37.535812499720421 ] ] ] } },
{ "type": "Feature", "properties": { "present_sn": "28000UQ111PS201912180008", "lclas_cl": "UQA200", "mlsfc_cl": "UQA220", "sclas_cl": null, "atrb_se": "UQA220", "wtnnc_sn": "28000ARZ201907290001", "ntfc_sn": "28000NTC201907290003", "dgm_nm": "일반상업지역", "dgm_ar": "40184.77174100747", "dgm_lt": "11836.9140961", "sgg_cd": "28260", "drawing_no": null, "create_dat": "20191218", "mnum": "62800002826020120291UQA2200001005", "alias": null, "remark": null, "ntfdate": null, "zone_name": "일반상업지역", "region": "cheongna", "region_name": "청라국제업무지구", "layer_type": "landuse_zone", "area_m2": 40156.68048415576 }, "geometry": { "type": "Polygon", "coordinates": [ [ [ 126.636451379515336, 37.534169689026712 ], [ 126.640582127010916, 37.534182385392796 ], [ 126.640582563715199, 37.534091765277509 ], [ 126.640586905685552, 37.53319074465729 ], [ 126.640413727592986, 37.533190215286389 ], [ 126.640300591061489, 37.533189869313453 ], [ 126.639904839489532, 37.533188658247489 ], [ 126.639452972229137, 37.533187273836596 ], [ 126.639000652453689, 37.533185886307812 ], [ 126.638548332709377, 37.533184497046776 ], [ 126.638096012996172, 37.533183106053478 ], [ 126.637643580177652, 37.533181712979335 ], [ 126.637190694844477, 37.533180316776054 ], [ 126.636456212876851, 37.533178048744396 ], [ 126.636451379515336, 37.534169689026712 ] ] ] } },
{ "type": "Feature", "properties": { "present_sn": null, "lclas_cl": null, "mlsfc_cl": null, "sclas_cl": null, "atrb_se": "UQA320", "wtnnc_sn": null, "ntfc_sn": null, "dgm_nm": null, "dgm_ar": "7648212.863877", "dgm_lt": null, "sgg_cd": "28260", "drawing_no": null, "create_dat": "2024-12-30 17:56:46", "mnum": "62800002826020240442UQA3200001001", "alias": null, "remark": null, "ntfdate": null, "zone_name": "nan", "region": "cheongna", "region_name": "청라국제업무지구", "layer_type": "landuse_zone", "area_m2": 12851.277736441511 }, "geometry": { "type": "MultiPolygon", "coordinates": [ [ [ [ 126.649274910275878, 37.516112141612979 ], [ 126.649320111156612, 37.516145595069453 ], [ 126.649435602796473, 37.516120711599264 ], [ 126.649613494879588, 37.516106231179904 ], [ 126.649624572831542, 37.51610532715096 ], [ 126.649971286335685, 37.516100232781184 ], [ 126.650266622619682, 37.51607615389964 ], [ 126.650333414150538, 37.516064369303443 ], [ 126.650460499170421, 37.515979152846874 ], [ 126.650504949487825, 37.515907295699002 ], [ 126.650726135416264, 37.515775416872231 ], [ 126.650755709405331, 37.515740185815226 ], [ 126.650768048859575, 37.515663982429061 ], [ 126.649273952455459, 37.516094871783913 ], [ 126.649274910275878, 37.516112141612979 ] ] ], [ [ [ 126.651008598086108, 37.516624440024465 ], [ 126.651045709628164, 37.516634752253609 ], [ 126.651001562709936, 37.516441947345427 ], [ 126.651008598086108, 37.516624440024465 ] ] ], [ [ [ 126.651053861330951, 37.517929192168133 ], [ 126.651206819074986, 37.520834622037796 ], [ 126.651468512839543, 37.520855787308236 ], [ 126.65162267885124, 37.520859217362776 ], [ 126.651859059550702, 37.520988849175957 ], [ 126.651953602925886, 37.521018411223196 ], [ 126.65209552825624, 37.521051266842314 ], [ 126.652230967180799, 37.521068155568109 ], [ 126.652307008930507, 37.521087030924676 ], [ 126.652363572330188, 37.521086297149495 ], [ 126.652387433372382, 37.521112136025167 ], [ 126.652461446209273, 37.521129473600446 ], [ 126.652714466946392, 37.521159953758726 ], [ 126.652973532629517, 37.521179819518586 ], [ 126.65318228919908, 37.52121773637473 ], [ 126.653266540790369, 37.521222669963613 ], [ 126.653600809245958, 37.521223024345758 ], [ 126.653625366622222, 37.521245170959403 ], [ 126.653783806749786, 37.521229689970788 ], [ 126.653986388857788, 37.521233169369481 ], [ 126.654137408887195, 37.521240565013684 ], [ 126.651506, 37.520823 ], [ 126.651167272593923, 37.517192790248679 ], [ 126.651053861330951, 37.517929192168133 ] ] ], [ [ [ 126.654604291614774, 37.521322201734598 ], [ 126.654714665640498, 37.52135342985153 ], [ 126.654872603457292, 37.521373174679326 ], [ 126.654910656583624, 37.521387972505494 ], [ 126.654943353103718, 37.521368456239344 ], [ 126.654578656551678, 37.521310584381617 ], [ 126.654604291614774, 37.521322201734598 ] ] ], [ [ [ 126.65503813532284, 37.521389698004612 ], [ 126.65506352784503, 37.521387526163345 ], [ 126.655027060817915, 37.521381739394613 ], [ 126.65503813532284, 37.521389698004612 ] ] ], [ [ [ 126.655272594449912, 37.521422731109944 ], [ 126.655342517162936, 37.521468616308461 ], [ 126.655463681899107, 37.521588352674172 ], [ 126.655523227369855, 37.521676824238476 ], [ 126.655582758462828, 37.521719435285405 ], [ 126.655638307570726, 37.52174248313603 ], [ 126.655720987527516, 37.521740260405153 ], [ 126.655369, 37.521436 ], [ 126.655266094067741, 37.521419670376268 ], [ 126.655272594449912, 37.521422731109944 ] ] ] ] } },
{ "type": "Feature", "properties": { "present_sn": "28260UQ111PS190001014689", "lclas_cl": "UQA100", "mlsfc_cl": "UQA130", "sclas_cl": null, "atrb_se": "UQA130", "wtnnc_sn": "28000ARZ190003020046", "ntfc_sn": "28000NTC190003010762", "dgm_nm": "준주거지역", "dgm_ar": "16489.300000001094", "dgm_lt": "529.320091773", "sgg_cd": "28260", "drawing_no": null, "create_dat": "2015-04-01", "mnum": "62800002826020120291UQA1300001002", "alias": null, "remark": null, "ntfdate": "20121224", "zone_name": "준주거지역", "region": "cheongna", "region_name": "청라국제업무지구", "layer_type": "landuse_zone", "area_m2": 16477.763746190121 }, "geometry": { "type": "Polygon", "coordinates": [ [ [ 126.640589076489533, 37.532740256819451 ], [ 126.640757569720549, 37.532740771620674 ], [ 126.640870705579431, 37.532741117152362 ], [ 126.642454607806641, 37.532745943216689 ], [ 126.642458926830798, 37.531844967252397 ], [ 126.642345339767559, 37.531844621872871 ], [ 126.64087549619272, 37.531840142726445 ], [ 126.640593417952232, 37.531839281039574 ], [ 126.640589076489533, 37.532740256819451 ] ] ] } },
{ "type": "Feature", "properties": { "present_sn": "28000UQ111PS201912180008", "lclas_cl": "UQA200", "mlsfc_cl": "UQA220", "sclas_cl": null, "atrb_se": "UQA220", "wtnnc_sn": "28000ARZ201907290001", "ntfc_sn": "28000NTC201907290003", "dgm_nm": "일반상업지역", "dgm_ar": "23681.576246996192", "dgm_lt": "11836.9140961", "sgg_cd": "28260", "drawing_no": null, "create_dat": "20191218", "mnum": "62800002826020150288UQA2200001001", "alias": null, "remark": null, "ntfdate": "20151109", "zone_name": "일반상업지역", "region": "cheongna", "region_name": "청라국제업무지구", "layer_type": "landuse_zone", "area_m2": 23665.115119061324 }, "geometry": { "type": "Polygon", "coordinates": [ [ [ 126.618452600886826, 37.552936366361166 ], [ 126.618708935602371, 37.552228716831053 ], [ 126.618695034230242, 37.552225166930278 ], [ 126.618552299045945, 37.552187133003969 ], [ 126.618400542636778, 37.552142852836852 ], [ 126.618250274159905, 37.55209533375676 ], [ 126.618189723484534, 37.552074504641624 ], [ 126.618028584279045, 37.552017309445553 ], [ 126.617955334562254, 37.551990222168143 ], [ 126.617882998527904, 37.551961516039974 ], [ 126.617739410004745, 37.551902485398521 ], [ 126.617668157518196, 37.551872160886546 ], [ 126.617624215568128, 37.551852196357004 ], [ 126.617527705855366, 37.551808364961637 ], [ 126.617389647066005, 37.551741423204604 ], [ 126.61725398023583, 37.551671515817894 ], [ 126.617120819000917, 37.551598553081043 ], [ 126.617058876122314, 37.551562492199501 ], [ 126.616990389235056, 37.551522625836526 ], [ 126.616862576855468, 37.551443913918746 ], [ 126.616737608658539, 37.551362327976612 ], [ 126.616615484185871, 37.551277958116088 ], [ 126.61649642930476, 37.551190895180895 ], [ 126.616402592805613, 37.55111827608377 ], [ 126.615951966581648, 37.552362165604791 ], [ 126.618452600886826, 37.552936366361166 ] ] ] } },
{ "type": "Feature", "properties": { "present_sn": "28000UQ111PS201912180008", "lclas_cl": "UQA200", "mlsfc_cl": "UQA220", "sclas_cl": null, "atrb_se": "UQA220", "wtnnc_sn": "28000ARZ201907290001", "ntfc_sn": "28000NTC201907290003", "dgm_nm": "일반상업지역", "dgm_ar": "40138.76825899012", "dgm_lt": "11836.9140961", "sgg_cd": "28260", "drawing_no": null, "create_dat": "20191218", "mnum": "62800002826020120291UQA2200001006", "alias": null, "remark": null, "ntfdate": null, "zone_name": "일반상업지역", "region": "cheongna", "region_name": "청라국제업무지구", "layer_type": "landuse_zone", "area_m2": 40110.70924894471 }, "geometry": { "type": "Polygon", "coordinates": [ [ [ 126.636458408523396, 37.532727561112445 ], [ 126.637193225481155, 37.53272983015431 ], [ 126.637645881819054, 37.532731225636518 ], [ 126.638098425052348, 37.53273261903577 ], [ 126.63855085518108, 37.532734010353373 ], [ 126.639003624748426, 37.532735400979625 ], [ 126.639456507482791, 37.532736790217037 ], [ 126.639909503384104, 37.532738178064285 ], [ 126.640305931391211, 37.532739391178374 ], [ 126.640418162155555, 37.532739734375376 ], [ 126.640589076489533, 37.532740256819451 ], [ 126.640593417952232, 37.531839281039574 ], [ 126.640593849352797, 37.531749751068737 ], [ 126.636463236007074, 37.531737055814389 ], [ 126.636458408523396, 37.532727561112445 ] ] ] } },
{ "type": "Feature", "properties": { "present_sn": "28000UQ111PS201402038048", "lclas_cl": "UQA300", "mlsfc_cl": "UQA320", "sclas_cl": null, "atrb_se": "UQA320", "wtnnc_sn": "28000ARZ201402030028", "ntfc_sn": "28000NTC201402030139", "dgm_nm": "일반공업지역", "dgm_ar": "175953.89817399697", "dgm_lt": "1904.16875594", "sgg_cd": "28260", "drawing_no": null, "create_dat": "2015-04-01", "mnum": "62800002826020140026UQA3200001001", "alias": null, "remark": null, "ntfdate": null, "zone_name": "일반공업지역", "region": "cheongna", "region_name": "청라국제업무지구", "layer_type": "landuse_zone", "area_m2": 6226.6992173132203 }, "geometry": { "type": "Polygon", "coordinates": [ [ [ 126.610083291881622, 37.515315341391727 ], [ 126.609945181926776, 37.514912366806222 ], [ 126.607083008025668, 37.515756828301285 ], [ 126.610083291881622, 37.515315341391727 ] ] ] } },
{ "type": "Feature", "properties": { "present_sn": "28000UQ111PS202503070001", "lclas_cl": "UQA400", "mlsfc_cl": "UQA430", "sclas_cl": null, "atrb_se": "UQA430", "wtnnc_sn": "28000ARZ202503070002", "ntfc_sn": "28000NTC202503070001", "dgm_nm": "자연녹지지역", "dgm_ar": "9903734.46", "dgm_lt": null, "sgg_cd": "28260", "drawing_no": null, "create_dat": "2025-03-11 10:29:39", "mnum": "62805482826020240431UQA4300001001", "alias": null, "remark": null, "ntfdate": null, "zone_name": "자연녹지지역", "region": "cheongna", "region_name": "청라국제업무지구", "layer_type": "landuse_zone", "area_m2": 9758935.1444898099 }, "geometry": { "type": "Polygon", "coordinates": [ [ [ 126.638778536511978, 37.557234962557445 ], [ 126.638682272702965, 37.557087400760508 ], [ 126.638684366343, 37.556837654091325 ], [ 126.638661200964023, 37.556816373712778 ], [ 126.638235586009074, 37.556637250326666 ], [ 126.636229, 37.556009 ], [ 126.632195, 37.550362 ], [ 126.636572, 37.549409 ], [ 126.638546, 37.548388 ], [ 126.640240422777509, 37.548791621966224 ], [ 126.640282789030394, 37.548782180641972 ], [ 126.641808, 37.54764 ], [ 126.641822778744427, 37.547638622406275 ], [ 126.641835859571103, 37.547628461160308 ], [ 126.641854487234852, 37.547614012010463 ], [ 126.64196465932821, 37.547576415973147 ], [ 126.641980266085213, 37.54757835556385 ], [ 126.642018152047285, 37.547583065940621 ], [ 126.642206320465419, 37.547586521799815 ], [ 126.642342338049843, 37.54758666529456 ], [ 126.64238005069366, 37.547586676563171 ], [ 126.64265280438282, 37.547561251956097 ], [ 126.643317229804055, 37.547298968170054 ], [ 126.643412743673125, 37.547258190335548 ], [ 126.643953, 37.546347 ], [ 126.647816628412826, 37.544815051642423 ], [ 126.648556132101433, 37.544452307120252 ], [ 126.648761702104665, 37.544351253951277 ], [ 126.648655595540504, 37.544212220923626 ], [ 126.648752565319938, 37.544165028596773 ], [ 126.6488116061645, 37.544242599771202 ], [ 126.648747072910595, 37.544274031668635 ], [ 126.648793651896582, 37.544335546066819 ], [ 126.648872250328893, 37.544296912208026 ], [ 126.64887223015954, 37.544296389575095 ], [ 126.649221441402403, 37.544124892785 ], [ 126.649221473694951, 37.544125244266439 ], [ 126.649659792066871, 37.543909777986002 ], [ 126.649659844244226, 37.543909751111833 ], [ 126.650283356577816, 37.543603230745198 ], [ 126.650353120243039, 37.54356613733394 ], [ 126.650374786847465, 37.543554579021382 ], [ 126.650307326429896, 37.543486624144414 ], [ 126.649949302298381, 37.543126335065395 ], [ 126.649838949849382, 37.543011851353945 ], [ 126.649719693619019, 37.54291400928544 ], [ 126.64969519173674, 37.542349017005279 ], [ 126.649694372896349, 37.542330634415855 ], [ 126.649629785813602, 37.542277644098192 ], [ 126.64941129861937, 37.542107246765497 ], [ 126.649405313407712, 37.541984424285467 ], [ 126.649315600370358, 37.541860721431121 ], [ 126.648608885060455, 37.541446679978741 ], [ 126.648381601529039, 37.541415006570482 ], [ 126.648411035480521, 37.541315895819743 ], [ 126.648396033839376, 37.541305849997919 ], [ 126.648416669424989, 37.54129690182134 ], [ 126.648442653591474, 37.541209493588156 ], [ 126.648641167668544, 37.541175218701817 ], [ 126.648658383250421, 37.541219688845288 ], [ 126.648682367816832, 37.541220391198962 ], [ 126.649105489091809, 37.541233367461103 ], [ 126.649126727143255, 37.541240638740128 ], [ 126.649447590466451, 37.54124727197788 ], [ 126.64965519843679, 37.541204012618145 ], [ 126.649690422413016, 37.541196729461966 ], [ 126.649936091409643, 37.541168449293735 ], [ 126.650114285989886, 37.541147986647935 ], [ 126.650219772545782, 37.541165599456598 ], [ 126.650197733076638, 37.540581513484859 ], [ 126.650560328089469, 37.540857483052086 ], [ 126.651188979746308, 37.540859349624711 ], [ 126.659359192818386, 37.540883302573199 ], [ 126.660052686174907, 37.540364798552311 ], [ 126.660359631189735, 37.540120808792139 ], [ 126.660674531878584, 37.539870522507691 ], [ 126.661527580536941, 37.539192554968039 ], [ 126.661529916677765, 37.538678007127366 ], [ 126.661570114824144, 37.538646227849711 ], [ 126.662677352192389, 37.538649409886439 ], [ 126.662667124243328, 37.538559281676534 ], [ 126.662602909966694, 37.538422597631318 ], [ 126.662504351296036, 37.536774856748835 ], [ 126.662499925610334, 37.536702764930908 ], [ 126.66246782439201, 37.536520853208565 ], [ 126.662459195531255, 37.536477490867057 ], [ 126.662376983525249, 37.536393012343517 ], [ 126.66240792205231, 37.536356881427295 ], [ 126.662418029184749, 37.536348621349738 ], [ 126.662694548367085, 37.536124077646022 ], [ 126.662769342768215, 37.536072485334955 ], [ 126.661403546238901, 37.534813301897785 ], [ 126.661359342770737, 37.534755871677703 ], [ 126.661184539366431, 37.534731221565544 ], [ 126.660738547532873, 37.534430987289696 ], [ 126.660825527372339, 37.533988762406757 ], [ 126.660932582359948, 37.533908612836683 ], [ 126.661025237404857, 37.533810401866873 ], [ 126.661354597297986, 37.533658362968346 ], [ 126.661734590177034, 37.533293294732076 ], [ 126.661953993423253, 37.533062551661168 ], [ 126.662089845908412, 37.533018433297869 ], [ 126.66235732722896, 37.532938382975864 ], [ 126.662304813097009, 37.532192933598935 ], [ 126.662284349878092, 37.532089801611406 ], [ 126.662201547230708, 37.530938008794905 ], [ 126.662052682173794, 37.530384283152962 ], [ 126.661971152335056, 37.530100957761853 ], [ 126.66187703653145, 37.529774078293755 ], [ 126.661632341281106, 37.528923740770274 ], [ 126.661431032972573, 37.527962165173662 ], [ 126.661431754007978, 37.52762889095132 ], [ 126.661474447606167, 37.527367546488243 ], [ 126.661505063354284, 37.527179958339531 ], [ 126.66153263238202, 37.52683856234507 ], [ 126.661513515393025, 37.526698583501812 ], [ 126.661513470142225, 37.526698583371527 ], [ 126.66149343485354, 37.526551574152762 ], [ 126.66140621420972, 37.526302109059266 ], [ 126.661244787318751, 37.526350477788746 ], [ 126.661117887823565, 37.526368762630341 ], [ 126.661016517185274, 37.526395410047613 ], [ 126.66097434720362, 37.526389522129271 ], [ 126.660964045728647, 37.526391024110822 ], [ 126.660723737547727, 37.526371500274614 ], [ 126.660471908307656, 37.526323201087266 ], [ 126.6604560980918, 37.526317118797955 ], [ 126.660406466370702, 37.526310218040379 ], [ 126.66033266471392, 37.526269820698694 ], [ 126.660270665473192, 37.526246125734787 ], [ 126.659932872562607, 37.526070987837628 ], [ 126.659924087348273, 37.526062493119234 ], [ 126.659885679416163, 37.526025531520688 ], [ 126.659764555019436, 37.525968238511133 ], [ 126.65970900313161, 37.525820855909593 ], [ 126.659580927334559, 37.525650828677144 ], [ 126.65955357799217, 37.525597941071325 ], [ 126.659403, 37.525588 ], [ 126.659230954394999, 37.52508773146895 ], [ 126.658201597406176, 37.525084744457075 ], [ 126.657050171001217, 37.525081391996309 ], [ 126.655898733475325, 37.525078028278067 ], [ 126.654747296141551, 37.525074653335174 ], [ 126.653595870312941, 37.525071267200993 ], [ 126.652444433365318, 37.525067869809 ], [ 126.651292996611701, 37.525064461192379 ], [ 126.650017994297983, 37.525060673685935 ], [ 126.649987721041072, 37.524260350894394 ], [ 126.649930533956692, 37.523720883770281 ], [ 126.649910097534999, 37.52318464340533 ], [ 126.649849089963126, 37.522374858528032 ], [ 126.649812452308083, 37.521415122076405 ], [ 126.649775826762351, 37.520455394504772 ], [ 126.650258448291481, 37.520453127647883 ], [ 126.65030297675591, 37.520452097780691 ], [ 126.650558505833487, 37.520441459768278 ], [ 126.650608306993391, 37.520440139115514 ], [ 126.650916323306333, 37.520436729029683 ], [ 126.650849670772473, 37.519170674539943 ], [ 126.649727829185338, 37.519197846275539 ], [ 126.649693007493482, 37.518285587921959 ], [ 126.649071162213176, 37.518300636687243 ], [ 126.649033752425836, 37.517319930977301 ], [ 126.648996332203268, 37.516339225062957 ], [ 126.6489901290132, 37.516176724935825 ], [ 126.645246520990796, 37.517256361324186 ], [ 126.645125187777353, 37.517306346705261 ], [ 126.644508574828492, 37.517556645125048 ], [ 126.644301331248684, 37.517641027103842 ], [ 126.644058813188977, 37.517731158417114 ], [ 126.643898729705782, 37.517784003537102 ], [ 126.643695536731414, 37.517827608832455 ], [ 126.643244062552128, 37.517886390494361 ], [ 126.64274883136973, 37.517950596648433 ], [ 126.64209227818904, 37.518035221955898 ], [ 126.641472305133334, 37.518115125803476 ], [ 126.640635039185128, 37.518222509677521 ], [ 126.639708327413317, 37.518346876653915 ], [ 126.639232506045303, 37.518407676702843 ], [ 126.638876373391028, 37.518449471044178 ], [ 126.638724764640287, 37.518461042729605 ], [ 126.638275604213135, 37.518470280288817 ], [ 126.638031, 37.518508 ], [ 126.636910226548594, 37.519358516023402 ], [ 126.636549368695299, 37.519649244388113 ], [ 126.636504312628702, 37.51966654999098 ], [ 126.636057, 37.520006 ], [ 126.634109908623728, 37.519740025284079 ], [ 126.634106344458999, 37.519837996401591 ], [ 126.634109833126757, 37.520326164039531 ], [ 126.634110832799465, 37.520468343481177 ], [ 126.634112674386074, 37.520738736508477 ], [ 126.633494071601774, 37.520450457858978 ], [ 126.63324066105514, 37.520337981217558 ], [ 126.632042651570103, 37.519806241304352 ], [ 126.630844659157916, 37.519274489283156 ], [ 126.630745853427811, 37.519230625279867 ], [ 126.629579042264893, 37.518712689384181 ], [ 126.629480226666374, 37.518668833300126 ], [ 126.629309739695898, 37.518597865742585 ], [ 126.629137264954664, 37.518528621574632 ], [ 126.629037828492912, 37.518484609994445 ], [ 126.628783544191108, 37.518370823600307 ], [ 126.628511089697923, 37.518248870362491 ], [ 126.628431858279868, 37.518213571587509 ], [ 126.625436535306235, 37.516888355720177 ], [ 126.625722964002662, 37.516454719344452 ], [ 126.625955661911078, 37.516404643530407 ], [ 126.626174551856465, 37.516356145165346 ], [ 126.626281023644637, 37.516327021033426 ], [ 126.626383023230048, 37.516287431105312 ], [ 126.626483113801541, 37.51624504195501 ], [ 126.626568470597419, 37.516185847516176 ], [ 126.626656305777459, 37.516128643060505 ], [ 126.626687686971223, 37.51609621686449 ], [ 126.626733822536195, 37.516076451350685 ], [ 126.627006964334612, 37.515687476804359 ], [ 126.627379998847076, 37.515154326057363 ], [ 126.626957316232591, 37.514963886452321 ], [ 126.626547880618901, 37.51442308282676 ], [ 126.626645702381666, 37.514200578130009 ], [ 126.626791838007293, 37.51386796770543 ], [ 126.623268, 37.513402 ], [ 126.616978435858528, 37.511110384282262 ], [ 126.616926234028057, 37.511119945575551 ], [ 126.616911660810416, 37.511123186747497 ], [ 126.616839612536737, 37.511133597806257 ], [ 126.61558021083485, 37.511875655400246 ], [ 126.615543493853863, 37.511987613470865 ], [ 126.615504517146462, 37.512040392328331 ], [ 126.615472289350905, 37.512071884780433 ], [ 126.615432816036403, 37.512087108666336 ], [ 126.61528845739879, 37.512047560720418 ], [ 126.613425138594764, 37.513145454955819 ], [ 126.61338806406215, 37.513359518196552 ], [ 126.613225413227781, 37.51429860928441 ], [ 126.613062758261933, 37.515237690965492 ], [ 126.613171285003816, 37.515220856907526 ], [ 126.613206962581259, 37.5151985665536 ], [ 126.613256104726219, 37.515168878261669 ], [ 126.613275037785328, 37.515134270360932 ], [ 126.613288648909759, 37.515115395188189 ], [ 126.61328699989474, 37.515122137289559 ], [ 126.613284782420365, 37.515130968722502 ], [ 126.613282519701912, 37.515139800006686 ], [ 126.613280223096851, 37.515148622169519 ], [ 126.613277869983506, 37.515157435136651 ], [ 126.613275482983525, 37.515166238982445 ], [ 126.613273062050283, 37.515175042716628 ], [ 126.613270584608657, 37.515183837255137 ], [ 126.613268073280395, 37.515192622672274 ], [ 126.613265516754637, 37.515201398930877 ], [ 126.613262926342216, 37.515210166068115 ], [ 126.613260279421326, 37.515218924009616 ], [ 126.613257598567074, 37.515227681839526 ], [ 126.613254883872813, 37.515236421538326 ], [ 126.613252112623414, 37.515245161051126 ], [ 126.613249307487251, 37.515253891442583 ], [ 126.613246468464382, 37.51526261271264 ], [ 126.613243572979641, 37.515271315777213 ], [ 126.613240643561468, 37.515280018730145 ], [ 126.613237668945615, 37.51528871252453 ], [ 126.613234660443027, 37.515297397197521 ], [ 126.613231595431785, 37.515306072674761 ], [ 126.613228507844696, 37.515314739067769 ], [ 126.61322536374891, 37.515323396265032 ], [ 126.613222185766361, 37.515332044340902 ], [ 126.613218962632672, 37.515340674248421 ], [ 126.613215705565523, 37.515349304044292 ], [ 126.613212391989634, 37.515357924644377 ], [ 126.613209055884482, 37.515366527150498 ], [ 126.613205663223937, 37.515375129470563 ], [ 126.613202236723168, 37.515383713659475 ], [ 126.613198765024535, 37.515392288689782 ], [ 126.61319525943901, 37.515400854598646 ], [ 126.613191708655606, 37.515409411348884 ], [ 126.613188124031993, 37.515417949967961 ], [ 126.613184482899499, 37.515426479391216 ], [ 126.613180819144347, 37.515435008739985 ], [ 126.613177098926954, 37.515443519883164 ], [ 126.613173344869338, 37.515452012895139 ], [ 126.61316955687802, 37.51546050579541 ], [ 126.61316571242449, 37.515468980490127 ], [ 126.613161845394856, 37.515477446100569 ], [ 126.613157921902982, 37.515485893505392 ], [ 126.61315396452413, 37.515494331788751 ], [ 126.613149973258174, 37.515502760950653 ], [ 126.613145936794226, 37.515511180953872 ], [ 126.61314185517891, 37.515519582788684 ], [ 126.613137739676532, 37.51552797550201 ], [ 126.613133578976104, 37.515536359056675 ], [ 126.613129384435268, 37.515544724480058 ], [ 126.613125144743023, 37.515553071735027 ], [ 126.613122265200829, 37.515558693459788 ], [ 126.613056551936097, 37.515686580250346 ], [ 126.613052323912157, 37.515694855461561 ], [ 126.613048095466993, 37.515703211760403 ], [ 126.613043889549445, 37.515711586152989 ], [ 126.613039728874881, 37.515719960694206 ], [ 126.613035602085617, 37.515728344356603 ], [ 126.613031520445929, 37.515736746187152 ], [ 126.613027461380597, 37.515745157101691 ], [ 126.613023436200606, 37.515753577137453 ], [ 126.613019456170235, 37.515762015341338 ], [ 126.61302530407751, 37.515724913752379 ], [ 126.613023268956539, 37.51569419228133 ], [ 126.61301026707396, 37.515679949902704 ], [ 126.612980652562612, 37.515667220604222 ], [ 126.612942752732479, 37.515655563251947 ], [ 126.612855342049343, 37.515644274574697 ], [ 126.612737923356207, 37.515645978466978 ], [ 126.612628124956231, 37.515667961604827 ], [ 126.612410814861363, 37.515718070853801 ], [ 126.612187747716149, 37.515752816853286 ], [ 126.611973215030844, 37.515810340593838 ], [ 126.611758247121998, 37.515866664189581 ], [ 126.611547339562478, 37.515933866746423 ], [ 126.61132883436315, 37.515980771536285 ], [ 126.611115025645361, 37.516040206204643 ], [ 126.610901885861892, 37.516101444678107 ], [ 126.610851526970578, 37.51611688329487 ], [ 126.610772500436426, 37.516133272210375 ], [ 126.610707133565398, 37.51614180457883 ], [ 126.610666328239432, 37.516145066300361 ], [ 126.610617088256632, 37.516147651381871 ], [ 126.610546773357726, 37.51614413005106 ], [ 126.610496091064505, 37.51613915099621 ], [ 126.610423159976889, 37.516127593104187 ], [ 126.610366964282719, 37.516114874248927 ], [ 126.61032068001208, 37.516099458190361 ], [ 126.610247586646594, 37.516075664198809 ], [ 126.610205503311363, 37.516057234681625 ], [ 126.61015892089884, 37.516033942913239 ], [ 126.61010946023876, 37.516005154555664 ], [ 126.610058797150046, 37.515974866547886 ], [ 126.610026563235891, 37.515946135244207 ], [ 126.609987637861394, 37.51591216501582 ], [ 126.609956264565113, 37.515881093969547 ], [ 126.609935278230779, 37.515858058146492 ], [ 126.609924488754885, 37.515840471078668 ], [ 126.609914497819787, 37.515819426852758 ], [ 126.609911924537997, 37.515814012377248 ], [ 126.609910014999173, 37.515796301578611 ], [ 126.60991120656989, 37.515756589857141 ], [ 126.609909708003542, 37.515731663484935 ], [ 126.609914623580266, 37.515726084628838 ], [ 126.604164839429785, 37.516617810582765 ], [ 126.603527, 37.516806 ], [ 126.602754286885897, 37.518645921785705 ], [ 126.602754162924555, 37.518666666377641 ], [ 126.602748678422714, 37.519582549271156 ], [ 126.60274319363694, 37.520498441030611 ], [ 126.602737719975011, 37.521414323674698 ], [ 126.602732234717507, 37.522330215146532 ], [ 126.60272676058409, 37.523246097502991 ], [ 126.602721274854773, 37.524161988687183 ], [ 126.602715788937459, 37.525077870717809 ], [ 126.602710314048679, 37.525993761652536 ], [ 126.602708094708134, 37.526364251863562 ], [ 126.603090494699174, 37.526413618863224 ], [ 126.603157266270259, 37.526270729323606 ], [ 126.603162049779499, 37.526262555467746 ], [ 126.603166878394148, 37.526254408793513 ], [ 126.603171272627563, 37.526247107583615 ], [ 126.603283611814703, 37.526065549711149 ], [ 126.603288393093905, 37.526057790297266 ], [ 126.603293323254746, 37.526049689009319 ], [ 126.603298208308118, 37.526041560539383 ], [ 126.603303048206087, 37.526033413897238 ], [ 126.603307842948709, 37.526025249082842 ], [ 126.603312581175516, 37.526017075067806 ], [ 126.603317285559541, 37.526008882918688 ], [ 126.603321933523574, 37.526000663549489 ], [ 126.603326536284371, 37.52599243501782 ], [ 126.603331093889906, 37.52598418831392 ], [ 126.603335606340124, 37.525975923437848 ], [ 126.603340062274668, 37.525967649361156 ], [ 126.603344473101814, 37.525959348102539 ], [ 126.603348838725807, 37.525951037681473 ], [ 126.60335315919454, 37.525942709088234 ], [ 126.603357434508069, 37.525934362322836 ], [ 126.603361653305953, 37.525926006356841 ], [ 126.603365826948632, 37.525917632218679 ], [ 126.603369944123614, 37.525909239870231 ], [ 126.603374027408037, 37.52590083839749 ], [ 126.603378054224777, 37.525892418714477 ], [ 126.603382035838493, 37.525883989869044 ], [ 126.603385961032416, 37.525875533803621 ], [ 126.603389840975453, 37.525867077585488 ], [ 126.603393675811276, 37.525858594185529 ], [ 126.603397465396228, 37.525850110632888 ], [ 126.603401198561471, 37.525841599860257 ], [ 126.603404886475872, 37.525833088934981 ], [ 126.603408529283101, 37.52582455082787 ], [ 126.603412115527021, 37.525816012529972 ], [ 126.603415656663813, 37.525807447050248 ], [ 126.603419141237339, 37.52579888137975 ], [ 126.603422580655831, 37.525790297537156 ], [ 126.603425974871485, 37.525781704532214 ], [ 126.603429312619653, 37.525773093317042 ], [ 126.603432605164997, 37.525764472939521 ], [ 126.603435852507545, 37.525755843399658 ], [ 126.60362024825703, 37.525447173220932 ], [ 126.60362139706946, 37.525439608782783 ], [ 126.603622711624539, 37.525430657379793 ], [ 126.603623980929569, 37.525421705824336 ], [ 126.603625193719978, 37.525412745068571 ], [ 126.603626361260382, 37.525403784160346 ], [ 126.603627483550781, 37.525394823099653 ], [ 126.603628549326629, 37.52538585283866 ], [ 126.603628667905653, 37.525384826110553 ], [ 126.602993701460534, 37.525382685350976 ], [ 126.603006161256985, 37.523040155332716 ], [ 126.602893040545325, 37.523039773613554 ], [ 126.6028991278787, 37.521895537470975 ], [ 126.603012246863045, 37.521895919174426 ], [ 126.603017038436221, 37.520994945663638 ], [ 126.603019026876368, 37.520621041615847 ], [ 126.603024704508798, 37.519553387757185 ], [ 126.603364050866645, 37.519554532121077 ], [ 126.603352082587747, 37.521806966286277 ], [ 126.60896750882209, 37.521825762371442 ], [ 126.608968585694868, 37.521639639476867 ], [ 126.608976898039799, 37.520195407277313 ], [ 126.608979260954868, 37.519785356529404 ], [ 126.60898885517912, 37.5181200070841 ], [ 126.612372324012796, 37.517833109722417 ], [ 126.61232758687305, 37.517948586436383 ], [ 126.612295983338129, 37.518131374356052 ], [ 126.612261231228999, 37.518332315852099 ], [ 126.6122158762022, 37.518468657414218 ], [ 126.612185553531546, 37.518557214925494 ], [ 126.612134595595919, 37.518850950005856 ], [ 126.612140095135359, 37.519033418674951 ], [ 126.612057764225483, 37.519508780003918 ], [ 126.612041670093419, 37.519601889326047 ], [ 126.612002953329068, 37.519825387423808 ], [ 126.611986745941323, 37.519918496359644 ], [ 126.611932867467686, 37.520229700857868 ], [ 126.611894168134242, 37.520667274191595 ], [ 126.611785827772806, 37.521292654319815 ], [ 126.611707908458882, 37.521593147630476 ], [ 126.611684588818989, 37.521683349855117 ], [ 126.611613924920619, 37.522285022873945 ], [ 126.611551133919306, 37.522647463960311 ], [ 126.611019739510255, 37.525714956027073 ], [ 126.610977610737777, 37.52595808382619 ], [ 126.610810713044955, 37.526921446067021 ], [ 126.611032972660738, 37.526922253172465 ], [ 126.611029937491324, 37.526940253909217 ], [ 126.611035593826898, 37.52694027260975 ], [ 126.610897587129273, 37.527736741035518 ], [ 126.610887413859331, 37.527839266959077 ], [ 126.610886041053888, 37.527853038539277 ], [ 126.610872732994963, 37.527929731749396 ], [ 126.61085192499641, 37.528049692666009 ], [ 126.61083401028958, 37.528152832674827 ], [ 126.610592660553507, 37.528033049490155 ], [ 126.610391048294332, 37.528115912683432 ], [ 126.610537816410087, 37.528260376648234 ], [ 126.61069536641439, 37.528701932116476 ], [ 126.61072869749141, 37.529035408246941 ], [ 126.610637565395635, 37.529350632923077 ], [ 126.610045144911993, 37.529621850553639 ], [ 126.610231633234321, 37.530219553670385 ], [ 126.61052506752597, 37.530590255104862 ], [ 126.610630290119246, 37.530723174846578 ], [ 126.610910274121778, 37.531356865339873 ], [ 126.609755557611251, 37.531584144213419 ], [ 126.609672961237095, 37.531845066712556 ], [ 126.609609518877974, 37.532185880258936 ], [ 126.609724754555629, 37.532584859770473 ], [ 126.60974160967514, 37.532801603333468 ], [ 126.609631531620792, 37.532865568679249 ], [ 126.610422102841909, 37.532828816101251 ], [ 126.610557787693907, 37.532822507929161 ], [ 126.611492582649007, 37.532773305351526 ], [ 126.611574041335814, 37.532769015333109 ], [ 126.611635660886179, 37.535167558740234 ], [ 126.611811944494491, 37.535056958669685 ], [ 126.612108963580312, 37.534987030647891 ], [ 126.611891245903124, 37.535102449909573 ], [ 126.611809952053392, 37.535178945847903 ], [ 126.611907725281213, 37.535218731705818 ], [ 126.611870221698737, 37.535272577146948 ], [ 126.611866267789637, 37.53531491052884 ], [ 126.611849231118995, 37.535370985858179 ], [ 126.61178874573018, 37.535384030793615 ], [ 126.611777497388331, 37.535436611360645 ], [ 126.611825593267156, 37.535478035311492 ], [ 126.61180284124265, 37.535588781730915 ], [ 126.611778248470046, 37.535640146976412 ], [ 126.611775834660506, 37.535734382328947 ], [ 126.611758739351473, 37.535823433598168 ], [ 126.611796193482164, 37.535933531761039 ], [ 126.611810167819158, 37.535974599844913 ], [ 126.611842763475295, 37.536070401303469 ], [ 126.611829221779644, 37.536128830722021 ], [ 126.611784619499701, 37.536198690283442 ], [ 126.611806442830513, 37.536244712670282 ], [ 126.611797711260209, 37.53627021784731 ], [ 126.611789324170104, 37.536294751093685 ], [ 126.611730322242465, 37.536348705729992 ], [ 126.611713885439471, 37.53652857870879 ], [ 126.611739067159263, 37.536929331001744 ], [ 126.611718383623142, 37.53698818732078 ], [ 126.611675787540705, 37.537109409740381 ], [ 126.611542575485984, 37.537312935485332 ], [ 126.611545101351211, 37.537544894041247 ], [ 126.611584239532249, 37.537568521026188 ], [ 126.611547106594784, 37.537724737756221 ], [ 126.611547220326003, 37.53773505443781 ], [ 126.611547355462477, 37.537724747587887 ], [ 126.611561331622184, 37.538995312013469 ], [ 126.611561081679795, 37.538995290465444 ], [ 126.611561082562602, 37.538995338220694 ], [ 126.609787316399505, 37.538988206506751 ], [ 126.609534664803888, 37.538987187983693 ], [ 126.608323784557726, 37.538983883437112 ], [ 126.608211204944212, 37.538983598655953 ], [ 126.606743258910498, 37.538979601692709 ], [ 126.606690777500077, 37.538911672015097 ], [ 126.606589487020074, 37.538808981195203 ], [ 126.60649344049277, 37.538741806721035 ], [ 126.605943288046987, 37.538469849278179 ], [ 126.605801261814108, 37.538410899398905 ], [ 126.605626547963965, 37.538371211000097 ], [ 126.605385955704094, 37.53835815080344 ], [ 126.605206293238254, 37.538355655953666 ], [ 126.605204774486594, 37.538407457618021 ], [ 126.605141736021835, 37.538474639892925 ], [ 126.604961005034696, 37.53867387209737 ], [ 126.605029488716966, 37.539599902249059 ], [ 126.605097985352344, 37.540525923252993 ], [ 126.605166472216197, 37.541451953052665 ], [ 126.605234960670941, 37.542377982676307 ], [ 126.605303462079547, 37.543304003152173 ], [ 126.60537195371657, 37.544230032423783 ], [ 126.605440458307953, 37.545156052547604 ], [ 126.605508953127725, 37.546082081467134 ], [ 126.60557744953897, 37.547008110210641 ], [ 126.605645958905271, 37.547934129806329 ], [ 126.605714458499918, 37.548860158197712 ], [ 126.606753971502314, 37.54894427610801 ], [ 126.606911420633935, 37.549022377218826 ], [ 126.607066800286987, 37.549085244550639 ], [ 126.607206484154474, 37.549141752368541 ], [ 126.60740537367785, 37.549258643471212 ], [ 126.608990621109044, 37.550518726135209 ], [ 126.610036888199943, 37.551350475284664 ], [ 126.610199640856692, 37.551498055547327 ], [ 126.610318233492791, 37.551672248554787 ], [ 126.610348534806363, 37.551958952341337 ], [ 126.610111121620406, 37.552368203981949 ], [ 126.609833224423795, 37.552425215850775 ], [ 126.609754790006605, 37.552556769775485 ], [ 126.610140643708419, 37.552609045061864 ], [ 126.610232251454335, 37.552576823094441 ], [ 126.610521980920936, 37.552529490009498 ], [ 126.614808311431815, 37.553711372124702 ], [ 126.614884167838767, 37.553683059300816 ], [ 126.614929139090648, 37.553587071433931 ], [ 126.615051074645791, 37.553620716930965 ], [ 126.615128291665343, 37.553591867811477 ], [ 126.61533393376962, 37.553479466914141 ], [ 126.615344551001101, 37.553483465971993 ], [ 126.61543125007087, 37.553503120662761 ], [ 126.616088582209883, 37.553603745778602 ], [ 126.616750986147281, 37.553598698207608 ], [ 126.616747595767052, 37.553597786174819 ], [ 126.617054291486454, 37.553596262398969 ], [ 126.617197682029854, 37.553595197508784 ], [ 126.617300193688351, 37.553603389504637 ], [ 126.617054781446427, 37.553562567149442 ], [ 126.616843356335423, 37.553527911432504 ], [ 126.616616868248116, 37.553491133972351 ], [ 126.616489299804456, 37.553467824042713 ], [ 126.616399675367177, 37.553451413143577 ], [ 126.616184309623549, 37.553408544430006 ], [ 126.615968957589317, 37.553363062511693 ], [ 126.615922080691561, 37.553352557123809 ], [ 126.615922046787958, 37.553352548003232 ], [ 126.615753055775642, 37.553314515055227 ], [ 126.615535800892999, 37.553265061796154 ], [ 126.615432115033045, 37.553241108001806 ], [ 126.615432055519548, 37.553259226618799 ], [ 126.615345385434168, 37.553236202338731 ], [ 126.615345376800676, 37.553236778941013 ], [ 126.61516363892639, 37.553189783708739 ], [ 126.614697667473379, 37.553069508312817 ], [ 126.614132242442452, 37.552923587162958 ], [ 126.613359004950965, 37.552724038476462 ], [ 126.613633228210418, 37.551967165944887 ], [ 126.613712478158206, 37.551932323856178 ], [ 126.615923488479353, 37.55244007091121 ], [ 126.615951717664643, 37.552362155782156 ], [ 126.616402343892673, 37.551118266262094 ], [ 126.616496180391565, 37.551190885359425 ], [ 126.616615235272377, 37.551277948294867 ], [ 126.616737359744732, 37.551362318155668 ], [ 126.616862327941391, 37.551443904098065 ], [ 126.616990140320695, 37.551522616016086 ], [ 126.617058627207811, 37.551562482379211 ], [ 126.617120570086286, 37.55159854326088 ], [ 126.617253731320929, 37.551671505998023 ], [ 126.617389398150834, 37.551741413385002 ], [ 126.617527456939996, 37.55180835514232 ], [ 126.617623966652573, 37.551852186537907 ], [ 126.61766790860257, 37.551872151067528 ], [ 126.61773916108902, 37.551902475579645 ], [ 126.617882749611937, 37.551961506221417 ], [ 126.617955085646173, 37.551990212349743 ], [ 126.618028335362879, 37.552017299627288 ], [ 126.618189474568169, 37.552074494823714 ], [ 126.618250025243441, 37.552095323938964 ], [ 126.618400293720129, 37.552142843019375 ], [ 126.618552050129111, 37.552187123186819 ], [ 126.618694785313266, 37.552225157113419 ], [ 126.618708686685409, 37.55222870701423 ], [ 126.618753781429987, 37.552240214623929 ], [ 126.61909532565447, 37.552327545552942 ], [ 126.619409181058529, 37.552407758211622 ], [ 126.619555089783333, 37.552445008501095 ], [ 126.619884904568409, 37.552529307933739 ], [ 126.620450580226461, 37.552674319408027 ], [ 126.620450661827761, 37.552673851158964 ], [ 126.620450668900332, 37.55266357093852 ], [ 126.620733492148233, 37.552735760267865 ], [ 126.621016225505841, 37.552807930610747 ], [ 126.62158194224358, 37.552952387199198 ], [ 126.622079124835722, 37.553079312943723 ], [ 126.622143110081907, 37.553139605249008 ], [ 126.62214761527602, 37.553143854354573 ], [ 126.622147661822439, 37.553154765436837 ], [ 126.62215365197325, 37.553156298337228 ], [ 126.622318204504282, 37.554068723114433 ], [ 126.622318259855717, 37.554068966558212 ], [ 126.62236005792407, 37.554302636146147 ], [ 126.622715398338229, 37.554300839408718 ], [ 126.622892688074757, 37.554388569332943 ], [ 126.622930944069182, 37.554602459738362 ], [ 126.624495316009373, 37.555248516008234 ], [ 126.624562709939354, 37.555282157723454 ], [ 126.62460772580954, 37.5553098715678 ], [ 126.624682252474003, 37.55536542992008 ], [ 126.624746163955052, 37.555416449428577 ], [ 126.624781586832526, 37.555438906882621 ], [ 126.624820994716274, 37.5554566018182 ], [ 126.624875985249133, 37.555476770096391 ], [ 126.62500587021168, 37.555524477033323 ], [ 126.625119330623292, 37.555566121901521 ], [ 126.625300435303203, 37.555627785857808 ], [ 126.625725196697232, 37.555757709024057 ], [ 126.626241925162148, 37.55593244065971 ], [ 126.626475919693917, 37.556011677927181 ], [ 126.626774174752981, 37.55612923035897 ], [ 126.626910448882725, 37.556182947028319 ], [ 126.627014295241764, 37.556223874825491 ], [ 126.627066771921065, 37.55624455668147 ], [ 126.627193771310701, 37.556285954175436 ], [ 126.627289179669845, 37.556314682673182 ], [ 126.627371434550739, 37.556339450131027 ], [ 126.627375841567101, 37.556340797553062 ], [ 126.627602844612142, 37.556410946524551 ], [ 126.628083037647599, 37.556547244518974 ], [ 126.628556275958104, 37.556671445395168 ], [ 126.628783590455157, 37.5567272043508 ], [ 126.628835415063307, 37.55674263962981 ], [ 126.629038317864783, 37.556803051214217 ], [ 126.629422686147564, 37.556910849619982 ], [ 126.629768936222945, 37.556982649549347 ], [ 126.630584470767971, 37.557164951826486 ], [ 126.630800235570021, 37.5572133726399 ], [ 126.630800189676094, 37.557213498633686 ], [ 126.631026195057387, 37.55726460909132 ], [ 126.631266707631383, 37.557320720024805 ], [ 126.631659147250915, 37.557415571288921 ], [ 126.631941666568281, 37.557486390358015 ], [ 126.632115136139319, 37.557530946301483 ], [ 126.632260525728498, 37.557568918078161 ], [ 126.633028686197676, 37.557769624620391 ], [ 126.63310122821359, 37.557788699590681 ], [ 126.633696056690738, 37.557933468287345 ], [ 126.633785893876848, 37.557956822331967 ], [ 126.633854495221655, 37.557974109626571 ], [ 126.633952817366463, 37.557998138673497 ], [ 126.634032559965078, 37.558016775984441 ], [ 126.634160692071745, 37.558045546713863 ], [ 126.634239198658946, 37.558062387079801 ], [ 126.634324514603222, 37.558080014406791 ], [ 126.634422169794533, 37.558099328837756 ], [ 126.634514741126537, 37.558116807396893 ], [ 126.634564505411831, 37.55812586379497 ], [ 126.634646815172175, 37.558140337109201 ], [ 126.634690961931597, 37.558147907394321 ], [ 126.634741261799292, 37.558156226574191 ], [ 126.634779395525513, 37.558162183404598 ], [ 126.634863369322403, 37.558174292145992 ], [ 126.63494763261447, 37.558185068268742 ], [ 126.635032151533395, 37.558194493647406 ], [ 126.635116892122369, 37.558202568176078 ], [ 126.635201809063076, 37.558209300723504 ], [ 126.635244337957587, 37.558212153631359 ], [ 126.63528689112178, 37.558214673234765 ], [ 126.635329479916635, 37.558216850559063 ], [ 126.635412816872375, 37.558220361538531 ], [ 126.635360290867453, 37.558246011883227 ], [ 126.635591112915805, 37.558249933855407 ], [ 126.63877967144262, 37.557252256720155 ], [ 126.638778536511978, 37.557234962557445 ] ], [ [ 126.637259872488556, 37.556708986341079 ], [ 126.637599413112312, 37.55714950685455 ], [ 126.637057920838188, 37.557414014743522 ], [ 126.636724832200713, 37.556955114513173 ], [ 126.636920813639321, 37.556864963588204 ], [ 126.637259872488556, 37.556708986341079 ] ], [ [ 126.629001615570658, 37.556696195737103 ], [ 126.628817867712712, 37.556641466698032 ], [ 126.628588405476194, 37.556585241522463 ], [ 126.628117541605349, 37.556461579864269 ], [ 126.627640061610293, 37.556326002377965 ], [ 126.627411917288669, 37.55625554352671 ], [ 126.627233033997214, 37.556201638321028 ], [ 126.62711123248431, 37.556161879123856 ], [ 126.626823322372672, 37.556048522921444 ], [ 126.626752841788601, 37.556020729103281 ], [ 126.626756635530882, 37.556008938239962 ], [ 126.627017001757039, 37.555180948104613 ], [ 126.627068523966912, 37.555016771802308 ], [ 126.627289409556894, 37.554315523450086 ], [ 126.62838539172914, 37.554595170875601 ], [ 126.628643126832898, 37.554660928061054 ], [ 126.629710873174787, 37.55493343732681 ], [ 126.629001615570658, 37.556696195737103 ] ], [ [ 126.624289571032747, 37.555062003681464 ], [ 126.623126708885977, 37.554581823988237 ], [ 126.623056350617418, 37.554552766975547 ], [ 126.622849405723187, 37.553403347308624 ], [ 126.622821714431353, 37.553174993862839 ], [ 126.624724435688393, 37.553660711288359 ], [ 126.624466767358783, 37.554490606230956 ], [ 126.624289571032747, 37.555062003681464 ] ], [ [ 126.625379152212858, 37.55254615333115 ], [ 126.62627935610341, 37.552778165072439 ], [ 126.626255599350117, 37.552920931820104 ], [ 126.626226131644017, 37.553087700681616 ], [ 126.626189312939715, 37.553253455081304 ], [ 126.62614683979001, 37.553418380602601 ], [ 126.626103800614288, 37.553583304304006 ], [ 126.626055145081324, 37.553762355596767 ], [ 126.626031411314798, 37.553846251963755 ], [ 126.625977344312716, 37.553980516046188 ], [ 126.625123579928612, 37.553762597312762 ], [ 126.624907003246705, 37.553707307040085 ], [ 126.625379152212858, 37.55254615333115 ] ], [ [ 126.618629958407794, 37.551978347215375 ], [ 126.618597520716861, 37.551970313358126 ], [ 126.618587885824326, 37.551995509705826 ], [ 126.618528785528753, 37.551978739902118 ], [ 126.618456925324082, 37.551956522763518 ], [ 126.618385065162371, 37.551934305581312 ], [ 126.618313948685397, 37.551910514044316 ], [ 126.618242832253912, 37.55188672246463 ], [ 126.618189832876027, 37.551867530623127 ], [ 126.61814614087794, 37.551851765691097 ], [ 126.618102426311694, 37.551835991659765 ], [ 126.618067809728061, 37.551822544669449 ], [ 126.618033193156933, 37.55180909766905 ], [ 126.617963960052208, 37.551782203637863 ], [ 126.617929800100555, 37.551767992252671 ], [ 126.617895640161976, 37.551753780857638 ], [ 126.617827320323855, 37.551725358038027 ], [ 126.617776804776923, 37.551702930534233 ], [ 126.617726300576777, 37.551680503045681 ], [ 126.617692619841307, 37.551665545331446 ], [ 126.617624433195772, 37.551633248589809 ], [ 126.617592259063258, 37.551618007429617 ], [ 126.617560084943889, 37.551602766260672 ], [ 126.617495013428126, 37.551569893932779 ], [ 126.617429941969718, 37.551537021569132 ], [ 126.617366009375033, 37.551502756347105 ], [ 126.617302076839024, 37.551468491090596 ], [ 126.617239339982547, 37.551432788113708 ], [ 126.617176603186024, 37.551397085103631 ], [ 126.617117826021968, 37.551361620196523 ], [ 126.617059094040343, 37.551326182436746 ], [ 126.617056397666786, 37.551324569903571 ], [ 126.617015903733815, 37.551298777987043 ], [ 126.617360736054323, 37.550530323500759 ], [ 126.617364135865714, 37.550522757271999 ], [ 126.618751445768055, 37.550528244431931 ], [ 126.619210724747205, 37.550561176682166 ], [ 126.619775969209016, 37.550563455852242 ], [ 126.619880175194439, 37.550544871984123 ], [ 126.619878006984308, 37.550970130210516 ], [ 126.619875750068005, 37.551412777140804 ], [ 126.619838611796922, 37.551860537011308 ], [ 126.619712928790378, 37.552253302733462 ], [ 126.619319834876848, 37.552153030775067 ], [ 126.619004058216234, 37.552072541358768 ], [ 126.618754281944135, 37.552009563977606 ], [ 126.618629958407794, 37.551978347215375 ] ], [ [ 126.610509664809484, 37.551100405543892 ], [ 126.610437858372919, 37.551144325041612 ], [ 126.61030654974455, 37.551129744617143 ], [ 126.610242949154866, 37.551119253647521 ], [ 126.610180095402271, 37.551106611763792 ], [ 126.61011866605746, 37.551092091508607 ], [ 126.610073920812312, 37.551079059096892 ], [ 126.610064827244543, 37.55107595659149 ], [ 126.610024012181327, 37.551062070441695 ], [ 126.609986215549156, 37.551047044628817 ], [ 126.609896064518622, 37.55100666084023 ], [ 126.609874338660958, 37.550995497655023 ], [ 126.609852724935678, 37.550984533054539 ], [ 126.609810980033018, 37.550960428375021 ], [ 126.609770828397828, 37.550934617094285 ], [ 126.60973260951981, 37.550907100340311 ], [ 126.609659911409665, 37.550851088121163 ], [ 126.607467464134018, 37.549108494213343 ], [ 126.607389976813494, 37.549049302146607 ], [ 126.607352721112377, 37.549021886940992 ], [ 126.607326280498157, 37.549003679860114 ], [ 126.607275917743308, 37.548972526834739 ], [ 126.607223734126464, 37.548943331856428 ], [ 126.607169672448791, 37.54891621185994 ], [ 126.607141730365171, 37.548903784050914 ], [ 126.60711147520783, 37.54889007811996 ], [ 126.607048744589804, 37.548865262666119 ], [ 126.606984358429344, 37.548843243712874 ], [ 126.606918599667495, 37.548824013193162 ], [ 126.606851580982749, 37.548807661579843 ], [ 126.606783471585103, 37.548794288544855 ], [ 126.606714610565859, 37.548783967298839 ], [ 126.606679889085626, 37.548780337363389 ], [ 126.606573295108632, 37.548768799670341 ], [ 126.606413771856154, 37.548751516705444 ], [ 126.6063801316526, 37.548746710008643 ], [ 126.606347012514533, 37.548739661591839 ], [ 126.606314810550813, 37.548730363771334 ], [ 126.606283752083044, 37.548718817305357 ], [ 126.606253892218575, 37.548705301684784 ], [ 126.606225853954754, 37.548689701867872 ], [ 126.606213787756303, 37.5486817328024 ], [ 126.606199466459302, 37.548672224510732 ], [ 126.606187971297715, 37.548663266270111 ], [ 126.606175124411166, 37.548653132221595 ], [ 126.606152941445629, 37.548632335283642 ], [ 126.606133029294071, 37.548610104367846 ], [ 126.6061155566953, 37.548586629247346 ], [ 126.606100806212993, 37.548561973938362 ], [ 126.606088663067709, 37.548536444392646 ], [ 126.60607946597338, 37.548510185902956 ], [ 126.606072987466533, 37.548483413944773 ], [ 126.606007360164028, 37.547529131389091 ], [ 126.607144316917967, 37.547521401321731 ], [ 126.609615796266098, 37.547572786643002 ], [ 126.609627224266958, 37.547573004766342 ], [ 126.609858598163527, 37.547580259489159 ], [ 126.609974219126457, 37.547585688433543 ], [ 126.610089720825044, 37.547592288151066 ], [ 126.610205102793728, 37.547600148739114 ], [ 126.610320365509068, 37.547609180101048 ], [ 126.610435508976408, 37.547619382237251 ], [ 126.610747096866604, 37.547651497761073 ], [ 126.611044544504651, 37.547682754819675 ], [ 126.611079629697826, 37.54765998578759 ], [ 126.610934278740345, 37.548537786095835 ], [ 126.610509664809484, 37.551100405543892 ] ], [ [ 126.611472438197694, 37.547595538959612 ], [ 126.61156317141193, 37.547045615503635 ], [ 126.61154679713691, 37.546908791753907 ], [ 126.61182933829366, 37.545201076299065 ], [ 126.611839102904057, 37.545179484850209 ], [ 126.611898961461435, 37.54504705717514 ], [ 126.611939311031776, 37.544736449115696 ], [ 126.611970781016055, 37.544425181043898 ], [ 126.611969832626556, 37.54441172618823 ], [ 126.612093684332166, 37.5443196844586 ], [ 126.614434208904029, 37.544327379547696 ], [ 126.614815557233612, 37.544328628935531 ], [ 126.614817526096317, 37.54432863538279 ], [ 126.616223181085886, 37.544333229983707 ], [ 126.619461135825503, 37.544343750076699 ], [ 126.619630704654071, 37.544375833090477 ], [ 126.620187763736638, 37.544377561142234 ], [ 126.620282193981396, 37.544767092253267 ], [ 126.620295597435984, 37.54482372649111 ], [ 126.620305663682757, 37.544869078611924 ], [ 126.620463928347263, 37.545632887171024 ], [ 126.620463950290443, 37.545633022389801 ], [ 126.620463983411483, 37.545633184674237 ], [ 126.620473023718816, 37.545680056131609 ], [ 126.620573521323863, 37.546233225636684 ], [ 126.620651364688371, 37.546668770260624 ], [ 126.620656985970129, 37.546700440039707 ], [ 126.620665226546151, 37.546746633155365 ], [ 126.620811563741114, 37.547565398750095 ], [ 126.620453874151181, 37.547563686425804 ], [ 126.620282982009272, 37.547589984225475 ], [ 126.619867174504492, 37.547588055450774 ], [ 126.619188921587536, 37.547584897373596 ], [ 126.616810165577689, 37.547573811071516 ], [ 126.61480081205859, 37.547564400727374 ], [ 126.614430607366145, 37.547562656201862 ], [ 126.614142167387072, 37.547561800447312 ], [ 126.614142168739093, 37.547561539165805 ], [ 126.613684220152678, 37.547559756706654 ], [ 126.613018223770069, 37.547569550608543 ], [ 126.61297442885558, 37.547569947109238 ], [ 126.612886824058279, 37.547573623167736 ], [ 126.61279943200158, 37.547579912720771 ], [ 126.612712478524273, 37.54758890661099 ], [ 126.612670353355355, 37.547594624313675 ], [ 126.612117532969606, 37.547666503292326 ], [ 126.612080851017197, 37.5476699862689 ], [ 126.611991417252483, 37.547677169475989 ], [ 126.611901319997074, 37.547681377172644 ], [ 126.611811239617083, 37.547682341306967 ], [ 126.611721175655063, 37.547680151976074 ], [ 126.611631353969216, 37.547674900024312 ], [ 126.611541887259207, 37.547666675923068 ], [ 126.611472438197694, 37.547595538959612 ] ], [ [ 126.614215549504422, 37.547697801717504 ], [ 126.615471595964564, 37.547703608480603 ], [ 126.620224207072951, 37.547725446935239 ], [ 126.620214504120867, 37.549630361279185 ], [ 126.615461772126693, 37.549608512758375 ], [ 126.61546744570731, 37.548508391601771 ], [ 126.614211385744866, 37.548502584719756 ], [ 126.614215549504422, 37.547697801717504 ] ], [ [ 126.619033228074144, 37.539016630555118 ], [ 126.619030579906436, 37.539007873390304 ], [ 126.619027943099837, 37.538999107252344 ], [ 126.619025306247849, 37.538990350124038 ], [ 126.619022669442444, 37.53898158398593 ], [ 126.61902004390619, 37.538972826894124 ], [ 126.619017418416519, 37.538964060792544 ], [ 126.619014792927473, 37.538955294690872 ], [ 126.619012178753536, 37.5389465286258 ], [ 126.61900957589468, 37.5389377625973 ], [ 126.619006961721951, 37.538928996532086 ], [ 126.619004358864288, 37.53892023050345 ], [ 126.619001767367749, 37.538911455501648 ], [ 126.618999175825792, 37.538902689509534 ], [ 126.618996584330475, 37.538893914507625 ], [ 126.618994004104195, 37.538885148552026 ], [ 126.618991423924541, 37.538876373586618 ], [ 126.61898884374547, 37.538867598621145 ], [ 126.618986274881493, 37.538858823692259 ], [ 126.618983706018085, 37.538850048763322 ], [ 126.6189811484698, 37.538841273870943 ], [ 126.61897859092204, 37.538832498978543 ], [ 126.618976033374949, 37.538823724086051 ], [ 126.618973487188896, 37.538814940220405 ], [ 126.618970940957396, 37.538806165364434 ], [ 126.618968394772537, 37.538797381498668 ], [ 126.618965859856715, 37.538788606679212 ], [ 126.61896333630196, 37.538779822886617 ], [ 126.618960801433317, 37.53877103905733 ], [ 126.618958277879756, 37.538762255264601 ], [ 126.618955765641218, 37.538753471508478 ], [ 126.618953253403262, 37.538744687752292 ], [ 126.618950741165889, 37.538735903996042 ], [ 126.618948240243583, 37.53872712027637 ], [ 126.618945739367859, 37.53871832754691 ], [ 126.618943238446676, 37.538709543827117 ], [ 126.618940748886573, 37.538700751134201 ], [ 126.618938259327052, 37.538691958441191 ], [ 126.618935781036527, 37.538683174794507 ], [ 126.618933302792612, 37.538674382138055 ], [ 126.618930824549267, 37.538665589481532 ], [ 126.618928357620931, 37.538656796861609 ], [ 126.618925890693177, 37.538648004241615 ], [ 126.618923435080447, 37.538639211658221 ], [ 126.618920979514328, 37.538630410065039 ], [ 126.618918523902707, 37.538621617481532 ], [ 126.618916079606123, 37.53861282493461 ], [ 126.618913635356137, 37.538604023377879 ], [ 126.618911202375116, 37.538595230867493 ], [ 126.618908769440694, 37.538586429347319 ], [ 126.618906336506868, 37.538577627827074 ], [ 126.618903914888008, 37.538568826343443 ], [ 126.618901493269718, 37.538560024859741 ], [ 126.61889907165201, 37.538551223375983 ], [ 126.618896661349268, 37.538542421928817 ], [ 126.618894262361522, 37.538533620518258 ], [ 126.618891852105918, 37.538524810061254 ], [ 126.618889453119294, 37.538516008650561 ], [ 126.618887065493666, 37.538507198266771 ], [ 126.618884677822592, 37.538498396892628 ], [ 126.618882290198101, 37.538489586508703 ], [ 126.618879913888549, 37.538480776161379 ], [ 126.618877537533535, 37.538471974823722 ], [ 126.618875161225105, 37.538463164476291 ], [ 126.61887279623167, 37.538454354165445 ], [ 126.618870431238761, 37.53844554385455 ], [ 126.61886807760682, 37.538436724570538 ], [ 126.618865723929432, 37.538427914296172 ], [ 126.618863370252612, 37.538419104021777 ], [ 126.618861027936731, 37.53841028477423 ], [ 126.618858685575375, 37.538401474536393 ], [ 126.618856354575016, 37.538392655325417 ], [ 126.618854023575224, 37.538383836114377 ], [ 126.618851692529901, 37.538375025913005 ], [ 126.618849372845574, 37.538366206738516 ], [ 126.618847053161787, 37.53835738756397 ], [ 126.618844744792924, 37.538348568426031 ], [ 126.61884242511023, 37.538339749251385 ], [ 126.618840128056817, 37.538330930150003 ], [ 126.618837819735646, 37.538322102002162 ], [ 126.618835533997739, 37.538313282937345 ], [ 126.618833236991989, 37.538304454826068 ], [ 126.618830951255148, 37.538295635761131 ], [ 126.618828665564891, 37.538286807686397 ], [ 126.618826391143472, 37.53827798865801 ], [ 126.618824116768636, 37.538269160619855 ], [ 126.618821853708738, 37.538260332618307 ], [ 126.618819579334982, 37.53825150458001 ], [ 126.618817327590506, 37.53824267661502 ], [ 126.618815064532185, 37.538233848613309 ], [ 126.618812812788761, 37.538225020648198 ], [ 126.618810572406304, 37.538216183709977 ], [ 126.618808331978286, 37.538207355781431 ], [ 126.618806091550837, 37.538198527852835 ], [ 126.618803851169929, 37.538189690914464 ], [ 126.618801622057873, 37.538180863022433 ], [ 126.61879940430677, 37.538172026157277 ], [ 126.618797186556137, 37.538163189292064 ], [ 126.618794968806071, 37.538154352426801 ], [ 126.618792751056475, 37.53814551556151 ], [ 126.618790544621802, 37.538136678732812 ], [ 126.618788349502026, 37.538127841940749 ], [ 126.618786154382718, 37.538119005148609 ], [ 126.618783959263951, 37.538110168356425 ], [ 126.618781764145638, 37.538101331564214 ], [ 126.618779580388292, 37.538092485798884 ], [ 126.618777407899785, 37.538083649079873 ], [ 126.618775224143434, 37.53807480331443 ], [ 126.618773051655921, 37.53806596659534 ], [ 126.618770890529319, 37.538057120903133 ], [ 126.618768729403243, 37.53804827521089 ], [ 126.618766568277607, 37.538039429518584 ], [ 126.618764418466881, 37.538030583862891 ], [ 126.618763709222122, 37.538027671374344 ], [ 126.618761559412064, 37.538018825718602 ], [ 126.618759420916817, 37.53800998009946 ], [ 126.618757282422123, 37.538001134480282 ], [ 126.618755143973914, 37.537992279851338 ], [ 126.618753016794543, 37.537983434268718 ], [ 126.618750889661683, 37.537974579676344 ], [ 126.618748773797648, 37.537965734130317 ], [ 126.618746657980111, 37.537956879574502 ], [ 126.618744542117057, 37.537948034028382 ], [ 126.618742437614884, 37.537939179509145 ], [ 126.618740333113195, 37.537930324989865 ], [ 126.618738239926316, 37.537921470507207 ], [ 126.618736146739948, 37.537912616024499 ], [ 126.61873405355405, 37.537903761541756 ], [ 126.618731971682976, 37.537894907095634 ], [ 126.618729889812386, 37.537886052649455 ], [ 126.618727819256605, 37.537877198239904 ], [ 126.618725748747394, 37.53786833482058 ], [ 126.61872367819258, 37.537859480410944 ], [ 126.618721618998634, 37.537850617028191 ], [ 126.618719559759114, 37.537841762655127 ], [ 126.618717500566135, 37.537832899272289 ], [ 126.618715452687937, 37.537824035926072 ], [ 126.618713404764193, 37.537815181589565 ], [ 126.618711368201261, 37.537806318279927 ], [ 126.618709331638854, 37.53779745497026 ], [ 126.618707306391215, 37.537788591697222 ], [ 126.618705281144017, 37.537779728424127 ], [ 126.618703255943387, 37.537770856141279 ], [ 126.618701242011468, 37.537761992904777 ], [ 126.618699228080033, 37.537753129668204 ], [ 126.618697214149009, 37.537744266431623 ], [ 126.618695211578881, 37.537735394221947 ], [ 126.618693208963165, 37.537726531021939 ], [ 126.618691217708289, 37.537717658848834 ], [ 126.618689226453839, 37.537708786675694 ], [ 126.618687235153786, 37.537699923512207 ], [ 126.618685255214587, 37.53769105137566 ], [ 126.618683286590141, 37.537682179275734 ], [ 126.618681306651865, 37.537673307139087 ], [ 126.618679338028315, 37.537664435039083 ], [ 126.618677380719546, 37.537655562975708 ], [ 126.618675412096934, 37.537646690875597 ], [ 126.618673466149431, 37.537637809839083 ], [ 126.618671508842056, 37.537628937775573 ], [ 126.618669562849362, 37.537620065748683 ], [ 126.618667628217551, 37.537611184748734 ], [ 126.618665682225767, 37.537602312721766 ], [ 126.618663758909122, 37.53759343175841 ], [ 126.618661824278618, 37.537584550758325 ], [ 126.618659900916796, 37.537575678804586 ], [ 126.618657988915771, 37.537566797877766 ], [ 126.618656065600916, 37.537557916914224 ], [ 126.618654164915057, 37.537549036024018 ], [ 126.618652252915339, 37.537540155097076 ], [ 126.618650352230389, 37.537531274206756 ], [ 126.618648451545852, 37.537522393316401 ], [ 126.618646562222096, 37.537513503452978 ], [ 126.618644672852753, 37.537504622599236 ], [ 126.618642794798077, 37.537495741782116 ], [ 126.618640916789928, 37.537486851955244 ], [ 126.618639038736177, 37.537477971138038 ], [ 126.618637172043137, 37.537469081347766 ], [ 126.618635305304508, 37.537460200567196 ], [ 126.618633449926634, 37.537451310813516 ], [ 126.618631583234915, 37.537442421023115 ], [ 126.618629739172192, 37.537433531306043 ], [ 126.618627883795611, 37.537424641552235 ], [ 126.618626051047983, 37.537415751871769 ], [ 126.618624206986539, 37.537406862154583 ], [ 126.618622374239791, 37.537397972474025 ], [ 126.618620541493428, 37.537389082793425 ], [ 126.618618720061775, 37.537380193149488 ], [ 126.618616898630549, 37.537371303505495 ], [ 126.618615088560063, 37.537362404888427 ], [ 126.618613267129675, 37.537353515244369 ], [ 126.618611468374297, 37.537344616663894 ], [ 126.618609658259032, 37.537335727056451 ], [ 126.618607870818721, 37.537326828512583 ], [ 126.618606072064566, 37.537317929931994 ], [ 126.618604284579021, 37.537309040397794 ], [ 126.618602497140017, 37.537300141853834 ], [ 126.618600721015582, 37.537291243346502 ], [ 126.618598944891616, 37.537282344839142 ], [ 126.618597168768048, 37.537273446331739 ], [ 126.618595403959119, 37.537264547861 ], [ 126.618593639150646, 37.537255649390204 ], [ 126.61859188570287, 37.537246741946333 ], [ 126.618590132209405, 37.537237843512159 ], [ 126.618588378716353, 37.537228945077928 ], [ 126.618586636584041, 37.537220037670636 ], [ 126.618584905720311, 37.537211139309719 ], [ 126.618583163588752, 37.537202231902363 ], [ 126.618581432725833, 37.537193333541367 ], [ 126.618579713223582, 37.537184426207297 ], [ 126.618577982407473, 37.537175518836506 ], [ 126.618576274220274, 37.537166611539057 ], [ 126.618574554673131, 37.537157713214597 ], [ 126.6185728464867, 37.537148805917056 ], [ 126.618571149614908, 37.537139898656193 ], [ 126.618569441429287, 37.537130991358595 ], [ 126.618567755872476, 37.537122084134339 ], [ 126.618566059047936, 37.537113167863637 ], [ 126.618564373491935, 37.537104260639296 ], [ 126.618562699250489, 37.537095353451612 ], [ 126.618561013695256, 37.537086446227235 ], [ 126.618559350814934, 37.537077530066433 ], [ 126.618557676574696, 37.53706862287865 ], [ 126.618556013695112, 37.537059706717784 ], [ 126.618554362084083, 37.537050799603321 ], [ 126.618552699205296, 37.537041883442384 ], [ 126.618551058955305, 37.537032967354833 ], [ 126.61854940739147, 37.537024051230524 ], [ 126.618547767096175, 37.537015144152598 ], [ 126.61854612684732, 37.537006228064911 ], [ 126.618544497913035, 37.536997312013895 ], [ 126.618542868979162, 37.53698839596283 ], [ 126.618541251359844, 37.536979479948421 ], [ 126.618539633740895, 37.53697056393397 ], [ 126.618538016168401, 37.536961638909773 ], [ 126.618536409864419, 37.53695272293195 ], [ 126.618534803560792, 37.536943806954113 ], [ 126.618533208617833, 37.53693488200318 ], [ 126.618531613629131, 37.536925966061958 ], [ 126.618530018640826, 37.536917050120707 ], [ 126.618528435013161, 37.536908125206374 ], [ 126.618526851385823, 37.536899200292027 ], [ 126.618525267712812, 37.536890284387361 ], [ 126.618523695400413, 37.536881359509621 ], [ 126.618522134402582, 37.53687243466856 ], [ 126.618520562090922, 37.536863509790749 ], [ 126.618519001047702, 37.53685459395934 ], [ 126.618517451365136, 37.536845669154872 ], [ 126.618515901682926, 37.536836744350367 ], [ 126.618514352001085, 37.536827819545827 ], [ 126.618512813679828, 37.536818885768213 ], [ 126.618511275312841, 37.536809961000309 ], [ 126.618509748260422, 37.536801036269047 ], [ 126.618508209894159, 37.536792111501079 ], [ 126.618506694202679, 37.536783177796721 ], [ 126.618505167151326, 37.536774253065374 ], [ 126.618503662728642, 37.536765328407398 ], [ 126.6185021470382, 37.536756394702955 ], [ 126.618500642616198, 37.536747470044908 ], [ 126.618499138240651, 37.536738536377101 ], [ 126.618497645179616, 37.536729602745964 ], [ 126.618496152072822, 37.536720678124503 ], [ 126.61849465901247, 37.536711744493296 ], [ 126.6184931772666, 37.536702810898767 ], [ 126.618491706835258, 37.536693877340888 ], [ 126.618490225090085, 37.536684943746266 ], [ 126.61848875465941, 37.536676010188337 ], [ 126.618487295543261, 37.536667076667079 ], [ 126.618485836427382, 37.536658143145758 ], [ 126.618484377311901, 37.536649209624429 ], [ 126.61848292951089, 37.536640276139771 ], [ 126.618481481756319, 37.536631333645332 ], [ 126.618480033955962, 37.536622400160624 ], [ 126.618478597470101, 37.536613466712566 ], [ 126.61847716103064, 37.536604524254741 ], [ 126.618475735859576, 37.536595590843334 ], [ 126.618474310734911, 37.536586648422166 ], [ 126.618472896878657, 37.536577715047372 ], [ 126.618471471754702, 37.536568772626133 ], [ 126.618470069259288, 37.536559830278257 ], [ 126.618468655404016, 37.536550896903393 ], [ 126.618467252909298, 37.536541954555489 ], [ 126.618465861729021, 37.536533012244213 ], [ 126.618464470549071, 37.536524069932923 ], [ 126.618463079369434, 37.536515127621598 ], [ 126.618461699504252, 37.536506185346973 ], [ 126.618460319639382, 37.53649724307229 ], [ 126.618458939774868, 37.536488300797586 ], [ 126.618457571224766, 37.536479358559561 ], [ 126.618456202674963, 37.536470416321499 ], [ 126.618454845439629, 37.536461474120102 ], [ 126.618453488250694, 37.536452522908967 ], [ 126.618452131015971, 37.53644358070752 ], [ 126.618450785095689, 37.536434638542751 ], [ 126.61844943922182, 37.536425687368201 ], [ 126.618448104616263, 37.536416745240089 ], [ 126.618446770057091, 37.53640779410221 ], [ 126.618445446766273, 37.536398852010727 ], [ 126.61844411220774, 37.536389900872784 ], [ 126.618442800277748, 37.536380949808205 ], [ 126.61844147703394, 37.536371998706919 ], [ 126.618440165058445, 37.536363056652029 ], [ 126.618438864443462, 37.536354105624092 ], [ 126.618437563828778, 37.536345154596106 ], [ 126.618436263214377, 37.536336203568119 ], [ 126.61843496260029, 37.536327252540097 ], [ 126.6184336846147, 37.536318301585439 ], [ 126.61843239531531, 37.53630935059406 ], [ 126.618431117330303, 37.536300399639366 ], [ 126.618429839345595, 37.536291448684629 ], [ 126.618428572675285, 37.536282497766578 ], [ 126.618427306051373, 37.536273537838767 ], [ 126.618426039381632, 37.536264586920659 ], [ 126.618424784026288, 37.536255636039229 ], [ 126.618423528717329, 37.536246676148039 ], [ 126.61842228467664, 37.536237725303259 ], [ 126.618421040682321, 37.53622876544874 ], [ 126.618419796642257, 37.536219814603889 ], [ 126.618418563962621, 37.536210854786027 ], [ 126.618417331237126, 37.53620190397784 ], [ 126.618416109872143, 37.536192944196621 ], [ 126.618414888507445, 37.536183984415366 ], [ 126.618413667143017, 37.536175024634076 ], [ 126.618412457046844, 37.536166073899196 ], [ 126.618411246997084, 37.536157114154584 ], [ 126.618410048261651, 37.536148154446629 ], [ 126.61840884952646, 37.536139194738652 ], [ 126.618407650791553, 37.536130235030654 ], [ 126.618406463371031, 37.536121275359335 ], [ 126.618405275950792, 37.536112315687987 ], [ 126.618404099844852, 37.536103356053324 ], [ 126.618402923739211, 37.53609439641864 ], [ 126.618401747679911, 37.536085427774196 ], [ 126.618400582888853, 37.536076468176169 ], [ 126.618399418098107, 37.536067508578121 ], [ 126.618398264621661, 37.53605854901673 ], [ 126.618397111191541, 37.536049580445599 ], [ 126.618395957715649, 37.536040620884179 ], [ 126.618394815600112, 37.536031652349692 ], [ 126.618393673438788, 37.536022692824943 ], [ 126.618392542637878, 37.53601372432712 ], [ 126.618391411791137, 37.536004764839006 ], [ 126.61839028099071, 37.535995796341133 ], [ 126.618389161458552, 37.535986836889698 ], [ 126.618388041972707, 37.535977868428482 ], [ 126.618386933801176, 37.535968900003951 ], [ 126.6183858256299, 37.53595993157942 ], [ 126.618384717458866, 37.535950963154853 ], [ 126.618383620556074, 37.53594200377669 ], [ 126.618382523699594, 37.535933035388794 ], [ 126.618381438157428, 37.535924067037556 ], [ 126.618380352615489, 37.53591509868631 ], [ 126.618379267073834, 37.535906130335057 ], [ 126.618378192846436, 37.535897162020447 ], [ 126.618377118619307, 37.535888193705844 ], [ 126.618376055752506, 37.535879216418195 ], [ 126.618374992839904, 37.535870248140206 ], [ 126.618373929927543, 37.535861279862253 ], [ 126.618372878329424, 37.535852311620985 ], [ 126.618371826777661, 37.53584333436995 ], [ 126.618370786494083, 37.535834366165311 ], [ 126.618369746210718, 37.535825397960672 ], [ 126.618368705973694, 37.535816420746258 ], [ 126.618367677004841, 37.53580745257829 ], [ 126.618366648082329, 37.53579847540054 ], [ 126.618365630427959, 37.535789507269229 ], [ 126.618364612819946, 37.535780530128164 ], [ 126.618363595166059, 37.535771561996803 ], [ 126.6183625888725, 37.535762584892382 ], [ 126.618361582579197, 37.535753607787967 ], [ 126.618360587554008, 37.535744639729955 ], [ 126.618359592575189, 37.535735662662191 ], [ 126.618358608910583, 37.535726685631111 ], [ 126.61835761393219, 37.535717708563311 ], [ 126.618356641582025, 37.535708731568896 ], [ 126.618355657918116, 37.535699754537752 ], [ 126.618354685568406, 37.535690777543316 ], [ 126.618353724532938, 37.53568180058555 ], [ 126.618352752183682, 37.53567282359105 ], [ 126.618351802462655, 37.535663846669941 ], [ 126.618350841427826, 37.535654869712126 ], [ 126.618349891707226, 37.535645892790988 ], [ 126.618348953300853, 37.53563691590653 ], [ 126.618348003580692, 37.535627938985364 ], [ 126.618347076488746, 37.535618962137562 ], [ 126.618346138129084, 37.535609976243343 ], [ 126.618345211037564, 37.535600999395513 ], [ 126.618344295260229, 37.535592022584375 ], [ 126.618343368215236, 37.535583036726784 ], [ 126.618342463752327, 37.53557405995231 ], [ 126.618341547975589, 37.535565083141115 ], [ 126.618340643559165, 37.535556097356874 ], [ 126.618339750410868, 37.535547120619071 ], [ 126.618338845994884, 37.535538134834802 ], [ 126.618337964207029, 37.535529149123917 ], [ 126.618337071059344, 37.535520172386036 ], [ 126.618336189271901, 37.535511186675144 ], [ 126.618335318752557, 37.535502210010641 ], [ 126.618334436965554, 37.535493224299699 ], [ 126.618333577806666, 37.535484238662121 ], [ 126.618332707334019, 37.535475252987844 ], [ 126.618331848129444, 37.535466276359983 ], [ 126.61833100028511, 37.535457290759084 ], [ 126.618330152440976, 37.535448305158177 ], [ 126.61832930459704, 37.535439319557206 ], [ 126.618328456753318, 37.535430333956263 ], [ 126.618327620223724, 37.535421348391999 ], [ 126.618326795008301, 37.535412362864427 ], [ 126.618325969793062, 37.535403377336827 ], [ 126.618325144577994, 37.535394391809213 ], [ 126.61832431936314, 37.535385406281584 ], [ 126.618323505462428, 37.535376420790641 ], [ 126.61832270287583, 37.53536743533639 ], [ 126.618321900289445, 37.535358449882132 ], [ 126.618321097749345, 37.535349455418114 ], [ 126.618320306477273, 37.535340470000513 ], [ 126.618319515205343, 37.535331484582919 ], [ 126.618318723933612, 37.535322499165268 ], [ 126.618317944022138, 37.535313504774606 ], [ 126.618317164064706, 37.535304519393662 ], [ 126.618316395421431, 37.535295534049403 ], [ 126.618315626824398, 37.535286539695385 ], [ 126.618314858181449, 37.535277554351083 ], [ 126.618314100898701, 37.535268560033749 ], [ 126.618313343570065, 37.535259574726126 ], [ 126.61831259760163, 37.535250580445471 ], [ 126.618311851587208, 37.535241595174533 ], [ 126.618311105619128, 37.535232600893821 ], [ 126.618310370919005, 37.535223615659561 ], [ 126.618309636265153, 37.535214621415555 ], [ 126.618308912925414, 37.535205627208207 ], [ 126.618308189539718, 37.535196642010618 ], [ 126.618307466200292, 37.535187647803255 ], [ 126.618306754174966, 37.535178653632592 ], [ 126.618306053463726, 37.535169659498621 ], [ 126.618305341392627, 37.535160674337639 ], [ 126.6183046406817, 37.53515168020364 ], [ 126.618303951284844, 37.535142686106319 ], [ 126.618303261888158, 37.535133692009005 ], [ 126.618302572491615, 37.535124697911655 ], [ 126.618301883095242, 37.535115703814277 ], [ 126.618301205012941, 37.535106709753634 ], [ 126.618300538244696, 37.535097715729655 ], [ 126.618299871476594, 37.535088721705662 ], [ 126.618299204708677, 37.535079727681662 ], [ 126.618298549254774, 37.535070733694354 ], [ 126.618297893801056, 37.535061739707032 ], [ 126.618297238347452, 37.535052745719675 ], [ 126.618296594207933, 37.535043751769031 ], [ 126.618295950068543, 37.535034757818373 ], [ 126.618295317289324, 37.535025754894683 ], [ 126.618294684464104, 37.53501676098071 ], [ 126.618294051639069, 37.535007767066702 ], [ 126.618293430128048, 37.534998773189379 ], [ 126.618292819931042, 37.534989779348791 ], [ 126.618292198466406, 37.534980776461715 ], [ 126.618291588269742, 37.534971782621071 ], [ 126.618290989387049, 37.534962788817133 ], [ 126.618290390550627, 37.534953786003442 ], [ 126.618289791668246, 37.534944792199468 ], [ 126.618289204145924, 37.534935789422462 ], [ 126.618288616577715, 37.53492679565516 ], [ 126.618288029009591, 37.534917801887858 ], [ 126.618287452801582, 37.534908799147509 ], [ 126.618286876547586, 37.534899805416885 ], [ 126.618286311653748, 37.534890802713207 ], [ 126.618285746760009, 37.534881800009529 ], [ 126.618285181820298, 37.534872806315562 ], [ 126.618284628240716, 37.534863803648562 ], [ 126.61828408592902, 37.534854810027994 ], [ 126.61828353234965, 37.534845807360973 ], [ 126.618282990084296, 37.534836804730631 ], [ 126.618282459086828, 37.534827811146727 ], [ 126.618281928135588, 37.534818808553098 ], [ 126.618281397184447, 37.534809805959426 ], [ 126.618280877501206, 37.534800812412193 ], [ 126.61828035786418, 37.534791809855207 ], [ 126.618279838227252, 37.534782807298207 ], [ 126.618279329904311, 37.534773804777913 ], [ 126.618278821581512, 37.534764802257598 ], [ 126.618278324526543, 37.534755808783714 ], [ 126.618277827517801, 37.53474680630007 ], [ 126.61827734182306, 37.534737803853155 ], [ 126.618276856128389, 37.534728801406196 ], [ 126.618276370433847, 37.534719798959223 ], [ 126.618275896053234, 37.534710796548971 ], [ 126.618275421672763, 37.53470179413867 ], [ 126.618274947292363, 37.534692791728389 ], [ 126.61827448422595, 37.53468378935478 ], [ 126.618274021159607, 37.534674786981171 ], [ 126.618273569407251, 37.534665784644268 ], [ 126.618273117654951, 37.534656782307337 ], [ 126.618272677216623, 37.534647780007127 ], [ 126.618272236778395, 37.534638777706874 ], [ 126.618271796340252, 37.534629775406614 ], [ 126.618271367216053, 37.534620773143068 ], [ 126.618270938091925, 37.534611770879479 ], [ 126.618270508967925, 37.534602768615891 ], [ 126.618270091203954, 37.534593757379284 ], [ 126.618269684707769, 37.534584755189094 ], [ 126.618269266897883, 37.534575752962176 ], [ 126.618268860401898, 37.534566750771944 ], [ 126.618268465219842, 37.534557748618433 ], [ 126.618268070083957, 37.534548737455168 ], [ 126.618267674902057, 37.534539735301628 ], [ 126.618267291034087, 37.534530733184766 ], [ 126.618266907166202, 37.534521731067912 ], [ 126.618266534658289, 37.534512719978011 ], [ 126.618266162104405, 37.534503717897834 ], [ 126.618265789550591, 37.534494715817637 ], [ 126.618265428356764, 37.534485704764435 ], [ 126.618265067116894, 37.534476702720923 ], [ 126.618264705877138, 37.534467700677411 ], [ 126.618264355997368, 37.534458689660845 ], [ 126.618264017385357, 37.534449687690731 ], [ 126.618263667505744, 37.534440676674144 ], [ 126.618263328893903, 37.534431674703995 ], [ 126.618263001595935, 37.534422672770546 ], [ 126.618262674344138, 37.534413661827351 ], [ 126.61826234704634, 37.534404659893887 ], [ 126.618262031108486, 37.53439564898737 ], [ 126.618261715124618, 37.534386647090578 ], [ 126.618261410500708, 37.534377636220768 ], [ 126.618261105830754, 37.534368634360668 ], [ 126.618260801206986, 37.534359623490815 ], [ 126.618260507850977, 37.534350621667393 ], [ 126.61826021454111, 37.53434161083424 ], [ 126.618259932545115, 37.534332600037786 ], [ 126.618259650503092, 37.534323598251035 ], [ 126.618259368507182, 37.534314587454531 ], [ 126.618259097779074, 37.53430558570448 ], [ 126.61825882709708, 37.534296574944683 ], [ 126.618258556415185, 37.534287564184844 ], [ 126.618258297001006, 37.534278562471471 ], [ 126.618258048946799, 37.534269551785052 ], [ 126.618257800846507, 37.534260550108371 ], [ 126.618257552792372, 37.534251539421909 ], [ 126.618257304738279, 37.534242528735462 ], [ 126.618257067951959, 37.534233527095445 ], [ 126.618256842525511, 37.534224516482389 ], [ 126.618256605785348, 37.534215505832599 ], [ 126.61825639167283, 37.534206495256242 ], [ 126.618256166200453, 37.534197493652883 ], [ 126.618255952087964, 37.534188483076477 ], [ 126.618255749289332, 37.534179472536785 ], [ 126.618255535176957, 37.534170461960365 ], [ 126.618255343646041, 37.534161460467082 ], [ 126.618255140847509, 37.534152449927348 ], [ 126.618254949362779, 37.534143439424319 ], [ 126.618254769191864, 37.534134428957977 ], [ 126.618254577661119, 37.534125427464666 ], [ 126.618254408804049, 37.534116417034994 ], [ 126.618254228633234, 37.534107406568644 ], [ 126.61825405977622, 37.534098396138958 ], [ 126.618253902232965, 37.534089385745993 ], [ 126.618253733376008, 37.534080375316293 ], [ 126.618253587100526, 37.534071373969738 ], [ 126.61825342955737, 37.53406236357673 ], [ 126.618253283328002, 37.534053353220429 ], [ 126.618253148412421, 37.534044342900792 ], [ 126.618253013496869, 37.534035332581183 ], [ 126.61825287858133, 37.534026322261546 ], [ 126.618252786541518, 37.534019988015928 ], [ 126.618653552968439, 37.534021396023768 ], [ 126.620593179950234, 37.534028208594123 ], [ 126.620672477980065, 37.533963953575508 ], [ 126.620669364848922, 37.533752932082763 ], [ 126.620668740739916, 37.533541918608897 ], [ 126.620671171772699, 37.533330824880586 ], [ 126.620678630973245, 37.533127676056552 ], [ 126.62290234569852, 37.533134825795216 ], [ 126.623647979070682, 37.533137664293442 ], [ 126.623987544823621, 37.533139020540744 ], [ 126.624100680615641, 37.533139472237501 ], [ 126.625492600088222, 37.53314310124923 ], [ 126.625500749090321, 37.53404393544303 ], [ 126.625500920237727, 37.534077452755476 ], [ 126.62550035839061, 37.534166829012499 ], [ 126.625503760665438, 37.534345505833571 ], [ 126.625511688939469, 37.534524106960063 ], [ 126.625523917420054, 37.534702541573502 ], [ 126.625540333451369, 37.53488071921516 ], [ 126.625561276480568, 37.535058640963975 ], [ 126.625565757345825, 37.535090099716982 ], [ 126.625586520260953, 37.535236306097445 ], [ 126.625616066631707, 37.535413354223465 ], [ 126.625649914718352, 37.535589965533809 ], [ 126.62568806500289, 37.535766049927588 ], [ 126.625713124275478, 37.535867851228829 ], [ 126.625720980475322, 37.535903104862477 ], [ 126.625780519916404, 37.536123315593365 ], [ 126.62579207185226, 37.536166149278614 ], [ 126.625802190033255, 37.536201590299129 ], [ 126.625849300819397, 37.536366611967523 ], [ 126.625851282416406, 37.536366293915194 ], [ 126.625853501790587, 37.536365940579635 ], [ 126.625855721164783, 37.536365587244035 ], [ 126.625857940538936, 37.536365233908413 ], [ 126.625860159913046, 37.536364880572748 ], [ 126.625862379287156, 37.536364527237019 ], [ 126.625864598661266, 37.536364173901241 ], [ 126.625866818035334, 37.536363820565448 ], [ 126.625869037364183, 37.536363476239359 ], [ 126.625871256738208, 37.536363122903467 ], [ 126.625873476112218, 37.536362769567532 ], [ 126.625875695486201, 37.536362416231569 ], [ 126.625877914814978, 37.536362071905295 ], [ 126.625880134188904, 37.536361718569232 ], [ 126.625882353562844, 37.536361365233141 ], [ 126.625884572936741, 37.536361011897007 ], [ 126.625886792265433, 37.536360667570577 ], [ 126.625889011639288, 37.536360314234336 ], [ 126.625891230967966, 37.536359969907821 ], [ 126.625893450341763, 37.536359616571524 ], [ 126.625895669715575, 37.53635926323517 ], [ 126.625897889044182, 37.536358918908526 ], [ 126.625900108417937, 37.536358565572094 ], [ 126.625902339060573, 37.53635822128134 ], [ 126.625904558434314, 37.536357867944837 ], [ 126.625906777762822, 37.536357523618022 ], [ 126.625908997136506, 37.536357170281413 ], [ 126.625911216464985, 37.536356825954513 ], [ 126.625913435838598, 37.536356472617832 ], [ 126.625915655167034, 37.536356128290855 ], [ 126.625917874495443, 37.536355783963828 ], [ 126.625920093869013, 37.536355430627012 ], [ 126.625922313197407, 37.536355086299906 ], [ 126.625924532525772, 37.536354741972744 ], [ 126.625926751899271, 37.536354388635822 ], [ 126.62592898254168, 37.53635404434457 ], [ 126.625931201869989, 37.536353700017301 ], [ 126.625933421243431, 37.536353346680229 ], [ 126.625935640571669, 37.536353002352854 ], [ 126.625937859899906, 37.53635265802545 ], [ 126.625940079228116, 37.536352313698011 ], [ 126.625942298556296, 37.536351969370521 ], [ 126.625944517884477, 37.536351625043004 ], [ 126.625946737257834, 37.536351271705698 ], [ 126.62594896790003, 37.536350927414055 ], [ 126.625951187228168, 37.536350583086403 ], [ 126.625953406556221, 37.536350238758708 ], [ 126.625955625884302, 37.536349894430963 ], [ 126.625957845212355, 37.536349550103175 ], [ 126.625960064540394, 37.536349205775366 ], [ 126.625962295182518, 37.536348861483468 ], [ 126.625964514510471, 37.536348517155567 ], [ 126.625966733838453, 37.536348172827616 ], [ 126.625968953166407, 37.536347828499629 ], [ 126.625971172494332, 37.536347484171593 ], [ 126.625973391822242, 37.536347139843521 ], [ 126.625975622419048, 37.536346804561113 ], [ 126.625977841746931, 37.536346460232956 ], [ 126.625980061074756, 37.536346115904763 ], [ 126.625982280402582, 37.536345771576514 ], [ 126.625984499730421, 37.536345427248243 ], [ 126.625986730327128, 37.536345091965643 ], [ 126.625988949654896, 37.536344747637258 ], [ 126.625991168982651, 37.536344403308853 ], [ 126.625993388310377, 37.53634405898039 ], [ 126.625995607592913, 37.536343723661638 ], [ 126.62599783823471, 37.536343379369086 ], [ 126.626000057562393, 37.53634303504051 ], [ 126.626002276844844, 37.536342699721622 ], [ 126.62600449617247, 37.536342355392961 ], [ 126.626006726814197, 37.536342011100231 ], [ 126.626008946096604, 37.536341675781223 ], [ 126.626011165424174, 37.536341331452434 ], [ 126.626013384706539, 37.536340996133355 ], [ 126.62601561534818, 37.536340651840455 ], [ 126.626017834630517, 37.536340316521283 ], [ 126.626020053958001, 37.536339972192323 ], [ 126.626022273240295, 37.536339636873066 ], [ 126.626024503881865, 37.536339292580003 ], [ 126.626026723164117, 37.536338957260654 ], [ 126.626028942446339, 37.536338621941269 ], [ 126.626031173087839, 37.536338277648085 ], [ 126.626033392370047, 37.536337942328622 ], [ 126.626035611652199, 37.536337607009095 ], [ 126.626037830979541, 37.536337262679815 ], [ 126.626040061575765, 37.536336927396185 ], [ 126.626042280857902, 37.536336592076552 ], [ 126.626044500185188, 37.536336247747144 ], [ 126.626046730781368, 37.5363359124634 ], [ 126.626048950063421, 37.536335577143639 ], [ 126.626051169345445, 37.536335241823821 ], [ 126.626053399941597, 37.536334906539956 ], [ 126.626055619268769, 37.536334562210328 ], [ 126.626057838550736, 37.536334226890389 ], [ 126.626060069146817, 37.536333891606404 ], [ 126.62606228842877, 37.536333556286387 ], [ 126.626064507710666, 37.536333220966334 ], [ 126.62606673830669, 37.536332885682206 ], [ 126.626068957588558, 37.536332550362069 ], [ 126.62607117687044, 37.536332215041874 ], [ 126.626073407466393, 37.536331879757626 ], [ 126.626075626748204, 37.536331544437367 ], [ 126.626077846030014, 37.536331209117058 ], [ 126.626080076625911, 37.536330873832689 ], [ 126.626082295907679, 37.536330538512289 ], [ 126.626084526503519, 37.536330203227827 ], [ 126.626086745785244, 37.536329867907348 ], [ 126.62608896506697, 37.536329532586834 ], [ 126.626091195617605, 37.536329206311976 ], [ 126.626093414899245, 37.536328870991369 ], [ 126.626095634180885, 37.536328535670741 ], [ 126.626097864776639, 37.536328200386023 ], [ 126.626100084058251, 37.536327865065289 ], [ 126.626102314608787, 37.536327538790239 ], [ 126.626104533890356, 37.536327203469412 ], [ 126.626106753171896, 37.536326868148564 ], [ 126.626108983722375, 37.536326541873379 ], [ 126.626111203003887, 37.536326206552445 ], [ 126.626113433599485, 37.536325871267422 ], [ 126.626115652835807, 37.536325544956142 ], [ 126.626117883431348, 37.536325209671048 ], [ 126.62612010271279, 37.536324874349951 ], [ 126.62612232194904, 37.536324548038536 ], [ 126.626124552544539, 37.536324212753321 ], [ 126.626126771780761, 37.536323886441821 ], [ 126.62612900237626, 37.536323551156507 ], [ 126.626131221612411, 37.536323224844942 ], [ 126.626133452207839, 37.53632288955955 ], [ 126.626135671443961, 37.536322563247893 ], [ 126.626137901994198, 37.536322236972147 ], [ 126.626140121275455, 37.536321901650673 ], [ 126.626142351825635, 37.536321575374849 ], [ 126.626144571106863, 37.536321240053283 ], [ 126.626146801657015, 37.536320913777367 ], [ 126.626149020893038, 37.536320587465468 ], [ 126.626151251488295, 37.536320252179735 ], [ 126.62615347072429, 37.536319925867744 ], [ 126.626157920510309, 37.536319273279588 ], [ 126.626160151105495, 37.536318937993691 ], [ 126.62616237034139, 37.53631861168153 ], [ 126.626164600891414, 37.536318285405272 ], [ 126.626166820127267, 37.53631795909304 ], [ 126.626169050677262, 37.536317632816704 ], [ 126.626171269913073, 37.536317306504372 ], [ 126.626173500508159, 37.53631697121822 ], [ 126.626175719743927, 37.536316644905803 ], [ 126.626177950293823, 37.536316318629311 ], [ 126.62618016952959, 37.536315992316801 ], [ 126.626182400079429, 37.536315666040231 ], [ 126.626184619315154, 37.536315339727658 ], [ 126.626186849864936, 37.536315013450981 ], [ 126.626189069100633, 37.536314687138308 ], [ 126.626191299650401, 37.536314360861567 ], [ 126.62619353020014, 37.536314034584763 ], [ 126.62619574943578, 37.536313708271976 ], [ 126.626197979940329, 37.536313391004846 ], [ 126.626200199175898, 37.536313064691967 ], [ 126.626202429725595, 37.536312738414999 ], [ 126.626204648961135, 37.536312412102042 ], [ 126.626206879510761, 37.536312085824996 ], [ 126.626209110060387, 37.536311759547921 ], [ 126.626211329250708, 37.536311442244561 ], [ 126.62621355980032, 37.536311115967393 ], [ 126.626215779035761, 37.536310789654216 ], [ 126.626218009585301, 37.536310463376964 ], [ 126.626220240089665, 37.5363101461094 ], [ 126.626222459325049, 37.536309819796109 ], [ 126.626224689874547, 37.536309493518736 ], [ 126.626226909064769, 37.536309176215084 ], [ 126.626229139614196, 37.536308849937619 ], [ 126.626231370118475, 37.53630853266985 ], [ 126.626233589353788, 37.536308206356331 ], [ 126.626235819903172, 37.536307880078738 ], [ 126.62623805040738, 37.536307562810848 ], [ 126.626240269642622, 37.536307236497215 ], [ 126.626242500146816, 37.536306919229226 ], [ 126.626244730696129, 37.536306592951476 ], [ 126.626246949886138, 37.536306275647448 ], [ 126.626249180390289, 37.53630595837933 ], [ 126.626251399625417, 37.536305632065492 ], [ 126.62625363012954, 37.536305314797318 ], [ 126.626255860678739, 37.53630498851934 ], [ 126.626258079868691, 37.536304671215113 ], [ 126.626260310372729, 37.536304353946768 ], [ 126.626262540921914, 37.536304027668663 ], [ 126.626264760111781, 37.536303710364322 ], [ 126.626266990615775, 37.536303393095864 ], [ 126.626269221119713, 37.536303075827377 ], [ 126.626271451668813, 37.536302749549094 ], [ 126.626273670858637, 37.536302432244597 ], [ 126.626275901362519, 37.53630211497596 ], [ 126.626278131866414, 37.53630179770731 ], [ 126.626280351056181, 37.536301480402663 ], [ 126.626282581605182, 37.536301154124189 ], [ 126.626284812108992, 37.536300836855396 ], [ 126.626287031298702, 37.536300519550615 ], [ 126.626289261802498, 37.536300202281758 ], [ 126.626291492306279, 37.536299885012838 ], [ 126.626292839677859, 37.536299691076358 ], [ 126.62620939710412, 37.53599709938532 ], [ 126.626177171082446, 37.53588031901046 ], [ 126.626164077450255, 37.535829011172162 ], [ 126.626153107761127, 37.535782845715005 ], [ 126.626115132524646, 37.535616762994394 ], [ 126.626080455669481, 37.535447266987688 ], [ 126.62604985515199, 37.535277153234162 ], [ 126.626023555416694, 37.53510678284578 ], [ 126.62600144419892, 37.534935975270727 ], [ 126.625983520566933, 37.534764910705945 ], [ 126.625969671353673, 37.534593588793399 ], [ 126.625960009217721, 37.534422099991502 ], [ 126.625954647268316, 37.534250444660913 ], [ 126.625953471434656, 37.53407880263704 ], [ 126.625953520938609, 37.534046367212532 ], [ 126.626855454278129, 37.534049231916285 ], [ 126.626857439156964, 37.533697672523665 ], [ 126.626858613225039, 37.533508198370477 ], [ 126.626860643120665, 37.533147629202688 ], [ 126.627425759841344, 37.533149240368296 ], [ 126.627652145142292, 37.533150047327247 ], [ 126.629066349165527, 37.533154515650544 ], [ 126.629518894966452, 37.533155851840199 ], [ 126.630903683944538, 37.533160205507556 ], [ 126.631581144988445, 37.533162239377972 ], [ 126.63192296260371, 37.53316357986278 ], [ 126.631908841387627, 37.536025102066866 ], [ 126.631894048786265, 37.539022237457203 ], [ 126.631880349792738, 37.541797398487333 ], [ 126.62043187847199, 37.541776533384741 ], [ 126.620060033539531, 37.541775837413688 ], [ 126.620059810270448, 37.541775242041055 ], [ 126.620056584184056, 37.541766609174289 ], [ 126.620053358098389, 37.541757976307423 ], [ 126.620050120744423, 37.541749334394183 ], [ 126.620046883345339, 37.541740701490561 ], [ 126.620043645901049, 37.541732077596585 ], [ 126.620040397188504, 37.541723444656228 ], [ 126.620037148476669, 37.541714811715764 ], [ 126.62003389976563, 37.541706178775222 ], [ 126.620030639694463, 37.541697554807747 ], [ 126.620027379669978, 37.541688921830428 ], [ 126.620024119600316, 37.541680297862769 ], [ 126.620020859531408, 37.541671673894975 ], [ 126.620017588148329, 37.541663049890552 ], [ 126.62001431681189, 37.54165441687632 ], [ 126.620011034115421, 37.541645792835133 ], [ 126.620007762688687, 37.541637177840123 ], [ 126.620004468678786, 37.541628553762202 ], [ 126.620001185984535, 37.541619929720717 ], [ 126.619997891976126, 37.541611305642583 ], [ 126.61999460923748, 37.541602690610631 ], [ 126.619991303869767, 37.541594075505472 ], [ 126.619988009863633, 37.541585451427039 ], [ 126.61998470449744, 37.54157683632166 ], [ 126.619981399131987, 37.541568221216203 ], [ 126.61997808245242, 37.541559606074081 ], [ 126.619974765773591, 37.541550990931839 ], [ 126.619971449095516, 37.541542375789504 ], [ 126.619968132418208, 37.541533760647091 ], [ 126.619964804380857, 37.541525154477718 ], [ 126.619961476390159, 37.541516539298534 ], [ 126.619958148354328, 37.541507933128955 ], [ 126.61995480905027, 37.541499317913008 ], [ 126.619951469701036, 37.541490711706665 ], [ 126.619948130352597, 37.541482105500222 ], [ 126.61994477969003, 37.54147349925713 ], [ 126.619941429028259, 37.541464893013931 ], [ 126.619938078367213, 37.541456286770625 ], [ 126.619934716392038, 37.541447680490641 ], [ 126.619931365686611, 37.541439083256854 ], [ 126.619927992398118, 37.541430476940121 ], [ 126.61992463042526, 37.541421870659832 ], [ 126.619921257092386, 37.541413273352617 ], [ 126.61991788376028, 37.541404676045289 ], [ 126.619914510428927, 37.54139607873784 ], [ 126.619911125829404, 37.541387472384017 ], [ 126.619907741184733, 37.541378875039804 ], [ 126.619904356494928, 37.541370286705217 ], [ 126.619900960536924, 37.541361689324248 ], [ 126.619897575894555, 37.541353091979715 ], [ 126.619894168623233, 37.541344494561969 ], [ 126.619890772621631, 37.541335906190398 ], [ 126.619887365305971, 37.541327317782134 ], [ 126.619883958036965, 37.541318720364046 ], [ 126.619880539407973, 37.541310131919026 ], [ 126.619877132094601, 37.541301543510478 ], [ 126.619873713467186, 37.541292955065231 ], [ 126.619870283525671, 37.541284366583305 ], [ 126.619866864899777, 37.541275778137866 ], [ 126.619863434959839, 37.541267189655727 ], [ 126.619859993659873, 37.54125861014662 ], [ 126.619856563721484, 37.541250021664283 ], [ 126.619853122423123, 37.541241442154991 ], [ 126.61984968112553, 37.541232862645586 ], [ 126.619846228559794, 37.541224274089778 ], [ 126.619842775948911, 37.541215694543588 ], [ 126.619839323338809, 37.541207114997285 ], [ 126.619835870729489, 37.541198535450867 ], [ 126.61983240680614, 37.541189955867765 ], [ 126.619828942837643, 37.541181385294301 ], [ 126.619825478915843, 37.541172805710993 ], [ 126.619822003634098, 37.54116423510073 ], [ 126.619818528399037, 37.541155655480615 ], [ 126.619815053118842, 37.541147084870133 ], [ 126.619811566524632, 37.541138514222951 ], [ 126.619808091291929, 37.541129934602516 ], [ 126.619804593384458, 37.54112136391857 ], [ 126.619801106792636, 37.541112793271061 ], [ 126.619797608840813, 37.541104231596599 ], [ 126.619794110935729, 37.541095660912298 ], [ 126.619790613031398, 37.541087090227869 ], [ 126.619787103767138, 37.541078528516501 ], [ 126.619783594549631, 37.541069957795287 ], [ 126.619780085286934, 37.541061396083677 ], [ 126.619776564710278, 37.541052834335396 ], [ 126.619773044134405, 37.541044272586987 ], [ 126.619769523559285, 37.541035710838493 ], [ 126.619765991670207, 37.541027149053271 ], [ 126.619762459781882, 37.541018587267963 ], [ 126.619758927894352, 37.541010025482542 ], [ 126.619755395961747, 37.541001472706718 ], [ 126.619751852761027, 37.540992910884469 ], [ 126.619748309515174, 37.540984358071853 ], [ 126.619744766316074, 37.540975796249377 ], [ 126.619741211757031, 37.540967243399948 ], [ 126.619737657198797, 37.540958690550411 ], [ 126.61973410264136, 37.540950137700747 ], [ 126.619730536769936, 37.540941584814362 ], [ 126.619726970853392, 37.540933040937638 ], [ 126.619686326489372, 37.540835593905875 ], [ 126.619682760628763, 37.540827041017984 ], [ 126.619679206083745, 37.540818488166543 ], [ 126.61967564022477, 37.540809935278396 ], [ 126.619672096996112, 37.540801382463336 ], [ 126.619668542453496, 37.540792829611533 ], [ 126.619664999272374, 37.540784267786506 ], [ 126.619661467360956, 37.540775715007662 ], [ 126.619657935496221, 37.54076715321898 ], [ 126.61965440363231, 37.540758591430183 ], [ 126.619650871769181, 37.540750029641273 ], [ 126.619647351221616, 37.540741467888836 ], [ 126.619643841989671, 37.540732906172899 ], [ 126.619640321443711, 37.540724344420234 ], [ 126.61963681225923, 37.54071577369433 ], [ 126.619633314344426, 37.540707212014617 ], [ 126.619629816476319, 37.540698641325079 ], [ 126.619626318609022, 37.540690070635421 ], [ 126.619622820742535, 37.54068149994567 ], [ 126.619619334191569, 37.540672929292377 ], [ 126.619615858956138, 37.540664358675578 ], [ 126.619612383721531, 37.540655788058658 ], [ 126.61960890853365, 37.540647208431913 ], [ 126.619605433300578, 37.540638637814766 ], [ 126.619601969429027, 37.540630058224401 ], [ 126.619598505558272, 37.540621478633909 ], [ 126.619595053003039, 37.540612899079896 ], [ 126.619591600448601, 37.540604319525777 ], [ 126.619588159209641, 37.54059574000815 ], [ 126.61958470670271, 37.540587151444086 ], [ 126.619581276780124, 37.540578571962847 ], [ 126.619577835589467, 37.540569983435155 ], [ 126.61957440566843, 37.540561403953681 ], [ 126.61957097579409, 37.540552815462362 ], [ 126.6195675572353, 37.540544227007558 ], [ 126.619564138677234, 37.540535638552647 ], [ 126.619560731434731, 37.540527050134202 ], [ 126.619557324238968, 37.540518452705946 ], [ 126.619553916997958, 37.540509864287294 ], [ 126.619550509803744, 37.540501266858811 ], [ 126.619547113879023, 37.540492678476546 ], [ 126.619543729315808, 37.540484081121051 ], [ 126.619540344753318, 37.540475483765462 ], [ 126.619536960191624, 37.540466886409746 ], [ 126.619533575630697, 37.540458289053937 ], [ 126.619530202385263, 37.540449691734615 ], [ 126.619526840501308, 37.540441085442055 ], [ 126.61952346725738, 37.540432488122548 ], [ 126.61952010537496, 37.540423881829788 ], [ 126.619516754807975, 37.540415275573515 ], [ 126.619513404241772, 37.540406669317136 ], [ 126.619510053676322, 37.540398063060678 ], [ 126.619506714426365, 37.540389456840707 ], [ 126.61950337517716, 37.540380850620629 ], [ 126.619500035974681, 37.540372235390734 ], [ 126.61949670804168, 37.540363629207064 ], [ 126.619493380155433, 37.540355014013542 ], [ 126.619490052223981, 37.540346407829681 ], [ 126.619486735653936, 37.540337792672574 ], [ 126.619483430399356, 37.540329177551968 ], [ 126.619480113830846, 37.540320562394655 ], [ 126.619476808577787, 37.54031194727385 ], [ 126.619473514686121, 37.540303323179806 ], [ 126.619470220749278, 37.540294708095409 ], [ 126.619466926859118, 37.540286084001174 ], [ 126.619463632923768, 37.540277468916578 ], [ 126.619460350349812, 37.540268844858758 ], [ 126.619457079091319, 37.540260220837446 ], [ 126.619453807833551, 37.540251596816013 ], [ 126.619450536576551, 37.540242972794474 ], [ 126.619447265366233, 37.540234339763153 ], [ 126.619444005425422, 37.540225715778035 ], [ 126.619440745531293, 37.540217082783109 ], [ 126.619437496906627, 37.540208458834421 ], [ 126.619434248328687, 37.540199825875888 ], [ 126.619431011066169, 37.540191192953891 ], [ 126.619427762489707, 37.540182559995166 ], [ 126.619424536543335, 37.540173927109556 ], [ 126.619421299283033, 37.540165294187261 ], [ 126.619418073338153, 37.540156661301467 ], [ 126.619414858754638, 37.540148019442469 ], [ 126.619411632811222, 37.540139386556483 ], [ 126.619408429543867, 37.540130744733901 ], [ 126.619405214962569, 37.540122102874605 ], [ 126.619402011696693, 37.540113461051831 ], [ 126.619398808431527, 37.540104819228951 ], [ 126.619395616481782, 37.540096177442607 ], [ 126.619392424532734, 37.540087535656149 ], [ 126.619389232630411, 37.540078884859874 ], [ 126.619386051997509, 37.540070243109845 ], [ 126.619382882725972, 37.540061592386607 ], [ 126.619379702094491, 37.540052950636387 ], [ 126.619376532824418, 37.540044299912971 ], [ 126.619373374869724, 37.54003564922607 ], [ 126.619370205601072, 37.540026998502469 ], [ 126.619367047647813, 37.540018347815369 ], [ 126.619363901055905, 37.54000968815506 ], [ 126.619360754418764, 37.540001037504389 ], [ 126.619357607782305, 37.53999238685364 ], [ 126.619354472507226, 37.539983727229689 ], [ 126.619351337232857, 37.539975067605639 ], [ 126.619348201959198, 37.539966407981503 ], [ 126.619345078000904, 37.539957748393874 ], [ 126.619341954043307, 37.539949088806175 ], [ 126.619338841401131, 37.539940429254983 ], [ 126.619335728759609, 37.539931769703713 ], [ 126.619332616164826, 37.53992310114262 ], [ 126.619329514839364, 37.539914441627786 ], [ 126.619326413560643, 37.539905773103122 ], [ 126.619323323551242, 37.539897113624725 ], [ 126.619320233588553, 37.539888445136505 ], [ 126.619317143626603, 37.539879776648206 ], [ 126.619314064979946, 37.539871108196422 ], [ 126.619310986334, 37.53986243974456 ], [ 126.619307907734751, 37.539853762282867 ], [ 126.619304840404894, 37.539845093867456 ], [ 126.619301784436303, 37.539836416478821 ], [ 126.61929871710781, 37.539827748063232 ], [ 126.619295661140654, 37.539819070674433 ], [ 126.619292616488835, 37.539810393322178 ], [ 126.619289560523043, 37.539801715933194 ], [ 126.619286527187228, 37.53979303861739 ], [ 126.619283482537497, 37.539784361264871 ], [ 126.61928044920306, 37.539775683948868 ], [ 126.619277415915306, 37.539766997623083 ], [ 126.619274393896902, 37.539758320343537 ], [ 126.619271371925166, 37.539749634054168 ], [ 126.619268361268709, 37.539740947801363 ], [ 126.619265350566977, 37.53973227055819 ], [ 126.619262339911927, 37.539723584305207 ], [ 126.619259340572199, 37.539714898088747 ], [ 126.61925634127914, 37.539706202862483 ], [ 126.619253341940762, 37.53969751664588 ], [ 126.619250353917693, 37.539688830465799 ], [ 126.619247365941305, 37.539680135275908 ], [ 126.619244389234197, 37.539671449132278 ], [ 126.619241412573786, 37.53966275397886 ], [ 126.619238435914028, 37.539654058825334 ], [ 126.619235470569564, 37.539645363708367 ], [ 126.619232505225796, 37.539636668591299 ], [ 126.619229551197293, 37.539627973510783 ], [ 126.619226597169472, 37.539619278430209 ], [ 126.619223643142348, 37.539610583349514 ], [ 126.619220700476461, 37.539601879295631 ], [ 126.619217757765284, 37.53959318425143 ], [ 126.619214815100761, 37.539584480197391 ], [ 126.619214703656766, 37.539584146471306 ], [ 126.619211772307551, 37.539575442453824 ], [ 126.619208840959004, 37.539566738436271 ], [ 126.619205920925694, 37.53955803445524 ], [ 126.619203000893094, 37.539549330474138 ], [ 126.619200080861134, 37.539540626492951 ], [ 126.619197172190439, 37.539531913538596 ], [ 126.619194263474412, 37.539523209593888 ], [ 126.619191366073622, 37.53951450568573 ], [ 126.619188468719514, 37.539505792767748 ], [ 126.619185571366089, 37.539497079849703 ], [ 126.619182685327885, 37.539488366968207 ], [ 126.619179799244336, 37.539479663096344 ], [ 126.619176924522037, 37.539470950251314 ], [ 126.619174038531838, 37.539462228359845 ], [ 126.61917117512543, 37.539453515551308 ], [ 126.619168300405079, 37.539444802706029 ], [ 126.619165448360576, 37.539436080924233 ], [ 126.619162584956143, 37.539427368115447 ], [ 126.619159732912976, 37.53941864633348 ], [ 126.619156880870406, 37.539409924551443 ], [ 126.619154040097072, 37.539401211815679 ], [ 126.619151199370393, 37.539392490070114 ], [ 126.619148358644381, 37.539383768324477 ], [ 126.619145529279578, 37.53937503760568 ], [ 126.619142699869414, 37.539366315896515 ], [ 126.619139881774473, 37.539357594223915 ], [ 126.619137063726185, 37.53934886354152 ], [ 126.619134245632537, 37.53934014186877 ], [ 126.619131438900098, 37.539331411222832 ], [ 126.619128632168298, 37.539322680576852 ], [ 126.619125836705706, 37.539313958977125 ], [ 126.619123029975185, 37.539305228330974 ], [ 126.619120245874427, 37.539296497758023 ], [ 126.619117450505811, 37.539287758138627 ], [ 126.619114677720859, 37.539279027602177 ], [ 126.619111893622005, 37.539270297029006 ], [ 126.619109120884389, 37.539261557482661 ], [ 126.61910634810134, 37.539252826945976 ], [ 126.619103586679543, 37.539244087436124 ], [ 126.619100825258329, 37.539235347926208 ], [ 126.619098063837782, 37.539226608416207 ], [ 126.61909531373243, 37.539217868942778 ], [ 126.61909256362766, 37.539209129469263 ], [ 126.619089824838099, 37.53920039003232 ], [ 126.619087086049163, 37.539191650595313 ], [ 126.619084347260824, 37.539182911158235 ], [ 126.619081619833665, 37.539174162747983 ], [ 126.619078892361159, 37.539165423347399 ], [ 126.619076176249791, 37.539156674973654 ], [ 126.619073448824551, 37.539147926563189 ], [ 126.61907074402896, 37.539139178225945 ], [ 126.619068027919482, 37.539130429851966 ], [ 126.619065334439654, 37.539121681551229 ], [ 126.619062629645953, 37.539112933213758 ], [ 126.619059936167403, 37.539104184912858 ], [ 126.619057242689422, 37.539095436611895 ], [ 126.619054560572678, 37.539086679337771 ], [ 126.619051878410474, 37.539077931073329 ], [ 126.619049196294924, 37.539069173799049 ], [ 126.619046525494511, 37.539060416561369 ], [ 126.619043854694681, 37.539051659323611 ], [ 126.619041195210016, 37.539042902122432 ], [ 126.619038535725934, 37.539034144921189 ], [ 126.619035876242478, 37.539025387719853 ], [ 126.619033228074144, 37.539016630555118 ] ], [ [ 126.636470977762471, 37.530097423649437 ], [ 126.636473229714099, 37.529635313192429 ], [ 126.63647346680483, 37.529586660500357 ], [ 126.63647380882918, 37.529516474486421 ], [ 126.636475252744148, 37.529452328506167 ], [ 126.636476688753291, 37.529389804281649 ], [ 126.636484991452733, 37.529195036034992 ], [ 126.636497817993956, 37.529000552059408 ], [ 126.636537043778432, 37.528612166621521 ], [ 126.63655158848502, 37.528506165101419 ], [ 126.636580560143926, 37.528318308206011 ], [ 126.636614054174188, 37.528131005863166 ], [ 126.63665207098154, 37.527944167971292 ], [ 126.636694496527042, 37.527757974371674 ], [ 126.63674133077906, 37.527572425059475 ], [ 126.636792572828881, 37.527387700224565 ], [ 126.636848336211642, 37.527203710112794 ], [ 126.636908393764443, 37.527020634214416 ], [ 126.63697285858504, 37.526838472872015 ], [ 126.637041616640516, 37.526657405924453 ], [ 126.637114781467375, 37.526477343615582 ], [ 126.637196014256432, 37.526289827925673 ], [ 126.637641985348708, 37.525307141479047 ], [ 126.637602348427549, 37.525222776790656 ], [ 126.634070656650138, 37.523655562292674 ], [ 126.633964505267755, 37.523687036965299 ], [ 126.633268039778571, 37.525221416042939 ], [ 126.633240545051251, 37.525360533259942 ], [ 126.633123756962036, 37.525622086813222 ], [ 126.63301854313687, 37.52578429717019 ], [ 126.633004006496023, 37.525818759726803 ], [ 126.632921202256156, 37.526024737913389 ], [ 126.632842578338938, 37.526231720171175 ], [ 126.632768134775631, 37.526439706508512 ], [ 126.632697985168122, 37.526648607189088 ], [ 126.632632129549549, 37.52685842222062 ], [ 126.632570455270042, 37.52706906115943 ], [ 126.632513189061427, 37.527280434621403 ], [ 126.632460218275327, 37.527492452162065 ], [ 126.632411542502808, 37.527705203884878 ], [ 126.632367162222906, 37.527918599697649 ], [ 126.632327191487917, 37.528132459763889 ], [ 126.63229162989073, 37.52834687418575 ], [ 126.632260365227111, 37.528561662418568 ], [ 126.632248234575243, 37.528658661049626 ], [ 126.632266000993894, 37.528795396683705 ], [ 126.632259252819765, 37.528856192367726 ], [ 126.632243343594283, 37.529031204855869 ], [ 126.632227547421465, 37.529206217689996 ], [ 126.632181870013952, 37.529384110342626 ], [ 126.632179296592625, 37.529424196317599 ], [ 126.632171055524211, 37.529604188198498 ], [ 126.632163286144063, 37.530101509939129 ], [ 126.631938026072476, 37.530110671098846 ], [ 126.631925187736684, 37.532712641972005 ], [ 126.631584500866239, 37.532711845633145 ], [ 126.630905799403209, 37.532709807898435 ], [ 126.627654393737558, 37.53269956014185 ], [ 126.627428123383709, 37.532698663455434 ], [ 126.626863574839149, 37.532697234308777 ], [ 126.626865266602266, 37.532336393721877 ], [ 126.62686662081849, 37.532065650914426 ], [ 126.626867747846731, 37.531795087571581 ], [ 126.62596483021683, 37.53179086840872 ], [ 126.625964973867355, 37.531762217423662 ], [ 126.625967988472979, 37.531589687663455 ], [ 126.62597518900705, 37.531417171208318 ], [ 126.625986687670803, 37.531244848611898 ], [ 126.626002257716607, 37.531072809250929 ], [ 126.626022238966968, 37.530900964105193 ], [ 126.62604629154221, 37.530729402190822 ], [ 126.626074640324674, 37.530558394516838 ], [ 126.626107173056582, 37.530387760525493 ], [ 126.626143775675033, 37.530217680048573 ], [ 126.626172086645525, 37.530099289973009 ], [ 126.626189060544007, 37.530030778652083 ], [ 126.626207625474123, 37.529960830801315 ], [ 126.626212469533783, 37.52994237591934 ], [ 126.62623413455465, 37.529863337925029 ], [ 126.626256704578836, 37.529784302801083 ], [ 126.626282942588844, 37.529695728841105 ], [ 126.626150902110709, 37.529676028097946 ], [ 126.625839019376372, 37.529626022655819 ], [ 126.625812100725184, 37.529714864648632 ], [ 126.625797361910259, 37.529766264236954 ], [ 126.625780195799521, 37.529827927375855 ], [ 126.625751947590729, 37.529933703715272 ], [ 126.625736262508298, 37.529993299283184 ], [ 126.6257188207626, 37.530064782313595 ], [ 126.625678336870322, 37.53024160772744 ], [ 126.625662818253531, 37.530313096866109 ], [ 126.625642376261382, 37.530418807912824 ], [ 126.625610710893852, 37.530596742543622 ], [ 126.62558345619091, 37.53077496149627 ], [ 126.625560497694096, 37.530953734706159 ], [ 126.625553244309131, 37.531023898647859 ], [ 126.625542063509002, 37.531132702506454 ], [ 126.625527926948607, 37.531311954276532 ], [ 126.625518088495852, 37.53149139992064 ], [ 126.625512887583682, 37.531671040520543 ], [ 126.625512437118616, 37.531760777564322 ], [ 126.625512166140211, 37.531792221208129 ], [ 126.62550662641577, 37.532692921928081 ], [ 126.624102612979115, 37.532688623761075 ], [ 126.623650002849232, 37.532687176518365 ], [ 126.622904509724037, 37.532684338492459 ], [ 126.620700245052049, 37.532677251541628 ], [ 126.620703330791287, 37.532613291310668 ], [ 126.620718565631194, 37.532420618997108 ], [ 126.620734252469774, 37.532228038231246 ], [ 126.620753445477945, 37.532035648958392 ], [ 126.620774900152227, 37.531843447164761 ], [ 126.620698758997264, 37.53177679881864 ], [ 126.618760773708544, 37.531770083532564 ], [ 126.61836322092492, 37.531768704361227 ], [ 126.618364228513855, 37.531759724774417 ], [ 126.618365247369837, 37.531750754233983 ], [ 126.618366266225564, 37.531741783693533 ], [ 126.618367296394482, 37.531732813189777 ], [ 126.618368326609229, 37.531723833676246 ], [ 126.618369356777606, 37.531714863172432 ], [ 126.618370398259117, 37.531705892705297 ], [ 126.6183714397404, 37.531696922238126 ], [ 126.6183724812214, 37.531687951770962 ], [ 126.618373534015561, 37.531678981340455 ], [ 126.618374598122813, 37.531670010946634 ], [ 126.618375650916448, 37.53166104051607 ], [ 126.618376726336606, 37.531652070158891 ], [ 126.618377790443077, 37.531643099764992 ], [ 126.618378865862695, 37.53163412940777 ], [ 126.618379941282072, 37.531625159050513 ], [ 126.618381027968439, 37.531616197739673 ], [ 126.618382114700623, 37.531607227419073 ], [ 126.618383212745954, 37.531598257135151 ], [ 126.618384310790987, 37.531589286851194 ], [ 126.618385408789663, 37.531580325576954 ], [ 126.61838651814756, 37.53157135532966 ], [ 126.618387627459057, 37.53156239409207 ], [ 126.618388736816399, 37.531553423844727 ], [ 126.618389857440746, 37.531544462643794 ], [ 126.618390989424284, 37.531535492469779 ], [ 126.618392110048077, 37.531526531268781 ], [ 126.618393253344408, 37.531517561131437 ], [ 126.618394385280993, 37.531508599967076 ], [ 126.618395528530712, 37.531499638839428 ], [ 126.618396671780118, 37.531490677711723 ], [ 126.618397826388701, 37.531481707610958 ], [ 126.618398980950886, 37.53147274651991 ], [ 126.618400146826176, 37.53146378546554 ], [ 126.618401312701167, 37.531454824411121 ], [ 126.618402478575874, 37.531445863356694 ], [ 126.618403655763672, 37.531436902338953 ], [ 126.618404832951157, 37.531427941321155 ], [ 126.61840601013833, 37.531418980303343 ], [ 126.618407198638607, 37.531410019322195 ], [ 126.618408398451948, 37.531401058377732 ], [ 126.618409586951628, 37.531392097396548 ], [ 126.618410798031633, 37.531383145498445 ], [ 126.618411997844063, 37.531374184553897 ], [ 126.618413208969542, 37.531365223646013 ], [ 126.61841442004868, 37.531356271747839 ], [ 126.61841564248688, 37.531347310876612 ], [ 126.618416864924825, 37.531338350005349 ], [ 126.61841809862976, 37.531329398180482 ], [ 126.618419332380398, 37.531320437345848 ], [ 126.618420566084694, 37.531311485520938 ], [ 126.61842181110201, 37.531302533732685 ], [ 126.618423056165099, 37.531293572934672 ], [ 126.618424301181832, 37.531284621146362 ], [ 126.618425557511557, 37.531275669394731 ], [ 126.618426825200402, 37.53126670867001 ], [ 126.618428081529501, 37.531257756918329 ], [ 126.618429360485024, 37.53124880523999 ], [ 126.618430628126845, 37.531239853524937 ], [ 126.618431907081671, 37.531230901846556 ], [ 126.618433186036185, 37.531221950168131 ], [ 126.618434476303733, 37.531212998526392 ], [ 126.618435766570983, 37.531204046884604 ], [ 126.618437068151209, 37.531195095279479 ], [ 126.618438369731123, 37.531186143674347 ], [ 126.618439671264639, 37.531177201078904 ], [ 126.618440984157203, 37.531168249510387 ], [ 126.618442297049469, 37.531159297941848 ], [ 126.618443609941423, 37.531150346373281 ], [ 126.618444934100282, 37.531141403851109 ], [ 126.61844626961819, 37.53113245235587 ], [ 126.618447593776409, 37.531123509833641 ], [ 126.618448929293663, 37.531114558338352 ], [ 126.618450276077837, 37.531105615889437 ], [ 126.618451622861684, 37.531096673440494 ], [ 126.618452969691305, 37.531087721981798 ], [ 126.618454327787774, 37.531078779569505 ], [ 126.61845568588393, 37.531069837157183 ], [ 126.618457055339121, 37.53106088577178 ], [ 126.618458413434624, 37.53105194335938 ], [ 126.618459794156365, 37.531043001020343 ], [ 126.61846116356449, 37.531034058644586 ], [ 126.618462555598839, 37.531025116342185 ], [ 126.618463936319586, 37.531016174003042 ], [ 126.618465328353281, 37.531007231700563 ], [ 126.618466720386635, 37.53099828939807 ], [ 126.618468123686867, 37.530989356141959 ], [ 126.618469527032829, 37.53098041387608 ], [ 126.618470941691726, 37.530971471646865 ], [ 126.61847235630421, 37.530962538427367 ], [ 126.618473770962439, 37.53095359619806 ], [ 126.618475196933602, 37.530944654005459 ], [ 126.618476622858296, 37.530935720822541 ], [ 126.618478048828763, 37.530926778629848 ], [ 126.618479486066065, 37.530917845483565 ], [ 126.618480923303025, 37.53090891233726 ], [ 126.618482371898963, 37.530899970217838 ], [ 126.618483820448503, 37.530891037108141 ], [ 126.618485280310964, 37.530882104035101 ], [ 126.618486740173068, 37.530873170962025 ], [ 126.618488200080876, 37.530864228879189 ], [ 126.618489659942242, 37.530855295806035 ], [ 126.618491142429818, 37.530846362806237 ], [ 126.618492613603735, 37.530837429769726 ], [ 126.618494096044515, 37.530828505779589 ], [ 126.618495578530997, 37.530819572779684 ], [ 126.618497072330371, 37.530810639816458 ], [ 126.618498566129404, 37.530801706853175 ], [ 126.618500059928024, 37.530792773889864 ], [ 126.618501564993522, 37.530783849972941 ], [ 126.618503081417941, 37.530774917082944 ], [ 126.6185045864827, 37.530765993165943 ], [ 126.618506102906395, 37.530757060275882 ], [ 126.618507630596881, 37.530748136432194 ], [ 126.618509158333126, 37.530739203578754 ], [ 126.618510686022873, 37.530730279734989 ], [ 126.61851222502554, 37.530721355927888 ], [ 126.618513764073867, 37.530712423111012 ], [ 126.618515303075753, 37.53070349930384 ], [ 126.618516853390531, 37.530694575533317 ], [ 126.61851840370494, 37.530685651762759 ], [ 126.618519965332169, 37.530676728028865 ], [ 126.618521526959043, 37.530667804294922 ], [ 126.618523088585576, 37.530658880560942 ], [ 126.618524661524916, 37.530649956863613 ], [ 126.618526245777119, 37.53064103320294 ], [ 126.618527818669648, 37.530632118515264 ], [ 126.618529402921084, 37.53062319485452 ], [ 126.618530998485355, 37.530614271230405 ], [ 126.618532594003199, 37.530605356616007 ], [ 126.618534189566702, 37.530596432991835 ], [ 126.618535785083793, 37.530587518377367 ], [ 126.618537391959734, 37.530578594789795 ], [ 126.618539010102467, 37.530569680248632 ], [ 126.618540628290887, 37.53056075669766 ], [ 126.61854224643281, 37.530551842156399 ], [ 126.618543875887582, 37.530542927651794 ], [ 126.618545505341956, 37.530534013147147 ], [ 126.618547134795946, 37.530525098642457 ], [ 126.618548775562758, 37.530516184174417 ], [ 126.618550416329171, 37.530507269706341 ], [ 126.618552068408405, 37.530498355274915 ], [ 126.618553720487228, 37.530489440843446 ], [ 126.618555372565638, 37.530480526411942 ], [ 126.618557035956883, 37.53047161201706 ], [ 126.618558699301644, 37.530462706631887 ], [ 126.618560374005284, 37.53045379227364 ], [ 126.61856204870854, 37.530444877915343 ], [ 126.618563723365256, 37.530435972566721 ], [ 126.618565409334835, 37.530427067254763 ], [ 126.618567095350045, 37.530418152933024 ], [ 126.61856879263199, 37.53040924765768 ], [ 126.618570489959595, 37.530400333372555 ], [ 126.618572187240716, 37.530391428097111 ], [ 126.618573895834643, 37.530382522858318 ], [ 126.618575604428131, 37.530373617619489 ], [ 126.618577324334382, 37.530364712417281 ], [ 126.618579044240263, 37.530355807215045 ], [ 126.618580764145719, 37.530346902012781 ], [ 126.61858249536391, 37.530337996847138 ], [ 126.618584226581703, 37.530329091681459 ], [ 126.618585969066217, 37.530320195562155 ], [ 126.618587711596362, 37.530311290433069 ], [ 126.618589454126095, 37.530302385303955 ], [ 126.618591207922492, 37.530293489221208 ], [ 126.618592961764563, 37.530284584128701 ], [ 126.61859471556015, 37.530275688045862 ], [ 126.618596480714544, 37.530266782989933 ], [ 126.618598257135616, 37.53025788698038 ], [ 126.618600022243115, 37.530248990934098 ], [ 126.618601809976496, 37.530240094961137 ], [ 126.618603586442362, 37.530231189941716 ], [ 126.618605374174891, 37.53022229396867 ], [ 126.618607161907022, 37.530213397995588 ], [ 126.61860896095186, 37.530204502059142 ], [ 126.618610759996272, 37.530195606122632 ], [ 126.618612570307363, 37.53018671923251 ], [ 126.618614380664084, 37.530177823332615 ], [ 126.618616191020337, 37.530168927432655 ], [ 126.618618012689339, 37.530160031569345 ], [ 126.618619834311858, 37.530151144715738 ], [ 126.618621655979936, 37.530142248852322 ], [ 126.618623488914722, 37.530133362035286 ], [ 126.618625333162228, 37.530124475254908 ], [ 126.618627166142204, 37.530115579428042 ], [ 126.618629010388801, 37.53010669264755 ], [ 126.618630865948106, 37.530097805903686 ], [ 126.618632721506998, 37.530088919159795 ], [ 126.618634577065421, 37.530080032415839 ], [ 126.618636443936538, 37.530071145708511 ], [ 126.618638310807214, 37.530062259001156 ], [ 126.618640177677435, 37.53005337229375 ], [ 126.618642055860349, 37.53004448562298 ], [ 126.618643934042822, 37.530035598952153 ], [ 126.618645823491946, 37.530026721327687 ], [ 126.618647712986629, 37.530017834693453 ], [ 126.618649613794034, 37.530008948095833 ], [ 126.618651514554912, 37.53000007050791 ], [ 126.618653415361393, 37.529991183910212 ], [ 126.618655316121348, 37.529982306322182 ], [ 126.618657228193982, 37.529973428770802 ], [ 126.618659151579308, 37.529964551256029 ], [ 126.618661075010181, 37.52995566473151 ], [ 126.618662998394598, 37.529946787216645 ], [ 126.618664933091637, 37.529937909738408 ], [ 126.618666867788221, 37.529929032260149 ], [ 126.618668802484365, 37.529920154781813 ], [ 126.618670748447101, 37.529911286349837 ], [ 126.618672694455384, 37.5299024089081 ], [ 126.618674651776374, 37.529893531502964 ], [ 126.618676609050823, 37.529884663107524 ], [ 126.61867856637086, 37.529875785702309 ], [ 126.618680534957505, 37.529866917343448 ], [ 126.618682503589682, 37.529858039974791 ], [ 126.618684483488479, 37.529849171652515 ], [ 126.618686463386823, 37.529840303330168 ], [ 126.618688443330711, 37.529831425998033 ], [ 126.618690434541193, 37.529822557712279 ], [ 126.618692425751192, 37.529813689426454 ], [ 126.618694428273841, 37.529804821177279 ], [ 126.618696430795978, 37.529795952928033 ], [ 126.618698433317647, 37.529787084678723 ], [ 126.618700447105894, 37.529778225475795 ], [ 126.618702460939716, 37.529769357263064 ], [ 126.618704474773054, 37.529760489050304 ], [ 126.618706499872957, 37.529751629883869 ], [ 126.618708536331511, 37.529742761744323 ], [ 126.618710561430447, 37.529733902577817 ], [ 126.61871260920114, 37.529725034474829 ], [ 126.618714645612187, 37.529716175344888 ], [ 126.618716693335827, 37.529707316251532 ], [ 126.618718741058998, 37.52969845715814 ], [ 126.618720800094749, 37.529689598101363 ], [ 126.61872285913006, 37.529680739044537 ], [ 126.618724929477906, 37.529671880024324 ], [ 126.618726999825284, 37.529663021004062 ], [ 126.618729070172151, 37.52965416198375 ], [ 126.618731151831625, 37.529645303000059 ], [ 126.618733233444559, 37.529636453026029 ], [ 126.618735315103024, 37.529627594042218 ], [ 126.618737408028025, 37.529618744104759 ], [ 126.618739500998544, 37.529609885157505 ], [ 126.618741605235655, 37.529601035256611 ], [ 126.618743709518242, 37.529592176345922 ], [ 126.618745813754344, 37.529583326444921 ], [ 126.618747929302984, 37.529574476580521 ], [ 126.618750056164174, 37.529565626752728 ], [ 126.618752171711819, 37.529556776888221 ], [ 126.618754298572, 37.529547927060342 ], [ 126.618756436744789, 37.529539077269057 ], [ 126.618758563603947, 37.52953022744105 ], [ 126.61876071304269, 37.529521386696061 ], [ 126.618762851213944, 37.529512536904605 ], [ 126.618765000651649, 37.529503696159502 ], [ 126.618767161447977, 37.529494846441267 ], [ 126.61876932219775, 37.529486005732721 ], [ 126.618771482993012, 37.529477156014373 ], [ 126.618773643741747, 37.529468315305714 ], [ 126.618775815803019, 37.529459474633661 ], [ 126.618777999176814, 37.529450633998216 ], [ 126.618780171237034, 37.529441793326022 ], [ 126.618782365922897, 37.529432952727142 ], [ 126.618784549295114, 37.529424112091519 ], [ 126.618786743979896, 37.529415271492503 ], [ 126.61878894993113, 37.529406439939841 ], [ 126.618791144614846, 37.52939759934069 ], [ 126.618793350611114, 37.529388758778168 ], [ 126.618795567873818, 37.529379927261985 ], [ 126.618797785182039, 37.529371086736006 ], [ 126.618800002443734, 37.529362255219695 ], [ 126.618802231017895, 37.529353423739998 ], [ 126.618804459591544, 37.529344592260252 ], [ 126.618806699477688, 37.529335760817084 ], [ 126.618808928050271, 37.529326929337223 ], [ 126.618811179248397, 37.529318097930599 ], [ 126.618813419132906, 37.52930926648726 ], [ 126.618815681642999, 37.529300435117186 ], [ 126.618817932839534, 37.529291603710398 ], [ 126.61882019530249, 37.52928278134992 ], [ 126.618822457810936, 37.529273949979682 ], [ 126.61882473158586, 37.529265127655762 ], [ 126.61882700540626, 37.529256296322039 ], [ 126.618829279180076, 37.529247473997991 ], [ 126.618831564266401, 37.529238651710571 ], [ 126.6188338493522, 37.529229829423052 ], [ 126.618836145796465, 37.529220998162423 ], [ 126.618838442194146, 37.529212175911439 ], [ 126.618840749858293, 37.529203362706809 ], [ 126.618843046254895, 37.52919454045572 ], [ 126.618845365276954, 37.529185718277887 ], [ 126.618847672985481, 37.529176896063326 ], [ 126.618849991960445, 37.529168082895104 ], [ 126.618852322293876, 37.52915926075373 ], [ 126.618854641267745, 37.529150447585366 ], [ 126.618856971600053, 37.52914162544387 ], [ 126.61885931319884, 37.529132812348706 ], [ 126.618861654797044, 37.529123999253486 ], [ 126.61886399639468, 37.52911518615818 ], [ 126.618866349304753, 37.529106373099495 ], [ 126.618868702214272, 37.529097560040732 ], [ 126.618871066436242, 37.529088747018548 ], [ 126.618873430657644, 37.529079933996307 ], [ 126.618875794832462, 37.529071129983755 ], [ 126.618878170365747, 37.529062316998036 ], [ 126.618880545898477, 37.529053504012246 ], [ 126.618882921384596, 37.529044700036145 ], [ 126.618885308183152, 37.529035896096623 ], [ 126.618887706340146, 37.529027083183955 ], [ 126.61889009313758, 37.529018279244312 ], [ 126.618892491247422, 37.529009475341248 ], [ 126.618894900669673, 37.529000671474776 ], [ 126.618897310091356, 37.528991867608234 ], [ 126.61889971951247, 37.528983063741627 ], [ 126.618902140245964, 37.528974259911607 ], [ 126.618904560932904, 37.528965465091247 ], [ 126.618906981665262, 37.528956661261098 ], [ 126.618909413664056, 37.52894786647726 ], [ 126.618911845708254, 37.528939062683627 ], [ 126.618914289018804, 37.528930267936303 ], [ 126.618916732328827, 37.52892147318893 ], [ 126.61891917568424, 37.528912669431726 ], [ 126.618921630306062, 37.528903874720861 ], [ 126.618924084927286, 37.528895080009931 ], [ 126.618926550860891, 37.528886285335574 ], [ 126.618929016793913, 37.528877490661159 ], [ 126.618931482680352, 37.528868704996391 ], [ 126.618933959925187, 37.52885991035847 ], [ 126.618936437169438, 37.528851115720485 ], [ 126.618938914367035, 37.528842330092168 ], [ 126.61894140287707, 37.528833544500436 ], [ 126.618943902745471, 37.528824749935559 ], [ 126.618946391254298, 37.528815964343657 ], [ 126.61894889107549, 37.528807178788377 ], [ 126.618951402209035, 37.528798393269653 ], [ 126.618953913342025, 37.528789607750866 ], [ 126.618956424474391, 37.528780822231994 ], [ 126.618958946919108, 37.528772036749707 ], [ 126.618961469363228, 37.52876325126735 ], [ 126.618963991760779, 37.52875447479466 ], [ 126.618966525516655, 37.528745689348796 ], [ 126.618969059225904, 37.528736912912606 ], [ 126.618971604293549, 37.52872812750325 ], [ 126.618974149314582, 37.528719351103568 ], [ 126.618976694334961, 37.528710574703808 ], [ 126.618979250667735, 37.528701798340634 ], [ 126.618981806999884, 37.528693021977361 ], [ 126.61898437464437, 37.528684245650666 ], [ 126.618986942288231, 37.528675469323915 ], [ 126.618989509931495, 37.528666692997092 ], [ 126.618992088841082, 37.528657925716551 ], [ 126.618994667796059, 37.528649149426215 ], [ 126.618997258017373, 37.528640382182189 ], [ 126.618999848284062, 37.528631605928339 ], [ 126.619002438504126, 37.528622838684157 ], [ 126.619005040036512, 37.528614071476554 ], [ 126.619007641568288, 37.528605304268858 ], [ 126.619010254412402, 37.528596537097755 ], [ 126.619012855942913, 37.52858776988991 ], [ 126.61901548009871, 37.528579002755293 ], [ 126.619018092940919, 37.528570235583949 ], [ 126.619020717049466, 37.528561477458908 ], [ 126.61902335251628, 37.528552710360678 ], [ 126.61902598793651, 37.528543952272145 ], [ 126.619028623402116, 37.528535185173752 ], [ 126.619031270133974, 37.528526427121676 ], [ 126.619033916865249, 37.528517669069551 ], [ 126.619036563595856, 37.528508911017326 ], [ 126.619039221638758, 37.528500153001659 ], [ 126.619041879681063, 37.528491394985949 ], [ 126.619044549035635, 37.528482637006753 ], [ 126.619047218389596, 37.528473879027501 ], [ 126.619049887696903, 37.52846513005791 ], [ 126.619052568362477, 37.528456372115151 ], [ 126.619055248981439, 37.528447623182039 ], [ 126.619057940958655, 37.528438865275731 ], [ 126.619060632889244, 37.528430116379099 ], [ 126.61906332481918, 37.528421367482402 ], [ 126.619066028061383, 37.528412618622262 ], [ 126.619068731302974, 37.528403869762037 ], [ 126.619071434543926, 37.528395120901713 ], [ 126.619074149097145, 37.528386372077961 ], [ 126.619076863603695, 37.528377632263869 ], [ 126.619079589468498, 37.528368883476581 ], [ 126.619082315286676, 37.528360143698968 ], [ 126.619085052463078, 37.52835139494816 ], [ 126.619087778279962, 37.52834265517037 ], [ 126.61909052672199, 37.52833391546578 ], [ 126.619093263850488, 37.528325175724476 ], [ 126.619096012291195, 37.528316436019715 ], [ 126.61909877204414, 37.528307696351497 ], [ 126.619101520483596, 37.528298956646594 ], [ 126.619104291548126, 37.528290217014835 ], [ 126.61910705129911, 37.528281477346397 ], [ 126.619109822316389, 37.528272746724227 ], [ 126.619112604691821, 37.528264007128861 ], [ 126.619115375707779, 37.528255276506542 ], [ 126.619118158035917, 37.528246545920766 ], [ 126.619120951676308, 37.528237815371519 ], [ 126.619123745316017, 37.528229084822215 ], [ 126.619126538955086, 37.528220354272804 ], [ 126.61912934390638, 37.528211623759951 ], [ 126.619132148856977, 37.528202893247013 ], [ 126.61913495380692, 37.528194162733989 ], [ 126.619137770023087, 37.528185441267269 ], [ 126.619140597597465, 37.52817671082731 ], [ 126.619143413812338, 37.528167989360412 ], [ 126.619146241339365, 37.528159267930057 ], [ 126.619149080178602, 37.528150546536217 ], [ 126.619151907704321, 37.528141825105692 ], [ 126.619154757855057, 37.528133103748338 ], [ 126.619157596692304, 37.528124382354235 ], [ 126.619160446841718, 37.528115660996704 ], [ 126.619163308303342, 37.528106939675695 ], [ 126.619166158405434, 37.528098227327732 ], [ 126.619169031178558, 37.52808950604318 ], [ 126.619171892592178, 37.528080793731668 ], [ 126.61917476531795, 37.528072081456685 ], [ 126.619177638043055, 37.528063369181616 ], [ 126.619180522126314, 37.528054647933331 ], [ 126.619183406162904, 37.52804593569472 ], [ 126.619186301465689, 37.528037232502385 ], [ 126.619189185500929, 37.528028520263589 ], [ 126.6191920921612, 37.528019808097945 ], [ 126.619194987461938, 37.528011104905332 ], [ 126.61919789412083, 37.528002392739516 ], [ 126.619200812045861, 37.52799368961999 ], [ 126.619203729970238, 37.52798498650035 ], [ 126.619206647939905, 37.527976274370886 ], [ 126.619209565862931, 37.527967571251082 ], [ 126.619212495098068, 37.527958868167808 ], [ 126.619215435599415, 37.527950174130794 ], [ 126.619218376146009, 37.527941471083949 ], [ 126.619221316691934, 37.527932768037019 ], [ 126.619224257191178, 37.527924073999742 ], [ 126.619227209048532, 37.527915370989263 ], [ 126.619230160859246, 37.527906676988415 ], [ 126.619233123982042, 37.527897983024104 ], [ 126.619236087104184, 37.527889289059701 ], [ 126.619239061538423, 37.527880595131826 ], [ 126.619240634934783, 37.527875987159931 ], [ 126.619243609321984, 37.527867302241646 ], [ 126.619246583754489, 37.527858608313529 ], [ 126.619249569499104, 37.52784991442195 ], [ 126.619252555197022, 37.527841229540016 ], [ 126.619255552253065, 37.527832535684844 ], [ 126.619258549262383, 37.52782385083934 ], [ 126.619261546271048, 37.527815165993729 ], [ 126.619264554591794, 37.527806481184662 ], [ 126.61926756295783, 37.527797787365742 ], [ 126.619270582544004, 37.527789111602836 ], [ 126.619273602175468, 37.527780426830084 ], [ 126.619276621806193, 37.527771742057233 ], [ 126.619279652749043, 37.527763057320911 ], [ 126.619282683645181, 37.527754381594242 ], [ 126.619285714540652, 37.527745705867474 ], [ 126.619288756794148, 37.527737021167475 ], [ 126.619291810313769, 37.527728345513736 ], [ 126.619294852519872, 37.527719669823284 ], [ 126.619297906038099, 37.527710994169361 ], [ 126.619300970868352, 37.527702318551945 ], [ 126.619304035697937, 37.527693642934437 ], [ 126.619307100480796, 37.527684976326555 ], [ 126.619310165308931, 37.527676300708855 ], [ 126.619313241403148, 37.527667634137408 ], [ 126.619316328809461, 37.527658967602477 ], [ 126.619319404948243, 37.527650292021093 ], [ 126.61932250366587, 37.527641625522584 ], [ 126.619325591070023, 37.527632958987333 ], [ 126.619328689786229, 37.527624292488625 ], [ 126.619331788455725, 37.527615634999549 ], [ 126.619334898483231, 37.527606968537235 ], [ 126.619338008510056, 37.527598302074836 ], [ 126.619341129802962, 37.527589644658669 ], [ 126.619344239782365, 37.527580987205795 ], [ 126.619347372432514, 37.527572320816304 ], [ 126.619350493723218, 37.527563663399853 ], [ 126.619353626326003, 37.527555006019909 ], [ 126.619356770240785, 37.527546348676474 ], [ 126.61935991410887, 37.527537700342648 ], [ 126.619363058022188, 37.527529042998999 ], [ 126.61936620193481, 37.527520385655251 ], [ 126.619369357113484, 37.52751173735777 ], [ 126.619372523604156, 37.527503089096754 ], [ 126.619375678827325, 37.527494431789314 ], [ 126.619378845316518, 37.527485783528107 ], [ 126.61938202311778, 37.527477135303407 ], [ 126.619385200918288, 37.527468487078615 ], [ 126.619388378718043, 37.527459838853716 ], [ 126.619391567783865, 37.527451199675035 ], [ 126.619394756894877, 37.527442551486544 ], [ 126.619397945959221, 37.527433912307657 ], [ 126.619401146381534, 37.527425264155525 ], [ 126.619404346757122, 37.527416625013061 ], [ 126.619407558444749, 37.527407985907075 ], [ 126.619410770131594, 37.527399346801005 ], [ 126.619413981817715, 37.527390707694799 ], [ 126.619417204815804, 37.527382068625094 ], [ 126.61942042776721, 37.52737343856505 ], [ 126.619423650763821, 37.527364799495153 ], [ 126.619426885026471, 37.527356169471474 ], [ 126.619430130647061, 37.527347530474557 ], [ 126.619433364908204, 37.527338900450673 ], [ 126.61943661048133, 37.527330270463295 ], [ 126.619439867366452, 37.52732164051239 ], [ 126.619443124250779, 37.527313010561393 ], [ 126.619446381134395, 37.527304380610282 ], [ 126.6194496379713, 37.527295759668817 ], [ 126.619452906166089, 37.527287129754072 ], [ 126.619456185626944, 37.527278508885573 ], [ 126.619459453820227, 37.527269878970635 ], [ 126.619462744592269, 37.527261258138516 ], [ 126.619466024050851, 37.527252637269683 ], [ 126.619469314821345, 37.527244016437351 ], [ 126.619472605591085, 37.527235395604905 ], [ 126.619475907626878, 37.527226783818683 ], [ 126.619479209707819, 37.527218163022617 ], [ 126.619482511742063, 37.527209551236183 ], [ 126.619485825134191, 37.527200930476482 ], [ 126.619489138479594, 37.527192318726421 ], [ 126.619492463136964, 37.527183707012838 ], [ 126.619495787793568, 37.527175095299143 ], [ 126.619499112449361, 37.527166483585347 ], [ 126.619502448417123, 37.527157871908024 ], [ 126.619505784384131, 37.527149260230594 ], [ 126.619509131617136, 37.527140657599375 ], [ 126.619512478895274, 37.527132045958325 ], [ 126.619515826126715, 37.527123443326872 ], [ 126.619519184670068, 37.527114840731912 ], [ 126.619522543212668, 37.527106238136845 ], [ 126.619525901754471, 37.527097635541658 ], [ 126.619529271608201, 37.527089032982957 ], [ 126.619532641461163, 37.527080430424149 ], [ 126.619536022626022, 37.527071827901786 ], [ 126.619539403744184, 37.527063234389061 ], [ 126.619542784861522, 37.527054640876237 ], [ 126.619546177336758, 37.527046038390147 ], [ 126.61954956976524, 37.52703744491366 ], [ 126.619552962192955, 37.52702885143708 ], [ 126.619556365932567, 37.527020257996966 ], [ 126.619559780984105, 37.527011664593317 ], [ 126.619563184676196, 37.527003080162707 ], [ 126.619566599726127, 37.526994486758831 ], [ 126.619570026042041, 37.526985902401144 ], [ 126.619573452403088, 37.526977309033647 ], [ 126.619576878717396, 37.526968724675747 ], [ 126.619580305030951, 37.526960140317726 ], [ 126.61958374265636, 37.526951555996177 ], [ 126.619587191593666, 37.526942971711101 ], [ 126.61959062917154, 37.526934396399049 ], [ 126.619594089419962, 37.52692581215031 ], [ 126.619597538308923, 37.526917236874624 ], [ 126.619600998555711, 37.526908652625643 ], [ 126.619604458755774, 37.526900077386308 ], [ 126.619607930267705, 37.526891502183425 ], [ 126.61961140177884, 37.526882926980413 ], [ 126.619614873289166, 37.526874351777288 ], [ 126.619618356111374, 37.52686577661062 ], [ 126.619621838886829, 37.526857210453585 ], [ 126.619625333020082, 37.526848635323255 ], [ 126.619628827106624, 37.526840069202542 ], [ 126.619632321192341, 37.526831503081731 ], [ 126.619635826589928, 37.52682293699737 ], [ 126.61963933198669, 37.526814370912881 ], [ 126.619642837382642, 37.526805804828278 ], [ 126.619646354090449, 37.526797238780119 ], [ 126.619649870797417, 37.526788672731854 ], [ 126.619653398770382, 37.526780115729771 ], [ 126.619656926788394, 37.526771549717822 ], [ 126.619660454759696, 37.526762992715533 ], [ 126.619663994042824, 37.526754435749638 ], [ 126.619667533325142, 37.52674587878365 ], [ 126.6196710839193, 37.526737321854114 ], [ 126.619674634512634, 37.526728764924449 ], [ 126.619678185059215, 37.526720217004396 ], [ 126.619681746963565, 37.526711660111062 ], [ 126.61968530882119, 37.526703112227345 ], [ 126.619688870677962, 37.526694564343501 ], [ 126.619692443892475, 37.526686007486362 ], [ 126.619696017060278, 37.526677459638833 ], [ 126.61969960153985, 37.526668911827784 ], [ 126.619703185972739, 37.526660373026324 ], [ 126.619706770450691, 37.526651825214998 ], [ 126.619710366194525, 37.526643286449854 ], [ 126.619713961983464, 37.526634738674844 ], [ 126.619717569038286, 37.526626199946016 ], [ 126.619721164779662, 37.526617661180495 ], [ 126.619724783145472, 37.526609122487976 ], [ 126.619728390197807, 37.526600583758778 ], [ 126.619732008561954, 37.526592045066025 ], [ 126.619735638191997, 37.526583515419453 ], [ 126.619739267867075, 37.526574976763008 ], [ 126.619742897495414, 37.52656644711616 ], [ 126.619746527168843, 37.526557908459445 ], [ 126.619750168108183, 37.526549378848927 ], [ 126.619753809046657, 37.52654084923828 ], [ 126.619757461296885, 37.526532319664064 ], [ 126.619761113500417, 37.526523799099458 ], [ 126.619764777061619, 37.52651526956155 ], [ 126.619768429263445, 37.526506748996695 ], [ 126.619772104135563, 37.526498219495068 ], [ 126.619775767648335, 37.5264896989665 ], [ 126.619779442472861, 37.52648117847437 ], [ 126.619783128609157, 37.526472658018683 ], [ 126.619786803432007, 37.52646413752629 ], [ 126.61979048956664, 37.526455617070319 ], [ 126.619794186967113, 37.526447105660552 ], [ 126.619797884412634, 37.526438585240875 ], [ 126.61980158181143, 37.526430073830824 ], [ 126.619805290521967, 37.526421562457202 ], [ 126.619808999231623, 37.526413051083452 ], [ 126.619812707940468, 37.52640453970956 ], [ 126.619816427961055, 37.526396028372105 ], [ 126.619820147934888, 37.526387526044232 ], [ 126.619823879266377, 37.526379014743071 ], [ 126.619824119722793, 37.526378447896818 ], [ 126.621260633381752, 37.523100938252853 ], [ 126.622071375326982, 37.521251046864641 ], [ 126.622391502084881, 37.520520569814558 ], [ 126.622395232781429, 37.520512067430182 ], [ 126.622398963522713, 37.520503556035926 ], [ 126.622402694217584, 37.520495053651295 ], [ 126.622406436223258, 37.520486551302845 ], [ 126.622410178228137, 37.520478048954253 ], [ 126.622413920232106, 37.520469546605504 ], [ 126.622417662235279, 37.520461044256642 ], [ 126.622421415549255, 37.520452541943939 ], [ 126.622425168862378, 37.520444039631109 ], [ 126.622428922129075, 37.520435546327903 ], [ 126.622432675440493, 37.520427044014781 ], [ 126.62243644001714, 37.5204185507476 ], [ 126.622440204638536, 37.520410048470531 ], [ 126.622443969213478, 37.520401555203073 ], [ 126.622447745099279, 37.520393061971781 ], [ 126.62245150967253, 37.520384568704067 ], [ 126.622455285556555, 37.520376075472491 ], [ 126.622459072751468, 37.520367582277089 ], [ 126.622462848633816, 37.520359089045243 ], [ 126.622466635781393, 37.52035060485931 ], [ 126.622470422973706, 37.520342111663524 ], [ 126.622474210165151, 37.520333618467539 ], [ 126.622477997310128, 37.520325134281222 ], [ 126.622481795765921, 37.520316650131036 ], [ 126.62248559426645, 37.520308156970962 ], [ 126.622489392720553, 37.520299672820514 ], [ 126.62249320248543, 37.520291188706217 ], [ 126.622497012249454, 37.520282704591779 ], [ 126.622500822012626, 37.520274220477205 ], [ 126.622504631774916, 37.520265736362482 ], [ 126.622508452847995, 37.52025725228394 ], [ 126.622512262563006, 37.520248777178701 ], [ 126.622516083634324, 37.520240293099867 ], [ 126.622516586998572, 37.520239177486886 ], [ 126.622520374179487, 37.520230684289253 ], [ 126.622524161313962, 37.52022220010123 ], [ 126.622527948493143, 37.520213706903299 ], [ 126.622531746937568, 37.520205222751294 ], [ 126.622535545381126, 37.520196738599168 ], [ 126.622539343869335, 37.520188245437119 ], [ 126.622543153622843, 37.520179761320996 ], [ 126.622546963375441, 37.520171277204724 ], [ 126.622550773081599, 37.520162802098078 ], [ 126.622554594144162, 37.520154318017809 ], [ 126.622558415205816, 37.520145833937413 ], [ 126.622562236221, 37.520137358866627 ], [ 126.62256606859259, 37.520128874822241 ], [ 126.622569900917725, 37.520120399787466 ], [ 126.622573733242007, 37.520111924752563 ], [ 126.622577576877049, 37.520103449753798 ], [ 126.622581420511196, 37.52009497475489 ], [ 126.622585264098944, 37.520086508765608 ], [ 126.622589119043013, 37.520078033802712 ], [ 126.622592973986201, 37.520069558839666 ], [ 126.622596828882934, 37.520061092886237 ], [ 126.622600695090441, 37.520052626968948 ], [ 126.622604561297067, 37.520044161051516 ], [ 126.622608427502854, 37.520035695133942 ], [ 126.622612305019345, 37.520027229252513 ], [ 126.622616182534955, 37.520018763370956 ], [ 126.622620060049726, 37.520010297489229 ], [ 126.622623937518028, 37.520001840617127 ], [ 126.622627826342651, 37.519993374771417 ], [ 126.622631726432459, 37.51998491797157 ], [ 126.622635615209774, 37.519976461135322 ], [ 126.622639515297806, 37.519968004335212 ], [ 126.622643426696598, 37.519959547571233 ], [ 126.622647326782854, 37.519951090770832 ], [ 126.62265123817987, 37.519942634006561 ], [ 126.622655149575991, 37.519934177242149 ], [ 126.622659072237312, 37.519925729523614 ], [ 126.622662994897709, 37.519917281804943 ], [ 126.622666917602785, 37.519908825076378 ], [ 126.622670851573019, 37.519900377393682 ], [ 126.622674785542401, 37.519891929710859 ], [ 126.622678719510873, 37.519883482027879 ], [ 126.622682664744502, 37.519875043390797 ], [ 126.622686610022797, 37.519866595743807 ], [ 126.622690555300224, 37.519858148096652 ], [ 126.622694500531168, 37.519849709459116 ], [ 126.622698457072843, 37.519841270857704 ], [ 126.622702424925222, 37.519832832292437 ], [ 126.622706381465093, 37.519824393690719 ], [ 126.62271034931571, 37.519815955125154 ], [ 126.622714317165403, 37.519807516559396 ], [ 126.622718296325786, 37.519799078029799 ], [ 126.622722275439742, 37.519790648509804 ], [ 126.622726254598319, 37.519782209979894 ], [ 126.622730245022069, 37.519773780495882 ], [ 126.622734235444923, 37.519765351011699 ], [ 126.622738225866854, 37.519756921527382 ], [ 126.622742216287904, 37.519748492042901 ], [ 126.622746218019643, 37.519740062594551 ], [ 126.622750219704926, 37.519731642155783 ], [ 126.622754232746416, 37.519723212743394 ], [ 126.622758245741508, 37.519714792340622 ], [ 126.622762258781194, 37.51970636292792 ], [ 126.622766283086008, 37.519697942561088 ], [ 126.622770296078372, 37.519689522157847 ], [ 126.622774331692966, 37.519681101827004 ], [ 126.622778355995081, 37.519672681459703 ], [ 126.622782391562325, 37.5196642701383 ], [ 126.622786427174205, 37.519655849806981 ], [ 126.622790474051186, 37.519647438521531 ], [ 126.622794520972832, 37.519639018226158 ], [ 126.622798567847994, 37.51963060694041 ], [ 126.622802614722261, 37.519622195654492 ], [ 126.622806672907188, 37.519613784404683 ], [ 126.622810731091207, 37.519605373154732 ], [ 126.622814800540311, 37.519596970950623 ], [ 126.622818870034081, 37.519588559736626 ], [ 126.622822939481381, 37.519580157532211 ], [ 126.622827008973275, 37.519571746317894 ], [ 126.622831089730298, 37.519563344149446 ], [ 126.622835170486411, 37.519554941980829 ], [ 126.622839262553171, 37.519546539848328 ], [ 126.62284335457349, 37.519538146725402 ], [ 126.622847446638374, 37.519529744592582 ], [ 126.622851538702335, 37.519521342459612 ], [ 126.622855642031453, 37.519512949372483 ], [ 126.622859745359619, 37.519504556285213 ], [ 126.622863848732393, 37.519496154187998 ], [ 126.622867963370268, 37.519487761136659 ], [ 126.622871712213197, 37.519480123744607 ], [ 126.623391947212681, 37.519494250995145 ], [ 126.623572243081384, 37.519499143775647 ], [ 126.623640439548211, 37.51950179464076 ], [ 126.623708293493493, 37.519505075064309 ], [ 126.623776257381579, 37.519508986493889 ], [ 126.623842523633911, 37.519513072654391 ], [ 126.623912180186068, 37.519517800309458 ], [ 126.623980025080726, 37.519522882529145 ], [ 126.624047755053923, 37.519528324738843 ], [ 126.624115481407202, 37.519534487690606 ], [ 126.624183318165649, 37.51954119155058 ], [ 126.624250699752082, 37.519548434512146 ], [ 126.624318079084333, 37.51955612792338 ], [ 126.624385455710154, 37.519564361881862 ], [ 126.624452718328612, 37.519572775636142 ], [ 126.624519975976582, 37.519582180425871 ], [ 126.624586667156365, 37.519591763567774 ], [ 126.624653355181763, 37.51960197735535 ], [ 126.624719928297708, 37.519612551134976 ], [ 126.624786499620924, 37.519623485267623 ], [ 126.624852842014974, 37.519634959227062 ], [ 126.624985066252464, 37.519659527349113 ], [ 126.625051061667193, 37.519672531775178 ], [ 126.625116715494514, 37.51968598557113 ], [ 126.625182367083355, 37.519699889818767 ], [ 126.625247790202877, 37.519714243797409 ], [ 126.6253128712858, 37.519729137244788 ], [ 126.625378061892988, 37.51974475179756 ], [ 126.625443025843339, 37.519760455691774 ], [ 126.625507647308325, 37.519776789153411 ], [ 126.625572152069608, 37.519793843000727 ], [ 126.625636313444716, 37.519811706611577 ], [ 126.625700361282625, 37.519829659925421 ], [ 126.625764180208449, 37.51984815307064 ], [ 126.625827885598099, 37.519866735919337 ], [ 126.62589147654846, 37.519885588666959 ], [ 126.62595483949228, 37.519904801051581 ], [ 126.626018086192261, 37.519924643726064 ], [ 126.626080763281607, 37.519945295447691 ], [ 126.626143325032743, 37.519966397264781 ], [ 126.62620554521385, 37.519987948458699 ], [ 126.626267537844583, 37.520009769194097 ], [ 126.626329414688499, 37.520032130123511 ], [ 126.626390949964929, 37.520054940430981 ], [ 126.626452143223588, 37.520078290214684 ], [ 126.626513221600504, 37.520101999998154 ], [ 126.626573958412365, 37.520126159161087 ], [ 126.626634354110621, 37.520150677606324 ], [ 126.626694520911215, 37.520175735888635 ], [ 126.62675434569843, 37.520201333649453 ], [ 126.626813828473232, 37.52022747088931 ], [ 126.626873199073756, 37.520253427545278 ], [ 126.627804359946893, 37.520668039904216 ], [ 126.628299746104517, 37.520887736030701 ], [ 126.633570828676653, 37.52322747751758 ], [ 126.633646004743483, 37.523260868122335 ], [ 126.634090629639047, 37.523458127371484 ], [ 126.634165806170842, 37.523491517646541 ], [ 126.636630644979974, 37.524585301657055 ], [ 126.636630667385276, 37.52458534677578 ], [ 126.636994117582674, 37.524746620024189 ], [ 126.637745918871261, 37.525080231936322 ], [ 126.637861397897922, 37.525131493481958 ], [ 126.639484783141668, 37.525851686499024 ], [ 126.639595638162248, 37.525900499500914 ], [ 126.639827073965918, 37.525998875767876 ], [ 126.640060449602387, 37.526093923854575 ], [ 126.640295763310505, 37.526186004140264 ], [ 126.640533130366308, 37.526274666470769 ], [ 126.640772210064654, 37.526360180090194 ], [ 126.640875100207197, 37.526395362614622 ], [ 126.64133784914236, 37.52654850139038 ], [ 126.641568179489852, 37.526618850085768 ], [ 126.64181456951053, 37.526690238331632 ], [ 126.642062559342705, 37.526758387368716 ], [ 126.642311810441882, 37.526823115959445 ], [ 126.64256254903141, 37.526884424783361 ], [ 126.642814435699364, 37.526942312800251 ], [ 126.643067696237395, 37.526996870787038 ], [ 126.643321879397931, 37.527047827069424 ], [ 126.64357721010974, 37.527095452620124 ], [ 126.64383357564374, 37.527139656991309 ], [ 126.644090750141586, 37.527180349393738 ], [ 126.644348846696076, 37.52721753016413 ], [ 126.644607639017181, 37.527251198612653 ], [ 126.644743314923474, 37.527267826346325 ], [ 126.644887035822791, 37.527281775246507 ], [ 126.645167912950413, 37.527310373508179 ], [ 126.645432076938704, 37.527332703884817 ], [ 126.64567725787478, 37.527350291332525 ], [ 126.645901415120562, 37.527364030815249 ], [ 126.646107145867049, 37.527374921356973 ], [ 126.646233036622817, 37.527379624867365 ], [ 126.64641198776819, 37.527383766993943 ], [ 126.646673300702247, 37.527387165234401 ], [ 126.647046939393633, 37.527393062438783 ], [ 126.647347865895682, 37.527392613712806 ], [ 126.647688494749247, 37.527393454453012 ], [ 126.648793757927166, 37.527395949508865 ], [ 126.649071600018942, 37.527396778934019 ], [ 126.649720391036908, 37.527398172591433 ], [ 126.650039639668719, 37.527398762668319 ], [ 126.653162552951301, 37.527404410795263 ], [ 126.653196491336715, 37.527404510889127 ], [ 126.653310626756209, 37.527404712286575 ], [ 126.656478227192039, 37.52741031438017 ], [ 126.656590348975769, 37.527410506725623 ], [ 126.660720901515077, 37.527417722125676 ], [ 126.660684831165824, 37.527911090410015 ], [ 126.660890720866192, 37.529007468595189 ], [ 126.661052848513634, 37.529602769678853 ], [ 126.661145018679576, 37.529941203899135 ], [ 126.661187904715419, 37.530098703393669 ], [ 126.661286081017209, 37.530460102996251 ], [ 126.661300769003319, 37.530514204698299 ], [ 126.661356296760104, 37.530718168538137 ], [ 126.661417723523513, 37.530943592889308 ], [ 126.661432191156806, 37.530996432550715 ], [ 126.661444901162128, 37.531137383947431 ], [ 126.661449859887952, 37.531191457610355 ], [ 126.661464571026457, 37.531365120689223 ], [ 126.661479764215926, 37.531532298023365 ], [ 126.661494847198711, 37.531698844340895 ], [ 126.661509174701322, 37.531857369669154 ], [ 126.659823568570104, 37.531852504991789 ], [ 126.65981925578194, 37.532797900827937 ], [ 126.655094815121259, 37.532784137538151 ], [ 126.655098984192406, 37.531882709860803 ], [ 126.655106484301626, 37.530260950570934 ], [ 126.65510731635996, 37.530081025359749 ], [ 126.654654788308633, 37.530079697213367 ], [ 126.654653955163411, 37.530259622415947 ], [ 126.654646445257029, 37.531881381628281 ], [ 126.653967636909755, 37.531879386028372 ], [ 126.653965962603621, 37.532240227365996 ], [ 126.653965126484465, 37.53242042278216 ], [ 126.653963454223771, 37.532780813597839 ], [ 126.649904019727089, 37.532768797762202 ], [ 126.649336531627227, 37.532766656399104 ], [ 126.64392512564271, 37.532750395779296 ], [ 126.643926846200472, 37.532390005352369 ], [ 126.643929426979511, 37.53184941967028 ], [ 126.642911216097716, 37.5318463324164 ], [ 126.642918980063882, 37.530224575250266 ], [ 126.642919842256987, 37.530044470079424 ], [ 126.642635203054468, 37.530043515408927 ], [ 126.642467256722, 37.530055258418351 ], [ 126.642466451741299, 37.530223200400073 ], [ 126.642466018154522, 37.530313658418272 ], [ 126.64245911116582, 37.531754589589049 ], [ 126.642458677978041, 37.531844957485944 ], [ 126.6424543589509, 37.532745933450222 ], [ 126.636684431240297, 37.532728250525139 ], [ 126.63668223695305, 37.533178738168424 ], [ 126.642448239585207, 37.533196409341372 ], [ 126.642444932415515, 37.534098649558622 ], [ 126.642437605338287, 37.535721307919559 ], [ 126.642436753040002, 37.535899070370306 ], [ 126.642889315222675, 37.535900535608512 ], [ 126.642890187155714, 37.535718448466639 ], [ 126.64289748285681, 37.534100294904611 ], [ 126.643919461371837, 37.534102672958497 ], [ 126.643921819531045, 37.533561365968993 ], [ 126.643923314312133, 37.533200884809368 ], [ 126.649350705114557, 37.533217193245854 ], [ 126.649921590729633, 37.533219344662434 ], [ 126.653961363855913, 37.5332313020862 ], [ 126.653960111285159, 37.533501234771769 ], [ 126.653957184652739, 37.534131918567986 ], [ 126.654636013413565, 37.534133914329736 ], [ 126.654628502066174, 37.535755672466756 ], [ 126.654627668269413, 37.535935687592236 ], [ 126.655080231700651, 37.535937016018615 ], [ 126.655081064409671, 37.535757000884558 ], [ 126.655088565957996, 37.534135242669976 ], [ 126.655092731557673, 37.533234626080414 ], [ 126.656337236244354, 37.533238269956691 ], [ 126.656451381830578, 37.533238198070137 ], [ 126.656563513582384, 37.533238120191285 ], [ 126.65981720433156, 37.533247578713663 ], [ 126.659812678607068, 37.534239581882261 ], [ 126.659810309503897, 37.534758851141298 ], [ 126.66056020653248, 37.534761135594195 ], [ 126.660668288364491, 37.534828571268996 ], [ 126.660668080476924, 37.53487425081962 ], [ 126.660884583045814, 37.535009393145195 ], [ 126.661643457344113, 37.535699214377658 ], [ 126.660664338830259, 37.535696392572099 ], [ 126.660666388656395, 37.535245994052659 ], [ 126.660367133669226, 37.535245129993221 ], [ 126.660365429661624, 37.535619215731721 ], [ 126.659806391434131, 37.535617599537204 ], [ 126.659803430357414, 37.536266573328582 ], [ 126.662312466156379, 37.536273806410847 ], [ 126.662313387931306, 37.536444996963276 ], [ 126.662314162487391, 37.5365737505089 ], [ 126.662314856140711, 37.536695386006897 ], [ 126.662315549794755, 37.536817021502387 ], [ 126.662316243449538, 37.536938656995353 ], [ 126.662316937105032, 37.537060292485776 ], [ 126.662317630761251, 37.537181927973727 ], [ 126.662318324418194, 37.53730356345914 ], [ 126.662319018075877, 37.537425198942046 ], [ 126.66231971173427, 37.537546834422457 ], [ 126.662320405393402, 37.537668469900311 ], [ 126.66232109905323, 37.537790105375691 ], [ 126.662321792713797, 37.537911740848536 ], [ 126.662322486375089, 37.538033376318879 ], [ 126.662323411020111, 37.538203936136242 ], [ 126.661349011752662, 37.538201133495868 ], [ 126.661348602486513, 37.538291231183045 ], [ 126.661347985309675, 37.538427098492704 ], [ 126.661347821601609, 37.538463137566346 ], [ 126.661347457759362, 37.538543234406724 ], [ 126.661347217925595, 37.538596031648495 ], [ 126.661346560630378, 37.538740728523685 ], [ 126.661345903330485, 37.538885425395243 ], [ 126.66134507781085, 37.539067152407611 ], [ 126.661189504000959, 37.539190860399692 ], [ 126.66106845100569, 37.53928718755602 ], [ 126.660947625220572, 37.53938324494473 ], [ 126.660775242945334, 37.53952041873449 ], [ 126.660505085539, 37.539735335571464 ], [ 126.659787611259773, 37.539733261621926 ], [ 126.659784875892541, 37.54033264521513 ], [ 126.649474889342514, 37.540302361130728 ], [ 126.64932761170239, 37.540305390807312 ], [ 126.649180821886702, 37.540315359363525 ], [ 126.649035029230248, 37.540332223271875 ], [ 126.648890743153956, 37.540355920987885 ], [ 126.648748473165412, 37.540386372949953 ], [ 126.648608717587337, 37.540423472535785 ], [ 126.648471963515576, 37.540467095071989 ], [ 126.648338686904722, 37.540517079814336 ], [ 126.64567305282057, 37.541594642000213 ], [ 126.64554251438075, 37.541643829940639 ], [ 126.645408733475236, 37.541687178567798 ], [ 126.645272152098798, 37.541724545046165 ], [ 126.645133166775139, 37.541755831454239 ], [ 126.644992219333389, 37.541780930998982 ], [ 126.644849740204236, 37.541799754874788 ], [ 126.644706170920628, 37.541812259360931 ], [ 126.644561952973703, 37.541818409748466 ], [ 126.644489612169167, 37.541819083043109 ], [ 126.640545112588768, 37.541812443769196 ], [ 126.63641390558081, 37.541805347930044 ], [ 126.636414786988894, 37.541624585534009 ], [ 126.636415175345434, 37.541544939438381 ], [ 126.636440660310768, 37.536317666502541 ], [ 126.636440874202279, 37.5362737890323 ], [ 126.636441318673548, 37.53618261038671 ], [ 126.636443122889986, 37.535812489941236 ], [ 126.636470977762471, 37.530097423649437 ] ], [ [ 126.644401186174264, 37.522816089721886 ], [ 126.644401287897196, 37.522816108049263 ], [ 126.644458928697674, 37.522632300027759 ], [ 126.644741060473905, 37.522688302207207 ], [ 126.645863183869537, 37.522911023520422 ], [ 126.646985313974611, 37.523133743208625 ], [ 126.648107450874093, 37.523356443251963 ], [ 126.648111372587579, 37.523357220828125 ], [ 126.648122358038165, 37.52335937102491 ], [ 126.648133355014011, 37.523361476205622 ], [ 126.648144363430177, 37.523363554389796 ], [ 126.648155383371559, 37.523365587557926 ], [ 126.64816641479571, 37.52336758471975 ], [ 126.648177457702587, 37.523369545875276 ], [ 126.64818850077998, 37.523371470990632 ], [ 126.648199566652266, 37.523373360133547 ], [ 126.648210644049712, 37.523375204260333 ], [ 126.648221721575183, 37.523377021356779 ], [ 126.648232810625771, 37.523378793437118 ], [ 126.648243911159, 37.52338052951113 ], [ 126.648255023174855, 37.523382229578829 ], [ 126.648266135361126, 37.523383893606351 ], [ 126.648277259029982, 37.523385521627567 ], [ 126.648288394223911, 37.523387104632647 ], [ 126.648299540857906, 37.523388660641196 ], [ 126.648310699016932, 37.523390171633615 ], [ 126.648321857346261, 37.523391646585871 ], [ 126.648333027158131, 37.523393085531779 ], [ 126.648344197182766, 37.523394479427736 ], [ 126.648355378647423, 37.523395846327119 ], [ 126.648366571637013, 37.52339716821038 ], [ 126.648377764796848, 37.523398454053478 ], [ 126.648388969439125, 37.523399703890213 ], [ 126.64840017425162, 37.523400917686757 ], [ 126.648411390546528, 37.523402095476953 ], [ 126.648422618366268, 37.523403228250999 ], [ 126.648433846356184, 37.523404324984874 ], [ 126.648445074516275, 37.523405385678558 ], [ 126.648456314158665, 37.523406410365865 ], [ 126.648467565325859, 37.523407390037022 ], [ 126.6484788053085, 37.523408342643975 ], [ 126.648490068128112, 37.523409250268578 ], [ 126.648501319805575, 37.523410121819175 ], [ 126.648512583007715, 37.523410948353614 ], [ 126.648523857649664, 37.523411747891451 ], [ 126.648535132504094, 37.523412502379315 ], [ 126.648546407528585, 37.523413220827003 ], [ 126.648557682722981, 37.523413903234484 ], [ 126.648568969399605, 37.523414549635582 ], [ 126.648580256288611, 37.523415150986708 ], [ 126.64859154334755, 37.52341571629762 ], [ 126.648602841888604, 37.523416245602156 ], [ 126.648614129287409, 37.523416738832701 ], [ 126.648677031812028, 37.525089795794486 ], [ 126.647322720675731, 37.525087553232773 ], [ 126.647088338955527, 37.525086705976364 ], [ 126.646896438261251, 37.525085391154548 ], [ 126.646760051259392, 37.525088270199973 ], [ 126.646642356236512, 37.525090394359403 ], [ 126.646524652755673, 37.525091914712604 ], [ 126.646406940777027, 37.525092840269316 ], [ 126.646289220303373, 37.525093171029575 ], [ 126.646171502692752, 37.525092898017633 ], [ 126.646053787905146, 37.525092030243236 ], [ 126.645936075986199, 37.525090558696689 ], [ 126.645818389520812, 37.525088492455879 ], [ 126.645700717199389, 37.525085831486855 ], [ 126.645606376423089, 37.525079744866453 ], [ 126.645508397254574, 37.52507276423357 ], [ 126.645410511859055, 37.525065099049556 ], [ 126.645312708841089, 37.525056767300079 ], [ 126.645214988288885, 37.525047750965818 ], [ 126.645117384056732, 37.525038068168925 ], [ 126.645019884920416, 37.525027700856 ], [ 126.644929602495409, 37.525017490399129 ], [ 126.644839413340065, 37.525006703521179 ], [ 126.644749351393699, 37.524995340324843 ], [ 126.644659394076356, 37.524983391732334 ], [ 126.644569563929068, 37.524970875831791 ], [ 126.644479872309248, 37.524957783647935 ], [ 126.644390307906363, 37.52494411514688 ], [ 126.644300882034869, 37.524929870363174 ], [ 126.64421131124206, 37.524915183588128 ], [ 126.643768817229656, 37.524832845125708 ], [ 126.644401186174264, 37.522816089721886 ] ], [ [ 126.643224362108143, 37.524710732377777 ], [ 126.642794462409313, 37.52459743440545 ], [ 126.642702955710561, 37.524571388129964 ], [ 126.642611678344096, 37.524544711787293 ], [ 126.642520743867138, 37.524517315624038 ], [ 126.642430151418324, 37.524489379836467 ], [ 126.642339788307751, 37.524460813983652 ], [ 126.642249767660743, 37.524431618410162 ], [ 126.642160089479162, 37.524401793116809 ], [ 126.642070753764841, 37.524371338104388 ], [ 126.641981646964069, 37.524340343127001 ], [ 126.641861714709563, 37.524297361150253 ], [ 126.641737384638887, 37.524251482486747 ], [ 126.641603576195152, 37.524200619363427 ], [ 126.641460064910675, 37.524144410667695 ], [ 126.641316221404566, 37.524086759199847 ], [ 126.641172272364599, 37.524027575551202 ], [ 126.641095717849225, 37.523995329783631 ], [ 126.64101839433971, 37.523963045579706 ], [ 126.640941288128047, 37.52393028446361 ], [ 126.640854679274497, 37.523892881210301 ], [ 126.640767211037556, 37.523855421209262 ], [ 126.640679948765055, 37.523817493257617 ], [ 126.640582753951989, 37.52377493983888 ], [ 126.640484205255916, 37.523731661409421 ], [ 126.639346920099726, 37.52322722898824 ], [ 126.638257081525822, 37.522715993910936 ], [ 126.638117631848203, 37.522639791654548 ], [ 126.637817538006857, 37.522472635241577 ], [ 126.637721642080663, 37.522419541876872 ], [ 126.637625177627015, 37.522367077375911 ], [ 126.637528257764799, 37.522315242085952 ], [ 126.637430769810365, 37.522263945559459 ], [ 126.637332939564672, 37.5222132785903 ], [ 126.637234541224345, 37.522163150382184 ], [ 126.637135687470035, 37.522113651380394 ], [ 126.637036378738415, 37.522064691486072 ], [ 126.636936614151523, 37.522016450893467 ], [ 126.636836395022868, 37.521968659308357 ], [ 126.636664614458539, 37.521888571346672 ], [ 126.63666484117995, 37.521888472938038 ], [ 126.63641270280408, 37.521770628124663 ], [ 126.636419374482728, 37.521768810726471 ], [ 126.636430045108469, 37.521765807371025 ], [ 126.636440670924657, 37.521762713777072 ], [ 126.636451240663234, 37.521759520899856 ], [ 126.636461776947968, 37.521756228809359 ], [ 126.636472257111109, 37.521752846445388 ], [ 126.636482692508423, 37.521749364833205 ], [ 126.636493071828028, 37.521745783937824 ], [ 126.636503406337795, 37.521742112803985 ], [ 126.63651367345787, 37.521738342352016 ], [ 126.636523895768065, 37.521734481661632 ], [ 126.636534061956539, 37.521730530697901 ], [ 126.636544172067047, 37.521726480451029 ], [ 126.636554214699927, 37.521722348905648 ], [ 126.636906793851125, 37.521575062679403 ], [ 126.637025064217696, 37.521525665997615 ], [ 126.637212353736061, 37.521447425145539 ], [ 126.637222396382654, 37.521443275523211 ], [ 126.637232483881434, 37.521439207127507 ], [ 126.637242616319966, 37.521435201938885 ], [ 126.637252804922653, 37.521431278011754 ], [ 126.637263027065714, 37.521427435276323 ], [ 126.637273305460511, 37.521423655782819 ], [ 126.637283617395738, 37.521419957480994 ], [ 126.637293974183279, 37.521416340405715 ], [ 126.637304375867004, 37.52141279554727 ], [ 126.63731482240307, 37.521409331915308 ], [ 126.637325302523493, 37.521405940465229 ], [ 126.637335816228244, 37.521402621197012 ], [ 126.637346374741711, 37.521399392165073 ], [ 126.637356966839533, 37.521396235314988 ], [ 126.637367603833681, 37.521393150681618 ], [ 126.637378263012863, 37.521390156214721 ], [ 126.637388967088427, 37.521387233964539 ], [ 126.63739970470472, 37.521384392905929 ], [ 126.637410464593671, 37.521381623994252 ], [ 126.637421269291522, 37.521378945318773 ], [ 126.637432096262145, 37.521376338790219 ], [ 126.637442956773612, 37.521373813453216 ], [ 126.637453839514137, 37.521371369272849 ], [ 126.637464755795577, 37.521369006284054 ], [ 126.637475705617959, 37.521366724486768 ], [ 126.637486666357617, 37.521364523811258 ], [ 126.637497660682087, 37.521362395317489 ], [ 126.637508677192002, 37.52136035699013 ], [ 126.637519727242989, 37.521358399854279 ], [ 126.637530788211365, 37.521356523840169 ], [ 126.637541871409098, 37.521354728982686 ], [ 126.637552976836105, 37.521353015281825 ], [ 126.637564104492512, 37.521351382737564 ], [ 126.637575243066479, 37.521349831315064 ], [ 126.637586403826106, 37.521348370058931 ], [ 126.637597586858973, 37.521346980949602 ], [ 126.637608780765731, 37.521345681971781 ], [ 126.637619985633961, 37.521344455105933 ], [ 126.637631201376138, 37.521343318371585 ], [ 126.637642439347957, 37.521342262793802 ], [ 126.637653688193808, 37.521341297347512 ], [ 126.637664948001202, 37.521340404013173 ], [ 126.63767620737093, 37.52133960077547 ], [ 126.637687488970386, 37.521338878694344 ], [ 126.637698770175916, 37.521338237700071 ], [ 126.637710062255707, 37.521337686837263 ], [ 126.637721353985384, 37.52133720805157 ], [ 126.637732656589378, 37.521336819397355 ], [ 126.637743958755891, 37.52133652083976 ], [ 126.637755271884259, 37.521336294394104 ], [ 126.637766584575175, 37.521336158045095 ], [ 126.63777789687245, 37.521336102782932 ], [ 126.637789208776141, 37.521336128607643 ], [ 126.63780052028622, 37.521336235519193 ], [ 126.637811831359031, 37.52133643252742 ], [ 126.637823130726474, 37.521336710587633 ], [ 126.637834429700433, 37.521337069734741 ], [ 126.637845728237266, 37.521337518978477 ], [ 126.637857026424413, 37.521338040299312 ], [ 126.637868312862636, 37.521338651681958 ], [ 126.63787958755195, 37.521339353126436 ], [ 126.637890861891705, 37.521340126647999 ], [ 126.63790212448265, 37.521340990231394 ], [ 126.637913364056644, 37.521341934831995 ], [ 126.637924603237479, 37.521342960519497 ], [ 126.637935830713261, 37.521344067259058 ], [ 126.637947046440431, 37.521345264060457 ], [ 126.637958239194532, 37.521346532869323 ], [ 126.637969431511877, 37.521347891774852 ], [ 126.637980589500657, 37.521349331662819 ], [ 126.637991747096478, 37.521350852637696 ], [ 126.638002870363806, 37.521352454595025 ], [ 126.638013981882665, 37.521354146614215 ], [ 126.638025081740523, 37.521355910675709 ], [ 126.638036147226273, 37.52135776472948 ], [ 126.638047201051108, 37.521359690825562 ], [ 126.638058220503908, 37.521361706913908 ], [ 126.638069228252107, 37.521363804054381 ], [ 126.638075297042334, 37.521364994016032 ], [ 126.639242246131872, 37.521596691765822 ], [ 126.640409202527465, 37.521828378014973 ], [ 126.641576166228589, 37.522060052763223 ], [ 126.642743137234689, 37.522291716010251 ], [ 126.643910115588227, 37.522523358745985 ], [ 126.643853965218199, 37.52270748636024 ], [ 126.643224362108143, 37.524710732377777 ] ], [ [ 126.632970316839931, 37.532436871738085 ], [ 126.63407802845515, 37.531932165464816 ], [ 126.635180755158643, 37.53244365871106 ], [ 126.635175897121741, 37.533460049111802 ], [ 126.634068170135293, 37.533964765470188 ], [ 126.632965316115587, 37.533453171438794 ], [ 126.632970316839931, 37.532436871738085 ] ], [ [ 126.617591169970908, 37.534008533675468 ], [ 126.617594202721776, 37.534188739362783 ], [ 126.61540823250715, 37.534181613009132 ], [ 126.615352987635973, 37.534180282723561 ], [ 126.615297905082826, 37.534176656324362 ], [ 126.615243136406164, 37.534170744218365 ], [ 126.615188829742237, 37.534162562207335 ], [ 126.615135133194613, 37.534152132400187 ], [ 126.615082194829412, 37.534139484113858 ], [ 126.61503015703228, 37.53412465115187 ], [ 126.614979164414123, 37.534107674533196 ], [ 126.614929353642509, 37.534088599755904 ], [ 126.614880862478643, 37.534067479529774 ], [ 126.61457816009866, 37.533927335963753 ], [ 126.614503488948259, 37.533941862993551 ], [ 126.614479323000552, 37.533946564443276 ], [ 126.614515331826638, 37.533901240208792 ], [ 126.614580622615691, 37.533811805822268 ], [ 126.614641736952166, 37.533720465641849 ], [ 126.614698673915939, 37.533627399868507 ], [ 126.614751093643079, 37.533532697494095 ], [ 126.614799108353466, 37.533436539089664 ], [ 126.614842491323131, 37.533339014017059 ], [ 126.614881468375145, 37.533240213119434 ], [ 126.614915698721404, 37.533140405582088 ], [ 126.614945295050362, 37.533039681876765 ], [ 126.614961128540173, 37.532975042745534 ], [ 126.617606245929764, 37.532983670713584 ], [ 126.617596743783011, 37.533248260089586 ], [ 126.617591201346386, 37.533512862324997 ], [ 126.617589391925677, 37.533777566782412 ], [ 126.617590961200335, 37.533981501549782 ], [ 126.617591169970908, 37.534008533675468 ] ] ] } },
{ "type": "Feature", "properties": { "present_sn": "28000UQ111PS202503070002", "lclas_cl": "UQA100", "mlsfc_cl": "UQA120", "sclas_cl": "UQA121", "atrb_se": "UQA121", "wtnnc_sn": "28000ARZ202503070001", "ntfc_sn": "28000NTC202503070001", "dgm_nm": "제1종일반주거지역", "dgm_ar": "33131.62", "dgm_lt": null, "sgg_cd": "28260", "drawing_no": null, "create_dat": "2025-03-11 10:31:01", "mnum": "62805482826020240431UQA1210001001", "alias": null, "remark": null, "ntfdate": null, "zone_name": "제1종일반주거지역", "region": "cheongna", "region_name": "청라국제업무지구", "layer_type": "landuse_zone", "area_m2": 33108.603396783197 }, "geometry": { "type": "Polygon", "coordinates": [ [ [ 126.617589391925677, 37.533777566782412 ], [ 126.617591201346386, 37.533512862324997 ], [ 126.617596743783011, 37.533248260089586 ], [ 126.617606245929764, 37.532983670713584 ], [ 126.614961128540173, 37.532975042745534 ], [ 126.614945295050362, 37.533039681876765 ], [ 126.614915698721404, 37.533140405582088 ], [ 126.614881468375145, 37.533240213119434 ], [ 126.614842491323131, 37.533339014017059 ], [ 126.614799108353466, 37.533436539089664 ], [ 126.614751093643079, 37.533532697494095 ], [ 126.614698673915939, 37.533627399868507 ], [ 126.614641736952166, 37.533720465641849 ], [ 126.614580622615691, 37.533811805822268 ], [ 126.614515331826638, 37.533901240208792 ], [ 126.614479323000552, 37.533946564443276 ], [ 126.614503488948259, 37.533941862993551 ], [ 126.61457816009866, 37.533927335963753 ], [ 126.614880862478643, 37.534067479529774 ], [ 126.614929353642509, 37.534088599755904 ], [ 126.614979164414123, 37.534107674533196 ], [ 126.61503015703228, 37.53412465115187 ], [ 126.615082194829412, 37.534139484113858 ], [ 126.615135133194613, 37.534152132400187 ], [ 126.615188829742237, 37.534162562207335 ], [ 126.615243136406164, 37.534170744218365 ], [ 126.615297905082826, 37.534176656324362 ], [ 126.615352987635973, 37.534180282723561 ], [ 126.61540823250715, 37.534181613009132 ], [ 126.617594202721776, 37.534188739362783 ], [ 126.617591169970908, 37.534008533675468 ], [ 126.617590961200335, 37.533981501549782 ], [ 126.617589391925677, 37.533777566782412 ] ] ] } },
{ "type": "Feature", "properties": { "present_sn": "28260UQ111PS190201011384", "lclas_cl": "UQA100", "mlsfc_cl": "UQA120", "sclas_cl": "UQA122", "atrb_se": "UQA122", "wtnnc_sn": "28000ARZ190003020053", "ntfc_sn": "28000NTC190003010762", "dgm_nm": "제2종일반주거지역", "dgm_ar": "86722.93168849348", "dgm_lt": "838.74", "sgg_cd": "28260", "drawing_no": null, "create_dat": "2015-04-01", "mnum": "62800002826020150288UQA1220001001", "alias": null, "remark": null, "ntfdate": "20151109", "zone_name": "제2종일반주거지역", "region": "cheongna", "region_name": "청라국제업무지구", "layer_type": "landuse_zone", "area_m2": 86662.552753622833 }, "geometry": { "type": "Polygon", "coordinates": [ [ [ 126.621563315182726, 37.523188164088424 ], [ 126.621636277522569, 37.523021220090165 ], [ 126.621684169556488, 37.523102373108976 ], [ 126.623276375639122, 37.523561518499299 ], [ 126.623587670247858, 37.522857084857456 ], [ 126.624545006284976, 37.52313312612872 ], [ 126.624233742473422, 37.523837490297723 ], [ 126.626120551140701, 37.524381276032571 ], [ 126.626905568648155, 37.522652876504189 ], [ 126.626924373207189, 37.522611418516554 ], [ 126.622393943884617, 37.521341415855069 ], [ 126.622071624141554, 37.52125105667389 ], [ 126.621260882202321, 37.523100948063828 ], [ 126.621563315182726, 37.523188164088424 ] ] ] } },
{ "type": "Feature", "properties": { "present_sn": "28000UQ111PS202406180002", "lclas_cl": "UQA300", "mlsfc_cl": "UQA330", "sclas_cl": null, "atrb_se": "UQA330", "wtnnc_sn": "28000ARZ202406180002", "ntfc_sn": "28000NTC202406040001", "dgm_nm": "준공업지역", "dgm_ar": "155338.62", "dgm_lt": null, "sgg_cd": "28260", "drawing_no": null, "create_dat": "2024-07-27 14:18:33", "mnum": "62805482826020240066UQA3300001001", "alias": null, "remark": null, "ntfdate": null, "zone_name": "준공업지역", "region": "cheongna", "region_name": "청라국제업무지구", "layer_type": "landuse_zone", "area_m2": 155230.53218606277 }, "geometry": { "type": "MultiPolygon", "coordinates": [ [ [ [ 126.65093504375659, 37.518260773487988 ], [ 126.650924469025838, 37.51805974892266 ], [ 126.65089215031378, 37.517446005675296 ], [ 126.650865879945911, 37.516808881557402 ], [ 126.65086207524962, 37.516703382155654 ], [ 126.65084581437651, 37.516320394378297 ], [ 126.649281937503417, 37.516335364889514 ], [ 126.648996332203268, 37.516339225062957 ], [ 126.649072795821255, 37.518300823354338 ], [ 126.649362390620794, 37.518293598463032 ], [ 126.649692850233421, 37.518285353195793 ], [ 126.649728077997182, 37.519197856026516 ], [ 126.650849919584388, 37.519170684288525 ], [ 126.65098277931979, 37.519167465669774 ], [ 126.65093504375659, 37.518260773487988 ] ] ], [ [ [ 126.611079629697826, 37.547659985787604 ], [ 126.611044544504651, 37.547682754819682 ], [ 126.610747096866604, 37.547651497761095 ], [ 126.610435508976408, 37.547619382237265 ], [ 126.610320365509068, 37.547609180101063 ], [ 126.610205102793728, 37.547600148739114 ], [ 126.610089720825044, 37.54759228815108 ], [ 126.609974219126457, 37.54758568843355 ], [ 126.609858598163527, 37.547580259489173 ], [ 126.609627224266973, 37.547573004766363 ], [ 126.609615796266098, 37.547572786643002 ], [ 126.607144316918038, 37.547521401321731 ], [ 126.606007360164057, 37.547529131389084 ], [ 126.606072987466533, 37.54848341394478 ], [ 126.60607946597338, 37.548510185902956 ], [ 126.606088663067709, 37.548536444392646 ], [ 126.606100806212993, 37.548561973938362 ], [ 126.6061155566953, 37.548586629247346 ], [ 126.606133029294071, 37.54861010436786 ], [ 126.606152941445629, 37.548632335283649 ], [ 126.606175124411166, 37.548653132221609 ], [ 126.606187971297715, 37.548663266270118 ], [ 126.606199466459302, 37.548672224510739 ], [ 126.606213787756303, 37.5486817328024 ], [ 126.606225853954783, 37.548689701867893 ], [ 126.606253892218575, 37.548705301684784 ], [ 126.606283752083044, 37.548718817305364 ], [ 126.606314810550813, 37.548730363771348 ], [ 126.606347012514533, 37.548739661591839 ], [ 126.6063801316526, 37.54874671000865 ], [ 126.606413771856154, 37.548751516705458 ], [ 126.606573295108632, 37.548768799670341 ], [ 126.606679889085626, 37.548780337363411 ], [ 126.606714610565859, 37.548783967298839 ], [ 126.606783471585103, 37.548794288544862 ], [ 126.606851580982749, 37.548807661579851 ], [ 126.606918599667495, 37.548824013193169 ], [ 126.606984358429344, 37.548843243712888 ], [ 126.607048744589804, 37.548865262666119 ], [ 126.60711147520783, 37.54889007811996 ], [ 126.607141730365171, 37.548903784050935 ], [ 126.607169672448791, 37.54891621185994 ], [ 126.607223734126464, 37.548943331856428 ], [ 126.607275917743308, 37.548972526834753 ], [ 126.607326280498157, 37.549003679860121 ], [ 126.607352721112377, 37.54902188694102 ], [ 126.607389976813494, 37.549049302146614 ], [ 126.607467464134018, 37.549108494213343 ], [ 126.609659911409665, 37.550851088121185 ], [ 126.60973260951981, 37.550907100340318 ], [ 126.609770828397828, 37.550934617094292 ], [ 126.609810980033018, 37.550960428375028 ], [ 126.609852724935678, 37.550984533054546 ], [ 126.609874338660958, 37.550995497655038 ], [ 126.609896064518622, 37.55100666084023 ], [ 126.609986215549156, 37.551047044628831 ], [ 126.610024011827164, 37.551062070180336 ], [ 126.610064827244543, 37.55107595659149 ], [ 126.610073920812312, 37.551079059096907 ], [ 126.610118666057488, 37.551092091508629 ], [ 126.610180095402271, 37.551106611763799 ], [ 126.610242949154895, 37.551119253647542 ], [ 126.61030654974455, 37.551129744617164 ], [ 126.610437858372919, 37.551144325041619 ], [ 126.610509664809484, 37.551100405543906 ], [ 126.610934278740345, 37.548537786095842 ], [ 126.611079629697826, 37.547659985787604 ] ] ] ] } },
{ "type": "Feature", "properties": { "present_sn": "28000UQ111PS202406180004", "lclas_cl": "UQA200", "mlsfc_cl": "UQA210", "sclas_cl": null, "atrb_se": "UQA210", "wtnnc_sn": "28000ARZ202406180004", "ntfc_sn": "28000NTC202406040001", "dgm_nm": "중심상업지역", "dgm_ar": "417670.23", "dgm_lt": null, "sgg_cd": "28260", "drawing_no": null, "create_dat": "2024-07-27 14:19:34", "mnum": "62805482826020240066UQA2100001001", "alias": null, "remark": null, "ntfdate": null, "zone_name": "중심상업지역", "region": "cheongna", "region_name": "청라국제업무지구", "layer_type": "landuse_zone", "area_m2": 417379.35990989895 }, "geometry": { "type": "MultiPolygon", "coordinates": [ [ [ [ 126.627428372237105, 37.53269867325357 ], [ 126.627654642590969, 37.532699569939503 ], [ 126.630906048257117, 37.532709817689231 ], [ 126.63158474972029, 37.532711855422527 ], [ 126.631925436590763, 37.532712651760654 ], [ 126.631938274917928, 37.530110680887432 ], [ 126.631939881068547, 37.529853431423561 ], [ 126.630366526007009, 37.52984849761939 ], [ 126.630253396256094, 37.529847914818731 ], [ 126.630140271639348, 37.529846877461374 ], [ 126.63002715503707, 37.529845385573793 ], [ 126.629914049329443, 37.529843439193954 ], [ 126.629800957396171, 37.529841038371423 ], [ 126.629687882116883, 37.529838183167371 ], [ 126.629574826370529, 37.529834873654465 ], [ 126.62946179303573, 37.529831109917005 ], [ 126.629348784990412, 37.529826892050842 ], [ 126.629235805111961, 37.529822220163354 ], [ 126.62912285627705, 37.529817094373506 ], [ 126.629009941361403, 37.529811514811833 ], [ 126.628897063240032, 37.529805481620393 ], [ 126.628784224786983, 37.529798994952813 ], [ 126.628671428875279, 37.52979205497428 ], [ 126.628558678376777, 37.529784661861477 ], [ 126.628445976162325, 37.529776815802677 ], [ 126.628333325101423, 37.529768516997649 ], [ 126.628220728062288, 37.529759765657694 ], [ 126.628108187911806, 37.529750562005667 ], [ 126.627995707515382, 37.529740906275883 ], [ 126.627883289736857, 37.529730798714233 ], [ 126.627770937438569, 37.529720239578033 ], [ 126.627658653481049, 37.529709229136181 ], [ 126.627546440723208, 37.529697767669006 ], [ 126.627434302022081, 37.529685855468344 ], [ 126.627322240232843, 37.529673492837503 ], [ 126.627210258208677, 37.529660680091276 ], [ 126.627098358800723, 37.529647417555871 ], [ 126.626986544858056, 37.529633705569005 ], [ 126.626874819227552, 37.529619544479772 ], [ 126.626763184753798, 37.529604934648788 ], [ 126.626651644279136, 37.529589876448 ], [ 126.626540200643433, 37.529574370260839 ], [ 126.626428856684072, 37.529558416482118 ], [ 126.626328257517272, 37.529543604576318 ], [ 126.626283847321517, 37.529695794784757 ], [ 126.626220358789368, 37.529914506368392 ], [ 126.626218275089556, 37.529921689639608 ], [ 126.626216659516473, 37.529928018458754 ], [ 126.626164882109649, 37.530130486345293 ], [ 126.626160174099837, 37.530148878587838 ], [ 126.626156319452036, 37.530166300474136 ], [ 126.626113665070505, 37.530358787336155 ], [ 126.626109579169608, 37.530377199573081 ], [ 126.62610877711019, 37.53038147672121 ], [ 126.626069802563478, 37.530589120880208 ], [ 126.626066536430798, 37.530606490573703 ], [ 126.626061473053596, 37.530639342553059 ], [ 126.626036051163382, 37.530804223792316 ], [ 126.626031057941731, 37.530836616487953 ], [ 126.626028237048089, 37.530859952141498 ], [ 126.626003178614084, 37.531067397235965 ], [ 126.625984698055433, 37.531278386099295 ], [ 126.625982921911842, 37.531298679729701 ], [ 126.625981040141724, 37.531333271716498 ], [ 126.625972081367635, 37.531497691704494 ], [ 126.625970299986463, 37.531530310843749 ], [ 126.62596985745698, 37.531550879010283 ], [ 126.62596531372165, 37.531762128405482 ], [ 126.625965079066972, 37.531790878209904 ], [ 126.625965169574357, 37.531790878497723 ], [ 126.625965282708606, 37.531790878857471 ], [ 126.62686799669703, 37.531795097370861 ], [ 126.626867986737764, 37.531797088524442 ], [ 126.62686869948358, 37.531797090785396 ], [ 126.626863823692418, 37.532697244108093 ], [ 126.62686419703995, 37.532697245292439 ], [ 126.627428372237105, 37.53269867325357 ] ] ], [ [ [ 126.619240883770914, 37.527875996975219 ], [ 126.619239310374581, 37.527880604947114 ], [ 126.619236335940386, 37.527889298874996 ], [ 126.619233372818272, 37.527897992839435 ], [ 126.619230409695462, 37.527906686803725 ], [ 126.619227457884804, 37.527915380804572 ], [ 126.619224506027464, 37.527924083815087 ], [ 126.61922156552825, 37.527932777852378 ], [ 126.619218624982352, 37.527941480899287 ], [ 126.619215684435787, 37.527950183946146 ], [ 126.619212743934483, 37.52795887798316 ], [ 126.619209814699374, 37.527967581066434 ], [ 126.619206896776376, 37.527976284186266 ], [ 126.619203978806766, 37.527984996315723 ], [ 126.619201060882418, 37.52799369943537 ], [ 126.619198142957373, 37.528002402554918 ], [ 126.619195236298509, 37.528011114720726 ], [ 126.619192340997799, 37.528019817913368 ], [ 126.619189434337571, 37.528028530078998 ], [ 126.619186550302373, 37.528037242317801 ], [ 126.619183654999603, 37.528045945510144 ], [ 126.619180770963041, 37.528054657748747 ], [ 126.619177886879797, 37.528063378997054 ], [ 126.61917501415472, 37.528072091272129 ], [ 126.619172141428962, 37.528080803547098 ], [ 126.619169280015413, 37.528089515858625 ], [ 126.619166407242318, 37.528098237143197 ], [ 126.61916355714024, 37.528106949491153 ], [ 126.619160695678659, 37.528115670812163 ], [ 126.619157845529273, 37.528124392169715 ], [ 126.61915500669204, 37.528133113563797 ], [ 126.61915215654129, 37.528141834921172 ], [ 126.619149329015642, 37.528150556351719 ], [ 126.619146490176419, 37.528159277745544 ], [ 126.619143662649392, 37.52816799917592 ], [ 126.619140846434604, 37.528176720642819 ], [ 126.619138018860241, 37.528185451082756 ], [ 126.619135202644102, 37.528194172549512 ], [ 126.619132397694187, 37.528202903062549 ], [ 126.619129592743619, 37.528211633575481 ], [ 126.619126787792368, 37.528220364088355 ], [ 126.619123994153341, 37.528229094637759 ], [ 126.619121200513632, 37.52823782518707 ], [ 126.619118406873284, 37.528246555736324 ], [ 126.619115624545159, 37.5282552863221 ], [ 126.619112853529245, 37.528264016944441 ], [ 126.619110071153827, 37.528272756539792 ], [ 126.619107300136591, 37.528281487161969 ], [ 126.619104540385607, 37.528290226830428 ], [ 126.619101769321091, 37.528298966462174 ], [ 126.619099020881706, 37.528307706167091 ], [ 126.619096261128774, 37.52831644583533 ], [ 126.619093512688082, 37.528325185540083 ], [ 126.619090775559641, 37.52833392528138 ], [ 126.619088027117627, 37.528342664986027 ], [ 126.6190853013008, 37.528351404763789 ], [ 126.619082564124398, 37.528360153514598 ], [ 126.619079838306263, 37.528368893292225 ], [ 126.61907711244146, 37.528377642079512 ], [ 126.619074397934938, 37.528386381893618 ], [ 126.619071683381762, 37.528395130717364 ], [ 126.619068980140838, 37.528403879577702 ], [ 126.619066276899304, 37.528412628437927 ], [ 126.619063573657129, 37.528421377298081 ], [ 126.619060881727165, 37.528430126194799 ], [ 126.619058189796633, 37.528438875091432 ], [ 126.619055497819417, 37.528447632997739 ], [ 126.619052817200497, 37.528456381930859 ], [ 126.619050136534952, 37.528465139873632 ], [ 126.619047467227688, 37.528473888843209 ], [ 126.619044797873769, 37.528482646822482 ], [ 126.619042128519212, 37.528491404801656 ], [ 126.619039470476963, 37.528500162817387 ], [ 126.619036812434089, 37.528508920833055 ], [ 126.619034165703468, 37.528517678885294 ], [ 126.61903151897225, 37.528526436937447 ], [ 126.619028872240392, 37.528535194989502 ], [ 126.619026236774843, 37.52854396208788 ], [ 126.619023601354641, 37.528552720176428 ], [ 126.619020965887842, 37.528561487274672 ], [ 126.619018341779352, 37.528570245399713 ], [ 126.619015728937143, 37.528579012571065 ], [ 126.619013104781388, 37.52858777970571 ], [ 126.619010503250863, 37.528596546913526 ], [ 126.61900789040682, 37.528605314084672 ], [ 126.619005288875073, 37.528614081292361 ], [ 126.619002687342714, 37.528622848499971 ], [ 126.619000097122665, 37.528631615744146 ], [ 126.618997506856005, 37.528640391998003 ], [ 126.618994916634747, 37.528649159242057 ], [ 126.618992337679785, 37.528657935532394 ], [ 126.618989758770212, 37.52866670281292 ], [ 126.618987191126962, 37.528675479139757 ], [ 126.618984623483129, 37.528684255466523 ], [ 126.618982055838671, 37.528693031793225 ], [ 126.618979499506565, 37.528701808156498 ], [ 126.618976943173834, 37.528710584519693 ], [ 126.618974398153441, 37.528719360919453 ], [ 126.618971853132493, 37.528728137319142 ], [ 126.618969308064862, 37.528736922728498 ], [ 126.618966774355627, 37.528745699164681 ], [ 126.618964240599766, 37.528754484610538 ], [ 126.618961718202272, 37.528763261083249 ], [ 126.618959195758194, 37.528772046565607 ], [ 126.618956673313477, 37.528780832047907 ], [ 126.61895416218114, 37.528789617566765 ], [ 126.618951651048206, 37.528798403085581 ], [ 126.618949139914662, 37.528807188604304 ], [ 126.618946640093512, 37.528815974159606 ], [ 126.618944151584714, 37.52882475975148 ], [ 126.618941651716369, 37.528833554316392 ], [ 126.618939163206363, 37.528842339908117 ], [ 126.618936686008752, 37.528851125536448 ], [ 126.618934208764557, 37.528859920174419 ], [ 126.618931731519751, 37.528868714812361 ], [ 126.618929265633341, 37.528877500477108 ], [ 126.618926799700333, 37.528886295151537 ], [ 126.618924333766756, 37.528895089825902 ], [ 126.61892187914556, 37.528903884536852 ], [ 126.618919424523753, 37.528912679247732 ], [ 126.618916981168368, 37.528921483004929 ], [ 126.618914537858402, 37.528930277752316 ], [ 126.618912094547852, 37.528939072499625 ], [ 126.618909662503683, 37.52894787629328 ], [ 126.618907230504959, 37.528956671077125 ], [ 126.61890480977263, 37.528965474907274 ], [ 126.618902389085719, 37.528974269727634 ], [ 126.618899968352224, 37.528983073557661 ], [ 126.618897558931138, 37.528991877424275 ], [ 126.61889514950947, 37.529000681290803 ], [ 126.618892740087276, 37.529009485157303 ], [ 126.618890341977462, 37.529018289060367 ], [ 126.618887955180071, 37.529027093000025 ], [ 126.618885557023091, 37.5290359059127 ], [ 126.618883170224549, 37.529044709852229 ], [ 126.618880794738459, 37.529053513828323 ], [ 126.618878419205785, 37.529062326814099 ], [ 126.618876043672529, 37.529071139799825 ], [ 126.618873679497725, 37.529079943812398 ], [ 126.61887131527638, 37.529088756834646 ], [ 126.618868951054438, 37.529097569856823 ], [ 126.618866598144947, 37.529106382915586 ], [ 126.61886424523486, 37.529115195974306 ], [ 126.618861903637253, 37.529124009069591 ], [ 126.618859562039077, 37.529132822164833 ], [ 126.618857220440347, 37.529141635260004 ], [ 126.61885489010804, 37.529150457401499 ], [ 126.618852571134241, 37.529159270569849 ], [ 126.618850240800839, 37.529168092711231 ], [ 126.618847921825889, 37.529176905879467 ], [ 126.618845614117404, 37.529185728094042 ], [ 126.618843295095346, 37.52919455027186 ], [ 126.618840998698786, 37.529203372522971 ], [ 126.618838691034654, 37.529212185727602 ], [ 126.618836394637, 37.529221007978592 ], [ 126.618834098192735, 37.52922983923925 ], [ 126.618831813107022, 37.52923866152674 ], [ 126.61882952802074, 37.529247483814203 ], [ 126.618827254246909, 37.529256306138237 ], [ 126.618824980426552, 37.52926513747196 ], [ 126.618822706651684, 37.529273959795866 ], [ 126.618820444143211, 37.529282791166146 ], [ 126.618818181680268, 37.52929161352661 ], [ 126.618815930483819, 37.529300444933412 ], [ 126.618813667973754, 37.529309276303493 ], [ 126.618811428089245, 37.529318107746818 ], [ 126.618809176891162, 37.529326939153449 ], [ 126.618806948318607, 37.529335770633331 ], [ 126.618804708432492, 37.529344602076499 ], [ 126.618802479858871, 37.529353433556253 ], [ 126.618800251284711, 37.529362265035964 ], [ 126.618798034023101, 37.529371096552261 ], [ 126.618795816714893, 37.529379937078261 ], [ 126.618793599452189, 37.52938876859443 ], [ 126.618791393456007, 37.529397609156973 ], [ 126.618789198772276, 37.529406449756117 ], [ 126.618786992821057, 37.529415281308772 ], [ 126.618784798136318, 37.52942412190783 ], [ 126.6187826147641, 37.529432962543432 ], [ 126.618780420078323, 37.52944180314234 ], [ 126.618778248018117, 37.529450643814513 ], [ 126.618776064644351, 37.529459484449973 ], [ 126.618773892583107, 37.529468325122011 ], [ 126.6187717318344, 37.529477165830698 ], [ 126.618769571039152, 37.52948601554904 ], [ 126.618767410289408, 37.529494856257585 ], [ 126.618765249493123, 37.529503705975841 ], [ 126.618763100055418, 37.529512546720944 ], [ 126.618760961884234, 37.529521396512386 ], [ 126.618758812445506, 37.529530237257397 ], [ 126.618756685586348, 37.529539087085404 ], [ 126.618754547413658, 37.529547936876689 ], [ 126.618752420553463, 37.529556786704582 ], [ 126.618750305005861, 37.529565636569096 ], [ 126.618748178144699, 37.529574486396882 ], [ 126.61874606259606, 37.52958333626129 ], [ 126.618743958360028, 37.52959218616229 ], [ 126.618741854077442, 37.52960104507298 ], [ 126.618739749840387, 37.529609894973895 ], [ 126.618737656869882, 37.529618753921156 ], [ 126.618735563944881, 37.529627603858614 ], [ 126.618733482286459, 37.529636462842412 ], [ 126.618731400673568, 37.529645312816449 ], [ 126.618729319014136, 37.529654171800154 ], [ 126.618727248667284, 37.529663030820466 ], [ 126.618725178319949, 37.529671889840742 ], [ 126.618723107972073, 37.529680748860976 ], [ 126.618721048936848, 37.529689607917788 ], [ 126.618718989901112, 37.529698466974565 ], [ 126.618716942177983, 37.529707326067964 ], [ 126.618714894454357, 37.529716185161313 ], [ 126.618712858043338, 37.529725044291276 ], [ 126.618710810272688, 37.529733912394249 ], [ 126.61870878517378, 37.529742771560777 ], [ 126.618706748715255, 37.529751639700322 ], [ 126.61870472361538, 37.529760498866736 ], [ 126.61870270978207, 37.529769367079524 ], [ 126.618700695948306, 37.529778235292255 ], [ 126.618698682160058, 37.529787094495212 ], [ 126.618696679638433, 37.529795962744501 ], [ 126.618694677116309, 37.529804830993761 ], [ 126.618692674593689, 37.529813699242958 ], [ 126.618690683383718, 37.529822567528768 ], [ 126.618688692173265, 37.529831435814536 ], [ 126.618686712229376, 37.529840313146678 ], [ 126.618684732331104, 37.529849181469011 ], [ 126.618682752432335, 37.529858049791301 ], [ 126.618680783800158, 37.529866927159972 ], [ 126.61867881521357, 37.529875795518834 ], [ 126.618676857893547, 37.529884672924055 ], [ 126.618674900619155, 37.529893541319488 ], [ 126.618672943298193, 37.529902418724632 ], [ 126.618670997289911, 37.529911296166375 ], [ 126.618669051327203, 37.529920164598344 ], [ 126.618667116631102, 37.529929042076681 ], [ 126.618665181934546, 37.529937919554961 ], [ 126.618663247237535, 37.529946797033183 ], [ 126.618661323853175, 37.529955674548049 ], [ 126.618659400422274, 37.529964561072596 ], [ 126.618657477037019, 37.529973438587369 ], [ 126.618655564964385, 37.529982316138749 ], [ 126.618653664204444, 37.529991193726779 ], [ 126.618651763398034, 37.530000080324491 ], [ 126.618649862637156, 37.530008957912422 ], [ 126.618647961829794, 37.53001784451002 ], [ 126.618646072335125, 37.530026731144289 ], [ 126.618644182886058, 37.530035608768735 ], [ 126.618642304703613, 37.530044495439562 ], [ 126.618640426520713, 37.53005338211036 ], [ 126.61863855965052, 37.530062268817773 ], [ 126.618636692779887, 37.530071155525135 ], [ 126.618634825908785, 37.530080042232456 ], [ 126.61863297035039, 37.530088928976397 ], [ 126.618631114791555, 37.530097815720318 ], [ 126.618629259232264, 37.530106702464167 ], [ 126.618627414985653, 37.530115589244673 ], [ 126.618625582005748, 37.530124485071518 ], [ 126.61862373775827, 37.530133371851925 ], [ 126.618621904823542, 37.530142258668974 ], [ 126.618620083155449, 37.530151154532369 ], [ 126.618618261532987, 37.53016004138599 ], [ 126.618616439863999, 37.530168937249307 ], [ 126.618614629507746, 37.530177833149274 ], [ 126.618612819151096, 37.530186729049177 ], [ 126.61861100884002, 37.530195615939299 ], [ 126.61860920979565, 37.530204511875802 ], [ 126.618607410750798, 37.530213407812262 ], [ 126.618605623018752, 37.530222303785358 ], [ 126.618603835286237, 37.53023119975839 ], [ 126.6186020588204, 37.530240104777825 ], [ 126.618600271087018, 37.530249000750779 ], [ 126.618598505979577, 37.53025789679706 ], [ 126.618596729558519, 37.530266792806628 ], [ 126.618594964404181, 37.530275697862557 ], [ 126.618593210608623, 37.530284593945389 ], [ 126.618591456766566, 37.530293499037931 ], [ 126.618589702970169, 37.530302395120678 ], [ 126.618587960440522, 37.530311300249799 ], [ 126.618586217910376, 37.530320205378878 ], [ 126.618584475425891, 37.530329101498175 ], [ 126.618582744208126, 37.530338006663868 ], [ 126.618581012989949, 37.530346911829504 ], [ 126.618579293084537, 37.530355817031776 ], [ 126.618577573178712, 37.530364722234019 ], [ 126.618575853272446, 37.530373627436212 ], [ 126.618574144678973, 37.530382532675048 ], [ 126.618572436085103, 37.530391437913856 ], [ 126.618570738804024, 37.530400343189278 ], [ 126.618569041476448, 37.530409257474453 ], [ 126.618567344194531, 37.53041816274979 ], [ 126.618565658179335, 37.530427077071522 ], [ 126.618563972209827, 37.530435982383494 ], [ 126.618562297553083, 37.530444887732102 ], [ 126.61856062284987, 37.530453802090406 ], [ 126.618558948146287, 37.530462716448682 ], [ 126.618557284801525, 37.530471621833847 ], [ 126.618555621410337, 37.530480536228708 ], [ 126.618553969331941, 37.530489450660227 ], [ 126.618552317253133, 37.530498365091717 ], [ 126.618550665173927, 37.530507279523135 ], [ 126.618549024407571, 37.530516193991211 ], [ 126.618547383640788, 37.530525108459265 ], [ 126.618545754186826, 37.530534022963948 ], [ 126.61854412473248, 37.53054293746861 ], [ 126.618542495277723, 37.530551851973222 ], [ 126.6185408771358, 37.530560766514476 ], [ 126.618539258947436, 37.530569690065441 ], [ 126.618537640804732, 37.530578604606617 ], [ 126.618536033928777, 37.530587528194189 ], [ 126.618534438411771, 37.530596442808665 ], [ 126.618532842848296, 37.530605366432845 ], [ 126.618531247330495, 37.530614281047235 ], [ 126.618529651766238, 37.530623204671357 ], [ 126.618528067514816, 37.530632128332122 ], [ 126.618526494622316, 37.53064104301977 ], [ 126.618524910370141, 37.530649966680471 ], [ 126.618523337430815, 37.530658890377801 ], [ 126.618521775804368, 37.530667814111766 ], [ 126.618520214177522, 37.530676737845717 ], [ 126.618518652550264, 37.530685661579618 ], [ 126.618517102235927, 37.53069458535019 ], [ 126.618515551921192, 37.530703509120713 ], [ 126.61851401291932, 37.530712432927892 ], [ 126.618512473871021, 37.53072136574476 ], [ 126.618510934868397, 37.530730289551848 ], [ 126.618509407178649, 37.53073921339562 ], [ 126.618507879442461, 37.530748146249088 ], [ 126.618506351751975, 37.530757070092754 ], [ 126.618504835328338, 37.530766002982844 ], [ 126.618503330263607, 37.530774926899838 ], [ 126.618501813839174, 37.530783859789842 ], [ 126.618500308773747, 37.530792783706765 ], [ 126.618498814975126, 37.530801716670091 ], [ 126.61849732117615, 37.530810649633374 ], [ 126.61849582737679, 37.530819582596614 ], [ 126.618494344890351, 37.530828515596504 ], [ 126.618492862449614, 37.530837439586641 ], [ 126.618491391275683, 37.530846372623166 ], [ 126.618489908788177, 37.530855305622957 ], [ 126.618488448926811, 37.530864238696111 ], [ 126.618486989019033, 37.530873180778947 ], [ 126.61848552915697, 37.530882113852037 ], [ 126.618484069294539, 37.530891046925092 ], [ 126.618482620745056, 37.530899980034789 ], [ 126.618481172149117, 37.530908922154197 ], [ 126.618479734912199, 37.530917855300515 ], [ 126.618478297674912, 37.530926788446827 ], [ 126.618476871704488, 37.530935730639492 ], [ 126.618475445779794, 37.53094466382241 ], [ 126.618474019808659, 37.530953606015053 ], [ 126.618472605150501, 37.530962548244325 ], [ 126.618471190538017, 37.530971481463844 ], [ 126.618469775879149, 37.530980423693066 ], [ 126.618468372533215, 37.530989365958931 ], [ 126.618466969233026, 37.530998299215057 ], [ 126.618465577199714, 37.53100724151755 ], [ 126.618464185166061, 37.531016183820022 ], [ 126.618462804445343, 37.531025126159165 ], [ 126.61846141241098, 37.53103406846158 ], [ 126.618460043002912, 37.531043010837344 ], [ 126.618458662281199, 37.531051953176373 ], [ 126.618457304185725, 37.531060895588773 ], [ 126.618455934730576, 37.531069846974191 ], [ 126.618454576634448, 37.531078789386527 ], [ 126.618453218537979, 37.53108773179882 ], [ 126.618451871708402, 37.531096683257523 ], [ 126.618450524924583, 37.531105625706466 ], [ 126.618449178140466, 37.53111456815536 ], [ 126.61844784262324, 37.53112351965067 ], [ 126.618446518465049, 37.531132462172884 ], [ 126.618445182947156, 37.531141413668138 ], [ 126.618443858788325, 37.531150356190302 ], [ 126.6184425458964, 37.531159307758884 ], [ 126.618441233004191, 37.53116825932743 ], [ 126.618439920111612, 37.531177210895947 ], [ 126.618438618578139, 37.531186153491383 ], [ 126.618437316998239, 37.531195105096529 ], [ 126.618436015418069, 37.53120405670164 ], [ 126.618434725150848, 37.531213008343443 ], [ 126.618433434883343, 37.531221959985182 ], [ 126.618432155928858, 37.531230911663606 ], [ 126.618430876974017, 37.531239863342002 ], [ 126.618429609332196, 37.531248815057062 ], [ 126.618428330376759, 37.531257766735393 ], [ 126.618427074047659, 37.531266718487089 ], [ 126.618425806358871, 37.531275679211788 ], [ 126.618424550029161, 37.531284630963434 ], [ 126.618423305012485, 37.531293582751758 ], [ 126.61842205994941, 37.531302543549764 ], [ 126.618420814932122, 37.531311495338024 ], [ 126.618419581227869, 37.531320447162933 ], [ 126.618418347477217, 37.531329407997553 ], [ 126.618417113772324, 37.531338359822428 ], [ 126.61841589133445, 37.531347320693705 ], [ 126.618414668896222, 37.531356281564946 ], [ 126.618413457817155, 37.531365233463127 ], [ 126.618412246691705, 37.53137419437099 ], [ 126.618411046879302, 37.531383155315552 ], [ 126.618409835799298, 37.531392107213641 ], [ 126.618408647299674, 37.531401068194853 ], [ 126.618407447486362, 37.53141002913933 ], [ 126.618406258986127, 37.53141899012045 ], [ 126.618405081798969, 37.531427951138284 ], [ 126.618403904611512, 37.531436912156067 ], [ 126.618402727423742, 37.531445873173823 ], [ 126.618401561549064, 37.531454834228263 ], [ 126.618400395674101, 37.531463795282662 ], [ 126.61839922979884, 37.531472756337045 ], [ 126.618398075236669, 37.531481717428093 ], [ 126.618396920628143, 37.531490687528859 ], [ 126.618395777378737, 37.531499648656549 ], [ 126.618394634129089, 37.531508609784233 ], [ 126.618393502192532, 37.531517570948566 ], [ 126.618392358896202, 37.531526541085931 ], [ 126.618391238272466, 37.531535502286928 ], [ 126.618390106288956, 37.531544472460922 ], [ 126.618388985664637, 37.531553433661877 ], [ 126.618387876307338, 37.531562403909227 ], [ 126.61838676699584, 37.531571365146817 ], [ 126.618385657637987, 37.531580335394111 ], [ 126.618384559639338, 37.531589296668358 ], [ 126.61838346159432, 37.531598266952301 ], [ 126.61838236354906, 37.531607237236237 ], [ 126.618381276816876, 37.531616207556844 ], [ 126.618380190130523, 37.531625168867691 ], [ 126.618379114711203, 37.531634139224941 ], [ 126.618378039291613, 37.531643109582163 ], [ 126.618376975185143, 37.531652079976062 ], [ 126.618375899765056, 37.531661050333241 ], [ 126.618374846971449, 37.531670020763791 ], [ 126.618373782864211, 37.531678991157641 ], [ 126.61837273007005, 37.53168796158814 ], [ 126.618371688589079, 37.531696932055333 ], [ 126.618370647107852, 37.531705902522489 ], [ 126.61836960562637, 37.531714872989632 ], [ 126.618368575457978, 37.531723843493445 ], [ 126.618367545243316, 37.531732823006976 ], [ 126.618366515074428, 37.53174179351074 ], [ 126.618365496218729, 37.531750764051175 ], [ 126.618364477362746, 37.531759734591603 ], [ 126.618363469773854, 37.531768714178448 ], [ 126.620782557321064, 37.531777096020122 ], [ 126.62075369432813, 37.532035658770567 ], [ 126.62073450132057, 37.532228048043486 ], [ 126.620718814482672, 37.532420628809362 ], [ 126.62070357964339, 37.532613301122971 ], [ 126.620700493904351, 37.532677261353932 ], [ 126.622904758576709, 37.532684348300123 ], [ 126.623650251702017, 37.532687186324466 ], [ 126.624102861831943, 37.532688633566217 ], [ 126.625506875268854, 37.532692931730267 ], [ 126.625512414990297, 37.531792231010272 ], [ 126.625512685968602, 37.531760787366487 ], [ 126.625513136433355, 37.531671050322707 ], [ 126.625518337344943, 37.531491409722783 ], [ 126.625528175797101, 37.531311964078633 ], [ 126.625542312356899, 37.531132712308533 ], [ 126.625553493156673, 37.531023908449903 ], [ 126.625560746541382, 37.53095374450821 ], [ 126.625583705037627, 37.530774971298257 ], [ 126.625610959739959, 37.530596752345552 ], [ 126.625642625106934, 37.530418817714683 ], [ 126.625663067098728, 37.530313106667926 ], [ 126.625678585715278, 37.530241617529228 ], [ 126.625719069606973, 37.530064792115276 ], [ 126.625736511352457, 37.52999330908483 ], [ 126.625752196434647, 37.529933713516904 ], [ 126.625780444643141, 37.529827937177416 ], [ 126.625797610753679, 37.529766274038458 ], [ 126.62581234956842, 37.529714874450121 ], [ 126.625885369369314, 37.529473880260134 ], [ 126.62577467051652, 37.529455296599146 ], [ 126.625664090830782, 37.529436268378348 ], [ 126.625553633127481, 37.529416796082266 ], [ 126.625443300218947, 37.529396880206704 ], [ 126.62533309491414, 37.529376521258719 ], [ 126.625223020018993, 37.529355719756701 ], [ 126.625113078336, 37.529334476230247 ], [ 126.625003272664173, 37.529312791220264 ], [ 126.624893605799173, 37.529290665278872 ], [ 126.624784080533175, 37.529268098969439 ], [ 126.62467469965452, 37.529245092866518 ], [ 126.624565465948081, 37.529221647555865 ], [ 126.624456382194893, 37.529197763634414 ], [ 126.624347451172113, 37.529173441710284 ], [ 126.624238675653089, 37.529148682402749 ], [ 126.624130058407175, 37.529123486342179 ], [ 126.624021602199662, 37.529097854170104 ], [ 126.623913309791718, 37.529071786539113 ], [ 126.623805183940433, 37.529045284112939 ], [ 126.623697227398495, 37.529018347566357 ], [ 126.623589442914408, 37.528990977585174 ], [ 126.623583819494215, 37.528989536508561 ], [ 126.619597093768476, 37.527967340074959 ], [ 126.619240883770914, 37.527875996975219 ] ] ] ] } }
]
}
