{
  "type": "FeatureCollection",
  "features": [
    {
      "type": "Feature",
      "properties": {
        "node_id": 313,
        "region": "cheongna",
        "region_name": "청라국제업무지구",
        "station_name": "청라국제도시",
        "line_name": "공항철도",
        "travel_seconds": 0.0,
        "travel_minutes": 0.0,
        "cutoff_minutes": 0,
        "node_category": "기준역",
        "is_seed_station": true,
        "layer_type": "rail_node",
        "layer_label_ko": "철도 노드",
        "selected_time_minutes": 60
      },
      "geometry": {
        "type": "Point",
        "coordinates": [
          126.62464505549165,
          37.55648532952862
        ]
      }
    },
    {
      "type": "Feature",
      "properties": {
        "node_id": 312,
        "region": "cheongna",
        "region_name": "청라국제업무지구",
        "station_name": "영종",
        "line_name": "공항철도",
        "travel_seconds": 480.0,
        "travel_minutes": 8.0,
        "cutoff_minutes": 30,
        "node_category": "30분 도달 노드",
        "is_seed_station": false,
        "layer_type": "rail_node",
        "layer_label_ko": "철도 노드",
        "selected_time_minutes": 60
      },
      "geometry": {
        "type": "Point",
        "coordinates": [
          126.52458657668389,
          37.51183723123434
        ]
      }
    },
    {
      "type": "Feature",
      "properties": {
        "node_id": 314,
        "region": "cheongna",
        "region_name": "청라국제업무지구",
        "station_name": "검암",
        "line_name": "공항철도",
        "travel_seconds": 300.0,
        "travel_minutes": 5.0,
        "cutoff_minutes": 30,
        "node_category": "30분 도달 노드",
        "is_seed_station": false,
        "layer_type": "rail_node",
        "layer_label_ko": "철도 노드",
        "selected_time_minutes": 60
      },
      "geometry": {
        "type": "Point",
        "coordinates": [
          126.67368078052438,
          37.56924502685766
        ]
      }
    },
    {
      "type": "Feature",
      "properties": {
        "node_id": 315,
        "region": "cheongna",
        "region_name": "청라국제업무지구",
        "station_name": "계양",
        "line_name": "공항철도",
        "travel_seconds": 720.0,
        "travel_minutes": 12.0,
        "cutoff_minutes": 30,
        "node_category": "30분 도달 노드",
        "is_seed_station": false,
        "layer_type": "rail_node",
        "layer_label_ko": "철도 노드",
        "selected_time_minutes": 60
      },
      "geometry": {
        "type": "Point",
        "coordinates": [
          126.73634885107874,
          37.571769643436774
        ]
      }
    },
    {
      "type": "Feature",
      "properties": {
        "node_id": 287,
        "region": "cheongna",
        "region_name": "청라국제업무지구",
        "station_name": "검암",
        "line_name": "인천2호선",
        "travel_seconds": 780.0,
        "travel_minutes": 13.0,
        "cutoff_minutes": 30,
        "node_category": "30분 도달 노드",
        "is_seed_station": false,
        "layer_type": "rail_node",
        "layer_label_ko": "철도 노드",
        "selected_time_minutes": 60
      },
      "geometry": {
        "type": "Point",
        "coordinates": [
          126.67564317878316,
          37.56872333769509
        ]
      }
    },
    {
      "type": "Feature",
      "properties": {
        "node_id": 311,
        "region": "cheongna",
        "region_name": "청라국제업무지구",
        "station_name": "운서",
        "line_name": "공항철도",
        "travel_seconds": 720.0,
        "travel_minutes": 12.0,
        "cutoff_minutes": 30,
        "node_category": "30분 도달 노드",
        "is_seed_station": false,
        "layer_type": "rail_node",
        "layer_label_ko": "철도 노드",
        "selected_time_minutes": 60
      },
      "geometry": {
        "type": "Point",
        "coordinates": [
          126.49368716386016,
          37.49285960419908
        ]
      }
    },
    {
      "type": "Feature",
      "properties": {
        "node_id": 310,
        "region": "cheongna",
        "region_name": "청라국제업무지구",
        "station_name": "공항화물청사",
        "line_name": "공항철도",
        "travel_seconds": 1020.0,
        "travel_minutes": 17.0,
        "cutoff_minutes": 30,
        "node_category": "30분 도달 노드",
        "is_seed_station": false,
        "layer_type": "rail_node",
        "layer_label_ko": "철도 노드",
        "selected_time_minutes": 60
      },
      "geometry": {
        "type": "Point",
        "coordinates": [
          126.47736804363741,
          37.458986990351015
        ]
      }
    },
    {
      "type": "Feature",
      "properties": {
        "node_id": 316,
        "region": "cheongna",
        "region_name": "청라국제업무지구",
        "station_name": "김포공항",
        "line_name": "공항철도",
        "travel_seconds": 1080.0,
        "travel_minutes": 18.0,
        "cutoff_minutes": 30,
        "node_category": "30분 도달 노드",
        "is_seed_station": false,
        "layer_type": "rail_node",
        "layer_label_ko": "철도 노드",
        "selected_time_minutes": 60
      },
      "geometry": {
        "type": "Point",
        "coordinates": [
          126.8018135167875,
          37.561890927429154
        ]
      }
    },
    {
      "type": "Feature",
      "properties": {
        "node_id": 277,
        "region": "cheongna",
        "region_name": "청라국제업무지구",
        "station_name": "계양",
        "line_name": "인천1호선",
        "travel_seconds": 1080.0,
        "travel_minutes": 18.0,
        "cutoff_minutes": 30,
        "node_category": "30분 도달 노드",
        "is_seed_station": false,
        "layer_type": "rail_node",
        "layer_label_ko": "철도 노드",
        "selected_time_minutes": 60
      },
      "geometry": {
        "type": "Point",
        "coordinates": [
          126.73635630875077,
          37.571532460315666
        ]
      }
    },
    {
      "type": "Feature",
      "properties": {
        "node_id": 286,
        "region": "cheongna",
        "region_name": "청라국제업무지구",
        "station_name": "독정",
        "line_name": "인천2호선",
        "travel_seconds": 926.0,
        "travel_minutes": 15.4,
        "cutoff_minutes": 30,
        "node_category": "30분 도달 노드",
        "is_seed_station": false,
        "layer_type": "rail_node",
        "layer_label_ko": "철도 노드",
        "selected_time_minutes": 60
      },
      "geometry": {
        "type": "Point",
        "coordinates": [
          126.67597689172382,
          37.58491672319505
        ]
      }
    },
    {
      "type": "Feature",
      "properties": {
        "node_id": 288,
        "region": "cheongna",
        "region_name": "청라국제업무지구",
        "station_name": "검바위",
        "line_name": "인천2호선",
        "travel_seconds": 885.0,
        "travel_minutes": 14.8,
        "cutoff_minutes": 30,
        "node_category": "30분 도달 노드",
        "is_seed_station": false,
        "layer_type": "rail_node",
        "layer_label_ko": "철도 노드",
        "selected_time_minutes": 60
      },
      "geometry": {
        "type": "Point",
        "coordinates": [
          126.67752779099276,
          37.5612431459511
        ]
      }
    },
    {
      "type": "Feature",
      "properties": {
        "node_id": 289,
        "region": "cheongna",
        "region_name": "청라국제업무지구",
        "station_name": "아시아드경기장",
        "line_name": "인천2호선",
        "travel_seconds": 1035.0,
        "travel_minutes": 17.2,
        "cutoff_minutes": 30,
        "node_category": "30분 도달 노드",
        "is_seed_station": false,
        "layer_type": "rail_node",
        "layer_label_ko": "철도 노드",
        "selected_time_minutes": 60
      },
      "geometry": {
        "type": "Point",
        "coordinates": [
          126.67715344747967,
          37.55202843644741
        ]
      }
    },
    {
      "type": "Feature",
      "properties": {
        "node_id": 285,
        "region": "cheongna",
        "region_name": "청라국제업무지구",
        "station_name": "완정",
        "line_name": "인천2호선",
        "travel_seconds": 1028.0,
        "travel_minutes": 17.1,
        "cutoff_minutes": 30,
        "node_category": "30분 도달 노드",
        "is_seed_station": false,
        "layer_type": "rail_node",
        "layer_label_ko": "철도 노드",
        "selected_time_minutes": 60
      },
      "geometry": {
        "type": "Point",
        "coordinates": [
          126.67294794012362,
          37.593046182371125
        ]
      }
    },
    {
      "type": "Feature",
      "properties": {
        "node_id": 309,
        "region": "cheongna",
        "region_name": "청라국제업무지구",
        "station_name": "인천공항1터미널",
        "line_name": "공항철도",
        "travel_seconds": 1200.0,
        "travel_minutes": 20.0,
        "cutoff_minutes": 30,
        "node_category": "30분 도달 노드",
        "is_seed_station": false,
        "layer_type": "rail_node",
        "layer_label_ko": "철도 노드",
        "selected_time_minutes": 60
      },
      "geometry": {
        "type": "Point",
        "coordinates": [
          126.45270837082361,
          37.44756949409256
        ]
      }
    },
    {
      "type": "Feature",
      "properties": {
        "node_id": 284,
        "region": "cheongna",
        "region_name": "청라국제업무지구",
        "station_name": "마전",
        "line_name": "인천2호선",
        "travel_seconds": 1134.0,
        "travel_minutes": 18.9,
        "cutoff_minutes": 30,
        "node_category": "30분 도달 노드",
        "is_seed_station": false,
        "layer_type": "rail_node",
        "layer_label_ko": "철도 노드",
        "selected_time_minutes": 60
      },
      "geometry": {
        "type": "Point",
        "coordinates": [
          126.66716856942418,
          37.59765913177729
        ]
      }
    },
    {
      "type": "Feature",
      "properties": {
        "node_id": 290,
        "region": "cheongna",
        "region_name": "청라국제업무지구",
        "station_name": "서구청",
        "line_name": "인천2호선",
        "travel_seconds": 1132.0,
        "travel_minutes": 18.9,
        "cutoff_minutes": 30,
        "node_category": "30분 도달 노드",
        "is_seed_station": false,
        "layer_type": "rail_node",
        "layer_label_ko": "철도 노드",
        "selected_time_minutes": 60
      },
      "geometry": {
        "type": "Point",
        "coordinates": [
          126.67684261734425,
          37.54398102426325
        ]
      }
    },
    {
      "type": "Feature",
      "properties": {
        "node_id": 276,
        "region": "cheongna",
        "region_name": "청라국제업무지구",
        "station_name": "귤현",
        "line_name": "인천1호선",
        "travel_seconds": 1200.0,
        "travel_minutes": 20.0,
        "cutoff_minutes": 30,
        "node_category": "30분 도달 노드",
        "is_seed_station": false,
        "layer_type": "rail_node",
        "layer_label_ko": "철도 노드",
        "selected_time_minutes": 60
      },
      "geometry": {
        "type": "Point",
        "coordinates": [
          126.7426695614055,
          37.56639671533986
        ]
      }
    },
    {
      "type": "Feature",
      "properties": {
        "node_id": 317,
        "region": "cheongna",
        "region_name": "청라국제업무지구",
        "station_name": "마곡나루",
        "line_name": "공항철도",
        "travel_seconds": 1500.0,
        "travel_minutes": 25.0,
        "cutoff_minutes": 30,
        "node_category": "30분 도달 노드",
        "is_seed_station": false,
        "layer_type": "rail_node",
        "layer_label_ko": "철도 노드",
        "selected_time_minutes": 60
      },
      "geometry": {
        "type": "Point",
        "coordinates": [
          126.82754351158827,
          37.5653856875659
        ]
      }
    },
    {
      "type": "Feature",
      "properties": {
        "node_id": 572,
        "region": "cheongna",
        "region_name": "청라국제업무지구",
        "station_name": "김포공항",
        "line_name": "서울5호선",
        "travel_seconds": 1400.0,
        "travel_minutes": 23.3,
        "cutoff_minutes": 30,
        "node_category": "30분 도달 노드",
        "is_seed_station": false,
        "layer_type": "rail_node",
        "layer_label_ko": "철도 노드",
        "selected_time_minutes": 60
      },
      "geometry": {
        "type": "Point",
        "coordinates": [
          126.80133962379112,
          37.562512968734566
        ]
      }
    },
    {
      "type": "Feature",
      "properties": {
        "node_id": 870,
        "region": "cheongna",
        "region_name": "청라국제업무지구",
        "station_name": "김포공항",
        "line_name": "서울9호선급행",
        "travel_seconds": 1420.0,
        "travel_minutes": 23.7,
        "cutoff_minutes": 30,
        "node_category": "30분 도달 노드",
        "is_seed_station": false,
        "layer_type": "rail_node",
        "layer_label_ko": "철도 노드",
        "selected_time_minutes": 60
      },
      "geometry": {
        "type": "Point",
        "coordinates": [
          126.80185933329786,
          37.56215435260769
        ]
      }
    },
    {
      "type": "Feature",
      "properties": {
        "node_id": 743,
        "region": "cheongna",
        "region_name": "청라국제업무지구",
        "station_name": "김포공항",
        "line_name": "서울9호선",
        "travel_seconds": 1360.0,
        "travel_minutes": 22.7,
        "cutoff_minutes": 30,
        "node_category": "30분 도달 노드",
        "is_seed_station": false,
        "layer_type": "rail_node",
        "layer_label_ko": "철도 노드",
        "selected_time_minutes": 60
      },
      "geometry": {
        "type": "Point",
        "coordinates": [
          126.80183315768853,
          37.561975300829005
        ]
      }
    },
    {
      "type": "Feature",
      "properties": {
        "node_id": 214,
        "region": "cheongna",
        "region_name": "청라국제업무지구",
        "station_name": "김포공항",
        "line_name": "김포도시철도",
        "travel_seconds": 1350.0,
        "travel_minutes": 22.5,
        "cutoff_minutes": 30,
        "node_category": "30분 도달 노드",
        "is_seed_station": false,
        "layer_type": "rail_node",
        "layer_label_ko": "철도 노드",
        "selected_time_minutes": 60
      },
      "geometry": {
        "type": "Point",
        "coordinates": [
          126.80217798450725,
          37.562305670580045
        ]
      }
    },
    {
      "type": "Feature",
      "properties": {
        "node_id": 39,
        "region": "cheongna",
        "region_name": "청라국제업무지구",
        "station_name": "김포공항",
        "line_name": "서해선",
        "travel_seconds": 1620.0,
        "travel_minutes": 27.0,
        "cutoff_minutes": 30,
        "node_category": "30분 도달 노드",
        "is_seed_station": false,
        "layer_type": "rail_node",
        "layer_label_ko": "철도 노드",
        "selected_time_minutes": 60
      },
      "geometry": {
        "type": "Point",
        "coordinates": [
          126.80111883305007,
          37.56229141053487
        ]
      }
    },
    {
      "type": "Feature",
      "properties": {
        "node_id": 291,
        "region": "cheongna",
        "region_name": "청라국제업무지구",
        "station_name": "가정",
        "line_name": "인천2호선",
        "travel_seconds": 1298.0,
        "travel_minutes": 21.6,
        "cutoff_minutes": 30,
        "node_category": "30분 도달 노드",
        "is_seed_station": false,
        "layer_type": "rail_node",
        "layer_label_ko": "철도 노드",
        "selected_time_minutes": 60
      },
      "geometry": {
        "type": "Point",
        "coordinates": [
          126.67539548546307,
          37.52509508945347
        ]
      }
    },
    {
      "type": "Feature",
      "properties": {
        "node_id": 283,
        "region": "cheongna",
        "region_name": "청라국제업무지구",
        "station_name": "검단사거리",
        "line_name": "인천2호선",
        "travel_seconds": 1267.0,
        "travel_minutes": 21.1,
        "cutoff_minutes": 30,
        "node_category": "30분 도달 노드",
        "is_seed_station": false,
        "layer_type": "rail_node",
        "layer_label_ko": "철도 노드",
        "selected_time_minutes": 60
      },
      "geometry": {
        "type": "Point",
        "coordinates": [
          126.65652943167763,
          37.60168928630328
        ]
      }
    },
    {
      "type": "Feature",
      "properties": {
        "node_id": 275,
        "region": "cheongna",
        "region_name": "청라국제업무지구",
        "station_name": "박촌",
        "line_name": "인천1호선",
        "travel_seconds": 1380.0,
        "travel_minutes": 23.0,
        "cutoff_minutes": 30,
        "node_category": "30분 도달 노드",
        "is_seed_station": false,
        "layer_type": "rail_node",
        "layer_label_ko": "철도 노드",
        "selected_time_minutes": 60
      },
      "geometry": {
        "type": "Point",
        "coordinates": [
          126.7451060004568,
          37.55406809324822
        ]
      }
    },
    {
      "type": "Feature",
      "properties": {
        "node_id": 308,
        "region": "cheongna",
        "region_name": "청라국제업무지구",
        "station_name": "인천공항2터미널",
        "line_name": "공항철도",
        "travel_seconds": 1620.0,
        "travel_minutes": 27.0,
        "cutoff_minutes": 30,
        "node_category": "30분 도달 노드",
        "is_seed_station": false,
        "layer_type": "rail_node",
        "layer_label_ko": "철도 노드",
        "selected_time_minutes": 60
      },
      "geometry": {
        "type": "Point",
        "coordinates": [
          126.43357757667609,
          37.46877657917764
        ]
      }
    },
    {
      "type": "Feature",
      "properties": {
        "node_id": 282,
        "region": "cheongna",
        "region_name": "청라국제업무지구",
        "station_name": "왕길",
        "line_name": "인천2호선",
        "travel_seconds": 1424.0,
        "travel_minutes": 23.7,
        "cutoff_minutes": 30,
        "node_category": "30분 도달 노드",
        "is_seed_station": false,
        "layer_type": "rail_node",
        "layer_label_ko": "철도 노드",
        "selected_time_minutes": 60
      },
      "geometry": {
        "type": "Point",
        "coordinates": [
          126.64241503106457,
          37.595132774772814
        ]
      }
    },
    {
      "type": "Feature",
      "properties": {
        "node_id": 292,
        "region": "cheongna",
        "region_name": "청라국제업무지구",
        "station_name": "가정중앙시장",
        "line_name": "인천2호선",
        "travel_seconds": 1424.0,
        "travel_minutes": 23.7,
        "cutoff_minutes": 30,
        "node_category": "30분 도달 노드",
        "is_seed_station": false,
        "layer_type": "rail_node",
        "layer_label_ko": "철도 노드",
        "selected_time_minutes": 60
      },
      "geometry": {
        "type": "Point",
        "coordinates": [
          126.67681920637938,
          37.517585257499476
        ]
      }
    },
    {
      "type": "Feature",
      "properties": {
        "node_id": 213,
        "region": "cheongna",
        "region_name": "청라국제업무지구",
        "station_name": "고촌",
        "line_name": "김포도시철도",
        "travel_seconds": 1753.0,
        "travel_minutes": 29.2,
        "cutoff_minutes": 30,
        "node_category": "30분 도달 노드",
        "is_seed_station": false,
        "layer_type": "rail_node",
        "layer_label_ko": "철도 노드",
        "selected_time_minutes": 60
      },
      "geometry": {
        "type": "Point",
        "coordinates": [
          126.77034081811517,
          37.60124578327788
        ]
      }
    },
    {
      "type": "Feature",
      "properties": {
        "node_id": 744,
        "region": "cheongna",
        "region_name": "청라국제업무지구",
        "station_name": "공항시장",
        "line_name": "서울9호선",
        "travel_seconds": 1493.0,
        "travel_minutes": 24.9,
        "cutoff_minutes": 30,
        "node_category": "30분 도달 노드",
        "is_seed_station": false,
        "layer_type": "rail_node",
        "layer_label_ko": "철도 노드",
        "selected_time_minutes": 60
      },
      "geometry": {
        "type": "Point",
        "coordinates": [
          126.81062954435907,
          37.56372104289702
        ]
      }
    },
    {
      "type": "Feature",
      "properties": {
        "node_id": 742,
        "region": "cheongna",
        "region_name": "청라국제업무지구",
        "station_name": "개화",
        "line_name": "서울9호선",
        "travel_seconds": 1677.0,
        "travel_minutes": 27.9,
        "cutoff_minutes": 30,
        "node_category": "30분 도달 노드",
        "is_seed_station": false,
        "layer_type": "rail_node",
        "layer_label_ko": "철도 노드",
        "selected_time_minutes": 60
      },
      "geometry": {
        "type": "Point",
        "coordinates": [
          126.79692231473688,
          37.57833577875135
        ]
      }
    },
    {
      "type": "Feature",
      "properties": {
        "node_id": 274,
        "region": "cheongna",
        "region_name": "청라국제업무지구",
        "station_name": "임학",
        "line_name": "인천1호선",
        "travel_seconds": 1500.0,
        "travel_minutes": 25.0,
        "cutoff_minutes": 30,
        "node_category": "30분 도달 노드",
        "is_seed_station": false,
        "layer_type": "rail_node",
        "layer_label_ko": "철도 노드",
        "selected_time_minutes": 60
      },
      "geometry": {
        "type": "Point",
        "coordinates": [
          126.73856864996466,
          37.544852534749346
        ]
      }
    },
    {
      "type": "Feature",
      "properties": {
        "node_id": 573,
        "region": "cheongna",
        "region_name": "청라국제업무지구",
        "station_name": "송정",
        "line_name": "서울5호선",
        "travel_seconds": 1550.0,
        "travel_minutes": 25.8,
        "cutoff_minutes": 30,
        "node_category": "30분 도달 노드",
        "is_seed_station": false,
        "layer_type": "rail_node",
        "layer_label_ko": "철도 노드",
        "selected_time_minutes": 60
      },
      "geometry": {
        "type": "Point",
        "coordinates": [
          126.81236580684394,
          37.561170388769554
        ]
      }
    },
    {
      "type": "Feature",
      "properties": {
        "node_id": 571,
        "region": "cheongna",
        "region_name": "청라국제업무지구",
        "station_name": "개화산",
        "line_name": "서울5호선",
        "travel_seconds": 1530.0,
        "travel_minutes": 25.5,
        "cutoff_minutes": 30,
        "node_category": "30분 도달 노드",
        "is_seed_station": false,
        "layer_type": "rail_node",
        "layer_label_ko": "철도 노드",
        "selected_time_minutes": 60
      },
      "geometry": {
        "type": "Point",
        "coordinates": [
          126.80679309089922,
          37.572527592108514
        ]
      }
    },
    {
      "type": "Feature",
      "properties": {
        "node_id": 871,
        "region": "cheongna",
        "region_name": "청라국제업무지구",
        "station_name": "마곡나루",
        "line_name": "서울9호선급행",
        "travel_seconds": 1660.0,
        "travel_minutes": 27.7,
        "cutoff_minutes": 30,
        "node_category": "30분 도달 노드",
        "is_seed_station": false,
        "layer_type": "rail_node",
        "layer_label_ko": "철도 노드",
        "selected_time_minutes": 60
      },
      "geometry": {
        "type": "Point",
        "coordinates": [
          126.82733494276691,
          37.566874886870906
        ]
      }
    },
    {
      "type": "Feature",
      "properties": {
        "node_id": 281,
        "region": "cheongna",
        "region_name": "청라국제업무지구",
        "station_name": "검단오류",
        "line_name": "인천2호선",
        "travel_seconds": 1544.0,
        "travel_minutes": 25.7,
        "cutoff_minutes": 30,
        "node_category": "30분 도달 노드",
        "is_seed_station": false,
        "layer_type": "rail_node",
        "layer_label_ko": "철도 노드",
        "selected_time_minutes": 60
      },
      "geometry": {
        "type": "Point",
        "coordinates": [
          126.62795918387782,
          37.594959347347164
        ]
      }
    },
    {
      "type": "Feature",
      "properties": {
        "node_id": 293,
        "region": "cheongna",
        "region_name": "청라국제업무지구",
        "station_name": "석남",
        "line_name": "인천2호선",
        "travel_seconds": 1537.0,
        "travel_minutes": 25.6,
        "cutoff_minutes": 30,
        "node_category": "30분 도달 노드",
        "is_seed_station": false,
        "layer_type": "rail_node",
        "layer_label_ko": "철도 노드",
        "selected_time_minutes": 60
      },
      "geometry": {
        "type": "Point",
        "coordinates": [
          126.6762999181793,
          37.50742228629505
        ]
      }
    },
    {
      "type": "Feature",
      "properties": {
        "node_id": 745,
        "region": "cheongna",
        "region_name": "청라국제업무지구",
        "station_name": "신방화",
        "line_name": "서울9호선",
        "travel_seconds": 1628.0,
        "travel_minutes": 27.1,
        "cutoff_minutes": 30,
        "node_category": "30분 도달 노드",
        "is_seed_station": false,
        "layer_type": "rail_node",
        "layer_label_ko": "철도 노드",
        "selected_time_minutes": 60
      },
      "geometry": {
        "type": "Point",
        "coordinates": [
          126.81694853560049,
          37.567544508753876
        ]
      }
    },
    {
      "type": "Feature",
      "properties": {
        "node_id": 273,
        "region": "cheongna",
        "region_name": "청라국제업무지구",
        "station_name": "계산",
        "line_name": "인천1호선",
        "travel_seconds": 1620.0,
        "travel_minutes": 27.0,
        "cutoff_minutes": 30,
        "node_category": "30분 도달 노드",
        "is_seed_station": false,
        "layer_type": "rail_node",
        "layer_label_ko": "철도 노드",
        "selected_time_minutes": 60
      },
      "geometry": {
        "type": "Point",
        "coordinates": [
          126.72760395386638,
          37.543286863154215
        ]
      }
    },
    {
      "type": "Feature",
      "properties": {
        "node_id": 318,
        "region": "cheongna",
        "region_name": "청라국제업무지구",
        "station_name": "디지털미디어시티",
        "line_name": "공항철도",
        "travel_seconds": 1920.0,
        "travel_minutes": 32.0,
        "cutoff_minutes": 60,
        "node_category": "60분 도달 노드",
        "is_seed_station": false,
        "layer_type": "rail_node",
        "layer_label_ko": "철도 노드",
        "selected_time_minutes": 60
      },
      "geometry": {
        "type": "Point",
        "coordinates": [
          126.89798397849005,
          37.57746726157213
        ]
      }
    },
    {
      "type": "Feature",
      "properties": {
        "node_id": 746,
        "region": "cheongna",
        "region_name": "청라국제업무지구",
        "station_name": "마곡나루",
        "line_name": "서울9호선",
        "travel_seconds": 1758.0,
        "travel_minutes": 29.3,
        "cutoff_minutes": 30,
        "node_category": "30분 도달 노드",
        "is_seed_station": false,
        "layer_type": "rail_node",
        "layer_label_ko": "철도 노드",
        "selected_time_minutes": 60
      },
      "geometry": {
        "type": "Point",
        "coordinates": [
          126.82731038538564,
          37.5666956902858
        ]
      }
    },
    {
      "type": "Feature",
      "properties": {
        "node_id": 570,
        "region": "cheongna",
        "region_name": "청라국제업무지구",
        "station_name": "방화",
        "line_name": "서울5호선",
        "travel_seconds": 1620.0,
        "travel_minutes": 27.0,
        "cutoff_minutes": 30,
        "node_category": "30분 도달 노드",
        "is_seed_station": false,
        "layer_type": "rail_node",
        "layer_label_ko": "철도 노드",
        "selected_time_minutes": 60
      },
      "geometry": {
        "type": "Point",
        "coordinates": [
          126.81281690315659,
          37.57755849775306
        ]
      }
    },
    {
      "type": "Feature",
      "properties": {
        "node_id": 294,
        "region": "cheongna",
        "region_name": "청라국제업무지구",
        "station_name": "서부여성회관",
        "line_name": "인천2호선",
        "travel_seconds": 1639.0,
        "travel_minutes": 27.3,
        "cutoff_minutes": 30,
        "node_category": "30분 도달 노드",
        "is_seed_station": false,
        "layer_type": "rail_node",
        "layer_label_ko": "철도 노드",
        "selected_time_minutes": 60
      },
      "geometry": {
        "type": "Point",
        "coordinates": [
          126.67586440678384,
          37.5003237331973
        ]
      }
    },
    {
      "type": "Feature",
      "properties": {
        "node_id": 665,
        "region": "cheongna",
        "region_name": "청라국제업무지구",
        "station_name": "석남",
        "line_name": "서울7호선",
        "travel_seconds": 1987.0,
        "travel_minutes": 33.1,
        "cutoff_minutes": 60,
        "node_category": "60분 도달 노드",
        "is_seed_station": false,
        "layer_type": "rail_node",
        "layer_label_ko": "철도 노드",
        "selected_time_minutes": 60
      },
      "geometry": {
        "type": "Point",
        "coordinates": [
          126.67657105237149,
          37.50622938576725
        ]
      }
    },
    {
      "type": "Feature",
      "properties": {
        "node_id": 574,
        "region": "cheongna",
        "region_name": "청라국제업무지구",
        "station_name": "마곡",
        "line_name": "서울5호선",
        "travel_seconds": 1650.0,
        "travel_minutes": 27.5,
        "cutoff_minutes": 30,
        "node_category": "30분 도달 노드",
        "is_seed_station": false,
        "layer_type": "rail_node",
        "layer_label_ko": "철도 노드",
        "selected_time_minutes": 60
      },
      "geometry": {
        "type": "Point",
        "coordinates": [
          126.82467499758694,
          37.560185123153246
        ]
      }
    },
    {
      "type": "Feature",
      "properties": {
        "node_id": 38,
        "region": "cheongna",
        "region_name": "청라국제업무지구",
        "station_name": "능곡",
        "line_name": "서해선",
        "travel_seconds": 2208.0,
        "travel_minutes": 36.8,
        "cutoff_minutes": 60,
        "node_category": "60분 도달 노드",
        "is_seed_station": false,
        "layer_type": "rail_node",
        "layer_label_ko": "철도 노드",
        "selected_time_minutes": 60
      },
      "geometry": {
        "type": "Point",
        "coordinates": [
          126.82017315331454,
          37.61891160398485
        ]
      }
    },
    {
      "type": "Feature",
      "properties": {
        "node_id": 40,
        "region": "cheongna",
        "region_name": "청라국제업무지구",
        "station_name": "원종",
        "line_name": "서해선",
        "travel_seconds": 1974.0,
        "travel_minutes": 32.9,
        "cutoff_minutes": 60,
        "node_category": "60분 도달 노드",
        "is_seed_station": false,
        "layer_type": "rail_node",
        "layer_label_ko": "철도 노드",
        "selected_time_minutes": 60
      },
      "geometry": {
        "type": "Point",
        "coordinates": [
          126.80482719962039,
          37.52409157447443
        ]
      }
    },
    {
      "type": "Feature",
      "properties": {
        "node_id": 272,
        "region": "cheongna",
        "region_name": "청라국제업무지구",
        "station_name": "경인교대입구",
        "line_name": "인천1호선",
        "travel_seconds": 1740.0,
        "travel_minutes": 29.0,
        "cutoff_minutes": 30,
        "node_category": "30분 도달 노드",
        "is_seed_station": false,
        "layer_type": "rail_node",
        "layer_label_ko": "철도 노드",
        "selected_time_minutes": 60
      },
      "geometry": {
        "type": "Point",
        "coordinates": [
          126.72266074678517,
          37.53771565166249
        ]
      }
    },
    {
      "type": "Feature",
      "properties": {
        "node_id": 295,
        "region": "cheongna",
        "region_name": "청라국제업무지구",
        "station_name": "인천가좌",
        "line_name": "인천2호선",
        "travel_seconds": 1758.0,
        "travel_minutes": 29.3,
        "cutoff_minutes": 30,
        "node_category": "30분 도달 노드",
        "is_seed_station": false,
        "layer_type": "rail_node",
        "layer_label_ko": "철도 노드",
        "selected_time_minutes": 60
      },
      "geometry": {
        "type": "Point",
        "coordinates": [
          126.67522599094904,
          37.48982331843308
        ]
      }
    },
    {
      "type": "Feature",
      "properties": {
        "node_id": 575,
        "region": "cheongna",
        "region_name": "청라국제업무지구",
        "station_name": "발산",
        "line_name": "서울5호선",
        "travel_seconds": 1770.0,
        "travel_minutes": 29.5,
        "cutoff_minutes": 30,
        "node_category": "30분 도달 노드",
        "is_seed_station": false,
        "layer_type": "rail_node",
        "layer_label_ko": "철도 노드",
        "selected_time_minutes": 60
      },
      "geometry": {
        "type": "Point",
        "coordinates": [
          126.83768193704763,
          37.55872896885388
        ]
      }
    },
    {
      "type": "Feature",
      "properties": {
        "node_id": 872,
        "region": "cheongna",
        "region_name": "청라국제업무지구",
        "station_name": "가양",
        "line_name": "서울9호선급행",
        "travel_seconds": 1895.0,
        "travel_minutes": 31.6,
        "cutoff_minutes": 60,
        "node_category": "60분 도달 노드",
        "is_seed_station": false,
        "layer_type": "rail_node",
        "layer_label_ko": "철도 노드",
        "selected_time_minutes": 60
      },
      "geometry": {
        "type": "Point",
        "coordinates": [
          126.8544312699492,
          37.56163536897295
        ]
      }
    },
    {
      "type": "Feature",
      "properties": {
        "node_id": 271,
        "region": "cheongna",
        "region_name": "청라국제업무지구",
        "station_name": "작전",
        "line_name": "인천1호선",
        "travel_seconds": 1830.0,
        "travel_minutes": 30.5,
        "cutoff_minutes": 60,
        "node_category": "60분 도달 노드",
        "is_seed_station": false,
        "layer_type": "rail_node",
        "layer_label_ko": "철도 노드",
        "selected_time_minutes": 60
      },
      "geometry": {
        "type": "Point",
        "coordinates": [
          126.72253518521073,
          37.53022733160036
        ]
      }
    },
    {
      "type": "Feature",
      "properties": {
        "node_id": 212,
        "region": "cheongna",
        "region_name": "청라국제업무지구",
        "station_name": "풍무",
        "line_name": "김포도시철도",
        "travel_seconds": 2014.0,
        "travel_minutes": 33.6,
        "cutoff_minutes": 60,
        "node_category": "60분 도달 노드",
        "is_seed_station": false,
        "layer_type": "rail_node",
        "layer_label_ko": "철도 노드",
        "selected_time_minutes": 60
      },
      "geometry": {
        "type": "Point",
        "coordinates": [
          126.73241289948646,
          37.612482730785
        ]
      }
    },
    {
      "type": "Feature",
      "properties": {
        "node_id": 296,
        "region": "cheongna",
        "region_name": "청라국제업무지구",
        "station_name": "가재울",
        "line_name": "인천2호선",
        "travel_seconds": 1907.0,
        "travel_minutes": 31.8,
        "cutoff_minutes": 60,
        "node_category": "60분 도달 노드",
        "is_seed_station": false,
        "layer_type": "rail_node",
        "layer_label_ko": "철도 노드",
        "selected_time_minutes": 60
      },
      "geometry": {
        "type": "Point",
        "coordinates": [
          126.6838654444094,
          37.48408136361174
        ]
      }
    },
    {
      "type": "Feature",
      "properties": {
        "node_id": 747,
        "region": "cheongna",
        "region_name": "청라국제업무지구",
        "station_name": "양천향교",
        "line_name": "서울9호선",
        "travel_seconds": 1909.0,
        "travel_minutes": 31.8,
        "cutoff_minutes": 60,
        "node_category": "60분 도달 노드",
        "is_seed_station": false,
        "layer_type": "rail_node",
        "layer_label_ko": "철도 노드",
        "selected_time_minutes": 60
      },
      "geometry": {
        "type": "Point",
        "coordinates": [
          126.8420157775171,
          37.56805245046624
        ]
      }
    },
    {
      "type": "Feature",
      "properties": {
        "node_id": 576,
        "region": "cheongna",
        "region_name": "청라국제업무지구",
        "station_name": "우장산",
        "line_name": "서울5호선",
        "travel_seconds": 1880.0,
        "travel_minutes": 31.3,
        "cutoff_minutes": 60,
        "node_category": "60분 도달 노드",
        "is_seed_station": false,
        "layer_type": "rail_node",
        "layer_label_ko": "철도 노드",
        "selected_time_minutes": 60
      },
      "geometry": {
        "type": "Point",
        "coordinates": [
          126.8363169327808,
          37.548747315039726
        ]
      }
    },
    {
      "type": "Feature",
      "properties": {
        "node_id": 270,
        "region": "cheongna",
        "region_name": "청라국제업무지구",
        "station_name": "갈산",
        "line_name": "인천1호선",
        "travel_seconds": 1950.0,
        "travel_minutes": 32.5,
        "cutoff_minutes": 60,
        "node_category": "60분 도달 노드",
        "is_seed_station": false,
        "layer_type": "rail_node",
        "layer_label_ko": "철도 노드",
        "selected_time_minutes": 60
      },
      "geometry": {
        "type": "Point",
        "coordinates": [
          126.7214954402828,
          37.51653681232342
        ]
      }
    },
    {
      "type": "Feature",
      "properties": {
        "node_id": 577,
        "region": "cheongna",
        "region_name": "청라국제업무지구",
        "station_name": "화곡",
        "line_name": "서울5호선",
        "travel_seconds": 1990.0,
        "travel_minutes": 33.2,
        "cutoff_minutes": 60,
        "node_category": "60분 도달 노드",
        "is_seed_station": false,
        "layer_type": "rail_node",
        "layer_label_ko": "철도 노드",
        "selected_time_minutes": 60
      },
      "geometry": {
        "type": "Point",
        "coordinates": [
          126.8404140019446,
          37.54165781085848
        ]
      }
    },
    {
      "type": "Feature",
      "properties": {
        "node_id": 873,
        "region": "cheongna",
        "region_name": "청라국제업무지구",
        "station_name": "염창",
        "line_name": "서울9호선급행",
        "travel_seconds": 2125.0,
        "travel_minutes": 35.4,
        "cutoff_minutes": 60,
        "node_category": "60분 도달 노드",
        "is_seed_station": false,
        "layer_type": "rail_node",
        "layer_label_ko": "철도 노드",
        "selected_time_minutes": 60
      },
      "geometry": {
        "type": "Point",
        "coordinates": [
          126.8749622945185,
          37.54716168877678
        ]
      }
    },
    {
      "type": "Feature",
      "properties": {
        "node_id": 748,
        "region": "cheongna",
        "region_name": "청라국제업무지구",
        "station_name": "가양",
        "line_name": "서울9호선",
        "travel_seconds": 2063.0,
        "travel_minutes": 34.4,
        "cutoff_minutes": 60,
        "node_category": "60분 도달 노드",
        "is_seed_station": false,
        "layer_type": "rail_node",
        "layer_label_ko": "철도 노드",
        "selected_time_minutes": 60
      },
      "geometry": {
        "type": "Point",
        "coordinates": [
          126.854303019782,
          37.56148680626476
        ]
      }
    },
    {
      "type": "Feature",
      "properties": {
        "node_id": 297,
        "region": "cheongna",
        "region_name": "청라국제업무지구",
        "station_name": "주안국가산단",
        "line_name": "인천2호선",
        "travel_seconds": 2046.0,
        "travel_minutes": 34.1,
        "cutoff_minutes": 60,
        "node_category": "60분 도달 노드",
        "is_seed_station": false,
        "layer_type": "rail_node",
        "layer_label_ko": "철도 노드",
        "selected_time_minutes": 60
      },
      "geometry": {
        "type": "Point",
        "coordinates": [
          126.68134286624142,
          37.474120642777365
        ]
      }
    },
    {
      "type": "Feature",
      "properties": {
        "node_id": 319,
        "region": "cheongna",
        "region_name": "청라국제업무지구",
        "station_name": "홍대입구",
        "line_name": "공항철도",
        "travel_seconds": 2160.0,
        "travel_minutes": 36.0,
        "cutoff_minutes": 60,
        "node_category": "60분 도달 노드",
        "is_seed_station": false,
        "layer_type": "rail_node",
        "layer_label_ko": "철도 노드",
        "selected_time_minutes": 60
      },
      "geometry": {
        "type": "Point",
        "coordinates": [
          126.92695147389503,
          37.557317050855794
        ]
      }
    },
    {
      "type": "Feature",
      "properties": {
        "node_id": 89,
        "region": "cheongna",
        "region_name": "청라국제업무지구",
        "station_name": "디지털미디어시티",
        "line_name": "경의중앙선",
        "travel_seconds": 2750.0,
        "travel_minutes": 45.8,
        "cutoff_minutes": 60,
        "node_category": "60분 도달 노드",
        "is_seed_station": false,
        "layer_type": "rail_node",
        "layer_label_ko": "철도 노드",
        "selected_time_minutes": 60
      },
      "geometry": {
        "type": "Point",
        "coordinates": [
          126.9005259914071,
          37.57753397231289
        ]
      }
    },
    {
      "type": "Feature",
      "properties": {
        "node_id": 634,
        "region": "cheongna",
        "region_name": "청라국제업무지구",
        "station_name": "디지털미디어시티",
        "line_name": "서울6호선",
        "travel_seconds": 2490.0,
        "travel_minutes": 41.5,
        "cutoff_minutes": 60,
        "node_category": "60분 도달 노드",
        "is_seed_station": false,
        "layer_type": "rail_node",
        "layer_label_ko": "철도 노드",
        "selected_time_minutes": 60
      },
      "geometry": {
        "type": "Point",
        "coordinates": [
          126.90129073921773,
          37.57604372561953
        ]
      }
    },
    {
      "type": "Feature",
      "properties": {
        "node_id": 269,
        "region": "cheongna",
        "region_name": "청라국제업무지구",
        "station_name": "부평구청",
        "line_name": "인천1호선",
        "travel_seconds": 2070.0,
        "travel_minutes": 34.5,
        "cutoff_minutes": 60,
        "node_category": "60분 도달 노드",
        "is_seed_station": false,
        "layer_type": "rail_node",
        "layer_label_ko": "철도 노드",
        "selected_time_minutes": 60
      },
      "geometry": {
        "type": "Point",
        "coordinates": [
          126.72059366122198,
          37.5083918997868
        ]
      }
    },
    {
      "type": "Feature",
      "properties": {
        "node_id": 41,
        "region": "cheongna",
        "region_name": "청라국제업무지구",
        "station_name": "부천종합운동장",
        "line_name": "서해선",
        "travel_seconds": 2178.0,
        "travel_minutes": 36.3,
        "cutoff_minutes": 60,
        "node_category": "60분 도달 노드",
        "is_seed_station": false,
        "layer_type": "rail_node",
        "layer_label_ko": "철도 노드",
        "selected_time_minutes": 60
      },
      "geometry": {
        "type": "Point",
        "coordinates": [
          126.79727113029573,
          37.504760062681896
        ]
      }
    },
    {
      "type": "Feature",
      "properties": {
        "node_id": 666,
        "region": "cheongna",
        "region_name": "청라국제업무지구",
        "station_name": "산곡",
        "line_name": "서울7호선",
        "travel_seconds": 2216.0,
        "travel_minutes": 36.9,
        "cutoff_minutes": 60,
        "node_category": "60분 도달 노드",
        "is_seed_station": false,
        "layer_type": "rail_node",
        "layer_label_ko": "철도 노드",
        "selected_time_minutes": 60
      },
      "geometry": {
        "type": "Point",
        "coordinates": [
          126.70353819286909,
          37.50860477209053
        ]
      }
    },
    {
      "type": "Feature",
      "properties": {
        "node_id": 578,
        "region": "cheongna",
        "region_name": "청라국제업무지구",
        "station_name": "까치산",
        "line_name": "서울5호선",
        "travel_seconds": 2100.0,
        "travel_minutes": 35.0,
        "cutoff_minutes": 60,
        "node_category": "60분 도달 노드",
        "is_seed_station": false,
        "layer_type": "rail_node",
        "layer_label_ko": "철도 노드",
        "selected_time_minutes": 60
      },
      "geometry": {
        "type": "Point",
        "coordinates": [
          126.84651361784616,
          37.53210052233123
        ]
      }
    },
    {
      "type": "Feature",
      "properties": {
        "node_id": 211,
        "region": "cheongna",
        "region_name": "청라국제업무지구",
        "station_name": "사우",
        "line_name": "김포도시철도",
        "travel_seconds": 2134.0,
        "travel_minutes": 35.6,
        "cutoff_minutes": 60,
        "node_category": "60분 도달 노드",
        "is_seed_station": false,
        "layer_type": "rail_node",
        "layer_label_ko": "철도 노드",
        "selected_time_minutes": 60
      },
      "geometry": {
        "type": "Point",
        "coordinates": [
          126.71973108688408,
          37.62037626803394
        ]
      }
    },
    {
      "type": "Feature",
      "properties": {
        "node_id": 298,
        "region": "cheongna",
        "region_name": "청라국제업무지구",
        "station_name": "주안",
        "line_name": "인천2호선",
        "travel_seconds": 2151.0,
        "travel_minutes": 35.9,
        "cutoff_minutes": 60,
        "node_category": "60분 도달 노드",
        "is_seed_station": false,
        "layer_type": "rail_node",
        "layer_label_ko": "철도 노드",
        "selected_time_minutes": 60
      },
      "geometry": {
        "type": "Point",
        "coordinates": [
          126.67904146198127,
          37.46520810885331
        ]
      }
    },
    {
      "type": "Feature",
      "properties": {
        "node_id": 749,
        "region": "cheongna",
        "region_name": "청라국제업무지구",
        "station_name": "증미",
        "line_name": "서울9호선",
        "travel_seconds": 2188.0,
        "travel_minutes": 36.5,
        "cutoff_minutes": 60,
        "node_category": "60분 도달 노드",
        "is_seed_station": false,
        "layer_type": "rail_node",
        "layer_label_ko": "철도 노드",
        "selected_time_minutes": 60
      },
      "geometry": {
        "type": "Point",
        "coordinates": [
          126.86067178777202,
          37.558090125876944
        ]
      }
    },
    {
      "type": "Feature",
      "properties": {
        "node_id": 268,
        "region": "cheongna",
        "region_name": "청라국제업무지구",
        "station_name": "부평시장",
        "line_name": "인천1호선",
        "travel_seconds": 2190.0,
        "travel_minutes": 36.5,
        "cutoff_minutes": 60,
        "node_category": "60분 도달 노드",
        "is_seed_station": false,
        "layer_type": "rail_node",
        "layer_label_ko": "철도 노드",
        "selected_time_minutes": 60
      },
      "geometry": {
        "type": "Point",
        "coordinates": [
          126.72229174839819,
          37.49856707228955
        ]
      }
    },
    {
      "type": "Feature",
      "properties": {
        "node_id": 667,
        "region": "cheongna",
        "region_name": "청라국제업무지구",
        "station_name": "부평구청",
        "line_name": "서울7호선",
        "travel_seconds": 2370.0,
        "travel_minutes": 39.5,
        "cutoff_minutes": 60,
        "node_category": "60분 도달 노드",
        "is_seed_station": false,
        "layer_type": "rail_node",
        "layer_label_ko": "철도 노드",
        "selected_time_minutes": 60
      },
      "geometry": {
        "type": "Point",
        "coordinates": [
          126.72149607943093,
          37.507449312980775
        ]
      }
    },
    {
      "type": "Feature",
      "properties": {
        "node_id": 579,
        "region": "cheongna",
        "region_name": "청라국제업무지구",
        "station_name": "신정",
        "line_name": "서울5호선",
        "travel_seconds": 2230.0,
        "travel_minutes": 37.2,
        "cutoff_minutes": 60,
        "node_category": "60분 도달 노드",
        "is_seed_station": false,
        "layer_type": "rail_node",
        "layer_label_ko": "철도 노드",
        "selected_time_minutes": 60
      },
      "geometry": {
        "type": "Point",
        "coordinates": [
          126.85620191335539,
          37.52504354734238
        ]
      }
    },
    {
      "type": "Feature",
      "properties": {
        "node_id": 466,
        "region": "cheongna",
        "region_name": "청라국제업무지구",
        "station_name": "까치산",
        "line_name": "서울2호선",
        "travel_seconds": 2280.0,
        "travel_minutes": 38.0,
        "cutoff_minutes": 60,
        "node_category": "60분 도달 노드",
        "is_seed_station": false,
        "layer_type": "rail_node",
        "layer_label_ko": "철도 노드",
        "selected_time_minutes": 60
      },
      "geometry": {
        "type": "Point",
        "coordinates": [
          126.84688932629948,
          37.53139310583104
        ]
      }
    },
    {
      "type": "Feature",
      "properties": {
        "node_id": 874,
        "region": "cheongna",
        "region_name": "청라국제업무지구",
        "station_name": "당산",
        "line_name": "서울9호선급행",
        "travel_seconds": 2375.0,
        "travel_minutes": 39.6,
        "cutoff_minutes": 60,
        "node_category": "60분 도달 노드",
        "is_seed_station": false,
        "layer_type": "rail_node",
        "layer_label_ko": "철도 노드",
        "selected_time_minutes": 60
      },
      "geometry": {
        "type": "Point",
        "coordinates": [
          126.902466324419,
          37.53384922383786
        ]
      }
    },
    {
      "type": "Feature",
      "properties": {
        "node_id": 751,
        "region": "cheongna",
        "region_name": "청라국제업무지구",
        "station_name": "염창",
        "line_name": "서울9호선",
        "travel_seconds": 2405.0,
        "travel_minutes": 40.1,
        "cutoff_minutes": 60,
        "node_category": "60분 도달 노드",
        "is_seed_station": false,
        "layer_type": "rail_node",
        "layer_label_ko": "철도 노드",
        "selected_time_minutes": 60
      },
      "geometry": {
        "type": "Point",
        "coordinates": [
          126.87498009352137,
          37.546981979865684
        ]
      }
    },
    {
      "type": "Feature",
      "properties": {
        "node_id": 210,
        "region": "cheongna",
        "region_name": "청라국제업무지구",
        "station_name": "걸포북변",
        "line_name": "김포도시철도",
        "travel_seconds": 2278.0,
        "travel_minutes": 38.0,
        "cutoff_minutes": 60,
        "node_category": "60분 도달 노드",
        "is_seed_station": false,
        "layer_type": "rail_node",
        "layer_label_ko": "철도 노드",
        "selected_time_minutes": 60
      },
      "geometry": {
        "type": "Point",
        "coordinates": [
          126.70572379136777,
          37.63169635332964
        ]
      }
    },
    {
      "type": "Feature",
      "properties": {
        "node_id": 299,
        "region": "cheongna",
        "region_name": "청라국제업무지구",
        "station_name": "시민공원",
        "line_name": "인천2호선",
        "travel_seconds": 2279.0,
        "travel_minutes": 38.0,
        "cutoff_minutes": 60,
        "node_category": "60분 도달 노드",
        "is_seed_station": false,
        "layer_type": "rail_node",
        "layer_label_ko": "철도 노드",
        "selected_time_minutes": 60
      },
      "geometry": {
        "type": "Point",
        "coordinates": [
          126.68135256454076,
          37.45837139895639
        ]
      }
    },
    {
      "type": "Feature",
      "properties": {
        "node_id": 327,
        "region": "cheongna",
        "region_name": "청라국제업무지구",
        "station_name": "주안",
        "line_name": "서울1호선",
        "travel_seconds": 2421.0,
        "travel_minutes": 40.4,
        "cutoff_minutes": 60,
        "node_category": "60분 도달 노드",
        "is_seed_station": false,
        "layer_type": "rail_node",
        "layer_label_ko": "철도 노드",
        "selected_time_minutes": 60
      },
      "geometry": {
        "type": "Point",
        "coordinates": [
          126.6797000747699,
          37.4651008886979
        ]
      }
    },
    {
      "type": "Feature",
      "properties": {
        "node_id": 320,
        "region": "cheongna",
        "region_name": "청라국제업무지구",
        "station_name": "공덕",
        "line_name": "공항철도",
        "travel_seconds": 2340.0,
        "travel_minutes": 39.0,
        "cutoff_minutes": 60,
        "node_category": "60분 도달 노드",
        "is_seed_station": false,
        "layer_type": "rail_node",
        "layer_label_ko": "철도 노드",
        "selected_time_minutes": 60
      },
      "geometry": {
        "type": "Point",
        "coordinates": [
          126.95205478825476,
          37.54255858636423
        ]
      }
    },
    {
      "type": "Feature",
      "properties": {
        "node_id": 428,
        "region": "cheongna",
        "region_name": "청라국제업무지구",
        "station_name": "홍대입구",
        "line_name": "서울2호선",
        "travel_seconds": 2610.0,
        "travel_minutes": 43.5,
        "cutoff_minutes": 60,
        "node_category": "60분 도달 노드",
        "is_seed_station": false,
        "layer_type": "rail_node",
        "layer_label_ko": "철도 노드",
        "selected_time_minutes": 60
      },
      "geometry": {
        "type": "Point",
        "coordinates": [
          126.92388306336497,
          37.55690592242897
        ]
      }
    },
    {
      "type": "Feature",
      "properties": {
        "node_id": 91,
        "region": "cheongna",
        "region_name": "청라국제업무지구",
        "station_name": "홍대입구",
        "line_name": "경의중앙선",
        "travel_seconds": 2690.0,
        "travel_minutes": 44.8,
        "cutoff_minutes": 60,
        "node_category": "60분 도달 노드",
        "is_seed_station": false,
        "layer_type": "rail_node",
        "layer_label_ko": "철도 노드",
        "selected_time_minutes": 60
      },
      "geometry": {
        "type": "Point",
        "coordinates": [
          126.92711676704472,
          37.55749659897202
        ]
      }
    },
    {
      "type": "Feature",
      "properties": {
        "node_id": 42,
        "region": "cheongna",
        "region_name": "청라국제업무지구",
        "station_name": "소사",
        "line_name": "서해선",
        "travel_seconds": 2399.0,
        "travel_minutes": 40.0,
        "cutoff_minutes": 60,
        "node_category": "60분 도달 노드",
        "is_seed_station": false,
        "layer_type": "rail_node",
        "layer_label_ko": "철도 노드",
        "selected_time_minutes": 60
      },
      "geometry": {
        "type": "Point",
        "coordinates": [
          126.795147953885,
          37.48250639878709
        ]
      }
    },
    {
      "type": "Feature",
      "properties": {
        "node_id": 674,
        "region": "cheongna",
        "region_name": "청라국제업무지구",
        "station_name": "부천종합운동장",
        "line_name": "서울7호선",
        "travel_seconds": 2568.0,
        "travel_minutes": 42.8,
        "cutoff_minutes": 60,
        "node_category": "60분 도달 노드",
        "is_seed_station": false,
        "layer_type": "rail_node",
        "layer_label_ko": "철도 노드",
        "selected_time_minutes": 60
      },
      "geometry": {
        "type": "Point",
        "coordinates": [
          126.79743581627416,
          37.5054449943336
        ]
      }
    },
    {
      "type": "Feature",
      "properties": {
        "node_id": 750,
        "region": "cheongna",
        "region_name": "청라국제업무지구",
        "station_name": "등촌",
        "line_name": "서울9호선",
        "travel_seconds": 2306.0,
        "travel_minutes": 38.4,
        "cutoff_minutes": 60,
        "node_category": "60분 도달 노드",
        "is_seed_station": false,
        "layer_type": "rail_node",
        "layer_label_ko": "철도 노드",
        "selected_time_minutes": 60
      },
      "geometry": {
        "type": "Point",
        "coordinates": [
          126.86550156090728,
          37.55075581457467
        ]
      }
    },
    {
      "type": "Feature",
      "properties": {
        "node_id": 267,
        "region": "cheongna",
        "region_name": "청라국제업무지구",
        "station_name": "부평",
        "line_name": "인천1호선",
        "travel_seconds": 2280.0,
        "travel_minutes": 38.0,
        "cutoff_minutes": 60,
        "node_category": "60분 도달 노드",
        "is_seed_station": false,
        "layer_type": "rail_node",
        "layer_label_ko": "철도 노드",
        "selected_time_minutes": 60
      },
      "geometry": {
        "type": "Point",
        "coordinates": [
          126.72346336795734,
          37.49026798553393
        ]
      }
    },
    {
      "type": "Feature",
      "properties": {
        "node_id": 37,
        "region": "cheongna",
        "region_name": "청라국제업무지구",
        "station_name": "대곡",
        "line_name": "서해선",
        "travel_seconds": 2364.0,
        "travel_minutes": 39.4,
        "cutoff_minutes": 60,
        "node_category": "60분 도달 노드",
        "is_seed_station": false,
        "layer_type": "rail_node",
        "layer_label_ko": "철도 노드",
        "selected_time_minutes": 60
      },
      "geometry": {
        "type": "Point",
        "coordinates": [
          126.80971694247033,
          37.6315193723656
        ]
      }
    },
    {
      "type": "Feature",
      "properties": {
        "node_id": 84,
        "region": "cheongna",
        "region_name": "청라국제업무지구",
        "station_name": "능곡",
        "line_name": "경의중앙선",
        "travel_seconds": 2718.0,
        "travel_minutes": 45.3,
        "cutoff_minutes": 60,
        "node_category": "60분 도달 노드",
        "is_seed_station": false,
        "layer_type": "rail_node",
        "layer_label_ko": "철도 노드",
        "selected_time_minutes": 60
      },
      "geometry": {
        "type": "Point",
        "coordinates": [
          126.82036468715025,
          37.61908610559208
        ]
      }
    },
    {
      "type": "Feature",
      "properties": {
        "node_id": 580,
        "region": "cheongna",
        "region_name": "청라국제업무지구",
        "station_name": "목동",
        "line_name": "서울5호선",
        "travel_seconds": 2320.0,
        "travel_minutes": 38.7,
        "cutoff_minutes": 60,
        "node_category": "60분 도달 노드",
        "is_seed_station": false,
        "layer_type": "rail_node",
        "layer_label_ko": "철도 노드",
        "selected_time_minutes": 60
      },
      "geometry": {
        "type": "Point",
        "coordinates": [
          126.86443578150646,
          37.526155260627085
        ]
      }
    },
    {
      "type": "Feature",
      "properties": {
        "node_id": 209,
        "region": "cheongna",
        "region_name": "청라국제업무지구",
        "station_name": "운양",
        "line_name": "김포도시철도",
        "travel_seconds": 2521.0,
        "travel_minutes": 42.0,
        "cutoff_minutes": 60,
        "node_category": "60분 도달 노드",
        "is_seed_station": false,
        "layer_type": "rail_node",
        "layer_label_ko": "철도 노드",
        "selected_time_minutes": 60
      },
      "geometry": {
        "type": "Point",
        "coordinates": [
          126.68384356183019,
          37.65389444858727
        ]
      }
    },
    {
      "type": "Feature",
      "properties": {
        "node_id": 300,
        "region": "cheongna",
        "region_name": "청라국제업무지구",
        "station_name": "석바위시장",
        "line_name": "인천2호선",
        "travel_seconds": 2385.0,
        "travel_minutes": 39.8,
        "cutoff_minutes": 60,
        "node_category": "60분 도달 노드",
        "is_seed_station": false,
        "layer_type": "rail_node",
        "layer_label_ko": "철도 노드",
        "selected_time_minutes": 60
      },
      "geometry": {
        "type": "Point",
        "coordinates": [
          126.69229588881241,
          37.45767327417982
        ]
      }
    },
    {
      "type": "Feature",
      "properties": {
        "node_id": 266,
        "region": "cheongna",
        "region_name": "청라국제업무지구",
        "station_name": "동수",
        "line_name": "인천1호선",
        "travel_seconds": 2400.0,
        "travel_minutes": 40.0,
        "cutoff_minutes": 60,
        "node_category": "60분 도달 노드",
        "is_seed_station": false,
        "layer_type": "rail_node",
        "layer_label_ko": "철도 노드",
        "selected_time_minutes": 60
      },
      "geometry": {
        "type": "Point",
        "coordinates": [
          126.71805638940498,
          37.48522482649379
        ]
      }
    },
    {
      "type": "Feature",
      "properties": {
        "node_id": 331,
        "region": "cheongna",
        "region_name": "청라국제업무지구",
        "station_name": "부평",
        "line_name": "서울1호선",
        "travel_seconds": 2630.0,
        "travel_minutes": 43.8,
        "cutoff_minutes": 60,
        "node_category": "60분 도달 노드",
        "is_seed_station": false,
        "layer_type": "rail_node",
        "layer_label_ko": "철도 노드",
        "selected_time_minutes": 60
      },
      "geometry": {
        "type": "Point",
        "coordinates": [
          126.724244649599,
          37.48947790546712
        ]
      }
    },
    {
      "type": "Feature",
      "properties": {
        "node_id": 467,
        "region": "cheongna",
        "region_name": "청라국제업무지구",
        "station_name": "신정네거리",
        "line_name": "서울2호선",
        "travel_seconds": 2430.0,
        "travel_minutes": 40.5,
        "cutoff_minutes": 60,
        "node_category": "60분 도달 노드",
        "is_seed_station": false,
        "layer_type": "rail_node",
        "layer_label_ko": "철도 노드",
        "selected_time_minutes": 60
      },
      "geometry": {
        "type": "Point",
        "coordinates": [
          126.85291351093805,
          37.520192023600785
        ]
      }
    },
    {
      "type": "Feature",
      "properties": {
        "node_id": 581,
        "region": "cheongna",
        "region_name": "청라국제업무지구",
        "station_name": "오목교",
        "line_name": "서울5호선",
        "travel_seconds": 2430.0,
        "travel_minutes": 40.5,
        "cutoff_minutes": 60,
        "node_category": "60분 도달 노드",
        "is_seed_station": false,
        "layer_type": "rail_node",
        "layer_label_ko": "철도 노드",
        "selected_time_minutes": 60
      },
      "geometry": {
        "type": "Point",
        "coordinates": [
          126.8753826483211,
          37.52451070152889
        ]
      }
    },
    {
      "type": "Feature",
      "properties": {
        "node_id": 321,
        "region": "cheongna",
        "region_name": "청라국제업무지구",
        "station_name": "서울역",
        "line_name": "공항철도",
        "travel_seconds": 2580.0,
        "travel_minutes": 43.0,
        "cutoff_minutes": 60,
        "node_category": "60분 도달 노드",
        "is_seed_station": false,
        "layer_type": "rail_node",
        "layer_label_ko": "철도 노드",
        "selected_time_minutes": 60
      },
      "geometry": {
        "type": "Point",
        "coordinates": [
          126.96970726119267,
          37.55330002448569
        ]
      }
    },
    {
      "type": "Feature",
      "properties": {
        "node_id": 642,
        "region": "cheongna",
        "region_name": "청라국제업무지구",
        "station_name": "공덕",
        "line_name": "서울6호선",
        "travel_seconds": 2700.0,
        "travel_minutes": 45.0,
        "cutoff_minutes": 60,
        "node_category": "60분 도달 노드",
        "is_seed_station": false,
        "layer_type": "rail_node",
        "layer_label_ko": "철도 노드",
        "selected_time_minutes": 60
      },
      "geometry": {
        "type": "Point",
        "coordinates": [
          126.95187542572617,
          37.543538926785246
        ]
      }
    },
    {
      "type": "Feature",
      "properties": {
        "node_id": 589,
        "region": "cheongna",
        "region_name": "청라국제업무지구",
        "station_name": "공덕",
        "line_name": "서울5호선",
        "travel_seconds": 2700.0,
        "travel_minutes": 45.0,
        "cutoff_minutes": 60,
        "node_category": "60분 도달 노드",
        "is_seed_station": false,
        "layer_type": "rail_node",
        "layer_label_ko": "철도 노드",
        "selected_time_minutes": 60
      },
      "geometry": {
        "type": "Point",
        "coordinates": [
          126.9515833956623,
          37.54470897326544
        ]
      }
    },
    {
      "type": "Feature",
      "properties": {
        "node_id": 93,
        "region": "cheongna",
        "region_name": "청라국제업무지구",
        "station_name": "공덕",
        "line_name": "경의중앙선",
        "travel_seconds": 2890.0,
        "travel_minutes": 48.2,
        "cutoff_minutes": 60,
        "node_category": "60분 도달 노드",
        "is_seed_station": false,
        "layer_type": "rail_node",
        "layer_label_ko": "철도 노드",
        "selected_time_minutes": 60
      },
      "geometry": {
        "type": "Point",
        "coordinates": [
          126.95215967146095,
          37.54273218618415
        ]
      }
    },
    {
      "type": "Feature",
      "properties": {
        "node_id": 887,
        "region": "cheongna",
        "region_name": "청라국제업무지구",
        "station_name": "곡산",
        "line_name": "서해선",
        "travel_seconds": 2514.0,
        "travel_minutes": 41.9,
        "cutoff_minutes": 60,
        "node_category": "60분 도달 노드",
        "is_seed_station": false,
        "layer_type": "rail_node",
        "layer_label_ko": "철도 노드",
        "selected_time_minutes": 60
      },
      "geometry": {
        "type": "Point",
        "coordinates": [
          126.80139412367497,
          37.64578782708321
        ]
      }
    },
    {
      "type": "Feature",
      "properties": {
        "node_id": 480,
        "region": "cheongna",
        "region_name": "청라국제업무지구",
        "station_name": "대곡",
        "line_name": "서울3호선",
        "travel_seconds": 2784.0,
        "travel_minutes": 46.4,
        "cutoff_minutes": 60,
        "node_category": "60분 도달 노드",
        "is_seed_station": false,
        "layer_type": "rail_node",
        "layer_label_ko": "철도 노드",
        "selected_time_minutes": 60
      },
      "geometry": {
        "type": "Point",
        "coordinates": [
          126.81105546232916,
          37.63169523083422
        ]
      }
    },
    {
      "type": "Feature",
      "properties": {
        "node_id": 83,
        "region": "cheongna",
        "region_name": "청라국제업무지구",
        "station_name": "대곡",
        "line_name": "경의중앙선",
        "travel_seconds": 2898.0,
        "travel_minutes": 48.3,
        "cutoff_minutes": 60,
        "node_category": "60분 도달 노드",
        "is_seed_station": false,
        "layer_type": "rail_node",
        "layer_label_ko": "철도 노드",
        "selected_time_minutes": 60
      },
      "geometry": {
        "type": "Point",
        "coordinates": [
          126.80987271359281,
          37.63191815759094
        ]
      }
    },
    {
      "type": "Feature",
      "properties": {
        "node_id": 668,
        "region": "cheongna",
        "region_name": "청라국제업무지구",
        "station_name": "굴포천",
        "line_name": "서울7호선",
        "travel_seconds": 2480.0,
        "travel_minutes": 41.3,
        "cutoff_minutes": 60,
        "node_category": "60분 도달 노드",
        "is_seed_station": false,
        "layer_type": "rail_node",
        "layer_label_ko": "철도 노드",
        "selected_time_minutes": 60
      },
      "geometry": {
        "type": "Point",
        "coordinates": [
          126.73134986134868,
          37.50701940610915
        ]
      }
    },
    {
      "type": "Feature",
      "properties": {
        "node_id": 875,
        "region": "cheongna",
        "region_name": "청라국제업무지구",
        "station_name": "여의도",
        "line_name": "서울9호선급행",
        "travel_seconds": 2595.0,
        "travel_minutes": 43.2,
        "cutoff_minutes": 60,
        "node_category": "60분 도달 노드",
        "is_seed_station": false,
        "layer_type": "rail_node",
        "layer_label_ko": "철도 노드",
        "selected_time_minutes": 60
      },
      "geometry": {
        "type": "Point",
        "coordinates": [
          126.92455402440211,
          37.52158959075807
        ]
      }
    },
    {
      "type": "Feature",
      "properties": {
        "node_id": 430,
        "region": "cheongna",
        "region_name": "청라국제업무지구",
        "station_name": "당산",
        "line_name": "서울2호선",
        "travel_seconds": 2665.0,
        "travel_minutes": 44.4,
        "cutoff_minutes": 60,
        "node_category": "60분 도달 노드",
        "is_seed_station": false,
        "layer_type": "rail_node",
        "layer_label_ko": "철도 노드",
        "selected_time_minutes": 60
      },
      "geometry": {
        "type": "Point",
        "coordinates": [
          126.90261694589547,
          37.53479411348953
        ]
      }
    },
    {
      "type": "Feature",
      "properties": {
        "node_id": 754,
        "region": "cheongna",
        "region_name": "청라국제업무지구",
        "station_name": "당산",
        "line_name": "서울9호선",
        "travel_seconds": 2655.0,
        "travel_minutes": 44.2,
        "cutoff_minutes": 60,
        "node_category": "60분 도달 노드",
        "is_seed_station": false,
        "layer_type": "rail_node",
        "layer_label_ko": "철도 노드",
        "selected_time_minutes": 60
      },
      "geometry": {
        "type": "Point",
        "coordinates": [
          126.9023567546022,
          37.53369148410551
        ]
      }
    },
    {
      "type": "Feature",
      "properties": {
        "node_id": 301,
        "region": "cheongna",
        "region_name": "청라국제업무지구",
        "station_name": "인천시청",
        "line_name": "인천2호선",
        "travel_seconds": 2479.0,
        "travel_minutes": 41.3,
        "cutoff_minutes": 60,
        "node_category": "60분 도달 노드",
        "is_seed_station": false,
        "layer_type": "rail_node",
        "layer_label_ko": "철도 노드",
        "selected_time_minutes": 60
      },
      "geometry": {
        "type": "Point",
        "coordinates": [
          126.70108624120871,
          37.45691712736556
        ]
      }
    },
    {
      "type": "Feature",
      "properties": {
        "node_id": 43,
        "region": "cheongna",
        "region_name": "청라국제업무지구",
        "station_name": "소새울",
        "line_name": "서해선",
        "travel_seconds": 2546.0,
        "travel_minutes": 42.4,
        "cutoff_minutes": 60,
        "node_category": "60분 도달 노드",
        "is_seed_station": false,
        "layer_type": "rail_node",
        "layer_label_ko": "철도 노드",
        "selected_time_minutes": 60
      },
      "geometry": {
        "type": "Point",
        "coordinates": [
          126.79712236126383,
          37.468709790988314
        ]
      }
    },
    {
      "type": "Feature",
      "properties": {
        "node_id": 336,
        "region": "cheongna",
        "region_name": "청라국제업무지구",
        "station_name": "소사",
        "line_name": "서울1호선",
        "travel_seconds": 2669.0,
        "travel_minutes": 44.5,
        "cutoff_minutes": 60,
        "node_category": "60분 도달 노드",
        "is_seed_station": false,
        "layer_type": "rail_node",
        "layer_label_ko": "철도 노드",
        "selected_time_minutes": 60
      },
      "geometry": {
        "type": "Point",
        "coordinates": [
          126.79573551872575,
          37.482806510437655
        ]
      }
    },
    {
      "type": "Feature",
      "properties": {
        "node_id": 265,
        "region": "cheongna",
        "region_name": "청라국제업무지구",
        "station_name": "부평삼거리",
        "line_name": "인천1호선",
        "travel_seconds": 2520.0,
        "travel_minutes": 42.0,
        "cutoff_minutes": 60,
        "node_category": "60분 도달 노드",
        "is_seed_station": false,
        "layer_type": "rail_node",
        "layer_label_ko": "철도 노드",
        "selected_time_minutes": 60
      },
      "geometry": {
        "type": "Point",
        "coordinates": [
          126.71032284945542,
          37.477740942504646
        ]
      }
    },
    {
      "type": "Feature",
      "properties": {
        "node_id": 752,
        "region": "cheongna",
        "region_name": "청라국제업무지구",
        "station_name": "신목동",
        "line_name": "서울9호선",
        "travel_seconds": 2520.0,
        "travel_minutes": 42.0,
        "cutoff_minutes": 60,
        "node_category": "60분 도달 노드",
        "is_seed_station": false,
        "layer_type": "rail_node",
        "layer_label_ko": "철도 노드",
        "selected_time_minutes": 60
      },
      "geometry": {
        "type": "Point",
        "coordinates": [
          126.88298686255312,
          37.54446978416588
        ]
      }
    },
    {
      "type": "Feature",
      "properties": {
        "node_id": 326,
        "region": "cheongna",
        "region_name": "청라국제업무지구",
        "station_name": "도화",
        "line_name": "서울1호선",
        "travel_seconds": 2541.0,
        "travel_minutes": 42.4,
        "cutoff_minutes": 60,
        "node_category": "60분 도달 노드",
        "is_seed_station": false,
        "layer_type": "rail_node",
        "layer_label_ko": "철도 노드",
        "selected_time_minutes": 60
      },
      "geometry": {
        "type": "Point",
        "coordinates": [
          126.66814079949802,
          37.46616043462845
        ]
      }
    },
    {
      "type": "Feature",
      "properties": {
        "node_id": 328,
        "region": "cheongna",
        "region_name": "청라국제업무지구",
        "station_name": "간석",
        "line_name": "서울1호선",
        "travel_seconds": 2541.0,
        "travel_minutes": 42.4,
        "cutoff_minutes": 60,
        "node_category": "60분 도달 노드",
        "is_seed_station": false,
        "layer_type": "rail_node",
        "layer_label_ko": "철도 노드",
        "selected_time_minutes": 60
      },
      "geometry": {
        "type": "Point",
        "coordinates": [
          126.69356900354457,
          37.464716323179005
        ]
      }
    },
    {
      "type": "Feature",
      "properties": {
        "node_id": 468,
        "region": "cheongna",
        "region_name": "청라국제업무지구",
        "station_name": "양천구청",
        "line_name": "서울2호선",
        "travel_seconds": 2580.0,
        "travel_minutes": 43.0,
        "cutoff_minutes": 60,
        "node_category": "60분 도달 노드",
        "is_seed_station": false,
        "layer_type": "rail_node",
        "layer_label_ko": "철도 노드",
        "selected_time_minutes": 60
      },
      "geometry": {
        "type": "Point",
        "coordinates": [
          126.86591341861687,
          37.512451192515734
        ]
      }
    },
    {
      "type": "Feature",
      "properties": {
        "node_id": 582,
        "region": "cheongna",
        "region_name": "청라국제업무지구",
        "station_name": "양평_5호선",
        "line_name": "서울5호선",
        "travel_seconds": 2540.0,
        "travel_minutes": 42.3,
        "cutoff_minutes": 60,
        "node_category": "60분 도달 노드",
        "is_seed_station": false,
        "layer_type": "rail_node",
        "layer_label_ko": "철도 노드",
        "selected_time_minutes": 60
      },
      "geometry": {
        "type": "Point",
        "coordinates": [
          126.88648056471557,
          37.52556503730169
        ]
      }
    },
    {
      "type": "Feature",
      "properties": {
        "node_id": 302,
        "region": "cheongna",
        "region_name": "청라국제업무지구",
        "station_name": "석천사거리",
        "line_name": "인천2호선",
        "travel_seconds": 2586.0,
        "travel_minutes": 43.1,
        "cutoff_minutes": 60,
        "node_category": "60분 도달 노드",
        "is_seed_station": false,
        "layer_type": "rail_node",
        "layer_label_ko": "철도 노드",
        "selected_time_minutes": 60
      },
      "geometry": {
        "type": "Point",
        "coordinates": [
          126.71051013524622,
          37.456792161429625
        ]
      }
    },
    {
      "type": "Feature",
      "properties": {
        "node_id": 263,
        "region": "cheongna",
        "region_name": "청라국제업무지구",
        "station_name": "인천시청",
        "line_name": "인천1호선",
        "travel_seconds": 2820.0,
        "travel_minutes": 47.0,
        "cutoff_minutes": 60,
        "node_category": "60분 도달 노드",
        "is_seed_station": false,
        "layer_type": "rail_node",
        "layer_label_ko": "철도 노드",
        "selected_time_minutes": 60
      },
      "geometry": {
        "type": "Point",
        "coordinates": [
          126.70224317163908,
          37.457548722665294
        ]
      }
    },
    {
      "type": "Feature",
      "properties": {
        "node_id": 669,
        "region": "cheongna",
        "region_name": "청라국제업무지구",
        "station_name": "삼산체육관",
        "line_name": "서울7호선",
        "travel_seconds": 2580.0,
        "travel_minutes": 43.0,
        "cutoff_minutes": 60,
        "node_category": "60분 도달 노드",
        "is_seed_station": false,
        "layer_type": "rail_node",
        "layer_label_ko": "철도 노드",
        "selected_time_minutes": 60
      },
      "geometry": {
        "type": "Point",
        "coordinates": [
          126.74145722772775,
          37.50650008965022
        ]
      }
    },
    {
      "type": "Feature",
      "properties": {
        "node_id": 635,
        "region": "cheongna",
        "region_name": "청라국제업무지구",
        "station_name": "월드컵경기장",
        "line_name": "서울6호선",
        "travel_seconds": 2610.0,
        "travel_minutes": 43.5,
        "cutoff_minutes": 60,
        "node_category": "60분 도달 노드",
        "is_seed_station": false,
        "layer_type": "rail_node",
        "layer_label_ko": "철도 노드",
        "selected_time_minutes": 60
      },
      "geometry": {
        "type": "Point",
        "coordinates": [
          126.89906444681453,
          37.569592247612064
        ]
      }
    },
    {
      "type": "Feature",
      "properties": {
        "node_id": 633,
        "region": "cheongna",
        "region_name": "청라국제업무지구",
        "station_name": "증산",
        "line_name": "서울6호선",
        "travel_seconds": 2600.0,
        "travel_minutes": 43.3,
        "cutoff_minutes": 60,
        "node_category": "60분 도달 노드",
        "is_seed_station": false,
        "layer_type": "rail_node",
        "layer_label_ko": "철도 노드",
        "selected_time_minutes": 60
      },
      "geometry": {
        "type": "Point",
        "coordinates": [
          126.90953013634258,
          37.583775585482485
        ]
      }
    },
    {
      "type": "Feature",
      "properties": {
        "node_id": 888,
        "region": "cheongna",
        "region_name": "청라국제업무지구",
        "station_name": "백마",
        "line_name": "서해선",
        "travel_seconds": 2664.0,
        "travel_minutes": 44.4,
        "cutoff_minutes": 60,
        "node_category": "60분 도달 노드",
        "is_seed_station": false,
        "layer_type": "rail_node",
        "layer_label_ko": "철도 노드",
        "selected_time_minutes": 60
      },
      "geometry": {
        "type": "Point",
        "coordinates": [
          126.79435739331409,
          37.657904782863056
        ]
      }
    },
    {
      "type": "Feature",
      "properties": {
        "node_id": 264,
        "region": "cheongna",
        "region_name": "청라국제업무지구",
        "station_name": "간석오거리",
        "line_name": "인천1호선",
        "travel_seconds": 2640.0,
        "travel_minutes": 44.0,
        "cutoff_minutes": 60,
        "node_category": "60분 도달 노드",
        "is_seed_station": false,
        "layer_type": "rail_node",
        "layer_label_ko": "철도 노드",
        "selected_time_minutes": 60
      },
      "geometry": {
        "type": "Point",
        "coordinates": [
          126.70792072130922,
          37.467085419817316
        ]
      }
    },
    {
      "type": "Feature",
      "properties": {
        "node_id": 753,
        "region": "cheongna",
        "region_name": "청라국제업무지구",
        "station_name": "선유도",
        "line_name": "서울9호선",
        "travel_seconds": 2647.0,
        "travel_minutes": 44.1,
        "cutoff_minutes": 60,
        "node_category": "60분 도달 노드",
        "is_seed_station": false,
        "layer_type": "rail_node",
        "layer_label_ko": "철도 노드",
        "selected_time_minutes": 60
      },
      "geometry": {
        "type": "Point",
        "coordinates": [
          126.89345483013855,
          37.53804675795846
        ]
      }
    },
    {
      "type": "Feature",
      "properties": {
        "node_id": 208,
        "region": "cheongna",
        "region_name": "청라국제업무지구",
        "station_name": "장기",
        "line_name": "김포도시철도",
        "travel_seconds": 2661.0,
        "travel_minutes": 44.4,
        "cutoff_minutes": 60,
        "node_category": "60분 도달 노드",
        "is_seed_station": false,
        "layer_type": "rail_node",
        "layer_label_ko": "철도 노드",
        "selected_time_minutes": 60
      },
      "geometry": {
        "type": "Point",
        "coordinates": [
          126.66895416557216,
          37.64407146103788
        ]
      }
    },
    {
      "type": "Feature",
      "properties": {
        "node_id": 583,
        "region": "cheongna",
        "region_name": "청라국제업무지구",
        "station_name": "영등포구청",
        "line_name": "서울5호선",
        "travel_seconds": 2630.0,
        "travel_minutes": 43.8,
        "cutoff_minutes": 60,
        "node_category": "60분 도달 노드",
        "is_seed_station": false,
        "layer_type": "rail_node",
        "layer_label_ko": "철도 노드",
        "selected_time_minutes": 60
      },
      "geometry": {
        "type": "Point",
        "coordinates": [
          126.89540693655124,
          37.52419188727966
        ]
      }
    },
    {
      "type": "Feature",
      "properties": {
        "node_id": 325,
        "region": "cheongna",
        "region_name": "청라국제업무지구",
        "station_name": "제물포",
        "line_name": "서울1호선",
        "travel_seconds": 2661.0,
        "travel_minutes": 44.4,
        "cutoff_minutes": 60,
        "node_category": "60분 도달 노드",
        "is_seed_station": false,
        "layer_type": "rail_node",
        "layer_label_ko": "철도 노드",
        "selected_time_minutes": 60
      },
      "geometry": {
        "type": "Point",
        "coordinates": [
          126.65699535452084,
          37.46681041751595
        ]
      }
    },
    {
      "type": "Feature",
      "properties": {
        "node_id": 329,
        "region": "cheongna",
        "region_name": "청라국제업무지구",
        "station_name": "동암",
        "line_name": "서울1호선",
        "travel_seconds": 2691.0,
        "travel_minutes": 44.9,
        "cutoff_minutes": 60,
        "node_category": "60분 도달 노드",
        "is_seed_station": false,
        "layer_type": "rail_node",
        "layer_label_ko": "철도 노드",
        "selected_time_minutes": 60
      },
      "geometry": {
        "type": "Point",
        "coordinates": [
          126.70284451295541,
          37.47056680373955
        ]
      }
    },
    {
      "type": "Feature",
      "properties": {
        "node_id": 44,
        "region": "cheongna",
        "region_name": "청라국제업무지구",
        "station_name": "시흥대야",
        "line_name": "서해선",
        "travel_seconds": 2739.0,
        "travel_minutes": 45.6,
        "cutoff_minutes": 60,
        "node_category": "60분 도달 노드",
        "is_seed_station": false,
        "layer_type": "rail_node",
        "layer_label_ko": "철도 노드",
        "selected_time_minutes": 60
      },
      "geometry": {
        "type": "Point",
        "coordinates": [
          126.79300147213583,
          37.450124885738
        ]
      }
    },
    {
      "type": "Feature",
      "properties": {
        "node_id": 675,
        "region": "cheongna",
        "region_name": "청라국제업무지구",
        "station_name": "까치울",
        "line_name": "서울7호선",
        "travel_seconds": 2688.0,
        "travel_minutes": 44.8,
        "cutoff_minutes": 60,
        "node_category": "60분 도달 노드",
        "is_seed_station": false,
        "layer_type": "rail_node",
        "layer_label_ko": "철도 노드",
        "selected_time_minutes": 60
      },
      "geometry": {
        "type": "Point",
        "coordinates": [
          126.81119913841704,
          37.506232901186856
        ]
      }
    },
    {
      "type": "Feature",
      "properties": {
        "node_id": 673,
        "region": "cheongna",
        "region_name": "청라국제업무지구",
        "station_name": "춘의",
        "line_name": "서울7호선",
        "travel_seconds": 2678.0,
        "travel_minutes": 44.6,
        "cutoff_minutes": 60,
        "node_category": "60분 도달 노드",
        "is_seed_station": false,
        "layer_type": "rail_node",
        "layer_label_ko": "철도 노드",
        "selected_time_minutes": 60
      },
      "geometry": {
        "type": "Point",
        "coordinates": [
          126.78711463368981,
          37.5037357343269
        ]
      }
    },
    {
      "type": "Feature",
      "properties": {
        "node_id": 549,
        "region": "cheongna",
        "region_name": "청라국제업무지구",
        "station_name": "서울역",
        "line_name": "서울4호선",
        "travel_seconds": 3120.0,
        "travel_minutes": 52.0,
        "cutoff_minutes": 60,
        "node_category": "60분 도달 노드",
        "is_seed_station": false,
        "layer_type": "rail_node",
        "layer_label_ko": "철도 노드",
        "selected_time_minutes": 60
      },
      "geometry": {
        "type": "Point",
        "coordinates": [
          126.9725798587494,
          37.552889041018354
        ]
      }
    },
    {
      "type": "Feature",
      "properties": {
        "node_id": 350,
        "region": "cheongna",
        "region_name": "청라국제업무지구",
        "station_name": "서울역",
        "line_name": "서울1호선",
        "travel_seconds": 3220.0,
        "travel_minutes": 53.7,
        "cutoff_minutes": 60,
        "node_category": "60분 도달 노드",
        "is_seed_station": false,
        "layer_type": "rail_node",
        "layer_label_ko": "철도 노드",
        "selected_time_minutes": 60
      },
      "geometry": {
        "type": "Point",
        "coordinates": [
          126.97205498738727,
          37.55599100229629
        ]
      }
    },
    {
      "type": "Feature",
      "properties": {
        "node_id": 125,
        "region": "cheongna",
        "region_name": "청라국제업무지구",
        "station_name": "서울역",
        "line_name": "경의중앙선",
        "travel_seconds": 3570.0,
        "travel_minutes": 59.5,
        "cutoff_minutes": 60,
        "node_category": "60분 도달 노드",
        "is_seed_station": false,
        "layer_type": "rail_node",
        "layer_label_ko": "철도 노드",
        "selected_time_minutes": 60
      },
      "geometry": {
        "type": "Point",
        "coordinates": [
          126.97132310033219,
          37.55680561965095
        ]
      }
    },
    {
      "type": "Feature",
      "properties": {
        "node_id": 469,
        "region": "cheongna",
        "region_name": "청라국제업무지구",
        "station_name": "도림천",
        "line_name": "서울2호선",
        "travel_seconds": 2760.0,
        "travel_minutes": 46.0,
        "cutoff_minutes": 60,
        "node_category": "60분 도달 노드",
        "is_seed_station": false,
        "layer_type": "rail_node",
        "layer_label_ko": "철도 노드",
        "selected_time_minutes": 60
      },
      "geometry": {
        "type": "Point",
        "coordinates": [
          126.88264545062373,
          37.514487452876146
        ]
      }
    },
    {
      "type": "Feature",
      "properties": {
        "node_id": 670,
        "region": "cheongna",
        "region_name": "청라국제업무지구",
        "station_name": "상동(지하)",
        "line_name": "서울7호선",
        "travel_seconds": 2690.0,
        "travel_minutes": 44.8,
        "cutoff_minutes": 60,
        "node_category": "60분 도달 노드",
        "is_seed_station": false,
        "layer_type": "rail_node",
        "layer_label_ko": "철도 노드",
        "selected_time_minutes": 60
      },
      "geometry": {
        "type": "Point",
        "coordinates": [
          126.75316485649894,
          37.5058188076642
        ]
      }
    },
    {
      "type": "Feature",
      "properties": {
        "node_id": 303,
        "region": "cheongna",
        "region_name": "청라국제업무지구",
        "station_name": "모래내시장",
        "line_name": "인천2호선",
        "travel_seconds": 2683.0,
        "travel_minutes": 44.7,
        "cutoff_minutes": 60,
        "node_category": "60분 도달 노드",
        "is_seed_station": false,
        "layer_type": "rail_node",
        "layer_label_ko": "철도 노드",
        "selected_time_minutes": 60
      },
      "geometry": {
        "type": "Point",
        "coordinates": [
          126.71948159160158,
          37.45587247535443
        ]
      }
    },
    {
      "type": "Feature",
      "properties": {
        "node_id": 876,
        "region": "cheongna",
        "region_name": "청라국제업무지구",
        "station_name": "노량진",
        "line_name": "서울9호선급행",
        "travel_seconds": 2790.0,
        "travel_minutes": 46.5,
        "cutoff_minutes": 60,
        "node_category": "60분 도달 노드",
        "is_seed_station": false,
        "layer_type": "rail_node",
        "layer_label_ko": "철도 노드",
        "selected_time_minutes": 60
      },
      "geometry": {
        "type": "Point",
        "coordinates": [
          126.94090950679447,
          37.51374810573692
        ]
      }
    },
    {
      "type": "Feature",
      "properties": {
        "node_id": 756,
        "region": "cheongna",
        "region_name": "청라국제업무지구",
        "station_name": "여의도",
        "line_name": "서울9호선",
        "travel_seconds": 2875.0,
        "travel_minutes": 47.9,
        "cutoff_minutes": 60,
        "node_category": "60분 도달 노드",
        "is_seed_station": false,
        "layer_type": "rail_node",
        "layer_label_ko": "철도 노드",
        "selected_time_minutes": 60
      },
      "geometry": {
        "type": "Point",
        "coordinates": [
          126.92437714675651,
          37.52147712051884
        ]
      }
    },
    {
      "type": "Feature",
      "properties": {
        "node_id": 586,
        "region": "cheongna",
        "region_name": "청라국제업무지구",
        "station_name": "여의도",
        "line_name": "서울5호선",
        "travel_seconds": 2865.0,
        "travel_minutes": 47.8,
        "cutoff_minutes": 60,
        "node_category": "60분 도달 노드",
        "is_seed_station": false,
        "layer_type": "rail_node",
        "layer_label_ko": "철도 노드",
        "selected_time_minutes": 60
      },
      "geometry": {
        "type": "Point",
        "coordinates": [
          126.92459047309863,
          37.52187648529448
        ]
      }
    },
    {
      "type": "Feature",
      "properties": {
        "node_id": 632,
        "region": "cheongna",
        "region_name": "청라국제업무지구",
        "station_name": "새절",
        "line_name": "서울6호선",
        "travel_seconds": 2710.0,
        "travel_minutes": 45.2,
        "cutoff_minutes": 60,
        "node_category": "60분 도달 노드",
        "is_seed_station": false,
        "layer_type": "rail_node",
        "layer_label_ko": "철도 노드",
        "selected_time_minutes": 60
      },
      "geometry": {
        "type": "Point",
        "coordinates": [
          126.91358993350879,
          37.59083692979173
        ]
      }
    },
    {
      "type": "Feature",
      "properties": {
        "node_id": 429,
        "region": "cheongna",
        "region_name": "청라국제업무지구",
        "station_name": "합정",
        "line_name": "서울2호선",
        "travel_seconds": 2730.0,
        "travel_minutes": 45.5,
        "cutoff_minutes": 60,
        "node_category": "60분 도달 노드",
        "is_seed_station": false,
        "layer_type": "rail_node",
        "layer_label_ko": "철도 노드",
        "selected_time_minutes": 60
      },
      "geometry": {
        "type": "Point",
        "coordinates": [
          126.91445817881906,
          37.54996227477751
        ]
      }
    },
    {
      "type": "Feature",
      "properties": {
        "node_id": 427,
        "region": "cheongna",
        "region_name": "청라국제업무지구",
        "station_name": "신촌",
        "line_name": "서울2호선",
        "travel_seconds": 2790.0,
        "travel_minutes": 46.5,
        "cutoff_minutes": 60,
        "node_category": "60분 도달 노드",
        "is_seed_station": false,
        "layer_type": "rail_node",
        "layer_label_ko": "철도 노드",
        "selected_time_minutes": 60
      },
      "geometry": {
        "type": "Point",
        "coordinates": [
          126.93680339463694,
          37.555191688674775
        ]
      }
    },
    {
      "type": "Feature",
      "properties": {
        "node_id": 636,
        "region": "cheongna",
        "region_name": "청라국제업무지구",
        "station_name": "마포구청",
        "line_name": "서울6호선",
        "travel_seconds": 2710.0,
        "travel_minutes": 45.2,
        "cutoff_minutes": 60,
        "node_category": "60분 도달 노드",
        "is_seed_station": false,
        "layer_type": "rail_node",
        "layer_label_ko": "철도 노드",
        "selected_time_minutes": 60
      },
      "geometry": {
        "type": "Point",
        "coordinates": [
          126.90330689680026,
          37.56363639749388
        ]
      }
    },
    {
      "type": "Feature",
      "properties": {
        "node_id": 332,
        "region": "cheongna",
        "region_name": "청라국제업무지구",
        "station_name": "부개",
        "line_name": "서울1호선",
        "travel_seconds": 2780.0,
        "travel_minutes": 46.3,
        "cutoff_minutes": 60,
        "node_category": "60분 도달 노드",
        "is_seed_station": false,
        "layer_type": "rail_node",
        "layer_label_ko": "철도 노드",
        "selected_time_minutes": 60
      },
      "geometry": {
        "type": "Point",
        "coordinates": [
          126.74062233824068,
          37.488559510224306
        ]
      }
    },
    {
      "type": "Feature",
      "properties": {
        "node_id": 330,
        "region": "cheongna",
        "region_name": "청라국제업무지구",
        "station_name": "백운",
        "line_name": "서울1호선",
        "travel_seconds": 2780.0,
        "travel_minutes": 46.3,
        "cutoff_minutes": 60,
        "node_category": "60분 도달 노드",
        "is_seed_station": false,
        "layer_type": "rail_node",
        "layer_label_ko": "철도 노드",
        "selected_time_minutes": 60
      },
      "geometry": {
        "type": "Point",
        "coordinates": [
          126.70692552464301,
          37.48299691688588
        ]
      }
    },
    {
      "type": "Feature",
      "properties": {
        "node_id": 584,
        "region": "cheongna",
        "region_name": "청라국제업무지구",
        "station_name": "영등포시장",
        "line_name": "서울5호선",
        "travel_seconds": 2740.0,
        "travel_minutes": 45.7,
        "cutoff_minutes": 60,
        "node_category": "60분 도달 노드",
        "is_seed_station": false,
        "layer_type": "rail_node",
        "layer_label_ko": "철도 노드",
        "selected_time_minutes": 60
      },
      "geometry": {
        "type": "Point",
        "coordinates": [
          126.90511351400251,
          37.52269057657752
        ]
      }
    },
    {
      "type": "Feature",
      "properties": {
        "node_id": 431,
        "region": "cheongna",
        "region_name": "청라국제업무지구",
        "station_name": "영등포구청",
        "line_name": "서울2호선",
        "travel_seconds": 2785.0,
        "travel_minutes": 46.4,
        "cutoff_minutes": 60,
        "node_category": "60분 도달 노드",
        "is_seed_station": false,
        "layer_type": "rail_node",
        "layer_label_ko": "철도 노드",
        "selected_time_minutes": 60
      },
      "geometry": {
        "type": "Point",
        "coordinates": [
          126.89664443529787,
          37.52579535365977
        ]
      }
    },
    {
      "type": "Feature",
      "properties": {
        "node_id": 755,
        "region": "cheongna",
        "region_name": "청라국제업무지구",
        "station_name": "국회의사당",
        "line_name": "서울9호선",
        "travel_seconds": 2807.0,
        "travel_minutes": 46.8,
        "cutoff_minutes": 60,
        "node_category": "60분 도달 노드",
        "is_seed_station": false,
        "layer_type": "rail_node",
        "layer_label_ko": "철도 노드",
        "selected_time_minutes": 60
      },
      "geometry": {
        "type": "Point",
        "coordinates": [
          126.91744560355306,
          37.52849815032641
        ]
      }
    },
    {
      "type": "Feature",
      "properties": {
        "node_id": 207,
        "region": "cheongna",
        "region_name": "청라국제업무지구",
        "station_name": "마산",
        "line_name": "김포도시철도",
        "travel_seconds": 2856.0,
        "travel_minutes": 47.6,
        "cutoff_minutes": 60,
        "node_category": "60분 도달 노드",
        "is_seed_station": false,
        "layer_type": "rail_node",
        "layer_label_ko": "철도 노드",
        "selected_time_minutes": 60
      },
      "geometry": {
        "type": "Point",
        "coordinates": [
          126.6439651680995,
          37.64064776612532
        ]
      }
    },
    {
      "type": "Feature",
      "properties": {
        "node_id": 324,
        "region": "cheongna",
        "region_name": "청라국제업무지구",
        "station_name": "도원",
        "line_name": "서울1호선",
        "travel_seconds": 2781.0,
        "travel_minutes": 46.4,
        "cutoff_minutes": 60,
        "node_category": "60분 도달 노드",
        "is_seed_station": false,
        "layer_type": "rail_node",
        "layer_label_ko": "철도 노드",
        "selected_time_minutes": 60
      },
      "geometry": {
        "type": "Point",
        "coordinates": [
          126.64267713207076,
          37.468515478288595
        ]
      }
    },
    {
      "type": "Feature",
      "properties": {
        "node_id": 889,
        "region": "cheongna",
        "region_name": "청라국제업무지구",
        "station_name": "풍산",
        "line_name": "서해선",
        "travel_seconds": 2814.0,
        "travel_minutes": 46.9,
        "cutoff_minutes": 60,
        "node_category": "60분 도달 노드",
        "is_seed_station": false,
        "layer_type": "rail_node",
        "layer_label_ko": "철도 노드",
        "selected_time_minutes": 60
      },
      "geometry": {
        "type": "Point",
        "coordinates": [
          126.78589639631913,
          37.67226905800128
        ]
      }
    },
    {
      "type": "Feature",
      "properties": {
        "node_id": 337,
        "region": "cheongna",
        "region_name": "청라국제업무지구",
        "station_name": "역곡",
        "line_name": "서울1호선",
        "travel_seconds": 2819.0,
        "travel_minutes": 47.0,
        "cutoff_minutes": 60,
        "node_category": "60분 도달 노드",
        "is_seed_station": false,
        "layer_type": "rail_node",
        "layer_label_ko": "철도 노드",
        "selected_time_minutes": 60
      },
      "geometry": {
        "type": "Point",
        "coordinates": [
          126.81199512929619,
          37.485287986503074
        ]
      }
    },
    {
      "type": "Feature",
      "properties": {
        "node_id": 335,
        "region": "cheongna",
        "region_name": "청라국제업무지구",
        "station_name": "부천",
        "line_name": "서울1호선",
        "travel_seconds": 2789.0,
        "travel_minutes": 46.5,
        "cutoff_minutes": 60,
        "node_category": "60분 도달 노드",
        "is_seed_station": false,
        "layer_type": "rail_node",
        "layer_label_ko": "철도 노드",
        "selected_time_minutes": 60
      },
      "geometry": {
        "type": "Point",
        "coordinates": [
          126.78267629629937,
          37.48400472407767
        ]
      }
    },
    {
      "type": "Feature",
      "properties": {
        "node_id": 672,
        "region": "cheongna",
        "region_name": "청라국제업무지구",
        "station_name": "신중동",
        "line_name": "서울7호선",
        "travel_seconds": 2788.0,
        "travel_minutes": 46.5,
        "cutoff_minutes": 60,
        "node_category": "60분 도달 노드",
        "is_seed_station": false,
        "layer_type": "rail_node",
        "layer_label_ko": "철도 노드",
        "selected_time_minutes": 60
      },
      "geometry": {
        "type": "Point",
        "coordinates": [
          126.77680231029922,
          37.50295602606586
        ]
      }
    },
    {
      "type": "Feature",
      "properties": {
        "node_id": 304,
        "region": "cheongna",
        "region_name": "청라국제업무지구",
        "station_name": "만수",
        "line_name": "인천2호선",
        "travel_seconds": 2790.0,
        "travel_minutes": 46.5,
        "cutoff_minutes": 60,
        "node_category": "60분 도달 노드",
        "is_seed_station": false,
        "layer_type": "rail_node",
        "layer_label_ko": "철도 노드",
        "selected_time_minutes": 60
      },
      "geometry": {
        "type": "Point",
        "coordinates": [
          126.73177667950613,
          37.45497708565143
        ]
      }
    },
    {
      "type": "Feature",
      "properties": {
        "node_id": 676,
        "region": "cheongna",
        "region_name": "청라국제업무지구",
        "station_name": "온수",
        "line_name": "서울7호선",
        "travel_seconds": 2868.0,
        "travel_minutes": 47.8,
        "cutoff_minutes": 60,
        "node_category": "60분 도달 노드",
        "is_seed_station": false,
        "layer_type": "rail_node",
        "layer_label_ko": "철도 노드",
        "selected_time_minutes": 60
      },
      "geometry": {
        "type": "Point",
        "coordinates": [
          126.82335359502365,
          37.492056832541195
        ]
      }
    },
    {
      "type": "Feature",
      "properties": {
        "node_id": 90,
        "region": "cheongna",
        "region_name": "청라국제업무지구",
        "station_name": "가좌",
        "line_name": "경의중앙선",
        "travel_seconds": 2810.0,
        "travel_minutes": 46.8,
        "cutoff_minutes": 60,
        "node_category": "60분 도달 노드",
        "is_seed_station": false,
        "layer_type": "rail_node",
        "layer_label_ko": "철도 노드",
        "selected_time_minutes": 60
      },
      "geometry": {
        "type": "Point",
        "coordinates": [
          126.91482473163855,
          37.568868297150466
        ]
      }
    },
    {
      "type": "Feature",
      "properties": {
        "node_id": 92,
        "region": "cheongna",
        "region_name": "청라국제업무지구",
        "station_name": "서강대",
        "line_name": "경의중앙선",
        "travel_seconds": 2810.0,
        "travel_minutes": 46.8,
        "cutoff_minutes": 60,
        "node_category": "60분 도달 노드",
        "is_seed_station": false,
        "layer_type": "rail_node",
        "layer_label_ko": "철도 노드",
        "selected_time_minutes": 60
      },
      "geometry": {
        "type": "Point",
        "coordinates": [
          126.93523354466528,
          37.55233183205827
        ]
      }
    },
    {
      "type": "Feature",
      "properties": {
        "node_id": 671,
        "region": "cheongna",
        "region_name": "청라국제업무지구",
        "station_name": "부천시청",
        "line_name": "서울7호선",
        "travel_seconds": 2790.0,
        "travel_minutes": 46.5,
        "cutoff_minutes": 60,
        "node_category": "60분 도달 노드",
        "is_seed_station": false,
        "layer_type": "rail_node",
        "layer_label_ko": "철도 노드",
        "selected_time_minutes": 60
      },
      "geometry": {
        "type": "Point",
        "coordinates": [
          126.76405955738444,
          37.5046277377068
        ]
      }
    },
    {
      "type": "Feature",
      "properties": {
        "node_id": 590,
        "region": "cheongna",
        "region_name": "청라국제업무지구",
        "station_name": "애오개",
        "line_name": "서울5호선",
        "travel_seconds": 2820.0,
        "travel_minutes": 47.0,
        "cutoff_minutes": 60,
        "node_category": "60분 도달 노드",
        "is_seed_station": false,
        "layer_type": "rail_node",
        "layer_label_ko": "철도 노드",
        "selected_time_minutes": 60
      },
      "geometry": {
        "type": "Point",
        "coordinates": [
          126.9566727086522,
          37.55341644480951
        ]
      }
    },
    {
      "type": "Feature",
      "properties": {
        "node_id": 588,
        "region": "cheongna",
        "region_name": "청라국제업무지구",
        "station_name": "마포",
        "line_name": "서울5호선",
        "travel_seconds": 2800.0,
        "travel_minutes": 46.7,
        "cutoff_minutes": 60,
        "node_category": "60분 도달 노드",
        "is_seed_station": false,
        "layer_type": "rail_node",
        "layer_label_ko": "철도 노드",
        "selected_time_minutes": 60
      },
      "geometry": {
        "type": "Point",
        "coordinates": [
          126.94591379139105,
          37.53960844051463
        ]
      }
    },
    {
      "type": "Feature",
      "properties": {
        "node_id": 643,
        "region": "cheongna",
        "region_name": "청라국제업무지구",
        "station_name": "효창공원앞",
        "line_name": "서울6호선",
        "travel_seconds": 2820.0,
        "travel_minutes": 47.0,
        "cutoff_minutes": 60,
        "node_category": "60분 도달 노드",
        "is_seed_station": false,
        "layer_type": "rail_node",
        "layer_label_ko": "철도 노드",
        "selected_time_minutes": 60
      },
      "geometry": {
        "type": "Point",
        "coordinates": [
          126.96134445964933,
          37.539278690543526
        ]
      }
    },
    {
      "type": "Feature",
      "properties": {
        "node_id": 641,
        "region": "cheongna",
        "region_name": "청라국제업무지구",
        "station_name": "대흥",
        "line_name": "서울6호선",
        "travel_seconds": 2810.0,
        "travel_minutes": 46.8,
        "cutoff_minutes": 60,
        "node_category": "60분 도달 노드",
        "is_seed_station": false,
        "layer_type": "rail_node",
        "layer_label_ko": "철도 노드",
        "selected_time_minutes": 60
      },
      "geometry": {
        "type": "Point",
        "coordinates": [
          126.94246069813816,
          37.54764706476496
        ]
      }
    },
    {
      "type": "Feature",
      "properties": {
        "node_id": 631,
        "region": "cheongna",
        "region_name": "청라국제업무지구",
        "station_name": "응암",
        "line_name": "서울6호선",
        "travel_seconds": 2810.0,
        "travel_minutes": 46.8,
        "cutoff_minutes": 60,
        "node_category": "60분 도달 노드",
        "is_seed_station": false,
        "layer_type": "rail_node",
        "layer_label_ko": "철도 노드",
        "selected_time_minutes": 60
      },
      "geometry": {
        "type": "Point",
        "coordinates": [
          126.91550893271139,
          37.59838760929528
        ]
      }
    },
    {
      "type": "Feature",
      "properties": {
        "node_id": 637,
        "region": "cheongna",
        "region_name": "청라국제업무지구",
        "station_name": "망원",
        "line_name": "서울6호선",
        "travel_seconds": 2820.0,
        "travel_minutes": 47.0,
        "cutoff_minutes": 60,
        "node_category": "60분 도달 노드",
        "is_seed_station": false,
        "layer_type": "rail_node",
        "layer_label_ko": "철도 노드",
        "selected_time_minutes": 60
      },
      "geometry": {
        "type": "Point",
        "coordinates": [
          126.91026666775417,
          37.55586324966307
        ]
      }
    },
    {
      "type": "Feature",
      "properties": {
        "node_id": 85,
        "region": "cheongna",
        "region_name": "청라국제업무지구",
        "station_name": "행신",
        "line_name": "경의중앙선",
        "travel_seconds": 2838.0,
        "travel_minutes": 47.3,
        "cutoff_minutes": 60,
        "node_category": "60분 도달 노드",
        "is_seed_station": false,
        "layer_type": "rail_node",
        "layer_label_ko": "철도 노드",
        "selected_time_minutes": 60
      },
      "geometry": {
        "type": "Point",
        "coordinates": [
          126.83431676333677,
          37.61210224285794
        ]
      }
    },
    {
      "type": "Feature",
      "properties": {
        "node_id": 638,
        "region": "cheongna",
        "region_name": "청라국제업무지구",
        "station_name": "합정",
        "line_name": "서울6호선",
        "travel_seconds": 2930.0,
        "travel_minutes": 48.8,
        "cutoff_minutes": 60,
        "node_category": "60분 도달 노드",
        "is_seed_station": false,
        "layer_type": "rail_node",
        "layer_label_ko": "철도 노드",
        "selected_time_minutes": 60
      },
      "geometry": {
        "type": "Point",
        "coordinates": [
          126.91337075897056,
          37.54932592537539
        ]
      }
    },
    {
      "type": "Feature",
      "properties": {
        "node_id": 45,
        "region": "cheongna",
        "region_name": "청라국제업무지구",
        "station_name": "신천",
        "line_name": "서해선",
        "travel_seconds": 2870.0,
        "travel_minutes": 47.8,
        "cutoff_minutes": 60,
        "node_category": "60분 도달 노드",
        "is_seed_station": false,
        "layer_type": "rail_node",
        "layer_label_ko": "철도 노드",
        "selected_time_minutes": 60
      },
      "geometry": {
        "type": "Point",
        "coordinates": [
          126.78662490342217,
          37.4390226021833
        ]
      }
    },
    {
      "type": "Feature",
      "properties": {
        "node_id": 585,
        "region": "cheongna",
        "region_name": "청라국제업무지구",
        "station_name": "신길",
        "line_name": "서울5호선",
        "travel_seconds": 2850.0,
        "travel_minutes": 47.5,
        "cutoff_minutes": 60,
        "node_category": "60분 도달 노드",
        "is_seed_station": false,
        "layer_type": "rail_node",
        "layer_label_ko": "철도 노드",
        "selected_time_minutes": 60
      },
      "geometry": {
        "type": "Point",
        "coordinates": [
          126.91489053013655,
          37.51767870939144
        ]
      }
    },
    {
      "type": "Feature",
      "properties": {
        "node_id": 88,
        "region": "cheongna",
        "region_name": "청라국제업무지구",
        "station_name": "수색",
        "line_name": "경의중앙선",
        "travel_seconds": 2870.0,
        "travel_minutes": 47.8,
        "cutoff_minutes": 60,
        "node_category": "60분 도달 노드",
        "is_seed_station": false,
        "layer_type": "rail_node",
        "layer_label_ko": "철도 노드",
        "selected_time_minutes": 60
      },
      "geometry": {
        "type": "Point",
        "coordinates": [
          126.89548394903996,
          37.580959550149295
        ]
      }
    },
    {
      "type": "Feature",
      "properties": {
        "node_id": 470,
        "region": "cheongna",
        "region_name": "청라국제업무지구",
        "station_name": "신도림",
        "line_name": "서울2호선",
        "travel_seconds": 2880.0,
        "travel_minutes": 48.0,
        "cutoff_minutes": 60,
        "node_category": "60분 도달 노드",
        "is_seed_station": false,
        "layer_type": "rail_node",
        "layer_label_ko": "철도 노드",
        "selected_time_minutes": 60
      },
      "geometry": {
        "type": "Point",
        "coordinates": [
          126.89135209736028,
          37.508482578746765
        ]
      }
    },
    {
      "type": "Feature",
      "properties": {
        "node_id": 333,
        "region": "cheongna",
        "region_name": "청라국제업무지구",
        "station_name": "송내",
        "line_name": "서울1호선",
        "travel_seconds": 2900.0,
        "travel_minutes": 48.3,
        "cutoff_minutes": 60,
        "node_category": "60분 도달 노드",
        "is_seed_station": false,
        "layer_type": "rail_node",
        "layer_label_ko": "철도 노드",
        "selected_time_minutes": 60
      },
      "geometry": {
        "type": "Point",
        "coordinates": [
          126.75311484445696,
          37.4877227038449
        ]
      }
    },
    {
      "type": "Feature",
      "properties": {
        "node_id": 323,
        "region": "cheongna",
        "region_name": "청라국제업무지구",
        "station_name": "동인천",
        "line_name": "서울1호선",
        "travel_seconds": 2901.0,
        "travel_minutes": 48.4,
        "cutoff_minutes": 60,
        "node_category": "60분 도달 노드",
        "is_seed_station": false,
        "layer_type": "rail_node",
        "layer_label_ko": "철도 노드",
        "selected_time_minutes": 60
      },
      "geometry": {
        "type": "Point",
        "coordinates": [
          126.63256802696127,
          37.47548971928754
        ]
      }
    },
    {
      "type": "Feature",
      "properties": {
        "node_id": 481,
        "region": "cheongna",
        "region_name": "청라국제업무지구",
        "station_name": "화정",
        "line_name": "서울3호선",
        "travel_seconds": 2964.0,
        "travel_minutes": 49.4,
        "cutoff_minutes": 60,
        "node_category": "60분 도달 노드",
        "is_seed_station": false,
        "layer_type": "rail_node",
        "layer_label_ko": "철도 노드",
        "selected_time_minutes": 60
      },
      "geometry": {
        "type": "Point",
        "coordinates": [
          126.832718472829,
          37.634599063024275
        ]
      }
    },
    {
      "type": "Feature",
      "properties": {
        "node_id": 479,
        "region": "cheongna",
        "region_name": "청라국제업무지구",
        "station_name": "백석",
        "line_name": "서울3호선",
        "travel_seconds": 2994.0,
        "travel_minutes": 49.9,
        "cutoff_minutes": 60,
        "node_category": "60분 도달 노드",
        "is_seed_station": false,
        "layer_type": "rail_node",
        "layer_label_ko": "철도 노드",
        "selected_time_minutes": 60
      },
      "geometry": {
        "type": "Point",
        "coordinates": [
          126.78799615103276,
          37.64306023472994
        ]
      }
    },
    {
      "type": "Feature",
      "properties": {
        "node_id": 432,
        "region": "cheongna",
        "region_name": "청라국제업무지구",
        "station_name": "문래",
        "line_name": "서울2호선",
        "travel_seconds": 2875.0,
        "travel_minutes": 47.9,
        "cutoff_minutes": 60,
        "node_category": "60분 도달 노드",
        "is_seed_station": false,
        "layer_type": "rail_node",
        "layer_label_ko": "철도 노드",
        "selected_time_minutes": 60
      },
      "geometry": {
        "type": "Point",
        "coordinates": [
          126.8948748555422,
          37.518260755852666
        ]
      }
    },
    {
      "type": "Feature",
      "properties": {
        "node_id": 334,
        "region": "cheongna",
        "region_name": "청라국제업무지구",
        "station_name": "중동",
        "line_name": "서울1호선",
        "travel_seconds": 2939.0,
        "travel_minutes": 49.0,
        "cutoff_minutes": 60,
        "node_category": "60분 도달 노드",
        "is_seed_station": false,
        "layer_type": "rail_node",
        "layer_label_ko": "철도 노드",
        "selected_time_minutes": 60
      },
      "geometry": {
        "type": "Point",
        "coordinates": [
          126.76453769855881,
          37.4867224831341
        ]
      }
    },
    {
      "type": "Feature",
      "properties": {
        "node_id": 305,
        "region": "cheongna",
        "region_name": "청라국제업무지구",
        "station_name": "남동구청",
        "line_name": "인천2호선",
        "travel_seconds": 2951.0,
        "travel_minutes": 49.2,
        "cutoff_minutes": 60,
        "node_category": "60분 도달 노드",
        "is_seed_station": false,
        "layer_type": "rail_node",
        "layer_label_ko": "철도 노드",
        "selected_time_minutes": 60
      },
      "geometry": {
        "type": "Point",
        "coordinates": [
          126.7366371412752,
          37.448175839541726
        ]
      }
    },
    {
      "type": "Feature",
      "properties": {
        "node_id": 426,
        "region": "cheongna",
        "region_name": "청라국제업무지구",
        "station_name": "이대",
        "line_name": "서울2호선",
        "travel_seconds": 2880.0,
        "travel_minutes": 48.0,
        "cutoff_minutes": 60,
        "node_category": "60분 도달 노드",
        "is_seed_station": false,
        "layer_type": "rail_node",
        "layer_label_ko": "철도 노드",
        "selected_time_minutes": 60
      },
      "geometry": {
        "type": "Point",
        "coordinates": [
          126.94590072885495,
          37.556748942205715
        ]
      }
    },
    {
      "type": "Feature",
      "properties": {
        "node_id": 877,
        "region": "cheongna",
        "region_name": "청라국제업무지구",
        "station_name": "동작",
        "line_name": "서울9호선급행",
        "travel_seconds": 3055.0,
        "travel_minutes": 50.9,
        "cutoff_minutes": 60,
        "node_category": "60분 도달 노드",
        "is_seed_station": false,
        "layer_type": "rail_node",
        "layer_label_ko": "철도 노드",
        "selected_time_minutes": 60
      },
      "geometry": {
        "type": "Point",
        "coordinates": [
          126.97859082781919,
          37.502936332057935
        ]
      }
    },
    {
      "type": "Feature",
      "properties": {
        "node_id": 347,
        "region": "cheongna",
        "region_name": "청라국제업무지구",
        "station_name": "노량진",
        "line_name": "서울1호선",
        "travel_seconds": 3050.0,
        "travel_minutes": 50.8,
        "cutoff_minutes": 60,
        "node_category": "60분 도달 노드",
        "is_seed_station": false,
        "layer_type": "rail_node",
        "layer_label_ko": "철도 노드",
        "selected_time_minutes": 60
      },
      "geometry": {
        "type": "Point",
        "coordinates": [
          126.94212727274434,
          37.51403929133789
        ]
      }
    },
    {
      "type": "Feature",
      "properties": {
        "node_id": 758,
        "region": "cheongna",
        "region_name": "청라국제업무지구",
        "station_name": "노량진",
        "line_name": "서울9호선",
        "travel_seconds": 3070.0,
        "travel_minutes": 51.2,
        "cutoff_minutes": 60,
        "node_category": "60분 도달 노드",
        "is_seed_station": false,
        "layer_type": "rail_node",
        "layer_label_ko": "철도 노드",
        "selected_time_minutes": 60
      },
      "geometry": {
        "type": "Point",
        "coordinates": [
          126.94093021413612,
          37.51356859610538
        ]
      }
    },
    {
      "type": "Feature",
      "properties": {
        "node_id": 587,
        "region": "cheongna",
        "region_name": "청라국제업무지구",
        "station_name": "여의나루",
        "line_name": "서울5호선",
        "travel_seconds": 2940.0,
        "travel_minutes": 49.0,
        "cutoff_minutes": 60,
        "node_category": "60분 도달 노드",
        "is_seed_station": false,
        "layer_type": "rail_node",
        "layer_label_ko": "철도 노드",
        "selected_time_minutes": 60
      },
      "geometry": {
        "type": "Point",
        "coordinates": [
          126.9329458250847,
          37.52707871139832
        ]
      }
    },
    {
      "type": "Feature",
      "properties": {
        "node_id": 630,
        "region": "cheongna",
        "region_name": "청라국제업무지구",
        "station_name": "구산",
        "line_name": "서울6호선",
        "travel_seconds": 2960.0,
        "travel_minutes": 49.3,
        "cutoff_minutes": 60,
        "node_category": "60분 도달 노드",
        "is_seed_station": false,
        "layer_type": "rail_node",
        "layer_label_ko": "철도 노드",
        "selected_time_minutes": 60
      },
      "geometry": {
        "type": "Point",
        "coordinates": [
          126.91731396392704,
          37.61125772628649
        ]
      }
    },
    {
      "type": "Feature",
      "properties": {
        "node_id": 626,
        "region": "cheongna",
        "region_name": "청라국제업무지구",
        "station_name": "역촌",
        "line_name": "서울6호선",
        "travel_seconds": 2910.0,
        "travel_minutes": 48.5,
        "cutoff_minutes": 60,
        "node_category": "60분 도달 노드",
        "is_seed_station": false,
        "layer_type": "rail_node",
        "layer_label_ko": "철도 노드",
        "selected_time_minutes": 60
      },
      "geometry": {
        "type": "Point",
        "coordinates": [
          126.92290682752925,
          37.60628390892164
        ]
      }
    },
    {
      "type": "Feature",
      "properties": {
        "node_id": 640,
        "region": "cheongna",
        "region_name": "청라국제업무지구",
        "station_name": "광흥창",
        "line_name": "서울6호선",
        "travel_seconds": 2930.0,
        "travel_minutes": 48.8,
        "cutoff_minutes": 60,
        "node_category": "60분 도달 노드",
        "is_seed_station": false,
        "layer_type": "rail_node",
        "layer_label_ko": "철도 노드",
        "selected_time_minutes": 60
      },
      "geometry": {
        "type": "Point",
        "coordinates": [
          126.93194527061114,
          37.547438145098894
        ]
      }
    },
    {
      "type": "Feature",
      "properties": {
        "node_id": 890,
        "region": "cheongna",
        "region_name": "청라국제업무지구",
        "station_name": "일산",
        "line_name": "서해선",
        "travel_seconds": 2964.0,
        "travel_minutes": 49.4,
        "cutoff_minutes": 60,
        "node_category": "60분 도달 노드",
        "is_seed_station": false,
        "layer_type": "rail_node",
        "layer_label_ko": "철도 노드",
        "selected_time_minutes": 60
      },
      "geometry": {
        "type": "Point",
        "coordinates": [
          126.76979224170192,
          37.68171685521288
        ]
      }
    },
    {
      "type": "Feature",
      "properties": {
        "node_id": 338,
        "region": "cheongna",
        "region_name": "청라국제업무지구",
        "station_name": "온수",
        "line_name": "서울1호선",
        "travel_seconds": 2939.0,
        "travel_minutes": 49.0,
        "cutoff_minutes": 60,
        "node_category": "60분 도달 노드",
        "is_seed_station": false,
        "layer_type": "rail_node",
        "layer_label_ko": "철도 노드",
        "selected_time_minutes": 60
      },
      "geometry": {
        "type": "Point",
        "coordinates": [
          126.82389330619179,
          37.49244945064322
        ]
      }
    },
    {
      "type": "Feature",
      "properties": {
        "node_id": 262,
        "region": "cheongna",
        "region_name": "청라국제업무지구",
        "station_name": "예술회관",
        "line_name": "인천1호선",
        "travel_seconds": 2940.0,
        "travel_minutes": 49.0,
        "cutoff_minutes": 60,
        "node_category": "60분 도달 노드",
        "is_seed_station": false,
        "layer_type": "rail_node",
        "layer_label_ko": "철도 노드",
        "selected_time_minutes": 60
      },
      "geometry": {
        "type": "Point",
        "coordinates": [
          126.70083286265724,
          37.44836006223112
        ]
      }
    },
    {
      "type": "Feature",
      "properties": {
        "node_id": 591,
        "region": "cheongna",
        "region_name": "청라국제업무지구",
        "station_name": "충정로",
        "line_name": "서울5호선",
        "travel_seconds": 2920.0,
        "travel_minutes": 48.7,
        "cutoff_minutes": 60,
        "node_category": "60분 도달 노드",
        "is_seed_station": false,
        "layer_type": "rail_node",
        "layer_label_ko": "철도 노드",
        "selected_time_minutes": 60
      },
      "geometry": {
        "type": "Point",
        "coordinates": [
          126.96314124767297,
          37.56057815467224
        ]
      }
    },
    {
      "type": "Feature",
      "properties": {
        "node_id": 644,
        "region": "cheongna",
        "region_name": "청라국제업무지구",
        "station_name": "삼각지",
        "line_name": "서울6호선",
        "travel_seconds": 2940.0,
        "travel_minutes": 49.0,
        "cutoff_minutes": 60,
        "node_category": "60분 도달 노드",
        "is_seed_station": false,
        "layer_type": "rail_node",
        "layer_label_ko": "철도 노드",
        "selected_time_minutes": 60
      },
      "geometry": {
        "type": "Point",
        "coordinates": [
          126.97423441661675,
          37.53551447052934
        ]
      }
    },
    {
      "type": "Feature",
      "properties": {
        "node_id": 94,
        "region": "cheongna",
        "region_name": "청라국제업무지구",
        "station_name": "효창공원앞",
        "line_name": "경의중앙선",
        "travel_seconds": 3010.0,
        "travel_minutes": 50.2,
        "cutoff_minutes": 60,
        "node_category": "60분 도달 노드",
        "is_seed_station": false,
        "layer_type": "rail_node",
        "layer_label_ko": "철도 노드",
        "selected_time_minutes": 60
      },
      "geometry": {
        "type": "Point",
        "coordinates": [
          126.96281899756076,
          37.53860464456577
        ]
      }
    },
    {
      "type": "Feature",
      "properties": {
        "node_id": 86,
        "region": "cheongna",
        "region_name": "청라국제업무지구",
        "station_name": "강매",
        "line_name": "경의중앙선",
        "travel_seconds": 2958.0,
        "travel_minutes": 49.3,
        "cutoff_minutes": 60,
        "node_category": "60분 도달 노드",
        "is_seed_station": false,
        "layer_type": "rail_node",
        "layer_label_ko": "철도 노드",
        "selected_time_minutes": 60
      },
      "geometry": {
        "type": "Point",
        "coordinates": [
          126.8445921251066,
          37.61230043997802
        ]
      }
    },
    {
      "type": "Feature",
      "properties": {
        "node_id": 345,
        "region": "cheongna",
        "region_name": "청라국제업무지구",
        "station_name": "신길",
        "line_name": "서울1호선",
        "travel_seconds": 3290.0,
        "travel_minutes": 54.8,
        "cutoff_minutes": 60,
        "node_category": "60분 도달 노드",
        "is_seed_station": false,
        "layer_type": "rail_node",
        "layer_label_ko": "철도 노드",
        "selected_time_minutes": 60
      },
      "geometry": {
        "type": "Point",
        "coordinates": [
          126.91817592758282,
          37.51689070819467
        ]
      }
    },
    {
      "type": "Feature",
      "properties": {
        "node_id": 206,
        "region": "cheongna",
        "region_name": "청라국제업무지구",
        "station_name": "구래",
        "line_name": "김포도시철도",
        "travel_seconds": 2988.0,
        "travel_minutes": 49.8,
        "cutoff_minutes": 60,
        "node_category": "60분 도달 노드",
        "is_seed_station": false,
        "layer_type": "rail_node",
        "layer_label_ko": "철도 노드",
        "selected_time_minutes": 60
      },
      "geometry": {
        "type": "Point",
        "coordinates": [
          126.62853189571263,
          37.64537030405077
        ]
      }
    },
    {
      "type": "Feature",
      "properties": {
        "node_id": 677,
        "region": "cheongna",
        "region_name": "청라국제업무지구",
        "station_name": "천왕",
        "line_name": "서울7호선",
        "travel_seconds": 3038.0,
        "travel_minutes": 50.6,
        "cutoff_minutes": 60,
        "node_category": "60분 도달 노드",
        "is_seed_station": false,
        "layer_type": "rail_node",
        "layer_label_ko": "철도 노드",
        "selected_time_minutes": 60
      },
      "geometry": {
        "type": "Point",
        "coordinates": [
          126.83867517110163,
          37.486739329577425
        ]
      }
    },
    {
      "type": "Feature",
      "properties": {
        "node_id": 46,
        "region": "cheongna",
        "region_name": "청라국제업무지구",
        "station_name": "신현",
        "line_name": "서해선",
        "travel_seconds": 3150.0,
        "travel_minutes": 52.5,
        "cutoff_minutes": 60,
        "node_category": "60분 도달 노드",
        "is_seed_station": false,
        "layer_type": "rail_node",
        "layer_label_ko": "철도 노드",
        "selected_time_minutes": 60
      },
      "geometry": {
        "type": "Point",
        "coordinates": [
          126.78780310467383,
          37.40956023351403
        ]
      }
    },
    {
      "type": "Feature",
      "properties": {
        "node_id": 87,
        "region": "cheongna",
        "region_name": "청라국제업무지구",
        "station_name": "한국항공대",
        "line_name": "경의중앙선",
        "travel_seconds": 3110.0,
        "travel_minutes": 51.8,
        "cutoff_minutes": 60,
        "node_category": "60분 도달 노드",
        "is_seed_station": false,
        "layer_type": "rail_node",
        "layer_label_ko": "철도 노드",
        "selected_time_minutes": 60
      },
      "geometry": {
        "type": "Point",
        "coordinates": [
          126.86822930232013,
          37.6030519075975
        ]
      }
    },
    {
      "type": "Feature",
      "properties": {
        "node_id": 433,
        "region": "cheongna",
        "region_name": "청라국제업무지구",
        "station_name": "신도림",
        "line_name": "서울2호선",
        "travel_seconds": 3055.0,
        "travel_minutes": 50.9,
        "cutoff_minutes": 60,
        "node_category": "60분 도달 노드",
        "is_seed_station": false,
        "layer_type": "rail_node",
        "layer_label_ko": "철도 노드",
        "selected_time_minutes": 60
      },
      "geometry": {
        "type": "Point",
        "coordinates": [
          126.8914426985193,
          37.508512745116185
        ]
      }
    },
    {
      "type": "Feature",
      "properties": {
        "node_id": 757,
        "region": "cheongna",
        "region_name": "청라국제업무지구",
        "station_name": "샛강",
        "line_name": "서울9호선",
        "travel_seconds": 2992.0,
        "travel_minutes": 49.9,
        "cutoff_minutes": 60,
        "node_category": "60분 도달 노드",
        "is_seed_station": false,
        "layer_type": "rail_node",
        "layer_label_ko": "철도 노드",
        "selected_time_minutes": 60
      },
      "geometry": {
        "type": "Point",
        "coordinates": [
          126.92857047968481,
          37.517293054991526
        ]
      }
    },
    {
      "type": "Feature",
      "properties": {
        "node_id": 425,
        "region": "cheongna",
        "region_name": "청라국제업무지구",
        "station_name": "아현",
        "line_name": "서울2호선",
        "travel_seconds": 2970.0,
        "travel_minutes": 49.5,
        "cutoff_minutes": 60,
        "node_category": "60분 도달 노드",
        "is_seed_station": false,
        "layer_type": "rail_node",
        "layer_label_ko": "철도 노드",
        "selected_time_minutes": 60
      },
      "geometry": {
        "type": "Point",
        "coordinates": [
          126.95620551114132,
          37.55735678864767
        ]
      }
    },
    {
      "type": "Feature",
      "properties": {
        "node_id": 343,
        "region": "cheongna",
        "region_name": "청라국제업무지구",
        "station_name": "신도림",
        "line_name": "서울1호선",
        "travel_seconds": 3120.0,
        "travel_minutes": 52.0,
        "cutoff_minutes": 60,
        "node_category": "60분 도달 노드",
        "is_seed_station": false,
        "layer_type": "rail_node",
        "layer_label_ko": "철도 노드",
        "selected_time_minutes": 60
      },
      "geometry": {
        "type": "Point",
        "coordinates": [
          126.89142171185813,
          37.508943699597765
        ]
      }
    },
    {
      "type": "Feature",
      "properties": {
        "node_id": 82,
        "region": "cheongna",
        "region_name": "청라국제업무지구",
        "station_name": "곡산",
        "line_name": "경의중앙선",
        "travel_seconds": 3078.0,
        "travel_minutes": 51.3,
        "cutoff_minutes": 60,
        "node_category": "60분 도달 노드",
        "is_seed_station": false,
        "layer_type": "rail_node",
        "layer_label_ko": "철도 노드",
        "selected_time_minutes": 60
      },
      "geometry": {
        "type": "Point",
        "coordinates": [
          126.80175886944463,
          37.64587612155222
        ]
      }
    },
    {
      "type": "Feature",
      "properties": {
        "node_id": 322,
        "region": "cheongna",
        "region_name": "청라국제업무지구",
        "station_name": "인천",
        "line_name": "서울1호선",
        "travel_seconds": 3141.0,
        "travel_minutes": 52.4,
        "cutoff_minutes": 60,
        "node_category": "60분 도달 노드",
        "is_seed_station": false,
        "layer_type": "rail_node",
        "layer_label_ko": "철도 노드",
        "selected_time_minutes": 60
      },
      "geometry": {
        "type": "Point",
        "coordinates": [
          126.61683136156502,
          37.4762464470056
        ]
      }
    },
    {
      "type": "Feature",
      "properties": {
        "node_id": 627,
        "region": "cheongna",
        "region_name": "청라국제업무지구",
        "station_name": "불광",
        "line_name": "서울6호선",
        "travel_seconds": 3010.0,
        "travel_minutes": 50.2,
        "cutoff_minutes": 60,
        "node_category": "60분 도달 노드",
        "is_seed_station": false,
        "layer_type": "rail_node",
        "layer_label_ko": "철도 노드",
        "selected_time_minutes": 60
      },
      "geometry": {
        "type": "Point",
        "coordinates": [
          126.9292376904709,
          37.61080604020588
        ]
      }
    },
    {
      "type": "Feature",
      "properties": {
        "node_id": 592,
        "region": "cheongna",
        "region_name": "청라국제업무지구",
        "station_name": "서대문",
        "line_name": "서울5호선",
        "travel_seconds": 3010.0,
        "travel_minutes": 50.2,
        "cutoff_minutes": 60,
        "node_category": "60분 도달 노드",
        "is_seed_station": false,
        "layer_type": "rail_node",
        "layer_label_ko": "철도 노드",
        "selected_time_minutes": 60
      },
      "geometry": {
        "type": "Point",
        "coordinates": [
          126.96661225423095,
          37.565725362966354
        ]
      }
    },
    {
      "type": "Feature",
      "properties": {
        "node_id": 424,
        "region": "cheongna",
        "region_name": "청라국제업무지구",
        "station_name": "충정로",
        "line_name": "서울2호선",
        "travel_seconds": 3090.0,
        "travel_minutes": 51.5,
        "cutoff_minutes": 60,
        "node_category": "60분 도달 노드",
        "is_seed_station": false,
        "layer_type": "rail_node",
        "layer_label_ko": "철도 노드",
        "selected_time_minutes": 60
      },
      "geometry": {
        "type": "Point",
        "coordinates": [
          126.96455152782553,
          37.55978849820035
        ]
      }
    },
    {
      "type": "Feature",
      "properties": {
        "node_id": 639,
        "region": "cheongna",
        "region_name": "청라국제업무지구",
        "station_name": "상수",
        "line_name": "서울6호선",
        "travel_seconds": 3020.0,
        "travel_minutes": 50.3,
        "cutoff_minutes": 60,
        "node_category": "60분 도달 노드",
        "is_seed_station": false,
        "layer_type": "rail_node",
        "layer_label_ko": "철도 노드",
        "selected_time_minutes": 60
      },
      "geometry": {
        "type": "Point",
        "coordinates": [
          126.92248528569012,
          37.54774106782856
        ]
      }
    },
    {
      "type": "Feature",
      "properties": {
        "node_id": 339,
        "region": "cheongna",
        "region_name": "청라국제업무지구",
        "station_name": "오류동",
        "line_name": "서울1호선",
        "travel_seconds": 3119.0,
        "travel_minutes": 52.0,
        "cutoff_minutes": 60,
        "node_category": "60분 도달 노드",
        "is_seed_station": false,
        "layer_type": "rail_node",
        "layer_label_ko": "철도 노드",
        "selected_time_minutes": 60
      },
      "geometry": {
        "type": "Point",
        "coordinates": [
          126.84479949873905,
          37.49446122525611
        ]
      }
    },
    {
      "type": "Feature",
      "properties": {
        "node_id": 261,
        "region": "cheongna",
        "region_name": "청라국제업무지구",
        "station_name": "인천터미널",
        "line_name": "인천1호선",
        "travel_seconds": 3030.0,
        "travel_minutes": 50.5,
        "cutoff_minutes": 60,
        "node_category": "60분 도달 노드",
        "is_seed_station": false,
        "layer_type": "rail_node",
        "layer_label_ko": "철도 노드",
        "selected_time_minutes": 60
      },
      "geometry": {
        "type": "Point",
        "coordinates": [
          126.69971616471226,
          37.44190752398227
        ]
      }
    },
    {
      "type": "Feature",
      "properties": {
        "node_id": 645,
        "region": "cheongna",
        "region_name": "청라국제업무지구",
        "station_name": "녹사평",
        "line_name": "서울6호선",
        "travel_seconds": 3070.0,
        "travel_minutes": 51.2,
        "cutoff_minutes": 60,
        "node_category": "60분 도달 노드",
        "is_seed_station": false,
        "layer_type": "rail_node",
        "layer_label_ko": "철도 노드",
        "selected_time_minutes": 60
      },
      "geometry": {
        "type": "Point",
        "coordinates": [
          126.98646417389271,
          37.53472691082226
        ]
      }
    },
    {
      "type": "Feature",
      "properties": {
        "node_id": 547,
        "region": "cheongna",
        "region_name": "청라국제업무지구",
        "station_name": "삼각지",
        "line_name": "서울4호선",
        "travel_seconds": 3210.0,
        "travel_minutes": 53.5,
        "cutoff_minutes": 60,
        "node_category": "60분 도달 노드",
        "is_seed_station": false,
        "layer_type": "rail_node",
        "layer_label_ko": "철도 노드",
        "selected_time_minutes": 60
      },
      "geometry": {
        "type": "Point",
        "coordinates": [
          126.97289696351694,
          37.53441317709764
        ]
      }
    },
    {
      "type": "Feature",
      "properties": {
        "node_id": 306,
        "region": "cheongna",
        "region_name": "청라국제업무지구",
        "station_name": "인천대공원",
        "line_name": "인천2호선",
        "travel_seconds": 3101.0,
        "travel_minutes": 51.7,
        "cutoff_minutes": 60,
        "node_category": "60분 도달 노드",
        "is_seed_station": false,
        "layer_type": "rail_node",
        "layer_label_ko": "철도 노드",
        "selected_time_minutes": 60
      },
      "geometry": {
        "type": "Point",
        "coordinates": [
          126.75287710059443,
          37.4484723842065
        ]
      }
    },
    {
      "type": "Feature",
      "properties": {
        "node_id": 629,
        "region": "cheongna",
        "region_name": "청라국제업무지구",
        "station_name": "연신내",
        "line_name": "서울6호선",
        "travel_seconds": 3080.0,
        "travel_minutes": 51.3,
        "cutoff_minutes": 60,
        "node_category": "60분 도달 노드",
        "is_seed_station": false,
        "layer_type": "rail_node",
        "layer_label_ko": "철도 노드",
        "selected_time_minutes": 60
      },
      "geometry": {
        "type": "Point",
        "coordinates": [
          126.92034672343753,
          37.61847531082092
        ]
      }
    },
    {
      "type": "Feature",
      "properties": {
        "node_id": 482,
        "region": "cheongna",
        "region_name": "청라국제업무지구",
        "station_name": "원당",
        "line_name": "서울3호선",
        "travel_seconds": 3174.0,
        "travel_minutes": 52.9,
        "cutoff_minutes": 60,
        "node_category": "60분 도달 노드",
        "is_seed_station": false,
        "layer_type": "rail_node",
        "layer_label_ko": "철도 노드",
        "selected_time_minutes": 60
      },
      "geometry": {
        "type": "Point",
        "coordinates": [
          126.84287194743236,
          37.65300458680754
        ]
      }
    },
    {
      "type": "Feature",
      "properties": {
        "node_id": 205,
        "region": "cheongna",
        "region_name": "청라국제업무지구",
        "station_name": "양촌",
        "line_name": "김포도시철도",
        "travel_seconds": 3105.0,
        "travel_minutes": 51.8,
        "cutoff_minutes": 60,
        "node_category": "60분 도달 노드",
        "is_seed_station": false,
        "layer_type": "rail_node",
        "layer_label_ko": "철도 노드",
        "selected_time_minutes": 60
      },
      "geometry": {
        "type": "Point",
        "coordinates": [
          126.61481419659216,
          37.64174342339215
        ]
      }
    },
    {
      "type": "Feature",
      "properties": {
        "node_id": 194,
        "region": "cheongna",
        "region_name": "청라국제업무지구",
        "station_name": "샛강",
        "line_name": "신림선",
        "travel_seconds": 3322.0,
        "travel_minutes": 55.4,
        "cutoff_minutes": 60,
        "node_category": "60분 도달 노드",
        "is_seed_station": false,
        "layer_type": "rail_node",
        "layer_label_ko": "철도 노드",
        "selected_time_minutes": 60
      },
      "geometry": {
        "type": "Point",
        "coordinates": [
          126.92923497998159,
          37.517179038160606
        ]
      }
    },
    {
      "type": "Feature",
      "properties": {
        "node_id": 478,
        "region": "cheongna",
        "region_name": "청라국제업무지구",
        "station_name": "마두",
        "line_name": "서울3호선",
        "travel_seconds": 3144.0,
        "travel_minutes": 52.4,
        "cutoff_minutes": 60,
        "node_category": "60분 도달 노드",
        "is_seed_station": false,
        "layer_type": "rail_node",
        "layer_label_ko": "철도 노드",
        "selected_time_minutes": 60
      },
      "geometry": {
        "type": "Point",
        "coordinates": [
          126.7775426540306,
          37.65239742682802
        ]
      }
    },
    {
      "type": "Feature",
      "properties": {
        "node_id": 95,
        "region": "cheongna",
        "region_name": "청라국제업무지구",
        "station_name": "용산",
        "line_name": "경의중앙선",
        "travel_seconds": 3190.0,
        "travel_minutes": 53.2,
        "cutoff_minutes": 60,
        "node_category": "60분 도달 노드",
        "is_seed_station": false,
        "layer_type": "rail_node",
        "layer_label_ko": "철도 노드",
        "selected_time_minutes": 60
      },
      "geometry": {
        "type": "Point",
        "coordinates": [
          126.96473169613765,
          37.529577554426844
        ]
      }
    },
    {
      "type": "Feature",
      "properties": {
        "node_id": 593,
        "region": "cheongna",
        "region_name": "청라국제업무지구",
        "station_name": "광화문",
        "line_name": "서울5호선",
        "travel_seconds": 3130.0,
        "travel_minutes": 52.2,
        "cutoff_minutes": 60,
        "node_category": "60분 도달 노드",
        "is_seed_station": false,
        "layer_type": "rail_node",
        "layer_label_ko": "철도 노드",
        "selected_time_minutes": 60
      },
      "geometry": {
        "type": "Point",
        "coordinates": [
          126.9762752206268,
          37.5716380935469
        ]
      }
    },
    {
      "type": "Feature",
      "properties": {
        "node_id": 628,
        "region": "cheongna",
        "region_name": "청라국제업무지구",
        "station_name": "독바위",
        "line_name": "서울6호선",
        "travel_seconds": 3140.0,
        "travel_minutes": 52.3,
        "cutoff_minutes": 60,
        "node_category": "60분 도달 노드",
        "is_seed_station": false,
        "layer_type": "rail_node",
        "layer_label_ko": "철도 노드",
        "selected_time_minutes": 60
      },
      "geometry": {
        "type": "Point",
        "coordinates": [
          126.93305609503038,
          37.61838482264798
        ]
      }
    },
    {
      "type": "Feature",
      "properties": {
        "node_id": 488,
        "region": "cheongna",
        "region_name": "청라국제업무지구",
        "station_name": "불광",
        "line_name": "서울3호선",
        "travel_seconds": 3320.0,
        "travel_minutes": 55.3,
        "cutoff_minutes": 60,
        "node_category": "60분 도달 노드",
        "is_seed_station": false,
        "layer_type": "rail_node",
        "layer_label_ko": "철도 노드",
        "selected_time_minutes": 60
      },
      "geometry": {
        "type": "Point",
        "coordinates": [
          126.93035703948473,
          37.60997490765768
        ]
      }
    },
    {
      "type": "Feature",
      "properties": {
        "node_id": 260,
        "region": "cheongna",
        "region_name": "청라국제업무지구",
        "station_name": "문학경기장",
        "line_name": "인천1호선",
        "travel_seconds": 3120.0,
        "travel_minutes": 52.0,
        "cutoff_minutes": 60,
        "node_category": "60분 도달 노드",
        "is_seed_station": false,
        "layer_type": "rail_node",
        "layer_label_ko": "철도 노드",
        "selected_time_minutes": 60
      },
      "geometry": {
        "type": "Point",
        "coordinates": [
          126.69847453781992,
          37.434759728460506
        ]
      }
    },
    {
      "type": "Feature",
      "properties": {
        "node_id": 678,
        "region": "cheongna",
        "region_name": "청라국제업무지구",
        "station_name": "광명사거리",
        "line_name": "서울7호선",
        "travel_seconds": 3178.0,
        "travel_minutes": 53.0,
        "cutoff_minutes": 60,
        "node_category": "60분 도달 노드",
        "is_seed_station": false,
        "layer_type": "rail_node",
        "layer_label_ko": "철도 노드",
        "selected_time_minutes": 60
      },
      "geometry": {
        "type": "Point",
        "coordinates": [
          126.85492120632496,
          37.47923673038737
        ]
      }
    },
    {
      "type": "Feature",
      "properties": {
        "node_id": 346,
        "region": "cheongna",
        "region_name": "청라국제업무지구",
        "station_name": "대방",
        "line_name": "서울1호선",
        "travel_seconds": 3200.0,
        "travel_minutes": 53.3,
        "cutoff_minutes": 60,
        "node_category": "60분 도달 노드",
        "is_seed_station": false,
        "layer_type": "rail_node",
        "layer_label_ko": "철도 노드",
        "selected_time_minutes": 60
      },
      "geometry": {
        "type": "Point",
        "coordinates": [
          126.92623406710486,
          37.5133483698036
        ]
      }
    },
    {
      "type": "Feature",
      "properties": {
        "node_id": 349,
        "region": "cheongna",
        "region_name": "청라국제업무지구",
        "station_name": "용산",
        "line_name": "서울1호선",
        "travel_seconds": 3260.0,
        "travel_minutes": 54.3,
        "cutoff_minutes": 60,
        "node_category": "60분 도달 노드",
        "is_seed_station": false,
        "layer_type": "rail_node",
        "layer_label_ko": "철도 노드",
        "selected_time_minutes": 60
      },
      "geometry": {
        "type": "Point",
        "coordinates": [
          126.96432105098854,
          37.52960468897794
        ]
      }
    },
    {
      "type": "Feature",
      "properties": {
        "node_id": 434,
        "region": "cheongna",
        "region_name": "청라국제업무지구",
        "station_name": "대림",
        "line_name": "서울2호선",
        "travel_seconds": 3235.0,
        "travel_minutes": 53.9,
        "cutoff_minutes": 60,
        "node_category": "60분 도달 노드",
        "is_seed_station": false,
        "layer_type": "rail_node",
        "layer_label_ko": "철도 노드",
        "selected_time_minutes": 60
      },
      "geometry": {
        "type": "Point",
        "coordinates": [
          126.89491262980711,
          37.493413730516004
        ]
      }
    },
    {
      "type": "Feature",
      "properties": {
        "node_id": 878,
        "region": "cheongna",
        "region_name": "청라국제업무지구",
        "station_name": "고속터미널",
        "line_name": "서울9호선급행",
        "travel_seconds": 3210.0,
        "travel_minutes": 53.5,
        "cutoff_minutes": 60,
        "node_category": "60분 도달 노드",
        "is_seed_station": false,
        "layer_type": "rail_node",
        "layer_label_ko": "철도 노드",
        "selected_time_minutes": 60
      },
      "geometry": {
        "type": "Point",
        "coordinates": [
          127.00395600288556,
          37.50610053366641
        ]
      }
    },
    {
      "type": "Feature",
      "properties": {
        "node_id": 544,
        "region": "cheongna",
        "region_name": "청라국제업무지구",
        "station_name": "동작",
        "line_name": "서울4호선",
        "travel_seconds": 3465.0,
        "travel_minutes": 57.8,
        "cutoff_minutes": 60,
        "node_category": "60분 도달 노드",
        "is_seed_station": false,
        "layer_type": "rail_node",
        "layer_label_ko": "철도 노드",
        "selected_time_minutes": 60
      },
      "geometry": {
        "type": "Point",
        "coordinates": [
          126.98029388425194,
          37.50313526273477
        ]
      }
    },
    {
      "type": "Feature",
      "properties": {
        "node_id": 761,
        "region": "cheongna",
        "region_name": "청라국제업무지구",
        "station_name": "동작",
        "line_name": "서울9호선",
        "travel_seconds": 3335.0,
        "travel_minutes": 55.6,
        "cutoff_minutes": 60,
        "node_category": "60분 도달 노드",
        "is_seed_station": false,
        "layer_type": "rail_node",
        "layer_label_ko": "철도 노드",
        "selected_time_minutes": 60
      },
      "geometry": {
        "type": "Point",
        "coordinates": [
          126.97846610287309,
          37.50278592651394
        ]
      }
    },
    {
      "type": "Feature",
      "properties": {
        "node_id": 646,
        "region": "cheongna",
        "region_name": "청라국제업무지구",
        "station_name": "이태원",
        "line_name": "서울6호선",
        "travel_seconds": 3160.0,
        "travel_minutes": 52.7,
        "cutoff_minutes": 60,
        "node_category": "60분 도달 노드",
        "is_seed_station": false,
        "layer_type": "rail_node",
        "layer_label_ko": "철도 노드",
        "selected_time_minutes": 60
      },
      "geometry": {
        "type": "Point",
        "coordinates": [
          126.99428965640911,
          37.53450039805834
        ]
      }
    },
    {
      "type": "Feature",
      "properties": {
        "node_id": 759,
        "region": "cheongna",
        "region_name": "청라국제업무지구",
        "station_name": "노들",
        "line_name": "서울9호선",
        "travel_seconds": 3196.0,
        "travel_minutes": 53.3,
        "cutoff_minutes": 60,
        "node_category": "60분 도달 노드",
        "is_seed_station": false,
        "layer_type": "rail_node",
        "layer_label_ko": "철도 노드",
        "selected_time_minutes": 60
      },
      "geometry": {
        "type": "Point",
        "coordinates": [
          126.9531088296662,
          37.512698660837316
        ]
      }
    },
    {
      "type": "Feature",
      "properties": {
        "node_id": 81,
        "region": "cheongna",
        "region_name": "청라국제업무지구",
        "station_name": "백마",
        "line_name": "경의중앙선",
        "travel_seconds": 3198.0,
        "travel_minutes": 53.3,
        "cutoff_minutes": 60,
        "node_category": "60분 도달 노드",
        "is_seed_station": false,
        "layer_type": "rail_node",
        "layer_label_ko": "철도 노드",
        "selected_time_minutes": 60
      },
      "geometry": {
        "type": "Point",
        "coordinates": [
          126.79463673789593,
          37.6581149752406
        ]
      }
    },
    {
      "type": "Feature",
      "properties": {
        "node_id": 487,
        "region": "cheongna",
        "region_name": "청라국제업무지구",
        "station_name": "연신내",
        "line_name": "서울3호선",
        "travel_seconds": 3400.0,
        "travel_minutes": 56.7,
        "cutoff_minutes": 60,
        "node_category": "60분 도달 노드",
        "is_seed_station": false,
        "layer_type": "rail_node",
        "layer_label_ko": "철도 노드",
        "selected_time_minutes": 60
      },
      "geometry": {
        "type": "Point",
        "coordinates": [
          126.92109402636089,
          37.61928094369407
        ]
      }
    },
    {
      "type": "Feature",
      "properties": {
        "node_id": 423,
        "region": "cheongna",
        "region_name": "청라국제업무지구",
        "station_name": "시청",
        "line_name": "서울2호선",
        "travel_seconds": 3210.0,
        "travel_minutes": 53.5,
        "cutoff_minutes": 60,
        "node_category": "60분 도달 노드",
        "is_seed_station": false,
        "layer_type": "rail_node",
        "layer_label_ko": "철도 노드",
        "selected_time_minutes": 60
      },
      "geometry": {
        "type": "Point",
        "coordinates": [
          126.97576278093857,
          37.56376249397046
        ]
      }
    },
    {
      "type": "Feature",
      "properties": {
        "node_id": 307,
        "region": "cheongna",
        "region_name": "청라국제업무지구",
        "station_name": "운연",
        "line_name": "인천2호선",
        "travel_seconds": 3257.0,
        "travel_minutes": 54.3,
        "cutoff_minutes": 60,
        "node_category": "60분 도달 노드",
        "is_seed_station": false,
        "layer_type": "rail_node",
        "layer_label_ko": "철도 노드",
        "selected_time_minutes": 60
      },
      "geometry": {
        "type": "Point",
        "coordinates": [
          126.75963114762519,
          37.4396414864273
        ]
      }
    },
    {
      "type": "Feature",
      "properties": {
        "node_id": 340,
        "region": "cheongna",
        "region_name": "청라국제업무지구",
        "station_name": "개봉",
        "line_name": "서울1호선",
        "travel_seconds": 3269.0,
        "travel_minutes": 54.5,
        "cutoff_minutes": 60,
        "node_category": "60분 도달 노드",
        "is_seed_station": false,
        "layer_type": "rail_node",
        "layer_label_ko": "철도 노드",
        "selected_time_minutes": 60
      },
      "geometry": {
        "type": "Point",
        "coordinates": [
          126.8586082355438,
          37.49469923953538
        ]
      }
    },
    {
      "type": "Feature",
      "properties": {
        "node_id": 259,
        "region": "cheongna",
        "region_name": "청라국제업무지구",
        "station_name": "선학",
        "line_name": "인천1호선",
        "travel_seconds": 3210.0,
        "travel_minutes": 53.5,
        "cutoff_minutes": 60,
        "node_category": "60분 도달 노드",
        "is_seed_station": false,
        "layer_type": "rail_node",
        "layer_label_ko": "철도 노드",
        "selected_time_minutes": 60
      },
      "geometry": {
        "type": "Point",
        "coordinates": [
          126.69895528999022,
          37.4267530600135
        ]
      }
    },
    {
      "type": "Feature",
      "properties": {
        "node_id": 344,
        "region": "cheongna",
        "region_name": "청라국제업무지구",
        "station_name": "영등포",
        "line_name": "서울1호선",
        "travel_seconds": 3270.0,
        "travel_minutes": 54.5,
        "cutoff_minutes": 60,
        "node_category": "60분 도달 노드",
        "is_seed_station": false,
        "layer_type": "rail_node",
        "layer_label_ko": "철도 노드",
        "selected_time_minutes": 60
      },
      "geometry": {
        "type": "Point",
        "coordinates": [
          126.90744561446621,
          37.515659232420234
        ]
      }
    },
    {
      "type": "Feature",
      "properties": {
        "node_id": 342,
        "region": "cheongna",
        "region_name": "청라국제업무지구",
        "station_name": "구로",
        "line_name": "서울1호선",
        "travel_seconds": 3240.0,
        "travel_minutes": 54.0,
        "cutoff_minutes": 60,
        "node_category": "60분 도달 노드",
        "is_seed_station": false,
        "layer_type": "rail_node",
        "layer_label_ko": "철도 노드",
        "selected_time_minutes": 60
      },
      "geometry": {
        "type": "Point",
        "coordinates": [
          126.88231503887692,
          37.50335353704898
        ]
      }
    },
    {
      "type": "Feature",
      "properties": {
        "node_id": 550,
        "region": "cheongna",
        "region_name": "청라국제업무지구",
        "station_name": "회현",
        "line_name": "서울4호선",
        "travel_seconds": 3240.0,
        "travel_minutes": 54.0,
        "cutoff_minutes": 60,
        "node_category": "60분 도달 노드",
        "is_seed_station": false,
        "layer_type": "rail_node",
        "layer_label_ko": "철도 노드",
        "selected_time_minutes": 60
      },
      "geometry": {
        "type": "Point",
        "coordinates": [
          126.9787618992552,
          37.55902192175472
        ]
      }
    },
    {
      "type": "Feature",
      "properties": {
        "node_id": 548,
        "region": "cheongna",
        "region_name": "청라국제업무지구",
        "station_name": "숙대입구",
        "line_name": "서울4호선",
        "travel_seconds": 3240.0,
        "travel_minutes": 54.0,
        "cutoff_minutes": 60,
        "node_category": "60분 도달 노드",
        "is_seed_station": false,
        "layer_type": "rail_node",
        "layer_label_ko": "철도 노드",
        "selected_time_minutes": 60
      },
      "geometry": {
        "type": "Point",
        "coordinates": [
          126.97200212574523,
          37.545112610214495
        ]
      }
    },
    {
      "type": "Feature",
      "properties": {
        "node_id": 594,
        "region": "cheongna",
        "region_name": "청라국제업무지구",
        "station_name": "종로3가",
        "line_name": "서울5호선",
        "travel_seconds": 3260.0,
        "travel_minutes": 54.3,
        "cutoff_minutes": 60,
        "node_category": "60분 도달 노드",
        "is_seed_station": false,
        "layer_type": "rail_node",
        "layer_label_ko": "철도 노드",
        "selected_time_minutes": 60
      },
      "geometry": {
        "type": "Point",
        "coordinates": [
          126.99024566990154,
          37.57259780662603
        ]
      }
    },
    {
      "type": "Feature",
      "properties": {
        "node_id": 0,
        "region": "cheongna",
        "region_name": "청라국제업무지구",
        "station_name": "인천",
        "line_name": "수인선",
        "travel_seconds": 3451.0,
        "travel_minutes": 57.5,
        "cutoff_minutes": 60,
        "node_category": "60분 도달 노드",
        "is_seed_station": false,
        "layer_type": "rail_node",
        "layer_label_ko": "철도 노드",
        "selected_time_minutes": 60
      },
      "geometry": {
        "type": "Point",
        "coordinates": [
          126.61739620871003,
          37.476473822211084
        ]
      }
    },
    {
      "type": "Feature",
      "properties": {
        "node_id": 477,
        "region": "cheongna",
        "region_name": "청라국제업무지구",
        "station_name": "정발산",
        "line_name": "서울3호선",
        "travel_seconds": 3264.0,
        "travel_minutes": 54.4,
        "cutoff_minutes": 60,
        "node_category": "60분 도달 노드",
        "is_seed_station": false,
        "layer_type": "rail_node",
        "layer_label_ko": "철도 노드",
        "selected_time_minutes": 60
      },
      "geometry": {
        "type": "Point",
        "coordinates": [
          126.77339877072514,
          37.65947397722269
        ]
      }
    },
    {
      "type": "Feature",
      "properties": {
        "node_id": 47,
        "region": "cheongna",
        "region_name": "청라국제업무지구",
        "station_name": "시흥시청",
        "line_name": "서해선",
        "travel_seconds": 3450.0,
        "travel_minutes": 57.5,
        "cutoff_minutes": 60,
        "node_category": "60분 도달 노드",
        "is_seed_station": false,
        "layer_type": "rail_node",
        "layer_label_ko": "철도 노드",
        "selected_time_minutes": 60
      },
      "geometry": {
        "type": "Point",
        "coordinates": [
          126.80587773213608,
          37.38174292953505
        ]
      }
    },
    {
      "type": "Feature",
      "properties": {
        "node_id": 647,
        "region": "cheongna",
        "region_name": "청라국제업무지구",
        "station_name": "한강진",
        "line_name": "서울6호선",
        "travel_seconds": 3280.0,
        "travel_minutes": 54.7,
        "cutoff_minutes": 60,
        "node_category": "60분 도달 노드",
        "is_seed_station": false,
        "layer_type": "rail_node",
        "layer_label_ko": "철도 노드",
        "selected_time_minutes": 60
      },
      "geometry": {
        "type": "Point",
        "coordinates": [
          127.00176196884566,
          37.53967214815189
        ]
      }
    },
    {
      "type": "Feature",
      "properties": {
        "node_id": 483,
        "region": "cheongna",
        "region_name": "청라국제업무지구",
        "station_name": "원흥",
        "line_name": "서울3호선",
        "travel_seconds": 3354.0,
        "travel_minutes": 55.9,
        "cutoff_minutes": 60,
        "node_category": "60분 도달 노드",
        "is_seed_station": false,
        "layer_type": "rail_node",
        "layer_label_ko": "철도 노드",
        "selected_time_minutes": 60
      },
      "geometry": {
        "type": "Point",
        "coordinates": [
          126.87313534197118,
          37.650661143518434
        ]
      }
    },
    {
      "type": "Feature",
      "properties": {
        "node_id": 679,
        "region": "cheongna",
        "region_name": "청라국제업무지구",
        "station_name": "철산",
        "line_name": "서울7호선",
        "travel_seconds": 3318.0,
        "travel_minutes": 55.3,
        "cutoff_minutes": 60,
        "node_category": "60분 도달 노드",
        "is_seed_station": false,
        "layer_type": "rail_node",
        "layer_label_ko": "철도 노드",
        "selected_time_minutes": 60
      },
      "geometry": {
        "type": "Point",
        "coordinates": [
          126.86799912370765,
          37.47612095481767
        ]
      }
    },
    {
      "type": "Feature",
      "properties": {
        "node_id": 96,
        "region": "cheongna",
        "region_name": "청라국제업무지구",
        "station_name": "이촌",
        "line_name": "경의중앙선",
        "travel_seconds": 3430.0,
        "travel_minutes": 57.2,
        "cutoff_minutes": 60,
        "node_category": "60분 도달 노드",
        "is_seed_station": false,
        "layer_type": "rail_node",
        "layer_label_ko": "철도 노드",
        "selected_time_minutes": 60
      },
      "geometry": {
        "type": "Point",
        "coordinates": [
          126.97369624297455,
          37.52234409069938
        ]
      }
    },
    {
      "type": "Feature",
      "properties": {
        "node_id": 760,
        "region": "cheongna",
        "region_name": "청라국제업무지구",
        "station_name": "흑석",
        "line_name": "서울9호선",
        "travel_seconds": 3316.0,
        "travel_minutes": 55.3,
        "cutoff_minutes": 60,
        "node_category": "60분 도달 노드",
        "is_seed_station": false,
        "layer_type": "rail_node",
        "layer_label_ko": "철도 노드",
        "selected_time_minutes": 60
      },
      "geometry": {
        "type": "Point",
        "coordinates": [
          126.96348987575094,
          37.5091650981065
        ]
      }
    },
    {
      "type": "Feature",
      "properties": {
        "node_id": 80,
        "region": "cheongna",
        "region_name": "청라국제업무지구",
        "station_name": "풍산",
        "line_name": "경의중앙선",
        "travel_seconds": 3378.0,
        "travel_minutes": 56.3,
        "cutoff_minutes": 60,
        "node_category": "60분 도달 노드",
        "is_seed_station": false,
        "layer_type": "rail_node",
        "layer_label_ko": "철도 노드",
        "selected_time_minutes": 60
      },
      "geometry": {
        "type": "Point",
        "coordinates": [
          126.78624480101443,
          37.67238026899241
        ]
      }
    },
    {
      "type": "Feature",
      "properties": {
        "node_id": 195,
        "region": "cheongna",
        "region_name": "청라국제업무지구",
        "station_name": "대방",
        "line_name": "신림선",
        "travel_seconds": 3410.0,
        "travel_minutes": 56.8,
        "cutoff_minutes": 60,
        "node_category": "60분 도달 노드",
        "is_seed_station": false,
        "layer_type": "rail_node",
        "layer_label_ko": "철도 노드",
        "selected_time_minutes": 60
      },
      "geometry": {
        "type": "Point",
        "coordinates": [
          126.92538142883673,
          37.51291155746233
        ]
      }
    },
    {
      "type": "Feature",
      "properties": {
        "node_id": 258,
        "region": "cheongna",
        "region_name": "청라국제업무지구",
        "station_name": "신연수",
        "line_name": "인천1호선",
        "travel_seconds": 3330.0,
        "travel_minutes": 55.5,
        "cutoff_minutes": 60,
        "node_category": "60분 도달 노드",
        "is_seed_station": false,
        "layer_type": "rail_node",
        "layer_label_ko": "철도 노드",
        "selected_time_minutes": 60
      },
      "geometry": {
        "type": "Point",
        "coordinates": [
          126.69402896090298,
          37.41794013196051
        ]
      }
    },
    {
      "type": "Feature",
      "properties": {
        "node_id": 465,
        "region": "cheongna",
        "region_name": "청라국제업무지구",
        "station_name": "을지로입구",
        "line_name": "서울2호선",
        "travel_seconds": 3330.0,
        "travel_minutes": 55.5,
        "cutoff_minutes": 60,
        "node_category": "60분 도달 노드",
        "is_seed_station": false,
        "layer_type": "rail_node",
        "layer_label_ko": "철도 노드",
        "selected_time_minutes": 60
      },
      "geometry": {
        "type": "Point",
        "coordinates": [
          126.98220699926492,
          37.56602408391536
        ]
      }
    },
    {
      "type": "Feature",
      "properties": {
        "node_id": 351,
        "region": "cheongna",
        "region_name": "청라국제업무지구",
        "station_name": "시청",
        "line_name": "서울1호선",
        "travel_seconds": 3370.0,
        "travel_minutes": 56.2,
        "cutoff_minutes": 60,
        "node_category": "60분 도달 노드",
        "is_seed_station": false,
        "layer_type": "rail_node",
        "layer_label_ko": "철도 노드",
        "selected_time_minutes": 60
      },
      "geometry": {
        "type": "Point",
        "coordinates": [
          126.9772040633425,
          37.56557568030012
        ]
      }
    },
    {
      "type": "Feature",
      "properties": {
        "node_id": 546,
        "region": "cheongna",
        "region_name": "청라국제업무지구",
        "station_name": "신용산",
        "line_name": "서울4호선",
        "travel_seconds": 3300.0,
        "travel_minutes": 55.0,
        "cutoff_minutes": 60,
        "node_category": "60분 도달 노드",
        "is_seed_station": false,
        "layer_type": "rail_node",
        "layer_label_ko": "철도 노드",
        "selected_time_minutes": 60
      },
      "geometry": {
        "type": "Point",
        "coordinates": [
          126.96789823329631,
          37.529231386392546
        ]
      }
    },
    {
      "type": "Feature",
      "properties": {
        "node_id": 879,
        "region": "cheongna",
        "region_name": "청라국제업무지구",
        "station_name": "신논현",
        "line_name": "서울9호선급행",
        "travel_seconds": 3390.0,
        "travel_minutes": 56.5,
        "cutoff_minutes": 60,
        "node_category": "60분 도달 노드",
        "is_seed_station": false,
        "layer_type": "rail_node",
        "layer_label_ko": "철도 노드",
        "selected_time_minutes": 60
      },
      "geometry": {
        "type": "Point",
        "coordinates": [
          127.02576262558543,
          37.50508932731812
        ]
      }
    },
    {
      "type": "Feature",
      "properties": {
        "node_id": 505,
        "region": "cheongna",
        "region_name": "청라국제업무지구",
        "station_name": "고속터미널",
        "line_name": "서울3호선",
        "travel_seconds": 3580.0,
        "travel_minutes": 59.7,
        "cutoff_minutes": 60,
        "node_category": "60분 도달 노드",
        "is_seed_station": false,
        "layer_type": "rail_node",
        "layer_label_ko": "철도 노드",
        "selected_time_minutes": 60
      },
      "geometry": {
        "type": "Point",
        "coordinates": [
          127.00493444785855,
          37.50486906037078
        ]
      }
    },
    {
      "type": "Feature",
      "properties": {
        "node_id": 764,
        "region": "cheongna",
        "region_name": "청라국제업무지구",
        "station_name": "고속터미널",
        "line_name": "서울9호선",
        "travel_seconds": 3490.0,
        "travel_minutes": 58.2,
        "cutoff_minutes": 60,
        "node_category": "60분 도달 노드",
        "is_seed_station": false,
        "layer_type": "rail_node",
        "layer_label_ko": "철도 노드",
        "selected_time_minutes": 60
      },
      "geometry": {
        "type": "Point",
        "coordinates": [
          127.00404071210666,
          37.505933374304796
        ]
      }
    },
    {
      "type": "Feature",
      "properties": {
        "node_id": 348,
        "region": "cheongna",
        "region_name": "청라국제업무지구",
        "station_name": "남영",
        "line_name": "서울1호선",
        "travel_seconds": 3400.0,
        "travel_minutes": 56.7,
        "cutoff_minutes": 60,
        "node_category": "60분 도달 노드",
        "is_seed_station": false,
        "layer_type": "rail_node",
        "layer_label_ko": "철도 노드",
        "selected_time_minutes": 60
      },
      "geometry": {
        "type": "Point",
        "coordinates": [
          126.97132962571818,
          37.54059055609324
        ]
      }
    },
    {
      "type": "Feature",
      "properties": {
        "node_id": 435,
        "region": "cheongna",
        "region_name": "청라국제업무지구",
        "station_name": "구로디지털단지",
        "line_name": "서울2호선",
        "travel_seconds": 3355.0,
        "travel_minutes": 55.9,
        "cutoff_minutes": 60,
        "node_category": "60분 도달 노드",
        "is_seed_station": false,
        "layer_type": "rail_node",
        "layer_label_ko": "철도 노드",
        "selected_time_minutes": 60
      },
      "geometry": {
        "type": "Point",
        "coordinates": [
          126.90134510068359,
          37.4853026389804
        ]
      }
    },
    {
      "type": "Feature",
      "properties": {
        "node_id": 420,
        "region": "cheongna",
        "region_name": "청라국제업무지구",
        "station_name": "가산디지털단지",
        "line_name": "서울1호선",
        "travel_seconds": 3570.0,
        "travel_minutes": 59.5,
        "cutoff_minutes": 60,
        "node_category": "60분 도달 노드",
        "is_seed_station": false,
        "layer_type": "rail_node",
        "layer_label_ko": "철도 노드",
        "selected_time_minutes": 60
      },
      "geometry": {
        "type": "Point",
        "coordinates": [
          126.8826112689479,
          37.48157033885179
        ]
      }
    },
    {
      "type": "Feature",
      "properties": {
        "node_id": 341,
        "region": "cheongna",
        "region_name": "청라국제업무지구",
        "station_name": "구일",
        "line_name": "서울1호선",
        "travel_seconds": 3389.0,
        "travel_minutes": 56.5,
        "cutoff_minutes": 60,
        "node_category": "60분 도달 노드",
        "is_seed_station": false,
        "layer_type": "rail_node",
        "layer_label_ko": "철도 노드",
        "selected_time_minutes": 60
      },
      "geometry": {
        "type": "Point",
        "coordinates": [
          126.86981693840855,
          37.496242911793544
        ]
      }
    },
    {
      "type": "Feature",
      "properties": {
        "node_id": 551,
        "region": "cheongna",
        "region_name": "청라국제업무지구",
        "station_name": "명동",
        "line_name": "서울4호선",
        "travel_seconds": 3330.0,
        "travel_minutes": 55.5,
        "cutoff_minutes": 60,
        "node_category": "60분 도달 노드",
        "is_seed_station": false,
        "layer_type": "rail_node",
        "layer_label_ko": "철도 노드",
        "selected_time_minutes": 60
      },
      "geometry": {
        "type": "Point",
        "coordinates": [
          126.98574103082794,
          37.56088522014015
        ]
      }
    },
    {
      "type": "Feature",
      "properties": {
        "node_id": 595,
        "region": "cheongna",
        "region_name": "청라국제업무지구",
        "station_name": "을지로4가",
        "line_name": "서울5호선",
        "travel_seconds": 3390.0,
        "travel_minutes": 56.5,
        "cutoff_minutes": 60,
        "node_category": "60분 도달 노드",
        "is_seed_station": false,
        "layer_type": "rail_node",
        "layer_label_ko": "철도 노드",
        "selected_time_minutes": 60
      },
      "geometry": {
        "type": "Point",
        "coordinates": [
          126.99808964235947,
          37.56722384870457
        ]
      }
    },
    {
      "type": "Feature",
      "properties": {
        "node_id": 495,
        "region": "cheongna",
        "region_name": "청라국제업무지구",
        "station_name": "종로3가",
        "line_name": "서울3호선",
        "travel_seconds": 3600.0,
        "travel_minutes": 60.0,
        "cutoff_minutes": 60,
        "node_category": "60분 도달 노드",
        "is_seed_station": false,
        "layer_type": "rail_node",
        "layer_label_ko": "철도 노드",
        "selected_time_minutes": 60
      },
      "geometry": {
        "type": "Point",
        "coordinates": [
          126.99182698976216,
          37.5716687202438
        ]
      }
    },
    {
      "type": "Feature",
      "properties": {
        "node_id": 476,
        "region": "cheongna",
        "region_name": "청라국제업무지구",
        "station_name": "주엽",
        "line_name": "서울3호선",
        "travel_seconds": 3414.0,
        "travel_minutes": 56.9,
        "cutoff_minutes": 60,
        "node_category": "60분 도달 노드",
        "is_seed_station": false,
        "layer_type": "rail_node",
        "layer_label_ko": "철도 노드",
        "selected_time_minutes": 60
      },
      "geometry": {
        "type": "Point",
        "coordinates": [
          126.76141908136567,
          37.67009245582665
        ]
      }
    },
    {
      "type": "Feature",
      "properties": {
        "node_id": 648,
        "region": "cheongna",
        "region_name": "청라국제업무지구",
        "station_name": "버티고개",
        "line_name": "서울6호선",
        "travel_seconds": 3390.0,
        "travel_minutes": 56.5,
        "cutoff_minutes": 60,
        "node_category": "60분 도달 노드",
        "is_seed_station": false,
        "layer_type": "rail_node",
        "layer_label_ko": "철도 노드",
        "selected_time_minutes": 60
      },
      "geometry": {
        "type": "Point",
        "coordinates": [
          127.00691104815432,
          37.54790967736629
        ]
      }
    },
    {
      "type": "Feature",
      "properties": {
        "node_id": 545,
        "region": "cheongna",
        "region_name": "청라국제업무지구",
        "station_name": "이촌",
        "line_name": "서울4호선",
        "travel_seconds": 3450.0,
        "travel_minutes": 57.5,
        "cutoff_minutes": 60,
        "node_category": "60분 도달 노드",
        "is_seed_station": false,
        "layer_type": "rail_node",
        "layer_label_ko": "철도 노드",
        "selected_time_minutes": 60
      },
      "geometry": {
        "type": "Point",
        "coordinates": [
          126.97437769380483,
          37.52241216709484
        ]
      }
    },
    {
      "type": "Feature",
      "properties": {
        "node_id": 680,
        "region": "cheongna",
        "region_name": "청라국제업무지구",
        "station_name": "가산디지털단지",
        "line_name": "서울7호선",
        "travel_seconds": 3468.0,
        "travel_minutes": 57.8,
        "cutoff_minutes": 60,
        "node_category": "60분 도달 노드",
        "is_seed_station": false,
        "layer_type": "rail_node",
        "layer_label_ko": "철도 노드",
        "selected_time_minutes": 60
      },
      "geometry": {
        "type": "Point",
        "coordinates": [
          126.88248763702191,
          37.48040253605493
        ]
      }
    },
    {
      "type": "Feature",
      "properties": {
        "node_id": 489,
        "region": "cheongna",
        "region_name": "청라국제업무지구",
        "station_name": "녹번",
        "line_name": "서울3호선",
        "travel_seconds": 3440.0,
        "travel_minutes": 57.3,
        "cutoff_minutes": 60,
        "node_category": "60분 도달 노드",
        "is_seed_station": false,
        "layer_type": "rail_node",
        "layer_label_ko": "철도 노드",
        "selected_time_minutes": 60
      },
      "geometry": {
        "type": "Point",
        "coordinates": [
          126.93586815232014,
          37.60076080621573
        ]
      }
    },
    {
      "type": "Feature",
      "properties": {
        "node_id": 257,
        "region": "cheongna",
        "region_name": "청라국제업무지구",
        "station_name": "원인재",
        "line_name": "인천1호선",
        "travel_seconds": 3420.0,
        "travel_minutes": 57.0,
        "cutoff_minutes": 60,
        "node_category": "60분 도달 노드",
        "is_seed_station": false,
        "layer_type": "rail_node",
        "layer_label_ko": "철도 노드",
        "selected_time_minutes": 60
      },
      "geometry": {
        "type": "Point",
        "coordinates": [
          126.68800068052849,
          37.41245135486674
        ]
      }
    },
    {
      "type": "Feature",
      "properties": {
        "node_id": 464,
        "region": "cheongna",
        "region_name": "청라국제업무지구",
        "station_name": "을지로3가",
        "line_name": "서울2호선",
        "travel_seconds": 3420.0,
        "travel_minutes": 57.0,
        "cutoff_minutes": 60,
        "node_category": "60분 도달 노드",
        "is_seed_station": false,
        "layer_type": "rail_node",
        "layer_label_ko": "철도 노드",
        "selected_time_minutes": 60
      },
      "geometry": {
        "type": "Point",
        "coordinates": [
          126.9910443015022,
          37.56629631337946
        ]
      }
    },
    {
      "type": "Feature",
      "properties": {
        "node_id": 552,
        "region": "cheongna",
        "region_name": "청라국제업무지구",
        "station_name": "충무로",
        "line_name": "서울4호선",
        "travel_seconds": 3420.0,
        "travel_minutes": 57.0,
        "cutoff_minutes": 60,
        "node_category": "60분 도달 노드",
        "is_seed_station": false,
        "layer_type": "rail_node",
        "layer_label_ko": "철도 노드",
        "selected_time_minutes": 60
      },
      "geometry": {
        "type": "Point",
        "coordinates": [
          126.99469388630308,
          37.56139337164911
        ]
      }
    },
    {
      "type": "Feature",
      "properties": {
        "node_id": 762,
        "region": "cheongna",
        "region_name": "청라국제업무지구",
        "station_name": "구반포",
        "line_name": "서울9호선",
        "travel_seconds": 3462.0,
        "travel_minutes": 57.7,
        "cutoff_minutes": 60,
        "node_category": "60분 도달 노드",
        "is_seed_station": false,
        "layer_type": "rail_node",
        "layer_label_ko": "철도 노드",
        "selected_time_minutes": 60
      },
      "geometry": {
        "type": "Point",
        "coordinates": [
          126.98746198997472,
          37.50147537502471
        ]
      }
    },
    {
      "type": "Feature",
      "properties": {
        "node_id": 484,
        "region": "cheongna",
        "region_name": "청라국제업무지구",
        "station_name": "삼송",
        "line_name": "서울3호선",
        "travel_seconds": 3504.0,
        "travel_minutes": 58.4,
        "cutoff_minutes": 60,
        "node_category": "60분 도달 노드",
        "is_seed_station": false,
        "layer_type": "rail_node",
        "layer_label_ko": "철도 노드",
        "selected_time_minutes": 60
      },
      "geometry": {
        "type": "Point",
        "coordinates": [
          126.89549454506391,
          37.653152567101166
        ]
      }
    },
    {
      "type": "Feature",
      "properties": {
        "node_id": 436,
        "region": "cheongna",
        "region_name": "청라국제업무지구",
        "station_name": "신대방",
        "line_name": "서울2호선",
        "travel_seconds": 3475.0,
        "travel_minutes": 57.9,
        "cutoff_minutes": 60,
        "node_category": "60분 도달 노드",
        "is_seed_station": false,
        "layer_type": "rail_node",
        "layer_label_ko": "철도 노드",
        "selected_time_minutes": 60
      },
      "geometry": {
        "type": "Point",
        "coordinates": [
          126.91364670737559,
          37.48771506988466
        ]
      }
    },
    {
      "type": "Feature",
      "properties": {
        "node_id": 352,
        "region": "cheongna",
        "region_name": "청라국제업무지구",
        "station_name": "종각",
        "line_name": "서울1호선",
        "travel_seconds": 3520.0,
        "travel_minutes": 58.7,
        "cutoff_minutes": 60,
        "node_category": "60분 도달 노드",
        "is_seed_station": false,
        "layer_type": "rail_node",
        "layer_label_ko": "철도 노드",
        "selected_time_minutes": 60
      },
      "geometry": {
        "type": "Point",
        "coordinates": [
          126.982955850426,
          37.57016455650105
        ]
      }
    },
    {
      "type": "Feature",
      "properties": {
        "node_id": 79,
        "region": "cheongna",
        "region_name": "청라국제업무지구",
        "station_name": "일산",
        "line_name": "경의중앙선",
        "travel_seconds": 3498.0,
        "travel_minutes": 58.3,
        "cutoff_minutes": 60,
        "node_category": "60분 도달 노드",
        "is_seed_station": false,
        "layer_type": "rail_node",
        "layer_label_ko": "철도 노드",
        "selected_time_minutes": 60
      },
      "geometry": {
        "type": "Point",
        "coordinates": [
          126.76993425463164,
          37.682026514489294
        ]
      }
    },
    {
      "type": "Feature",
      "properties": {
        "node_id": 596,
        "region": "cheongna",
        "region_name": "청라국제업무지구",
        "station_name": "동대문역사문화공원",
        "line_name": "서울5호선",
        "travel_seconds": 3510.0,
        "travel_minutes": 58.5,
        "cutoff_minutes": 60,
        "node_category": "60분 도달 노드",
        "is_seed_station": false,
        "layer_type": "rail_node",
        "layer_label_ko": "철도 노드",
        "selected_time_minutes": 60
      },
      "geometry": {
        "type": "Point",
        "coordinates": [
          127.00562253405717,
          37.564679338348114
        ]
      }
    },
    {
      "type": "Feature",
      "properties": {
        "node_id": 649,
        "region": "cheongna",
        "region_name": "청라국제업무지구",
        "station_name": "약수",
        "line_name": "서울6호선",
        "travel_seconds": 3480.0,
        "travel_minutes": 58.0,
        "cutoff_minutes": 60,
        "node_category": "60분 도달 노드",
        "is_seed_station": false,
        "layer_type": "rail_node",
        "layer_label_ko": "철도 노드",
        "selected_time_minutes": 60
      },
      "geometry": {
        "type": "Point",
        "coordinates": [
          127.01019294689584,
          37.554013760965795
        ]
      }
    },
    {
      "type": "Feature",
      "properties": {
        "node_id": 880,
        "region": "cheongna",
        "region_name": "청라국제업무지구",
        "station_name": "선정릉",
        "line_name": "서울9호선급행",
        "travel_seconds": 3576.0,
        "travel_minutes": 59.6,
        "cutoff_minutes": 60,
        "node_category": "60분 도달 노드",
        "is_seed_station": false,
        "layer_type": "rail_node",
        "layer_label_ko": "철도 노드",
        "selected_time_minutes": 60
      },
      "geometry": {
        "type": "Point",
        "coordinates": [
          127.0440542026834,
          37.51050736146603
        ]
      }
    },
    {
      "type": "Feature",
      "properties": {
        "node_id": 486,
        "region": "cheongna",
        "region_name": "청라국제업무지구",
        "station_name": "구파발",
        "line_name": "서울3호선",
        "travel_seconds": 3550.0,
        "travel_minutes": 59.2,
        "cutoff_minutes": 60,
        "node_category": "60분 도달 노드",
        "is_seed_station": false,
        "layer_type": "rail_node",
        "layer_label_ko": "철도 노드",
        "selected_time_minutes": 60
      },
      "geometry": {
        "type": "Point",
        "coordinates": [
          126.91881730019298,
          37.63639757222915
        ]
      }
    },
    {
      "type": "Feature",
      "properties": {
        "node_id": 196,
        "region": "cheongna",
        "region_name": "청라국제업무지구",
        "station_name": "서울지방병무청",
        "line_name": "신림선",
        "travel_seconds": 3512.0,
        "travel_minutes": 58.5,
        "cutoff_minutes": 60,
        "node_category": "60분 도달 노드",
        "is_seed_station": false,
        "layer_type": "rail_node",
        "layer_label_ko": "철도 노드",
        "selected_time_minutes": 60
      },
      "geometry": {
        "type": "Point",
        "coordinates": [
          126.92279671048001,
          37.50619800611216
        ]
      }
    },
    {
      "type": "Feature",
      "properties": {
        "node_id": 475,
        "region": "cheongna",
        "region_name": "청라국제업무지구",
        "station_name": "대화",
        "line_name": "서울3호선",
        "travel_seconds": 3534.0,
        "travel_minutes": 58.9,
        "cutoff_minutes": 60,
        "node_category": "60분 도달 노드",
        "is_seed_station": false,
        "layer_type": "rail_node",
        "layer_label_ko": "철도 노드",
        "selected_time_minutes": 60
      },
      "geometry": {
        "type": "Point",
        "coordinates": [
          126.74751236326142,
          37.676141864706125
        ]
      }
    },
    {
      "type": "Feature",
      "properties": {
        "node_id": 256,
        "region": "cheongna",
        "region_name": "청라국제업무지구",
        "station_name": "동춘",
        "line_name": "인천1호선",
        "travel_seconds": 3540.0,
        "travel_minutes": 59.0,
        "cutoff_minutes": 60,
        "node_category": "60분 도달 노드",
        "is_seed_station": false,
        "layer_type": "rail_node",
        "layer_label_ko": "철도 노드",
        "selected_time_minutes": 60
      },
      "geometry": {
        "type": "Point",
        "coordinates": [
          126.68094727926608,
          37.40462766193392
        ]
      }
    },
    {
      "type": "Feature",
      "properties": {
        "node_id": 463,
        "region": "cheongna",
        "region_name": "청라국제업무지구",
        "station_name": "을지로4가",
        "line_name": "서울2호선",
        "travel_seconds": 3510.0,
        "travel_minutes": 58.5,
        "cutoff_minutes": 60,
        "node_category": "60분 도달 노드",
        "is_seed_station": false,
        "layer_type": "rail_node",
        "layer_label_ko": "철도 노드",
        "selected_time_minutes": 60
      },
      "geometry": {
        "type": "Point",
        "coordinates": [
          126.99764984161506,
          37.566626674163885
        ]
      }
    },
    {
      "type": "Feature",
      "properties": {
        "node_id": 553,
        "region": "cheongna",
        "region_name": "청라국제업무지구",
        "station_name": "동대문역사문화공원",
        "line_name": "서울4호선",
        "travel_seconds": 3570.0,
        "travel_minutes": 59.5,
        "cutoff_minutes": 60,
        "node_category": "60분 도달 노드",
        "is_seed_station": false,
        "layer_type": "rail_node",
        "layer_label_ko": "철도 노드",
        "selected_time_minutes": 60
      },
      "geometry": {
        "type": "Point",
        "coordinates": [
          127.00788803473623,
          37.56506741473066
        ]
      }
    },
    {
      "type": "Feature",
      "properties": {
        "node_id": 490,
        "region": "cheongna",
        "region_name": "청라국제업무지구",
        "station_name": "홍제",
        "line_name": "서울3호선",
        "travel_seconds": 3590.0,
        "travel_minutes": 59.8,
        "cutoff_minutes": 60,
        "node_category": "60분 도달 노드",
        "is_seed_station": false,
        "layer_type": "rail_node",
        "layer_label_ko": "철도 노드",
        "selected_time_minutes": 60
      },
      "geometry": {
        "type": "Point",
        "coordinates": [
          126.94406885541066,
          37.588796505512455
        ]
      }
    },
    {
      "type": "Feature",
      "properties": {
        "node_id": 48,
        "region": "cheongna",
        "region_name": "청라국제업무지구",
        "station_name": "시흥능곡",
        "line_name": "서해선",
        "travel_seconds": 3580.0,
        "travel_minutes": 59.7,
        "cutoff_minutes": 60,
        "node_category": "60분 도달 노드",
        "is_seed_station": false,
        "layer_type": "rail_node",
        "layer_label_ko": "철도 노드",
        "selected_time_minutes": 60
      },
      "geometry": {
        "type": "Point",
        "coordinates": [
          126.80870135802708,
          37.36996905926629
        ]
      }
    },
    {
      "type": "Feature",
      "properties": {
        "node_id": 763,
        "region": "cheongna",
        "region_name": "청라국제업무지구",
        "station_name": "신반포",
        "line_name": "서울9호선",
        "travel_seconds": 3566.0,
        "travel_minutes": 59.4,
        "cutoff_minutes": 60,
        "node_category": "60분 도달 노드",
        "is_seed_station": false,
        "layer_type": "rail_node",
        "layer_label_ko": "철도 노드",
        "selected_time_minutes": 60
      },
      "geometry": {
        "type": "Point",
        "coordinates": [
          126.99611730898998,
          37.50349234382109
        ]
      }
    },
    {
      "type": "Feature",
      "properties": {
        "node_id": 681,
        "region": "cheongna",
        "region_name": "청라국제업무지구",
        "station_name": "남구로",
        "line_name": "서울7호선",
        "travel_seconds": 3578.0,
        "travel_minutes": 59.6,
        "cutoff_minutes": 60,
        "node_category": "60분 도달 노드",
        "is_seed_station": false,
        "layer_type": "rail_node",
        "layer_label_ko": "철도 노드",
        "selected_time_minutes": 60
      },
      "geometry": {
        "type": "Point",
        "coordinates": [
          126.88749291679697,
          37.48637678986405
        ]
      }
    },
    {
      "type": "Feature",
      "properties": {
        "node_id": 650,
        "region": "cheongna",
        "region_name": "청라국제업무지구",
        "station_name": "청구",
        "line_name": "서울6호선",
        "travel_seconds": 3590.0,
        "travel_minutes": 59.8,
        "cutoff_minutes": 60,
        "node_category": "60분 도달 노드",
        "is_seed_station": false,
        "layer_type": "rail_node",
        "layer_label_ko": "철도 노드",
        "selected_time_minutes": 60
      },
      "geometry": {
        "type": "Point",
        "coordinates": [
          127.01384244854054,
          37.56041608611719
        ]
      }
    }
  ]
}