{
  "type": "FeatureCollection",
  "features": [
    {
      "type": "Feature",
      "properties": {
        "node_id": 26,
        "region": "pangyo",
        "region_name": "제1판교테크노밸리",
        "station_name": "판교",
        "line_name": "경강선",
        "travel_seconds": 0.0,
        "travel_minutes": 0.0,
        "cutoff_minutes": 0,
        "node_category": "기준역",
        "is_seed_station": true,
        "layer_type": "rail_node",
        "layer_label_ko": "철도 노드",
        "selected_time_minutes": 60
      },
      "geometry": {
        "type": "Point",
        "coordinates": [
          127.11144319589552,
          37.39478218191577
        ]
      }
    },
    {
      "type": "Feature",
      "properties": {
        "node_id": 824,
        "region": "pangyo",
        "region_name": "제1판교테크노밸리",
        "station_name": "판교",
        "line_name": "신분당선",
        "travel_seconds": 0.0,
        "travel_minutes": 0.0,
        "cutoff_minutes": 0,
        "node_category": "기준역",
        "is_seed_station": true,
        "layer_type": "rail_node",
        "layer_label_ko": "철도 노드",
        "selected_time_minutes": 60
      },
      "geometry": {
        "type": "Point",
        "coordinates": [
          127.11115660285478,
          37.39456947025172
        ]
      }
    },
    {
      "type": "Feature",
      "properties": {
        "node_id": 823,
        "region": "pangyo",
        "region_name": "제1판교테크노밸리",
        "station_name": "청계산입구",
        "line_name": "신분당선",
        "travel_seconds": 393.0,
        "travel_minutes": 6.5,
        "cutoff_minutes": 30,
        "node_category": "30분 도달 노드",
        "is_seed_station": false,
        "layer_type": "rail_node",
        "layer_label_ko": "철도 노드",
        "selected_time_minutes": 60
      },
      "geometry": {
        "type": "Point",
        "coordinates": [
          127.05481605824002,
          37.448208355455385
        ]
      }
    },
    {
      "type": "Feature",
      "properties": {
        "node_id": 825,
        "region": "pangyo",
        "region_name": "제1판교테크노밸리",
        "station_name": "정자",
        "line_name": "신분당선",
        "travel_seconds": 198.0,
        "travel_minutes": 3.3,
        "cutoff_minutes": 30,
        "node_category": "30분 도달 노드",
        "is_seed_station": false,
        "layer_type": "rail_node",
        "layer_label_ko": "철도 노드",
        "selected_time_minutes": 60
      },
      "geometry": {
        "type": "Point",
        "coordinates": [
          127.10853330157944,
          37.36731490403886
        ]
      }
    },
    {
      "type": "Feature",
      "properties": {
        "node_id": 826,
        "region": "pangyo",
        "region_name": "제1판교테크노밸리",
        "station_name": "미금",
        "line_name": "신분당선",
        "travel_seconds": 358.0,
        "travel_minutes": 6.0,
        "cutoff_minutes": 30,
        "node_category": "30분 도달 노드",
        "is_seed_station": false,
        "layer_type": "rail_node",
        "layer_label_ko": "철도 노드",
        "selected_time_minutes": 60
      },
      "geometry": {
        "type": "Point",
        "coordinates": [
          127.10882039582211,
          37.350043730204725
        ]
      }
    },
    {
      "type": "Feature",
      "properties": {
        "node_id": 795,
        "region": "pangyo",
        "region_name": "제1판교테크노밸리",
        "station_name": "정자",
        "line_name": "분당선",
        "travel_seconds": 588.0,
        "travel_minutes": 9.8,
        "cutoff_minutes": 30,
        "node_category": "30분 도달 노드",
        "is_seed_station": false,
        "layer_type": "rail_node",
        "layer_label_ko": "철도 노드",
        "selected_time_minutes": 60
      },
      "geometry": {
        "type": "Point",
        "coordinates": [
          127.10805027517874,
          37.366370152927516
        ]
      }
    },
    {
      "type": "Feature",
      "properties": {
        "node_id": 827,
        "region": "pangyo",
        "region_name": "제1판교테크노밸리",
        "station_name": "동천",
        "line_name": "신분당선",
        "travel_seconds": 516.0,
        "travel_minutes": 8.6,
        "cutoff_minutes": 30,
        "node_category": "30분 도달 노드",
        "is_seed_station": false,
        "layer_type": "rail_node",
        "layer_label_ko": "철도 노드",
        "selected_time_minutes": 60
      },
      "geometry": {
        "type": "Point",
        "coordinates": [
          127.10282103853412,
          37.33792959003132
        ]
      }
    },
    {
      "type": "Feature",
      "properties": {
        "node_id": 794,
        "region": "pangyo",
        "region_name": "제1판교테크노밸리",
        "station_name": "미금",
        "line_name": "분당선",
        "travel_seconds": 738.0,
        "travel_minutes": 12.3,
        "cutoff_minutes": 30,
        "node_category": "30분 도달 노드",
        "is_seed_station": false,
        "layer_type": "rail_node",
        "layer_label_ko": "철도 노드",
        "selected_time_minutes": 60
      },
      "geometry": {
        "type": "Point",
        "coordinates": [
          127.10901849475744,
          37.35005408399885
        ]
      }
    },
    {
      "type": "Feature",
      "properties": {
        "node_id": 822,
        "region": "pangyo",
        "region_name": "제1판교테크노밸리",
        "station_name": "양재시민의숲",
        "line_name": "신분당선",
        "travel_seconds": 573.0,
        "travel_minutes": 9.6,
        "cutoff_minutes": 30,
        "node_category": "30분 도달 노드",
        "is_seed_station": false,
        "layer_type": "rail_node",
        "layer_label_ko": "철도 노드",
        "selected_time_minutes": 60
      },
      "geometry": {
        "type": "Point",
        "coordinates": [
          127.03847630891948,
          37.470130796153555
        ]
      }
    },
    {
      "type": "Feature",
      "properties": {
        "node_id": 828,
        "region": "pangyo",
        "region_name": "제1판교테크노밸리",
        "station_name": "수지구청",
        "line_name": "신분당선",
        "travel_seconds": 690.0,
        "travel_minutes": 11.5,
        "cutoff_minutes": 30,
        "node_category": "30분 도달 노드",
        "is_seed_station": false,
        "layer_type": "rail_node",
        "layer_label_ko": "철도 노드",
        "selected_time_minutes": 60
      },
      "geometry": {
        "type": "Point",
        "coordinates": [
          127.09476727916179,
          37.32255214257053
        ]
      }
    },
    {
      "type": "Feature",
      "properties": {
        "node_id": 821,
        "region": "pangyo",
        "region_name": "제1판교테크노밸리",
        "station_name": "양재",
        "line_name": "신분당선",
        "travel_seconds": 704.0,
        "travel_minutes": 11.7,
        "cutoff_minutes": 30,
        "node_category": "30분 도달 노드",
        "is_seed_station": false,
        "layer_type": "rail_node",
        "layer_label_ko": "철도 노드",
        "selected_time_minutes": 60
      },
      "geometry": {
        "type": "Point",
        "coordinates": [
          127.03491881007974,
          37.483707202554456
        ]
      }
    },
    {
      "type": "Feature",
      "properties": {
        "node_id": 796,
        "region": "pangyo",
        "region_name": "제1판교테크노밸리",
        "station_name": "수내",
        "line_name": "분당선",
        "travel_seconds": 738.0,
        "travel_minutes": 12.3,
        "cutoff_minutes": 30,
        "node_category": "30분 도달 노드",
        "is_seed_station": false,
        "layer_type": "rail_node",
        "layer_label_ko": "철도 노드",
        "selected_time_minutes": 60
      },
      "geometry": {
        "type": "Point",
        "coordinates": [
          127.11435203198641,
          37.37845478546335
        ]
      }
    },
    {
      "type": "Feature",
      "properties": {
        "node_id": 829,
        "region": "pangyo",
        "region_name": "제1판교테크노밸리",
        "station_name": "성복",
        "line_name": "신분당선",
        "travel_seconds": 842.0,
        "travel_minutes": 14.0,
        "cutoff_minutes": 30,
        "node_category": "30분 도달 노드",
        "is_seed_station": false,
        "layer_type": "rail_node",
        "layer_label_ko": "철도 노드",
        "selected_time_minutes": 60
      },
      "geometry": {
        "type": "Point",
        "coordinates": [
          127.08034168829445,
          37.31342955195196
        ]
      }
    },
    {
      "type": "Feature",
      "properties": {
        "node_id": 820,
        "region": "pangyo",
        "region_name": "제1판교테크노밸리",
        "station_name": "강남",
        "line_name": "신분당선",
        "travel_seconds": 832.0,
        "travel_minutes": 13.9,
        "cutoff_minutes": 30,
        "node_category": "30분 도달 노드",
        "is_seed_station": false,
        "layer_type": "rail_node",
        "layer_label_ko": "철도 노드",
        "selected_time_minutes": 60
      },
      "geometry": {
        "type": "Point",
        "coordinates": [
          127.02829567320644,
          37.49661485108958
        ]
      }
    },
    {
      "type": "Feature",
      "properties": {
        "node_id": 508,
        "region": "pangyo",
        "region_name": "제1판교테크노밸리",
        "station_name": "양재",
        "line_name": "서울3호선",
        "travel_seconds": 1064.0,
        "travel_minutes": 17.7,
        "cutoff_minutes": 30,
        "node_category": "30분 도달 노드",
        "is_seed_station": false,
        "layer_type": "rail_node",
        "layer_label_ko": "철도 노드",
        "selected_time_minutes": 60
      },
      "geometry": {
        "type": "Point",
        "coordinates": [
          127.0338695771307,
          37.48458004712426
        ]
      }
    },
    {
      "type": "Feature",
      "properties": {
        "node_id": 793,
        "region": "pangyo",
        "region_name": "제1판교테크노밸리",
        "station_name": "오리",
        "line_name": "분당선",
        "travel_seconds": 858.0,
        "travel_minutes": 14.3,
        "cutoff_minutes": 30,
        "node_category": "30분 도달 노드",
        "is_seed_station": false,
        "layer_type": "rail_node",
        "layer_label_ko": "철도 노드",
        "selected_time_minutes": 60
      },
      "geometry": {
        "type": "Point",
        "coordinates": [
          127.1089653267135,
          37.33986223006651
        ]
      }
    },
    {
      "type": "Feature",
      "properties": {
        "node_id": 797,
        "region": "pangyo",
        "region_name": "제1판교테크노밸리",
        "station_name": "서현",
        "line_name": "분당선",
        "travel_seconds": 858.0,
        "travel_minutes": 14.3,
        "cutoff_minutes": 30,
        "node_category": "30분 도달 노드",
        "is_seed_station": false,
        "layer_type": "rail_node",
        "layer_label_ko": "철도 노드",
        "selected_time_minutes": 60
      },
      "geometry": {
        "type": "Point",
        "coordinates": [
          127.12345491196909,
          37.38502792700807
        ]
      }
    },
    {
      "type": "Feature",
      "properties": {
        "node_id": 819,
        "region": "pangyo",
        "region_name": "제1판교테크노밸리",
        "station_name": "신논현",
        "line_name": "신분당선",
        "travel_seconds": 918.0,
        "travel_minutes": 15.3,
        "cutoff_minutes": 30,
        "node_category": "30분 도달 노드",
        "is_seed_station": false,
        "layer_type": "rail_node",
        "layer_label_ko": "철도 노드",
        "selected_time_minutes": 60
      },
      "geometry": {
        "type": "Point",
        "coordinates": [
          127.0246034538366,
          37.50426117404449
        ]
      }
    },
    {
      "type": "Feature",
      "properties": {
        "node_id": 445,
        "region": "pangyo",
        "region_name": "제1판교테크노밸리",
        "station_name": "강남",
        "line_name": "서울2호선",
        "travel_seconds": 1242.0,
        "travel_minutes": 20.7,
        "cutoff_minutes": 30,
        "node_category": "30분 도달 노드",
        "is_seed_station": false,
        "layer_type": "rail_node",
        "layer_label_ko": "철도 노드",
        "selected_time_minutes": 60
      },
      "geometry": {
        "type": "Point",
        "coordinates": [
          127.02806167769987,
          37.49811677955261
        ]
      }
    },
    {
      "type": "Feature",
      "properties": {
        "node_id": 830,
        "region": "pangyo",
        "region_name": "제1판교테크노밸리",
        "station_name": "상현",
        "line_name": "신분당선",
        "travel_seconds": 1023.0,
        "travel_minutes": 17.1,
        "cutoff_minutes": 30,
        "node_category": "30분 도달 노드",
        "is_seed_station": false,
        "layer_type": "rail_node",
        "layer_label_ko": "철도 노드",
        "selected_time_minutes": 60
      },
      "geometry": {
        "type": "Point",
        "coordinates": [
          127.06933533255231,
          37.29774945722412
        ]
      }
    },
    {
      "type": "Feature",
      "properties": {
        "node_id": 792,
        "region": "pangyo",
        "region_name": "제1판교테크노밸리",
        "station_name": "죽전",
        "line_name": "분당선",
        "travel_seconds": 1058.0,
        "travel_minutes": 17.6,
        "cutoff_minutes": 30,
        "node_category": "30분 도달 노드",
        "is_seed_station": false,
        "layer_type": "rail_node",
        "layer_label_ko": "철도 노드",
        "selected_time_minutes": 60
      },
      "geometry": {
        "type": "Point",
        "coordinates": [
          127.10756652082293,
          37.32470333266271
        ]
      }
    },
    {
      "type": "Feature",
      "properties": {
        "node_id": 798,
        "region": "pangyo",
        "region_name": "제1판교테크노밸리",
        "station_name": "이매",
        "line_name": "분당선",
        "travel_seconds": 968.0,
        "travel_minutes": 16.1,
        "cutoff_minutes": 30,
        "node_category": "30분 도달 노드",
        "is_seed_station": false,
        "layer_type": "rail_node",
        "layer_label_ko": "철도 노드",
        "selected_time_minutes": 60
      },
      "geometry": {
        "type": "Point",
        "coordinates": [
          127.12828907263011,
          37.39642775541209
        ]
      }
    },
    {
      "type": "Feature",
      "properties": {
        "node_id": 818,
        "region": "pangyo",
        "region_name": "제1판교테크노밸리",
        "station_name": "논현",
        "line_name": "신분당선",
        "travel_seconds": 995.0,
        "travel_minutes": 16.6,
        "cutoff_minutes": 30,
        "node_category": "30분 도달 노드",
        "is_seed_station": false,
        "layer_type": "rail_node",
        "layer_label_ko": "철도 노드",
        "selected_time_minutes": 60
      },
      "geometry": {
        "type": "Point",
        "coordinates": [
          127.02148163870044,
          37.5107948116954
        ]
      }
    },
    {
      "type": "Feature",
      "properties": {
        "node_id": 879,
        "region": "pangyo",
        "region_name": "제1판교테크노밸리",
        "station_name": "신논현",
        "line_name": "서울9호선급행",
        "travel_seconds": 1448.0,
        "travel_minutes": 24.1,
        "cutoff_minutes": 30,
        "node_category": "30분 도달 노드",
        "is_seed_station": false,
        "layer_type": "rail_node",
        "layer_label_ko": "철도 노드",
        "selected_time_minutes": 60
      },
      "geometry": {
        "type": "Point",
        "coordinates": [
          127.02576262558543,
          37.50508932731812
        ]
      }
    },
    {
      "type": "Feature",
      "properties": {
        "node_id": 766,
        "region": "pangyo",
        "region_name": "제1판교테크노밸리",
        "station_name": "신논현",
        "line_name": "서울9호선",
        "travel_seconds": 1388.0,
        "travel_minutes": 23.1,
        "cutoff_minutes": 30,
        "node_category": "30분 도달 노드",
        "is_seed_station": false,
        "layer_type": "rail_node",
        "layer_label_ko": "철도 노드",
        "selected_time_minutes": 60
      },
      "geometry": {
        "type": "Point",
        "coordinates": [
          127.02584213308398,
          37.5049205564883
        ]
      }
    },
    {
      "type": "Feature",
      "properties": {
        "node_id": 799,
        "region": "pangyo",
        "region_name": "제1판교테크노밸리",
        "station_name": "야탑",
        "line_name": "분당선",
        "travel_seconds": 1118.0,
        "travel_minutes": 18.6,
        "cutoff_minutes": 30,
        "node_category": "30분 도달 노드",
        "is_seed_station": false,
        "layer_type": "rail_node",
        "layer_label_ko": "철도 노드",
        "selected_time_minutes": 60
      },
      "geometry": {
        "type": "Point",
        "coordinates": [
          127.12868520179039,
          37.41180416352642
        ]
      }
    },
    {
      "type": "Feature",
      "properties": {
        "node_id": 27,
        "region": "pangyo",
        "region_name": "제1판교테크노밸리",
        "station_name": "이매",
        "line_name": "경강선",
        "travel_seconds": 1658.0,
        "travel_minutes": 27.6,
        "cutoff_minutes": 30,
        "node_category": "30분 도달 노드",
        "is_seed_station": false,
        "layer_type": "rail_node",
        "layer_label_ko": "철도 노드",
        "selected_time_minutes": 60
      },
      "geometry": {
        "type": "Point",
        "coordinates": [
          127.12731612795025,
          37.394712048440546
        ]
      }
    },
    {
      "type": "Feature",
      "properties": {
        "node_id": 817,
        "region": "pangyo",
        "region_name": "제1판교테크노밸리",
        "station_name": "신사",
        "line_name": "신분당선",
        "travel_seconds": 1066.0,
        "travel_minutes": 17.8,
        "cutoff_minutes": 30,
        "node_category": "30분 도달 노드",
        "is_seed_station": false,
        "layer_type": "rail_node",
        "layer_label_ko": "철도 노드",
        "selected_time_minutes": 60
      },
      "geometry": {
        "type": "Point",
        "coordinates": [
          127.01938995736657,
          37.51660518723846
        ]
      }
    },
    {
      "type": "Feature",
      "properties": {
        "node_id": 694,
        "region": "pangyo",
        "region_name": "제1판교테크노밸리",
        "station_name": "논현",
        "line_name": "서울7호선",
        "travel_seconds": 1325.0,
        "travel_minutes": 22.1,
        "cutoff_minutes": 30,
        "node_category": "30분 도달 노드",
        "is_seed_station": false,
        "layer_type": "rail_node",
        "layer_label_ko": "철도 노드",
        "selected_time_minutes": 60
      },
      "geometry": {
        "type": "Point",
        "coordinates": [
          127.021853180708,
          37.51126113697782
        ]
      }
    },
    {
      "type": "Feature",
      "properties": {
        "node_id": 831,
        "region": "pangyo",
        "region_name": "제1판교테크노밸리",
        "station_name": "광교중앙",
        "line_name": "신분당선",
        "travel_seconds": 1219.0,
        "travel_minutes": 20.3,
        "cutoff_minutes": 30,
        "node_category": "30분 도달 노드",
        "is_seed_station": false,
        "layer_type": "rail_node",
        "layer_label_ko": "철도 노드",
        "selected_time_minutes": 60
      },
      "geometry": {
        "type": "Point",
        "coordinates": [
          127.05164498562326,
          37.2884501592719
        ]
      }
    },
    {
      "type": "Feature",
      "properties": {
        "node_id": 791,
        "region": "pangyo",
        "region_name": "제1판교테크노밸리",
        "station_name": "보정",
        "line_name": "분당선",
        "travel_seconds": 1238.0,
        "travel_minutes": 20.6,
        "cutoff_minutes": 30,
        "node_category": "30분 도달 노드",
        "is_seed_station": false,
        "layer_type": "rail_node",
        "layer_label_ko": "철도 노드",
        "selected_time_minutes": 60
      },
      "geometry": {
        "type": "Point",
        "coordinates": [
          127.10834005272706,
          37.31279826193464
        ]
      }
    },
    {
      "type": "Feature",
      "properties": {
        "node_id": 507,
        "region": "pangyo",
        "region_name": "제1판교테크노밸리",
        "station_name": "남부터미널",
        "line_name": "서울3호선",
        "travel_seconds": 1214.0,
        "travel_minutes": 20.2,
        "cutoff_minutes": 30,
        "node_category": "30분 도달 노드",
        "is_seed_station": false,
        "layer_type": "rail_node",
        "layer_label_ko": "철도 노드",
        "selected_time_minutes": 60
      },
      "geometry": {
        "type": "Point",
        "coordinates": [
          127.01630214150559,
          37.48500070905941
        ]
      }
    },
    {
      "type": "Feature",
      "properties": {
        "node_id": 509,
        "region": "pangyo",
        "region_name": "제1판교테크노밸리",
        "station_name": "매봉",
        "line_name": "서울3호선",
        "travel_seconds": 1214.0,
        "travel_minutes": 20.2,
        "cutoff_minutes": 30,
        "node_category": "30분 도달 노드",
        "is_seed_station": false,
        "layer_type": "rail_node",
        "layer_label_ko": "철도 노드",
        "selected_time_minutes": 60
      },
      "geometry": {
        "type": "Point",
        "coordinates": [
          127.04677618667323,
          37.48696948538969
        ]
      }
    },
    {
      "type": "Feature",
      "properties": {
        "node_id": 503,
        "region": "pangyo",
        "region_name": "제1판교테크노밸리",
        "station_name": "신사",
        "line_name": "서울3호선",
        "travel_seconds": 1486.0,
        "travel_minutes": 24.8,
        "cutoff_minutes": 30,
        "node_category": "30분 도달 노드",
        "is_seed_station": false,
        "layer_type": "rail_node",
        "layer_label_ko": "철도 노드",
        "selected_time_minutes": 60
      },
      "geometry": {
        "type": "Point",
        "coordinates": [
          127.02031497821802,
          37.51644325136979
        ]
      }
    },
    {
      "type": "Feature",
      "properties": {
        "node_id": 800,
        "region": "pangyo",
        "region_name": "제1판교테크노밸리",
        "station_name": "모란",
        "line_name": "분당선",
        "travel_seconds": 1298.0,
        "travel_minutes": 21.6,
        "cutoff_minutes": 30,
        "node_category": "30분 도달 노드",
        "is_seed_station": false,
        "layer_type": "rail_node",
        "layer_label_ko": "철도 노드",
        "selected_time_minutes": 60
      },
      "geometry": {
        "type": "Point",
        "coordinates": [
          127.12906689217004,
          37.432299307382586
        ]
      }
    },
    {
      "type": "Feature",
      "properties": {
        "node_id": 506,
        "region": "pangyo",
        "region_name": "제1판교테크노밸리",
        "station_name": "교대",
        "line_name": "서울3호선",
        "travel_seconds": 1334.0,
        "travel_minutes": 22.2,
        "cutoff_minutes": 30,
        "node_category": "30분 도달 노드",
        "is_seed_station": false,
        "layer_type": "rail_node",
        "layer_label_ko": "철도 노드",
        "selected_time_minutes": 60
      },
      "geometry": {
        "type": "Point",
        "coordinates": [
          127.0138279671102,
          37.49296656096792
        ]
      }
    },
    {
      "type": "Feature",
      "properties": {
        "node_id": 510,
        "region": "pangyo",
        "region_name": "제1판교테크노밸리",
        "station_name": "도곡",
        "line_name": "서울3호선",
        "travel_seconds": 1334.0,
        "travel_minutes": 22.2,
        "cutoff_minutes": 30,
        "node_category": "30분 도달 노드",
        "is_seed_station": false,
        "layer_type": "rail_node",
        "layer_label_ko": "철도 노드",
        "selected_time_minutes": 60
      },
      "geometry": {
        "type": "Point",
        "coordinates": [
          127.0555675006598,
          37.491048742482185
        ]
      }
    },
    {
      "type": "Feature",
      "properties": {
        "node_id": 832,
        "region": "pangyo",
        "region_name": "제1판교테크노밸리",
        "station_name": "광교",
        "line_name": "신분당선",
        "travel_seconds": 1434.0,
        "travel_minutes": 23.9,
        "cutoff_minutes": 30,
        "node_category": "30분 도달 노드",
        "is_seed_station": false,
        "layer_type": "rail_node",
        "layer_label_ko": "철도 노드",
        "selected_time_minutes": 60
      },
      "geometry": {
        "type": "Point",
        "coordinates": [
          127.04436155242843,
          37.302062058277194
        ]
      }
    },
    {
      "type": "Feature",
      "properties": {
        "node_id": 790,
        "region": "pangyo",
        "region_name": "제1판교테크노밸리",
        "station_name": "구성",
        "line_name": "분당선",
        "travel_seconds": 1378.0,
        "travel_minutes": 23.0,
        "cutoff_minutes": 30,
        "node_category": "30분 도달 노드",
        "is_seed_station": false,
        "layer_type": "rail_node",
        "layer_label_ko": "철도 노드",
        "selected_time_minutes": 60
      },
      "geometry": {
        "type": "Point",
        "coordinates": [
          127.10567039677503,
          37.29897873981181
        ]
      }
    },
    {
      "type": "Feature",
      "properties": {
        "node_id": 446,
        "region": "pangyo",
        "region_name": "제1판교테크노밸리",
        "station_name": "역삼",
        "line_name": "서울2호선",
        "travel_seconds": 1332.0,
        "travel_minutes": 22.2,
        "cutoff_minutes": 30,
        "node_category": "30분 도달 노드",
        "is_seed_station": false,
        "layer_type": "rail_node",
        "layer_label_ko": "철도 노드",
        "selected_time_minutes": 60
      },
      "geometry": {
        "type": "Point",
        "coordinates": [
          127.03636840669158,
          37.50063961417192
        ]
      }
    },
    {
      "type": "Feature",
      "properties": {
        "node_id": 444,
        "region": "pangyo",
        "region_name": "제1판교테크노밸리",
        "station_name": "교대",
        "line_name": "서울2호선",
        "travel_seconds": 1362.0,
        "travel_minutes": 22.7,
        "cutoff_minutes": 30,
        "node_category": "30분 도달 노드",
        "is_seed_station": false,
        "layer_type": "rail_node",
        "layer_label_ko": "철도 노드",
        "selected_time_minutes": 60
      },
      "geometry": {
        "type": "Point",
        "coordinates": [
          127.0145212219361,
          37.49391874143159
        ]
      }
    },
    {
      "type": "Feature",
      "properties": {
        "node_id": 801,
        "region": "pangyo",
        "region_name": "제1판교테크노밸리",
        "station_name": "태평",
        "line_name": "분당선",
        "travel_seconds": 1418.0,
        "travel_minutes": 23.6,
        "cutoff_minutes": 30,
        "node_category": "30분 도달 노드",
        "is_seed_station": false,
        "layer_type": "rail_node",
        "layer_label_ko": "철도 노드",
        "selected_time_minutes": 60
      },
      "geometry": {
        "type": "Point",
        "coordinates": [
          127.12780338697468,
          37.4397579701397
        ]
      }
    },
    {
      "type": "Feature",
      "properties": {
        "node_id": 718,
        "region": "pangyo",
        "region_name": "제1판교테크노밸리",
        "station_name": "모란",
        "line_name": "서울8호선",
        "travel_seconds": 1628.0,
        "travel_minutes": 27.1,
        "cutoff_minutes": 30,
        "node_category": "30분 도달 노드",
        "is_seed_station": false,
        "layer_type": "rail_node",
        "layer_label_ko": "철도 노드",
        "selected_time_minutes": 60
      },
      "geometry": {
        "type": "Point",
        "coordinates": [
          127.12979700679931,
          37.434013806321964
        ]
      }
    },
    {
      "type": "Feature",
      "properties": {
        "node_id": 695,
        "region": "pangyo",
        "region_name": "제1판교테크노밸리",
        "station_name": "학동",
        "line_name": "서울7호선",
        "travel_seconds": 1435.0,
        "travel_minutes": 23.9,
        "cutoff_minutes": 30,
        "node_category": "30분 도달 노드",
        "is_seed_station": false,
        "layer_type": "rail_node",
        "layer_label_ko": "철도 노드",
        "selected_time_minutes": 60
      },
      "geometry": {
        "type": "Point",
        "coordinates": [
          127.03181201807583,
          37.51434017199306
        ]
      }
    },
    {
      "type": "Feature",
      "properties": {
        "node_id": 693,
        "region": "pangyo",
        "region_name": "제1판교테크노밸리",
        "station_name": "반포",
        "line_name": "서울7호선",
        "travel_seconds": 1415.0,
        "travel_minutes": 23.6,
        "cutoff_minutes": 30,
        "node_category": "30분 도달 노드",
        "is_seed_station": false,
        "layer_type": "rail_node",
        "layer_label_ko": "철도 노드",
        "selected_time_minutes": 60
      },
      "geometry": {
        "type": "Point",
        "coordinates": [
          127.01147731905735,
          37.50812717016541
        ]
      }
    },
    {
      "type": "Feature",
      "properties": {
        "node_id": 447,
        "region": "pangyo",
        "region_name": "제1판교테크노밸리",
        "station_name": "선릉",
        "line_name": "서울2호선",
        "travel_seconds": 1482.0,
        "travel_minutes": 24.7,
        "cutoff_minutes": 30,
        "node_category": "30분 도달 노드",
        "is_seed_station": false,
        "layer_type": "rail_node",
        "layer_label_ko": "철도 노드",
        "selected_time_minutes": 60
      },
      "geometry": {
        "type": "Point",
        "coordinates": [
          127.04884944742885,
          37.50447516204327
        ]
      }
    },
    {
      "type": "Feature",
      "properties": {
        "node_id": 505,
        "region": "pangyo",
        "region_name": "제1판교테크노밸리",
        "station_name": "고속터미널",
        "line_name": "서울3호선",
        "travel_seconds": 1484.0,
        "travel_minutes": 24.7,
        "cutoff_minutes": 30,
        "node_category": "30분 도달 노드",
        "is_seed_station": false,
        "layer_type": "rail_node",
        "layer_label_ko": "철도 노드",
        "selected_time_minutes": 60
      },
      "geometry": {
        "type": "Point",
        "coordinates": [
          127.00493444785855,
          37.50486906037078
        ]
      }
    },
    {
      "type": "Feature",
      "properties": {
        "node_id": 511,
        "region": "pangyo",
        "region_name": "제1판교테크노밸리",
        "station_name": "대치",
        "line_name": "서울3호선",
        "travel_seconds": 1424.0,
        "travel_minutes": 23.7,
        "cutoff_minutes": 30,
        "node_category": "30분 도달 노드",
        "is_seed_station": false,
        "layer_type": "rail_node",
        "layer_label_ko": "철도 노드",
        "selected_time_minutes": 60
      },
      "geometry": {
        "type": "Point",
        "coordinates": [
          127.06288260206013,
          37.49438321809049
        ]
      }
    },
    {
      "type": "Feature",
      "properties": {
        "node_id": 808,
        "region": "pangyo",
        "region_name": "제1판교테크노밸리",
        "station_name": "도곡",
        "line_name": "분당선",
        "travel_seconds": 1664.0,
        "travel_minutes": 27.7,
        "cutoff_minutes": 30,
        "node_category": "30분 도달 노드",
        "is_seed_station": false,
        "layer_type": "rail_node",
        "layer_label_ko": "철도 노드",
        "selected_time_minutes": 60
      },
      "geometry": {
        "type": "Point",
        "coordinates": [
          127.05528972002826,
          37.49126963926923
        ]
      }
    },
    {
      "type": "Feature",
      "properties": {
        "node_id": 443,
        "region": "pangyo",
        "region_name": "제1판교테크노밸리",
        "station_name": "서초",
        "line_name": "서울2호선",
        "travel_seconds": 1482.0,
        "travel_minutes": 24.7,
        "cutoff_minutes": 30,
        "node_category": "30분 도달 노드",
        "is_seed_station": false,
        "layer_type": "rail_node",
        "layer_label_ko": "철도 노드",
        "selected_time_minutes": 60
      },
      "geometry": {
        "type": "Point",
        "coordinates": [
          127.00770165990147,
          37.491811823574814
        ]
      }
    },
    {
      "type": "Feature",
      "properties": {
        "node_id": 789,
        "region": "pangyo",
        "region_name": "제1판교테크노밸리",
        "station_name": "신갈",
        "line_name": "분당선",
        "travel_seconds": 1518.0,
        "travel_minutes": 25.3,
        "cutoff_minutes": 30,
        "node_category": "30분 도달 노드",
        "is_seed_station": false,
        "layer_type": "rail_node",
        "layer_label_ko": "철도 노드",
        "selected_time_minutes": 60
      },
      "geometry": {
        "type": "Point",
        "coordinates": [
          127.1113292802862,
          37.28614017206379
        ]
      }
    },
    {
      "type": "Feature",
      "properties": {
        "node_id": 765,
        "region": "pangyo",
        "region_name": "제1판교테크노밸리",
        "station_name": "사평",
        "line_name": "서울9호선",
        "travel_seconds": 1519.0,
        "travel_minutes": 25.3,
        "cutoff_minutes": 30,
        "node_category": "30분 도달 노드",
        "is_seed_station": false,
        "layer_type": "rail_node",
        "layer_label_ko": "철도 노드",
        "selected_time_minutes": 60
      },
      "geometry": {
        "type": "Point",
        "coordinates": [
          127.0151631744664,
          37.50422483239932
        ]
      }
    },
    {
      "type": "Feature",
      "properties": {
        "node_id": 767,
        "region": "pangyo",
        "region_name": "제1판교테크노밸리",
        "station_name": "언주",
        "line_name": "서울9호선",
        "travel_seconds": 1541.0,
        "travel_minutes": 25.7,
        "cutoff_minutes": 30,
        "node_category": "30분 도달 노드",
        "is_seed_station": false,
        "layer_type": "rail_node",
        "layer_label_ko": "철도 노드",
        "selected_time_minutes": 60
      },
      "geometry": {
        "type": "Point",
        "coordinates": [
          127.03388761609956,
          37.50732567260436
        ]
      }
    },
    {
      "type": "Feature",
      "properties": {
        "node_id": 692,
        "region": "pangyo",
        "region_name": "제1판교테크노밸리",
        "station_name": "고속터미널",
        "line_name": "서울7호선",
        "travel_seconds": 1545.0,
        "travel_minutes": 25.8,
        "cutoff_minutes": 30,
        "node_category": "30분 도달 노드",
        "is_seed_station": false,
        "layer_type": "rail_node",
        "layer_label_ko": "철도 노드",
        "selected_time_minutes": 60
      },
      "geometry": {
        "type": "Point",
        "coordinates": [
          127.00509044776163,
          37.50343658308469
        ]
      }
    },
    {
      "type": "Feature",
      "properties": {
        "node_id": 802,
        "region": "pangyo",
        "region_name": "제1판교테크노밸리",
        "station_name": "가천대",
        "line_name": "분당선",
        "travel_seconds": 1538.0,
        "travel_minutes": 25.6,
        "cutoff_minutes": 30,
        "node_category": "30분 도달 노드",
        "is_seed_station": false,
        "layer_type": "rail_node",
        "layer_label_ko": "철도 노드",
        "selected_time_minutes": 60
      },
      "geometry": {
        "type": "Point",
        "coordinates": [
          127.12669116703219,
          37.44886491716168
        ]
      }
    },
    {
      "type": "Feature",
      "properties": {
        "node_id": 512,
        "region": "pangyo",
        "region_name": "제1판교테크노밸리",
        "station_name": "학여울",
        "line_name": "서울3호선",
        "travel_seconds": 1514.0,
        "travel_minutes": 25.2,
        "cutoff_minutes": 30,
        "node_category": "30분 도달 노드",
        "is_seed_station": false,
        "layer_type": "rail_node",
        "layer_label_ko": "철도 노드",
        "selected_time_minutes": 60
      },
      "geometry": {
        "type": "Point",
        "coordinates": [
          127.07121516297254,
          37.49685981421995
        ]
      }
    },
    {
      "type": "Feature",
      "properties": {
        "node_id": 696,
        "region": "pangyo",
        "region_name": "제1판교테크노밸리",
        "station_name": "강남구청",
        "line_name": "서울7호선",
        "travel_seconds": 1535.0,
        "travel_minutes": 25.6,
        "cutoff_minutes": 30,
        "node_category": "30분 도달 노드",
        "is_seed_station": false,
        "layer_type": "rail_node",
        "layer_label_ko": "철도 노드",
        "selected_time_minutes": 60
      },
      "geometry": {
        "type": "Point",
        "coordinates": [
          127.0410971937261,
          37.5171658604025
        ]
      }
    },
    {
      "type": "Feature",
      "properties": {
        "node_id": 878,
        "region": "pangyo",
        "region_name": "제1판교테크노밸리",
        "station_name": "고속터미널",
        "line_name": "서울9호선급행",
        "travel_seconds": 1628.0,
        "travel_minutes": 27.1,
        "cutoff_minutes": 30,
        "node_category": "30분 도달 노드",
        "is_seed_station": false,
        "layer_type": "rail_node",
        "layer_label_ko": "철도 노드",
        "selected_time_minutes": 60
      },
      "geometry": {
        "type": "Point",
        "coordinates": [
          127.00395600288556,
          37.50610053366641
        ]
      }
    },
    {
      "type": "Feature",
      "properties": {
        "node_id": 880,
        "region": "pangyo",
        "region_name": "제1판교테크노밸리",
        "station_name": "선정릉",
        "line_name": "서울9호선급행",
        "travel_seconds": 1634.0,
        "travel_minutes": 27.2,
        "cutoff_minutes": 30,
        "node_category": "30분 도달 노드",
        "is_seed_station": false,
        "layer_type": "rail_node",
        "layer_label_ko": "철도 노드",
        "selected_time_minutes": 60
      },
      "geometry": {
        "type": "Point",
        "coordinates": [
          127.0440542026834,
          37.51050736146603
        ]
      }
    },
    {
      "type": "Feature",
      "properties": {
        "node_id": 442,
        "region": "pangyo",
        "region_name": "제1판교테크노밸리",
        "station_name": "방배",
        "line_name": "서울2호선",
        "travel_seconds": 1632.0,
        "travel_minutes": 27.2,
        "cutoff_minutes": 30,
        "node_category": "30분 도달 노드",
        "is_seed_station": false,
        "layer_type": "rail_node",
        "layer_label_ko": "철도 노드",
        "selected_time_minutes": 60
      },
      "geometry": {
        "type": "Point",
        "coordinates": [
          126.99759853941437,
          37.48147207698431
        ]
      }
    },
    {
      "type": "Feature",
      "properties": {
        "node_id": 448,
        "region": "pangyo",
        "region_name": "제1판교테크노밸리",
        "station_name": "삼성",
        "line_name": "서울2호선",
        "travel_seconds": 1602.0,
        "travel_minutes": 26.7,
        "cutoff_minutes": 30,
        "node_category": "30분 도달 노드",
        "is_seed_station": false,
        "layer_type": "rail_node",
        "layer_label_ko": "철도 노드",
        "selected_time_minutes": 60
      },
      "geometry": {
        "type": "Point",
        "coordinates": [
          127.06313210133392,
          37.508915301152705
        ]
      }
    },
    {
      "type": "Feature",
      "properties": {
        "node_id": 810,
        "region": "pangyo",
        "region_name": "제1판교테크노밸리",
        "station_name": "선릉",
        "line_name": "분당선",
        "travel_seconds": 1862.0,
        "travel_minutes": 31.0,
        "cutoff_minutes": 60,
        "node_category": "60분 도달 노드",
        "is_seed_station": false,
        "layer_type": "rail_node",
        "layer_label_ko": "철도 노드",
        "selected_time_minutes": 60
      },
      "geometry": {
        "type": "Point",
        "coordinates": [
          127.04887341969834,
          37.50484218769327
        ]
      }
    },
    {
      "type": "Feature",
      "properties": {
        "node_id": 504,
        "region": "pangyo",
        "region_name": "제1판교테크노밸리",
        "station_name": "잠원",
        "line_name": "서울3호선",
        "travel_seconds": 1604.0,
        "travel_minutes": 26.7,
        "cutoff_minutes": 30,
        "node_category": "30분 도달 노드",
        "is_seed_station": false,
        "layer_type": "rail_node",
        "layer_label_ko": "철도 노드",
        "selected_time_minutes": 60
      },
      "geometry": {
        "type": "Point",
        "coordinates": [
          127.0115777959725,
          37.51297848809268
        ]
      }
    },
    {
      "type": "Feature",
      "properties": {
        "node_id": 764,
        "region": "pangyo",
        "region_name": "제1판교테크노밸리",
        "station_name": "고속터미널",
        "line_name": "서울9호선",
        "travel_seconds": 1666.0,
        "travel_minutes": 27.8,
        "cutoff_minutes": 30,
        "node_category": "30분 도달 노드",
        "is_seed_station": false,
        "layer_type": "rail_node",
        "layer_label_ko": "철도 노드",
        "selected_time_minutes": 60
      },
      "geometry": {
        "type": "Point",
        "coordinates": [
          127.00404071210666,
          37.505933374304796
        ]
      }
    },
    {
      "type": "Feature",
      "properties": {
        "node_id": 502,
        "region": "pangyo",
        "region_name": "제1판교테크노밸리",
        "station_name": "압구정",
        "line_name": "서울3호선",
        "travel_seconds": 1636.0,
        "travel_minutes": 27.3,
        "cutoff_minutes": 30,
        "node_category": "30분 도달 노드",
        "is_seed_station": false,
        "layer_type": "rail_node",
        "layer_label_ko": "철도 노드",
        "selected_time_minutes": 60
      },
      "geometry": {
        "type": "Point",
        "coordinates": [
          127.02849480804664,
          37.52683240163011
        ]
      }
    },
    {
      "type": "Feature",
      "properties": {
        "node_id": 513,
        "region": "pangyo",
        "region_name": "제1판교테크노밸리",
        "station_name": "대청",
        "line_name": "서울3호선",
        "travel_seconds": 1634.0,
        "travel_minutes": 27.2,
        "cutoff_minutes": 30,
        "node_category": "30분 도달 노드",
        "is_seed_station": false,
        "layer_type": "rail_node",
        "layer_label_ko": "철도 노드",
        "selected_time_minutes": 60
      },
      "geometry": {
        "type": "Point",
        "coordinates": [
          127.07965438746068,
          37.49351094157151
        ]
      }
    },
    {
      "type": "Feature",
      "properties": {
        "node_id": 788,
        "region": "pangyo",
        "region_name": "제1판교테크노밸리",
        "station_name": "기흥",
        "line_name": "분당선",
        "travel_seconds": 1668.0,
        "travel_minutes": 27.8,
        "cutoff_minutes": 30,
        "node_category": "30분 도달 노드",
        "is_seed_station": false,
        "layer_type": "rail_node",
        "layer_label_ko": "철도 노드",
        "selected_time_minutes": 60
      },
      "geometry": {
        "type": "Point",
        "coordinates": [
          127.11596117176872,
          37.27548895165585
        ]
      }
    },
    {
      "type": "Feature",
      "properties": {
        "node_id": 697,
        "region": "pangyo",
        "region_name": "제1판교테크노밸리",
        "station_name": "청담",
        "line_name": "서울7호선",
        "travel_seconds": 1655.0,
        "travel_minutes": 27.6,
        "cutoff_minutes": 30,
        "node_category": "30분 도달 노드",
        "is_seed_station": false,
        "layer_type": "rail_node",
        "layer_label_ko": "철도 노드",
        "selected_time_minutes": 60
      },
      "geometry": {
        "type": "Point",
        "coordinates": [
          127.05357716068204,
          37.519428891240395
        ]
      }
    },
    {
      "type": "Feature",
      "properties": {
        "node_id": 812,
        "region": "pangyo",
        "region_name": "제1판교테크노밸리",
        "station_name": "강남구청",
        "line_name": "분당선",
        "travel_seconds": 1925.0,
        "travel_minutes": 32.1,
        "cutoff_minutes": 60,
        "node_category": "60분 도달 노드",
        "is_seed_station": false,
        "layer_type": "rail_node",
        "layer_label_ko": "철도 노드",
        "selected_time_minutes": 60
      },
      "geometry": {
        "type": "Point",
        "coordinates": [
          127.04141846607048,
          37.516818175071926
        ]
      }
    },
    {
      "type": "Feature",
      "properties": {
        "node_id": 803,
        "region": "pangyo",
        "region_name": "제1판교테크노밸리",
        "station_name": "복정",
        "line_name": "분당선",
        "travel_seconds": 1718.0,
        "travel_minutes": 28.6,
        "cutoff_minutes": 30,
        "node_category": "30분 도달 노드",
        "is_seed_station": false,
        "layer_type": "rail_node",
        "layer_label_ko": "철도 노드",
        "selected_time_minutes": 60
      },
      "geometry": {
        "type": "Point",
        "coordinates": [
          127.12655548436801,
          37.47088919380632
        ]
      }
    },
    {
      "type": "Feature",
      "properties": {
        "node_id": 768,
        "region": "pangyo",
        "region_name": "제1판교테크노밸리",
        "station_name": "선정릉",
        "line_name": "서울9호선",
        "travel_seconds": 1651.0,
        "travel_minutes": 27.5,
        "cutoff_minutes": 30,
        "node_category": "30분 도달 노드",
        "is_seed_station": false,
        "layer_type": "rail_node",
        "layer_label_ko": "철도 노드",
        "selected_time_minutes": 60
      },
      "geometry": {
        "type": "Point",
        "coordinates": [
          127.04413239250458,
          37.510338197449975
        ]
      }
    },
    {
      "type": "Feature",
      "properties": {
        "node_id": 691,
        "region": "pangyo",
        "region_name": "제1판교테크노밸리",
        "station_name": "내방",
        "line_name": "서울7호선",
        "travel_seconds": 1725.0,
        "travel_minutes": 28.8,
        "cutoff_minutes": 30,
        "node_category": "30분 도달 노드",
        "is_seed_station": false,
        "layer_type": "rail_node",
        "layer_label_ko": "철도 노드",
        "selected_time_minutes": 60
      },
      "geometry": {
        "type": "Point",
        "coordinates": [
          126.99366333702754,
          37.48767847349902
        ]
      }
    },
    {
      "type": "Feature",
      "properties": {
        "node_id": 449,
        "region": "pangyo",
        "region_name": "제1판교테크노밸리",
        "station_name": "종합운동장",
        "line_name": "서울2호선",
        "travel_seconds": 1722.0,
        "travel_minutes": 28.7,
        "cutoff_minutes": 30,
        "node_category": "30분 도달 노드",
        "is_seed_station": false,
        "layer_type": "rail_node",
        "layer_label_ko": "철도 노드",
        "selected_time_minutes": 60
      },
      "geometry": {
        "type": "Point",
        "coordinates": [
          127.0738741898419,
          37.51114024667451
        ]
      }
    },
    {
      "type": "Feature",
      "properties": {
        "node_id": 719,
        "region": "pangyo",
        "region_name": "제1판교테크노밸리",
        "station_name": "수진",
        "line_name": "서울8호선",
        "travel_seconds": 1748.0,
        "travel_minutes": 29.1,
        "cutoff_minutes": 30,
        "node_category": "30분 도달 노드",
        "is_seed_station": false,
        "layer_type": "rail_node",
        "layer_label_ko": "철도 노드",
        "selected_time_minutes": 60
      },
      "geometry": {
        "type": "Point",
        "coordinates": [
          127.14085740225366,
          37.43749374732599
        ]
      }
    },
    {
      "type": "Feature",
      "properties": {
        "node_id": 877,
        "region": "pangyo",
        "region_name": "제1판교테크노밸리",
        "station_name": "동작",
        "line_name": "서울9호선급행",
        "travel_seconds": 1783.0,
        "travel_minutes": 29.7,
        "cutoff_minutes": 30,
        "node_category": "30분 도달 노드",
        "is_seed_station": false,
        "layer_type": "rail_node",
        "layer_label_ko": "철도 노드",
        "selected_time_minutes": 60
      },
      "geometry": {
        "type": "Point",
        "coordinates": [
          126.97859082781919,
          37.502936332057935
        ]
      }
    },
    {
      "type": "Feature",
      "properties": {
        "node_id": 441,
        "region": "pangyo",
        "region_name": "제1판교테크노밸리",
        "station_name": "사당",
        "line_name": "서울2호선",
        "travel_seconds": 1812.0,
        "travel_minutes": 30.2,
        "cutoff_minutes": 60,
        "node_category": "60분 도달 노드",
        "is_seed_station": false,
        "layer_type": "rail_node",
        "layer_label_ko": "철도 노드",
        "selected_time_minutes": 60
      },
      "geometry": {
        "type": "Point",
        "coordinates": [
          126.98145992891385,
          37.47655688046076
        ]
      }
    },
    {
      "type": "Feature",
      "properties": {
        "node_id": 514,
        "region": "pangyo",
        "region_name": "제1판교테크노밸리",
        "station_name": "일원",
        "line_name": "서울3호선",
        "travel_seconds": 1754.0,
        "travel_minutes": 29.2,
        "cutoff_minutes": 30,
        "node_category": "30분 도달 노드",
        "is_seed_station": false,
        "layer_type": "rail_node",
        "layer_label_ko": "철도 노드",
        "selected_time_minutes": 60
      },
      "geometry": {
        "type": "Point",
        "coordinates": [
          127.08425610480239,
          37.483892375613635
        ]
      }
    },
    {
      "type": "Feature",
      "properties": {
        "node_id": 881,
        "region": "pangyo",
        "region_name": "제1판교테크노밸리",
        "station_name": "봉은사",
        "line_name": "서울9호선급행",
        "travel_seconds": 1806.0,
        "travel_minutes": 30.1,
        "cutoff_minutes": 60,
        "node_category": "60분 도달 노드",
        "is_seed_station": false,
        "layer_type": "rail_node",
        "layer_label_ko": "철도 노드",
        "selected_time_minutes": 60
      },
      "geometry": {
        "type": "Point",
        "coordinates": [
          127.0601734237017,
          37.514427257649025
        ]
      }
    },
    {
      "type": "Feature",
      "properties": {
        "node_id": 811,
        "region": "pangyo",
        "region_name": "제1판교테크노밸리",
        "station_name": "선정릉",
        "line_name": "분당선",
        "travel_seconds": 1982.0,
        "travel_minutes": 33.0,
        "cutoff_minutes": 60,
        "node_category": "60분 도달 노드",
        "is_seed_station": false,
        "layer_type": "rail_node",
        "layer_label_ko": "철도 노드",
        "selected_time_minutes": 60
      },
      "geometry": {
        "type": "Point",
        "coordinates": [
          127.043735554321,
          37.5106387912849
        ]
      }
    },
    {
      "type": "Feature",
      "properties": {
        "node_id": 501,
        "region": "pangyo",
        "region_name": "제1판교테크노밸리",
        "station_name": "옥수",
        "line_name": "서울3호선",
        "travel_seconds": 1786.0,
        "travel_minutes": 29.8,
        "cutoff_minutes": 30,
        "node_category": "30분 도달 노드",
        "is_seed_station": false,
        "layer_type": "rail_node",
        "layer_label_ko": "철도 노드",
        "selected_time_minutes": 60
      },
      "geometry": {
        "type": "Point",
        "coordinates": [
          127.01734970783959,
          37.541646501646156
        ]
      }
    },
    {
      "type": "Feature",
      "properties": {
        "node_id": 769,
        "region": "pangyo",
        "region_name": "제1판교테크노밸리",
        "station_name": "삼성중앙",
        "line_name": "서울9호선",
        "travel_seconds": 1775.0,
        "travel_minutes": 29.6,
        "cutoff_minutes": 30,
        "node_category": "30분 도달 노드",
        "is_seed_station": false,
        "layer_type": "rail_node",
        "layer_label_ko": "철도 노드",
        "selected_time_minutes": 60
      },
      "geometry": {
        "type": "Point",
        "coordinates": [
          127.05332657895441,
          37.51303446510631
        ]
      }
    },
    {
      "type": "Feature",
      "properties": {
        "node_id": 698,
        "region": "pangyo",
        "region_name": "제1판교테크노밸리",
        "station_name": "뚝섬유원지",
        "line_name": "서울7호선",
        "travel_seconds": 1835.0,
        "travel_minutes": 30.6,
        "cutoff_minutes": 60,
        "node_category": "60분 도달 노드",
        "is_seed_station": false,
        "layer_type": "rail_node",
        "layer_label_ko": "철도 노드",
        "selected_time_minutes": 60
      },
      "geometry": {
        "type": "Point",
        "coordinates": [
          127.06669338787944,
          37.53153233958963
        ]
      }
    },
    {
      "type": "Feature",
      "properties": {
        "node_id": 28,
        "region": "pangyo",
        "region_name": "제1판교테크노밸리",
        "station_name": "삼동",
        "line_name": "경강선",
        "travel_seconds": 1958.0,
        "travel_minutes": 32.6,
        "cutoff_minutes": 60,
        "node_category": "60분 도달 노드",
        "is_seed_station": false,
        "layer_type": "rail_node",
        "layer_label_ko": "철도 노드",
        "selected_time_minutes": 60
      },
      "geometry": {
        "type": "Point",
        "coordinates": [
          127.20342545155974,
          37.408720901714815
        ]
      }
    },
    {
      "type": "Feature",
      "properties": {
        "node_id": 809,
        "region": "pangyo",
        "region_name": "제1판교테크노밸리",
        "station_name": "한티",
        "line_name": "분당선",
        "travel_seconds": 1754.0,
        "travel_minutes": 29.2,
        "cutoff_minutes": 30,
        "node_category": "30분 도달 노드",
        "is_seed_station": false,
        "layer_type": "rail_node",
        "layer_label_ko": "철도 노드",
        "selected_time_minutes": 60
      },
      "geometry": {
        "type": "Point",
        "coordinates": [
          127.05289869433383,
          37.496292233946704
        ]
      }
    },
    {
      "type": "Feature",
      "properties": {
        "node_id": 807,
        "region": "pangyo",
        "region_name": "제1판교테크노밸리",
        "station_name": "구룡",
        "line_name": "분당선",
        "travel_seconds": 1744.0,
        "travel_minutes": 29.1,
        "cutoff_minutes": 30,
        "node_category": "30분 도달 노드",
        "is_seed_station": false,
        "layer_type": "rail_node",
        "layer_label_ko": "철도 노드",
        "selected_time_minutes": 60
      },
      "geometry": {
        "type": "Point",
        "coordinates": [
          127.05959630216212,
          37.48702793012337
        ]
      }
    },
    {
      "type": "Feature",
      "properties": {
        "node_id": 763,
        "region": "pangyo",
        "region_name": "제1판교테크노밸리",
        "station_name": "신반포",
        "line_name": "서울9호선",
        "travel_seconds": 1765.0,
        "travel_minutes": 29.4,
        "cutoff_minutes": 30,
        "node_category": "30분 도달 노드",
        "is_seed_station": false,
        "layer_type": "rail_node",
        "layer_label_ko": "철도 노드",
        "selected_time_minutes": 60
      },
      "geometry": {
        "type": "Point",
        "coordinates": [
          126.99611730898998,
          37.50349234382109
        ]
      }
    },
    {
      "type": "Feature",
      "properties": {
        "node_id": 787,
        "region": "pangyo",
        "region_name": "제1판교테크노밸리",
        "station_name": "상갈",
        "line_name": "분당선",
        "travel_seconds": 1808.0,
        "travel_minutes": 30.1,
        "cutoff_minutes": 60,
        "node_category": "60분 도달 노드",
        "is_seed_station": false,
        "layer_type": "rail_node",
        "layer_label_ko": "철도 노드",
        "selected_time_minutes": 60
      },
      "geometry": {
        "type": "Point",
        "coordinates": [
          127.1087702594018,
          37.26180717695745
        ]
      }
    },
    {
      "type": "Feature",
      "properties": {
        "node_id": 166,
        "region": "pangyo",
        "region_name": "제1판교테크노밸리",
        "station_name": "기흥",
        "line_name": "용인경전철",
        "travel_seconds": 1998.0,
        "travel_minutes": 33.3,
        "cutoff_minutes": 60,
        "node_category": "60분 도달 노드",
        "is_seed_station": false,
        "layer_type": "rail_node",
        "layer_label_ko": "철도 노드",
        "selected_time_minutes": 60
      },
      "geometry": {
        "type": "Point",
        "coordinates": [
          127.11753466306267,
          37.275446605331936
        ]
      }
    },
    {
      "type": "Feature",
      "properties": {
        "node_id": 804,
        "region": "pangyo",
        "region_name": "제1판교테크노밸리",
        "station_name": "수서",
        "line_name": "분당선",
        "travel_seconds": 1958.0,
        "travel_minutes": 32.6,
        "cutoff_minutes": 60,
        "node_category": "60분 도달 노드",
        "is_seed_station": false,
        "layer_type": "rail_node",
        "layer_label_ko": "철도 노드",
        "selected_time_minutes": 60
      },
      "geometry": {
        "type": "Point",
        "coordinates": [
          127.10179180251572,
          37.487183508394914
        ]
      }
    },
    {
      "type": "Feature",
      "properties": {
        "node_id": 724,
        "region": "pangyo",
        "region_name": "제1판교테크노밸리",
        "station_name": "복정",
        "line_name": "서울8호선",
        "travel_seconds": 1998.0,
        "travel_minutes": 33.3,
        "cutoff_minutes": 60,
        "node_category": "60분 도달 노드",
        "is_seed_station": false,
        "layer_type": "rail_node",
        "layer_label_ko": "철도 노드",
        "selected_time_minutes": 60
      },
      "geometry": {
        "type": "Point",
        "coordinates": [
          127.12676817610887,
          37.470868178941465
        ]
      }
    },
    {
      "type": "Feature",
      "properties": {
        "node_id": 450,
        "region": "pangyo",
        "region_name": "제1판교테크노밸리",
        "station_name": "잠실새내",
        "line_name": "서울2호선",
        "travel_seconds": 1842.0,
        "travel_minutes": 30.7,
        "cutoff_minutes": 60,
        "node_category": "60분 도달 노드",
        "is_seed_station": false,
        "layer_type": "rail_node",
        "layer_label_ko": "철도 노드",
        "selected_time_minutes": 60
      },
      "geometry": {
        "type": "Point",
        "coordinates": [
          127.08578361601805,
          37.51162337532623
        ]
      }
    },
    {
      "type": "Feature",
      "properties": {
        "node_id": 882,
        "region": "pangyo",
        "region_name": "제1판교테크노밸리",
        "station_name": "종합운동장",
        "line_name": "서울9호선급행",
        "travel_seconds": 1958.0,
        "travel_minutes": 32.6,
        "cutoff_minutes": 60,
        "node_category": "60분 도달 노드",
        "is_seed_station": false,
        "layer_type": "rail_node",
        "layer_label_ko": "철도 노드",
        "selected_time_minutes": 60
      },
      "geometry": {
        "type": "Point",
        "coordinates": [
          127.07610376624258,
          37.51175432363645
        ]
      }
    },
    {
      "type": "Feature",
      "properties": {
        "node_id": 771,
        "region": "pangyo",
        "region_name": "제1판교테크노밸리",
        "station_name": "종합운동장",
        "line_name": "서울9호선",
        "travel_seconds": 2020.0,
        "travel_minutes": 33.7,
        "cutoff_minutes": 60,
        "node_category": "60분 도달 노드",
        "is_seed_station": false,
        "layer_type": "rail_node",
        "layer_label_ko": "철도 노드",
        "selected_time_minutes": 60
      },
      "geometry": {
        "type": "Point",
        "coordinates": [
          127.07598223383413,
          37.51160225275392
        ]
      }
    },
    {
      "type": "Feature",
      "properties": {
        "node_id": 690,
        "region": "pangyo",
        "region_name": "제1판교테크노밸리",
        "station_name": "이수",
        "line_name": "서울7호선",
        "travel_seconds": 1855.0,
        "travel_minutes": 30.9,
        "cutoff_minutes": 60,
        "node_category": "60분 도달 노드",
        "is_seed_station": false,
        "layer_type": "rail_node",
        "layer_label_ko": "철도 노드",
        "selected_time_minutes": 60
      },
      "geometry": {
        "type": "Point",
        "coordinates": [
          126.98159125571313,
          37.48525347981365
        ]
      }
    },
    {
      "type": "Feature",
      "properties": {
        "node_id": 806,
        "region": "pangyo",
        "region_name": "제1판교테크노밸리",
        "station_name": "개포동",
        "line_name": "분당선",
        "travel_seconds": 1854.0,
        "travel_minutes": 30.9,
        "cutoff_minutes": 60,
        "node_category": "60분 도달 노드",
        "is_seed_station": false,
        "layer_type": "rail_node",
        "layer_label_ko": "철도 노드",
        "selected_time_minutes": 60
      },
      "geometry": {
        "type": "Point",
        "coordinates": [
          127.06603356695186,
          37.48909188383677
        ]
      }
    },
    {
      "type": "Feature",
      "properties": {
        "node_id": 720,
        "region": "pangyo",
        "region_name": "제1판교테크노밸리",
        "station_name": "신흥",
        "line_name": "서울8호선",
        "travel_seconds": 1838.0,
        "travel_minutes": 30.6,
        "cutoff_minutes": 60,
        "node_category": "60분 도달 노드",
        "is_seed_station": false,
        "layer_type": "rail_node",
        "layer_label_ko": "철도 노드",
        "selected_time_minutes": 60
      },
      "geometry": {
        "type": "Point",
        "coordinates": [
          127.14760299428023,
          37.440910752121255
        ]
      }
    },
    {
      "type": "Feature",
      "properties": {
        "node_id": 515,
        "region": "pangyo",
        "region_name": "제1판교테크노밸리",
        "station_name": "수서",
        "line_name": "서울3호선",
        "travel_seconds": 1904.0,
        "travel_minutes": 31.7,
        "cutoff_minutes": 60,
        "node_category": "60분 도달 노드",
        "is_seed_station": false,
        "layer_type": "rail_node",
        "layer_label_ko": "철도 노드",
        "selected_time_minutes": 60
      },
      "geometry": {
        "type": "Point",
        "coordinates": [
          127.10209464890579,
          37.48744612229928
        ]
      }
    },
    {
      "type": "Feature",
      "properties": {
        "node_id": 762,
        "region": "pangyo",
        "region_name": "제1판교테크노밸리",
        "station_name": "구반포",
        "line_name": "서울9호선",
        "travel_seconds": 1869.0,
        "travel_minutes": 31.1,
        "cutoff_minutes": 60,
        "node_category": "60분 도달 노드",
        "is_seed_station": false,
        "layer_type": "rail_node",
        "layer_label_ko": "철도 노드",
        "selected_time_minutes": 60
      },
      "geometry": {
        "type": "Point",
        "coordinates": [
          126.98746198997472,
          37.50147537502471
        ]
      }
    },
    {
      "type": "Feature",
      "properties": {
        "node_id": 770,
        "region": "pangyo",
        "region_name": "제1판교테크노밸리",
        "station_name": "봉은사",
        "line_name": "서울9호선",
        "travel_seconds": 1884.0,
        "travel_minutes": 31.4,
        "cutoff_minutes": 60,
        "node_category": "60분 도달 노드",
        "is_seed_station": false,
        "layer_type": "rail_node",
        "layer_label_ko": "철도 노드",
        "selected_time_minutes": 60
      },
      "geometry": {
        "type": "Point",
        "coordinates": [
          127.06022236028825,
          37.5142512509896
        ]
      }
    },
    {
      "type": "Feature",
      "properties": {
        "node_id": 876,
        "region": "pangyo",
        "region_name": "제1판교테크노밸리",
        "station_name": "노량진",
        "line_name": "서울9호선급행",
        "travel_seconds": 2048.0,
        "travel_minutes": 34.1,
        "cutoff_minutes": 60,
        "node_category": "60분 도달 노드",
        "is_seed_station": false,
        "layer_type": "rail_node",
        "layer_label_ko": "철도 노드",
        "selected_time_minutes": 60
      },
      "geometry": {
        "type": "Point",
        "coordinates": [
          126.94090950679447,
          37.51374810573692
        ]
      }
    },
    {
      "type": "Feature",
      "properties": {
        "node_id": 544,
        "region": "pangyo",
        "region_name": "제1판교테크노밸리",
        "station_name": "동작",
        "line_name": "서울4호선",
        "travel_seconds": 2193.0,
        "travel_minutes": 36.5,
        "cutoff_minutes": 60,
        "node_category": "60분 도달 노드",
        "is_seed_station": false,
        "layer_type": "rail_node",
        "layer_label_ko": "철도 노드",
        "selected_time_minutes": 60
      },
      "geometry": {
        "type": "Point",
        "coordinates": [
          126.98029388425194,
          37.50313526273477
        ]
      }
    },
    {
      "type": "Feature",
      "properties": {
        "node_id": 761,
        "region": "pangyo",
        "region_name": "제1판교테크노밸리",
        "station_name": "동작",
        "line_name": "서울9호선",
        "travel_seconds": 1996.0,
        "travel_minutes": 33.3,
        "cutoff_minutes": 60,
        "node_category": "60분 도달 노드",
        "is_seed_station": false,
        "layer_type": "rail_node",
        "layer_label_ko": "철도 노드",
        "selected_time_minutes": 60
      },
      "geometry": {
        "type": "Point",
        "coordinates": [
          126.97846610287309,
          37.50278592651394
        ]
      }
    },
    {
      "type": "Feature",
      "properties": {
        "node_id": 500,
        "region": "pangyo",
        "region_name": "제1판교테크노밸리",
        "station_name": "금호",
        "line_name": "서울3호선",
        "travel_seconds": 1876.0,
        "travel_minutes": 31.3,
        "cutoff_minutes": 60,
        "node_category": "60분 도달 노드",
        "is_seed_station": false,
        "layer_type": "rail_node",
        "layer_label_ko": "철도 노드",
        "selected_time_minutes": 60
      },
      "geometry": {
        "type": "Point",
        "coordinates": [
          127.01581679193747,
          37.54824925934082
        ]
      }
    },
    {
      "type": "Feature",
      "properties": {
        "node_id": 99,
        "region": "pangyo",
        "region_name": "제1판교테크노밸리",
        "station_name": "옥수",
        "line_name": "경의중앙선",
        "travel_seconds": 2356.0,
        "travel_minutes": 39.3,
        "cutoff_minutes": 60,
        "node_category": "60분 도달 노드",
        "is_seed_station": false,
        "layer_type": "rail_node",
        "layer_label_ko": "철도 노드",
        "selected_time_minutes": 60
      },
      "geometry": {
        "type": "Point",
        "coordinates": [
          127.0185867229776,
          37.5403743443041
        ]
      }
    },
    {
      "type": "Feature",
      "properties": {
        "node_id": 786,
        "region": "pangyo",
        "region_name": "제1판교테크노밸리",
        "station_name": "청명",
        "line_name": "분당선",
        "travel_seconds": 2008.0,
        "travel_minutes": 33.5,
        "cutoff_minutes": 60,
        "node_category": "60분 도달 노드",
        "is_seed_station": false,
        "layer_type": "rail_node",
        "layer_label_ko": "철도 노드",
        "selected_time_minutes": 60
      },
      "geometry": {
        "type": "Point",
        "coordinates": [
          127.0789575841608,
          37.25947839664072
        ]
      }
    },
    {
      "type": "Feature",
      "properties": {
        "node_id": 440,
        "region": "pangyo",
        "region_name": "제1판교테크노밸리",
        "station_name": "낙성대",
        "line_name": "서울2호선",
        "travel_seconds": 1992.0,
        "travel_minutes": 33.2,
        "cutoff_minutes": 60,
        "node_category": "60분 도달 노드",
        "is_seed_station": false,
        "layer_type": "rail_node",
        "layer_label_ko": "철도 노드",
        "selected_time_minutes": 60
      },
      "geometry": {
        "type": "Point",
        "coordinates": [
          126.9633714730419,
          37.477128579538125
        ]
      }
    },
    {
      "type": "Feature",
      "properties": {
        "node_id": 542,
        "region": "pangyo",
        "region_name": "제1판교테크노밸리",
        "station_name": "사당",
        "line_name": "서울4호선",
        "travel_seconds": 2082.0,
        "travel_minutes": 34.7,
        "cutoff_minutes": 60,
        "node_category": "60분 도달 노드",
        "is_seed_station": false,
        "layer_type": "rail_node",
        "layer_label_ko": "철도 노드",
        "selected_time_minutes": 60
      },
      "geometry": {
        "type": "Point",
        "coordinates": [
          126.98165285774415,
          37.47668573822636
        ]
      }
    },
    {
      "type": "Feature",
      "properties": {
        "node_id": 699,
        "region": "pangyo",
        "region_name": "제1판교테크노밸리",
        "station_name": "건대입구",
        "line_name": "서울7호선",
        "travel_seconds": 1945.0,
        "travel_minutes": 32.4,
        "cutoff_minutes": 60,
        "node_category": "60분 도달 노드",
        "is_seed_station": false,
        "layer_type": "rail_node",
        "layer_label_ko": "철도 노드",
        "selected_time_minutes": 60
      },
      "geometry": {
        "type": "Point",
        "coordinates": [
          127.07104527435243,
          37.540787120208606
        ]
      }
    },
    {
      "type": "Feature",
      "properties": {
        "node_id": 721,
        "region": "pangyo",
        "region_name": "제1판교테크노밸리",
        "station_name": "단대오거리",
        "line_name": "서울8호선",
        "travel_seconds": 1928.0,
        "travel_minutes": 32.1,
        "cutoff_minutes": 60,
        "node_category": "60분 도달 노드",
        "is_seed_station": false,
        "layer_type": "rail_node",
        "layer_label_ko": "철도 노드",
        "selected_time_minutes": 60
      },
      "geometry": {
        "type": "Point",
        "coordinates": [
          127.15672440797955,
          37.44508841834457
        ]
      }
    },
    {
      "type": "Feature",
      "properties": {
        "node_id": 451,
        "region": "pangyo",
        "region_name": "제1판교테크노밸리",
        "station_name": "잠실",
        "line_name": "서울2호선",
        "travel_seconds": 1962.0,
        "travel_minutes": 32.7,
        "cutoff_minutes": 60,
        "node_category": "60분 도달 노드",
        "is_seed_station": false,
        "layer_type": "rail_node",
        "layer_label_ko": "철도 노드",
        "selected_time_minutes": 60
      },
      "geometry": {
        "type": "Point",
        "coordinates": [
          127.10041380810402,
          37.5133366015627
        ]
      }
    },
    {
      "type": "Feature",
      "properties": {
        "node_id": 805,
        "region": "pangyo",
        "region_name": "제1판교테크노밸리",
        "station_name": "대모산입구",
        "line_name": "분당선",
        "travel_seconds": 1934.0,
        "travel_minutes": 32.2,
        "cutoff_minutes": 60,
        "node_category": "60분 도달 노드",
        "is_seed_station": false,
        "layer_type": "rail_node",
        "layer_label_ko": "철도 노드",
        "selected_time_minutes": 60
      },
      "geometry": {
        "type": "Point",
        "coordinates": [
          127.07272520536556,
          37.49139885544521
        ]
      }
    },
    {
      "type": "Feature",
      "properties": {
        "node_id": 689,
        "region": "pangyo",
        "region_name": "제1판교테크노밸리",
        "station_name": "남성",
        "line_name": "서울7호선",
        "travel_seconds": 1965.0,
        "travel_minutes": 32.8,
        "cutoff_minutes": 60,
        "node_category": "60분 도달 노드",
        "is_seed_station": false,
        "layer_type": "rail_node",
        "layer_label_ko": "철도 노드",
        "selected_time_minutes": 60
      },
      "geometry": {
        "type": "Point",
        "coordinates": [
          126.97063352333238,
          37.48486445621787
        ]
      }
    },
    {
      "type": "Feature",
      "properties": {
        "node_id": 543,
        "region": "pangyo",
        "region_name": "제1판교테크노밸리",
        "station_name": "이수",
        "line_name": "서울4호선",
        "travel_seconds": 2175.0,
        "travel_minutes": 36.2,
        "cutoff_minutes": 60,
        "node_category": "60분 도달 노드",
        "is_seed_station": false,
        "layer_type": "rail_node",
        "layer_label_ko": "철도 노드",
        "selected_time_minutes": 60
      },
      "geometry": {
        "type": "Point",
        "coordinates": [
          126.98218414692923,
          37.4866819129001
        ]
      }
    },
    {
      "type": "Feature",
      "properties": {
        "node_id": 499,
        "region": "pangyo",
        "region_name": "제1판교테크노밸리",
        "station_name": "약수",
        "line_name": "서울3호선",
        "travel_seconds": 1966.0,
        "travel_minutes": 32.8,
        "cutoff_minutes": 60,
        "node_category": "60분 도달 노드",
        "is_seed_station": false,
        "layer_type": "rail_node",
        "layer_label_ko": "철도 노드",
        "selected_time_minutes": 60
      },
      "geometry": {
        "type": "Point",
        "coordinates": [
          127.01098427642751,
          37.55439350786292
        ]
      }
    },
    {
      "type": "Feature",
      "properties": {
        "node_id": 516,
        "region": "pangyo",
        "region_name": "제1판교테크노밸리",
        "station_name": "가락시장",
        "line_name": "서울3호선",
        "travel_seconds": 2054.0,
        "travel_minutes": 34.2,
        "cutoff_minutes": 60,
        "node_category": "60분 도달 노드",
        "is_seed_station": false,
        "layer_type": "rail_node",
        "layer_label_ko": "철도 노드",
        "selected_time_minutes": 60
      },
      "geometry": {
        "type": "Point",
        "coordinates": [
          127.11769949685181,
          37.49224072819765
        ]
      }
    },
    {
      "type": "Feature",
      "properties": {
        "node_id": 813,
        "region": "pangyo",
        "region_name": "제1판교테크노밸리",
        "station_name": "압구정로데오",
        "line_name": "분당선",
        "travel_seconds": 2105.0,
        "travel_minutes": 35.1,
        "cutoff_minutes": 60,
        "node_category": "60분 도달 노드",
        "is_seed_station": false,
        "layer_type": "rail_node",
        "layer_label_ko": "철도 노드",
        "selected_time_minutes": 60
      },
      "geometry": {
        "type": "Point",
        "coordinates": [
          127.04055846245011,
          37.52734337097982
        ]
      }
    },
    {
      "type": "Feature",
      "properties": {
        "node_id": 722,
        "region": "pangyo",
        "region_name": "제1판교테크노밸리",
        "station_name": "남한산성입구",
        "line_name": "서울8호선",
        "travel_seconds": 2028.0,
        "travel_minutes": 33.8,
        "cutoff_minutes": 60,
        "node_category": "60분 도달 노드",
        "is_seed_station": false,
        "layer_type": "rail_node",
        "layer_label_ko": "철도 노드",
        "selected_time_minutes": 60
      },
      "geometry": {
        "type": "Point",
        "coordinates": [
          127.16003270270654,
          37.45203498104027
        ]
      }
    },
    {
      "type": "Feature",
      "properties": {
        "node_id": 700,
        "region": "pangyo",
        "region_name": "제1판교테크노밸리",
        "station_name": "어린이대공원",
        "line_name": "서울7호선",
        "travel_seconds": 2065.0,
        "travel_minutes": 34.4,
        "cutoff_minutes": 60,
        "node_category": "60분 도달 노드",
        "is_seed_station": false,
        "layer_type": "rail_node",
        "layer_label_ko": "철도 노드",
        "selected_time_minutes": 60
      },
      "geometry": {
        "type": "Point",
        "coordinates": [
          127.07460765080978,
          37.54797651986144
        ]
      }
    },
    {
      "type": "Feature",
      "properties": {
        "node_id": 455,
        "region": "pangyo",
        "region_name": "제1판교테크노밸리",
        "station_name": "건대입구",
        "line_name": "서울2호선",
        "travel_seconds": 2255.0,
        "travel_minutes": 37.6,
        "cutoff_minutes": 60,
        "node_category": "60분 도달 노드",
        "is_seed_station": false,
        "layer_type": "rail_node",
        "layer_label_ko": "철도 노드",
        "selected_time_minutes": 60
      },
      "geometry": {
        "type": "Point",
        "coordinates": [
          127.06916133687463,
          37.54039736656281
        ]
      }
    },
    {
      "type": "Feature",
      "properties": {
        "node_id": 29,
        "region": "pangyo",
        "region_name": "제1판교테크노밸리",
        "station_name": "경기광주",
        "line_name": "경강선",
        "travel_seconds": 2258.0,
        "travel_minutes": 37.6,
        "cutoff_minutes": 60,
        "node_category": "60분 도달 노드",
        "is_seed_station": false,
        "layer_type": "rail_node",
        "layer_label_ko": "철도 노드",
        "selected_time_minutes": 60
      },
      "geometry": {
        "type": "Point",
        "coordinates": [
          127.25322304647938,
          37.39897470821774
        ]
      }
    },
    {
      "type": "Feature",
      "properties": {
        "node_id": 883,
        "region": "pangyo",
        "region_name": "제1판교테크노밸리",
        "station_name": "석촌",
        "line_name": "서울9호선급행",
        "travel_seconds": 2208.0,
        "travel_minutes": 36.8,
        "cutoff_minutes": 60,
        "node_category": "60분 도달 노드",
        "is_seed_station": false,
        "layer_type": "rail_node",
        "layer_label_ko": "철도 노드",
        "selected_time_minutes": 60
      },
      "geometry": {
        "type": "Point",
        "coordinates": [
          127.10677442004423,
          37.50520387554385
        ]
      }
    },
    {
      "type": "Feature",
      "properties": {
        "node_id": 452,
        "region": "pangyo",
        "region_name": "제1판교테크노밸리",
        "station_name": "잠실나루",
        "line_name": "서울2호선",
        "travel_seconds": 2082.0,
        "travel_minutes": 34.7,
        "cutoff_minutes": 60,
        "node_category": "60분 도달 노드",
        "is_seed_station": false,
        "layer_type": "rail_node",
        "layer_label_ko": "철도 노드",
        "selected_time_minutes": 60
      },
      "geometry": {
        "type": "Point",
        "coordinates": [
          127.10378518773567,
          37.52071866422928
        ]
      }
    },
    {
      "type": "Feature",
      "properties": {
        "node_id": 730,
        "region": "pangyo",
        "region_name": "제1판교테크노밸리",
        "station_name": "잠실",
        "line_name": "서울8호선",
        "travel_seconds": 2352.0,
        "travel_minutes": 39.2,
        "cutoff_minutes": 60,
        "node_category": "60분 도달 노드",
        "is_seed_station": false,
        "layer_type": "rail_node",
        "layer_label_ko": "철도 노드",
        "selected_time_minutes": 60
      },
      "geometry": {
        "type": "Point",
        "coordinates": [
          127.10320255466382,
          37.514227802371266
        ]
      }
    },
    {
      "type": "Feature",
      "properties": {
        "node_id": 688,
        "region": "pangyo",
        "region_name": "제1판교테크노밸리",
        "station_name": "숭실대입구",
        "line_name": "서울7호선",
        "travel_seconds": 2145.0,
        "travel_minutes": 35.8,
        "cutoff_minutes": 60,
        "node_category": "60분 도달 노드",
        "is_seed_station": false,
        "layer_type": "rail_node",
        "layer_label_ko": "철도 노드",
        "selected_time_minutes": 60
      },
      "geometry": {
        "type": "Point",
        "coordinates": [
          126.95386677948132,
          37.496018811223465
        ]
      }
    },
    {
      "type": "Feature",
      "properties": {
        "node_id": 498,
        "region": "pangyo",
        "region_name": "제1판교테크노밸리",
        "station_name": "동대입구",
        "line_name": "서울3호선",
        "travel_seconds": 2056.0,
        "travel_minutes": 34.3,
        "cutoff_minutes": 60,
        "node_category": "60분 도달 노드",
        "is_seed_station": false,
        "layer_type": "rail_node",
        "layer_label_ko": "철도 노드",
        "selected_time_minutes": 60
      },
      "geometry": {
        "type": "Point",
        "coordinates": [
          127.00581884359067,
          37.55909036634736
        ]
      }
    },
    {
      "type": "Feature",
      "properties": {
        "node_id": 649,
        "region": "pangyo",
        "region_name": "제1판교테크노밸리",
        "station_name": "약수",
        "line_name": "서울6호선",
        "travel_seconds": 2296.0,
        "travel_minutes": 38.3,
        "cutoff_minutes": 60,
        "node_category": "60분 도달 노드",
        "is_seed_station": false,
        "layer_type": "rail_node",
        "layer_label_ko": "철도 노드",
        "selected_time_minutes": 60
      },
      "geometry": {
        "type": "Point",
        "coordinates": [
          127.01019294689584,
          37.554013760965795
        ]
      }
    },
    {
      "type": "Feature",
      "properties": {
        "node_id": 439,
        "region": "pangyo",
        "region_name": "제1판교테크노밸리",
        "station_name": "서울대입구",
        "line_name": "서울2호선",
        "travel_seconds": 2112.0,
        "travel_minutes": 35.2,
        "cutoff_minutes": 60,
        "node_category": "60분 도달 노드",
        "is_seed_station": false,
        "layer_type": "rail_node",
        "layer_label_ko": "철도 노드",
        "selected_time_minutes": 60
      },
      "geometry": {
        "type": "Point",
        "coordinates": [
          126.9527461218336,
          37.48126938801276
        ]
      }
    },
    {
      "type": "Feature",
      "properties": {
        "node_id": 760,
        "region": "pangyo",
        "region_name": "제1판교테크노밸리",
        "station_name": "흑석",
        "line_name": "서울9호선",
        "travel_seconds": 2148.0,
        "travel_minutes": 35.8,
        "cutoff_minutes": 60,
        "node_category": "60분 도달 노드",
        "is_seed_station": false,
        "layer_type": "rail_node",
        "layer_label_ko": "철도 노드",
        "selected_time_minutes": 60
      },
      "geometry": {
        "type": "Point",
        "coordinates": [
          126.96348987575094,
          37.5091650981065
        ]
      }
    },
    {
      "type": "Feature",
      "properties": {
        "node_id": 167,
        "region": "pangyo",
        "region_name": "제1판교테크노밸리",
        "station_name": "강남대",
        "line_name": "용인경전철",
        "travel_seconds": 2102.0,
        "travel_minutes": 35.0,
        "cutoff_minutes": 60,
        "node_category": "60분 도달 노드",
        "is_seed_station": false,
        "layer_type": "rail_node",
        "layer_label_ko": "철도 노드",
        "selected_time_minutes": 60
      },
      "geometry": {
        "type": "Point",
        "coordinates": [
          127.12604715514982,
          37.27014813638295
        ]
      }
    },
    {
      "type": "Feature",
      "properties": {
        "node_id": 725,
        "region": "pangyo",
        "region_name": "제1판교테크노밸리",
        "station_name": "장지",
        "line_name": "서울8호선",
        "travel_seconds": 2098.0,
        "travel_minutes": 35.0,
        "cutoff_minutes": 60,
        "node_category": "60분 도달 노드",
        "is_seed_station": false,
        "layer_type": "rail_node",
        "layer_label_ko": "철도 노드",
        "selected_time_minutes": 60
      },
      "geometry": {
        "type": "Point",
        "coordinates": [
          127.12621866852548,
          37.47858602461259
        ]
      }
    },
    {
      "type": "Feature",
      "properties": {
        "node_id": 735,
        "region": "pangyo",
        "region_name": "제1판교테크노밸리",
        "station_name": "남위례",
        "line_name": "서울8호선",
        "travel_seconds": 2108.0,
        "travel_minutes": 35.1,
        "cutoff_minutes": 60,
        "node_category": "60분 도달 노드",
        "is_seed_station": false,
        "layer_type": "rail_node",
        "layer_label_ko": "철도 노드",
        "selected_time_minutes": 60
      },
      "geometry": {
        "type": "Point",
        "coordinates": [
          127.13969234334893,
          37.46249121266242
        ]
      }
    },
    {
      "type": "Feature",
      "properties": {
        "node_id": 785,
        "region": "pangyo",
        "region_name": "제1판교테크노밸리",
        "station_name": "영통",
        "line_name": "분당선",
        "travel_seconds": 2118.0,
        "travel_minutes": 35.3,
        "cutoff_minutes": 60,
        "node_category": "60분 도달 노드",
        "is_seed_station": false,
        "layer_type": "rail_node",
        "layer_label_ko": "철도 노드",
        "selected_time_minutes": 60
      },
      "geometry": {
        "type": "Point",
        "coordinates": [
          127.07127163637459,
          37.251448264152614
        ]
      }
    },
    {
      "type": "Feature",
      "properties": {
        "node_id": 772,
        "region": "pangyo",
        "region_name": "제1판교테크노밸리",
        "station_name": "삼전",
        "line_name": "서울9호선",
        "travel_seconds": 2192.0,
        "travel_minutes": 36.5,
        "cutoff_minutes": 60,
        "node_category": "60분 도달 노드",
        "is_seed_station": false,
        "layer_type": "rail_node",
        "layer_label_ko": "철도 노드",
        "selected_time_minutes": 60
      },
      "geometry": {
        "type": "Point",
        "coordinates": [
          127.08708656620719,
          37.504639986996615
        ]
      }
    },
    {
      "type": "Feature",
      "properties": {
        "node_id": 723,
        "region": "pangyo",
        "region_name": "제1판교테크노밸리",
        "station_name": "산성",
        "line_name": "서울8호선",
        "travel_seconds": 2188.0,
        "travel_minutes": 36.5,
        "cutoff_minutes": 60,
        "node_category": "60분 도달 노드",
        "is_seed_station": false,
        "layer_type": "rail_node",
        "layer_label_ko": "철도 노드",
        "selected_time_minutes": 60
      },
      "geometry": {
        "type": "Point",
        "coordinates": [
          127.1499895659972,
          37.45687166092399
        ]
      }
    },
    {
      "type": "Feature",
      "properties": {
        "node_id": 875,
        "region": "pangyo",
        "region_name": "제1판교테크노밸리",
        "station_name": "여의도",
        "line_name": "서울9호선급행",
        "travel_seconds": 2243.0,
        "travel_minutes": 37.4,
        "cutoff_minutes": 60,
        "node_category": "60분 도달 노드",
        "is_seed_station": false,
        "layer_type": "rail_node",
        "layer_label_ko": "철도 노드",
        "selected_time_minutes": 60
      },
      "geometry": {
        "type": "Point",
        "coordinates": [
          126.92455402440211,
          37.52158959075807
        ]
      }
    },
    {
      "type": "Feature",
      "properties": {
        "node_id": 347,
        "region": "pangyo",
        "region_name": "제1판교테크노밸리",
        "station_name": "노량진",
        "line_name": "서울1호선",
        "travel_seconds": 2308.0,
        "travel_minutes": 38.5,
        "cutoff_minutes": 60,
        "node_category": "60분 도달 노드",
        "is_seed_station": false,
        "layer_type": "rail_node",
        "layer_label_ko": "철도 노드",
        "selected_time_minutes": 60
      },
      "geometry": {
        "type": "Point",
        "coordinates": [
          126.94212727274434,
          37.51403929133789
        ]
      }
    },
    {
      "type": "Feature",
      "properties": {
        "node_id": 758,
        "region": "pangyo",
        "region_name": "제1판교테크노밸리",
        "station_name": "노량진",
        "line_name": "서울9호선",
        "travel_seconds": 2328.0,
        "travel_minutes": 38.8,
        "cutoff_minutes": 60,
        "node_category": "60분 도달 노드",
        "is_seed_station": false,
        "layer_type": "rail_node",
        "layer_label_ko": "철도 노드",
        "selected_time_minutes": 60
      },
      "geometry": {
        "type": "Point",
        "coordinates": [
          126.94093021413612,
          37.51356859610538
        ]
      }
    },
    {
      "type": "Feature",
      "properties": {
        "node_id": 517,
        "region": "pangyo",
        "region_name": "제1판교테크노밸리",
        "station_name": "경찰병원",
        "line_name": "서울3호선",
        "travel_seconds": 2144.0,
        "travel_minutes": 35.7,
        "cutoff_minutes": 60,
        "node_category": "60분 도달 노드",
        "is_seed_station": false,
        "layer_type": "rail_node",
        "layer_label_ko": "철도 노드",
        "selected_time_minutes": 60
      },
      "geometry": {
        "type": "Point",
        "coordinates": [
          127.12438262870327,
          37.49583762756161
        ]
      }
    },
    {
      "type": "Feature",
      "properties": {
        "node_id": 727,
        "region": "pangyo",
        "region_name": "제1판교테크노밸리",
        "station_name": "가락시장",
        "line_name": "서울8호선",
        "travel_seconds": 2278.0,
        "travel_minutes": 38.0,
        "cutoff_minutes": 60,
        "node_category": "60분 도달 노드",
        "is_seed_station": false,
        "layer_type": "rail_node",
        "layer_label_ko": "철도 노드",
        "selected_time_minutes": 60
      },
      "geometry": {
        "type": "Point",
        "coordinates": [
          127.11815833405205,
          37.49313536324696
        ]
      }
    },
    {
      "type": "Feature",
      "properties": {
        "node_id": 497,
        "region": "pangyo",
        "region_name": "제1판교테크노밸리",
        "station_name": "충무로",
        "line_name": "서울3호선",
        "travel_seconds": 2176.0,
        "travel_minutes": 36.3,
        "cutoff_minutes": 60,
        "node_category": "60분 도달 노드",
        "is_seed_station": false,
        "layer_type": "rail_node",
        "layer_label_ko": "철도 노드",
        "selected_time_minutes": 60
      },
      "geometry": {
        "type": "Point",
        "coordinates": [
          126.9941079964346,
          37.56139947047944
        ]
      }
    },
    {
      "type": "Feature",
      "properties": {
        "node_id": 701,
        "region": "pangyo",
        "region_name": "제1판교테크노밸리",
        "station_name": "군자",
        "line_name": "서울7호선",
        "travel_seconds": 2175.0,
        "travel_minutes": 36.2,
        "cutoff_minutes": 60,
        "node_category": "60분 도달 노드",
        "is_seed_station": false,
        "layer_type": "rail_node",
        "layer_label_ko": "철도 노드",
        "selected_time_minutes": 60
      },
      "geometry": {
        "type": "Point",
        "coordinates": [
          127.07940313207344,
          37.557012386873
        ]
      }
    },
    {
      "type": "Feature",
      "properties": {
        "node_id": 453,
        "region": "pangyo",
        "region_name": "제1판교테크노밸리",
        "station_name": "강변",
        "line_name": "서울2호선",
        "travel_seconds": 2232.0,
        "travel_minutes": 37.2,
        "cutoff_minutes": 60,
        "node_category": "60분 도달 노드",
        "is_seed_station": false,
        "layer_type": "rail_node",
        "layer_label_ko": "철도 노드",
        "selected_time_minutes": 60
      },
      "geometry": {
        "type": "Point",
        "coordinates": [
          127.0947560262475,
          37.5352127586193
        ]
      }
    },
    {
      "type": "Feature",
      "properties": {
        "node_id": 541,
        "region": "pangyo",
        "region_name": "제1판교테크노밸리",
        "station_name": "남태령",
        "line_name": "서울4호선",
        "travel_seconds": 2232.0,
        "travel_minutes": 37.2,
        "cutoff_minutes": 60,
        "node_category": "60분 도달 노드",
        "is_seed_station": false,
        "layer_type": "rail_node",
        "layer_label_ko": "철도 노드",
        "selected_time_minutes": 60
      },
      "geometry": {
        "type": "Point",
        "coordinates": [
          126.98907757220772,
          37.46430177367908
        ]
      }
    },
    {
      "type": "Feature",
      "properties": {
        "node_id": 726,
        "region": "pangyo",
        "region_name": "제1판교테크노밸리",
        "station_name": "문정",
        "line_name": "서울8호선",
        "travel_seconds": 2188.0,
        "travel_minutes": 36.5,
        "cutoff_minutes": 60,
        "node_category": "60분 도달 노드",
        "is_seed_station": false,
        "layer_type": "rail_node",
        "layer_label_ko": "철도 노드",
        "selected_time_minutes": 60
      },
      "geometry": {
        "type": "Point",
        "coordinates": [
          127.12239054688452,
          37.485999588505464
        ]
      }
    },
    {
      "type": "Feature",
      "properties": {
        "node_id": 168,
        "region": "pangyo",
        "region_name": "제1판교테크노밸리",
        "station_name": "지석",
        "line_name": "용인경전철",
        "travel_seconds": 2207.0,
        "travel_minutes": 36.8,
        "cutoff_minutes": 60,
        "node_category": "60분 도달 노드",
        "is_seed_station": false,
        "layer_type": "rail_node",
        "layer_label_ko": "철도 노드",
        "selected_time_minutes": 60
      },
      "geometry": {
        "type": "Point",
        "coordinates": [
          127.13663911569527,
          37.269748151901375
        ]
      }
    },
    {
      "type": "Feature",
      "properties": {
        "node_id": 814,
        "region": "pangyo",
        "region_name": "제1판교테크노밸리",
        "station_name": "서울숲",
        "line_name": "분당선",
        "travel_seconds": 2215.0,
        "travel_minutes": 36.9,
        "cutoff_minutes": 60,
        "node_category": "60분 도달 노드",
        "is_seed_station": false,
        "layer_type": "rail_node",
        "layer_label_ko": "철도 노드",
        "selected_time_minutes": 60
      },
      "geometry": {
        "type": "Point",
        "coordinates": [
          127.04468169688805,
          37.54360242963025
        ]
      }
    },
    {
      "type": "Feature",
      "properties": {
        "node_id": 438,
        "region": "pangyo",
        "region_name": "제1판교테크노밸리",
        "station_name": "봉천",
        "line_name": "서울2호선",
        "travel_seconds": 2202.0,
        "travel_minutes": 36.7,
        "cutoff_minutes": 60,
        "node_category": "60분 도달 노드",
        "is_seed_station": false,
        "layer_type": "rail_node",
        "layer_label_ko": "철도 노드",
        "selected_time_minutes": 60
      },
      "geometry": {
        "type": "Point",
        "coordinates": [
          126.94183169338719,
          37.482419659917305
        ]
      }
    },
    {
      "type": "Feature",
      "properties": {
        "node_id": 784,
        "region": "pangyo",
        "region_name": "제1판교테크노밸리",
        "station_name": "망포",
        "line_name": "분당선",
        "travel_seconds": 2268.0,
        "travel_minutes": 37.8,
        "cutoff_minutes": 60,
        "node_category": "60분 도달 노드",
        "is_seed_station": false,
        "layer_type": "rail_node",
        "layer_label_ko": "철도 노드",
        "selected_time_minutes": 60
      },
      "geometry": {
        "type": "Point",
        "coordinates": [
          127.0573640058352,
          37.245814814998205
        ]
      }
    },
    {
      "type": "Feature",
      "properties": {
        "node_id": 518,
        "region": "pangyo",
        "region_name": "제1판교테크노밸리",
        "station_name": "오금",
        "line_name": "서울3호선",
        "travel_seconds": 2234.0,
        "travel_minutes": 37.2,
        "cutoff_minutes": 60,
        "node_category": "60분 도달 노드",
        "is_seed_station": false,
        "layer_type": "rail_node",
        "layer_label_ko": "철도 노드",
        "selected_time_minutes": 60
      },
      "geometry": {
        "type": "Point",
        "coordinates": [
          127.12842533949964,
          37.50230020627933
        ]
      }
    },
    {
      "type": "Feature",
      "properties": {
        "node_id": 687,
        "region": "pangyo",
        "region_name": "제1판교테크노밸리",
        "station_name": "상도",
        "line_name": "서울7호선",
        "travel_seconds": 2245.0,
        "travel_minutes": 37.4,
        "cutoff_minutes": 60,
        "node_category": "60분 도달 노드",
        "is_seed_station": false,
        "layer_type": "rail_node",
        "layer_label_ko": "철도 노드",
        "selected_time_minutes": 60
      },
      "geometry": {
        "type": "Point",
        "coordinates": [
          126.94787542522896,
          37.50291164320335
        ]
      }
    },
    {
      "type": "Feature",
      "properties": {
        "node_id": 759,
        "region": "pangyo",
        "region_name": "제1판교테크노밸리",
        "station_name": "노들",
        "line_name": "서울9호선",
        "travel_seconds": 2268.0,
        "travel_minutes": 37.8,
        "cutoff_minutes": 60,
        "node_category": "60분 도달 노드",
        "is_seed_station": false,
        "layer_type": "rail_node",
        "layer_label_ko": "철도 노드",
        "selected_time_minutes": 60
      },
      "geometry": {
        "type": "Point",
        "coordinates": [
          126.9531088296662,
          37.512698660837316
        ]
      }
    },
    {
      "type": "Feature",
      "properties": {
        "node_id": 702,
        "region": "pangyo",
        "region_name": "제1판교테크노밸리",
        "station_name": "중곡",
        "line_name": "서울7호선",
        "travel_seconds": 2295.0,
        "travel_minutes": 38.2,
        "cutoff_minutes": 60,
        "node_category": "60분 도달 노드",
        "is_seed_station": false,
        "layer_type": "rail_node",
        "layer_label_ko": "철도 노드",
        "selected_time_minutes": 60
      },
      "geometry": {
        "type": "Point",
        "coordinates": [
          127.08437025699817,
          37.56605296105017
        ]
      }
    },
    {
      "type": "Feature",
      "properties": {
        "node_id": 604,
        "region": "pangyo",
        "region_name": "제1판교테크노밸리",
        "station_name": "군자",
        "line_name": "서울5호선",
        "travel_seconds": 2485.0,
        "travel_minutes": 41.4,
        "cutoff_minutes": 60,
        "node_category": "60분 도달 노드",
        "is_seed_station": false,
        "layer_type": "rail_node",
        "layer_label_ko": "철도 노드",
        "selected_time_minutes": 60
      },
      "geometry": {
        "type": "Point",
        "coordinates": [
          127.07978942893898,
          37.55705115942891
        ]
      }
    },
    {
      "type": "Feature",
      "properties": {
        "node_id": 496,
        "region": "pangyo",
        "region_name": "제1판교테크노밸리",
        "station_name": "을지로3가",
        "line_name": "서울3호선",
        "travel_seconds": 2266.0,
        "travel_minutes": 37.8,
        "cutoff_minutes": 60,
        "node_category": "60분 도달 노드",
        "is_seed_station": false,
        "layer_type": "rail_node",
        "layer_label_ko": "철도 노드",
        "selected_time_minutes": 60
      },
      "geometry": {
        "type": "Point",
        "coordinates": [
          126.99259461491604,
          37.56662272166245
        ]
      }
    },
    {
      "type": "Feature",
      "properties": {
        "node_id": 552,
        "region": "pangyo",
        "region_name": "제1판교테크노밸리",
        "station_name": "충무로",
        "line_name": "서울4호선",
        "travel_seconds": 2456.0,
        "travel_minutes": 40.9,
        "cutoff_minutes": 60,
        "node_category": "60분 도달 노드",
        "is_seed_station": false,
        "layer_type": "rail_node",
        "layer_label_ko": "철도 노드",
        "selected_time_minutes": 60
      },
      "geometry": {
        "type": "Point",
        "coordinates": [
          126.99469388630308,
          37.56139337164911
        ]
      }
    },
    {
      "type": "Feature",
      "properties": {
        "node_id": 773,
        "region": "pangyo",
        "region_name": "제1판교테크노밸리",
        "station_name": "석촌고분",
        "line_name": "서울9호선",
        "travel_seconds": 2318.0,
        "travel_minutes": 38.6,
        "cutoff_minutes": 60,
        "node_category": "60분 도달 노드",
        "is_seed_station": false,
        "layer_type": "rail_node",
        "layer_label_ko": "철도 노드",
        "selected_time_minutes": 60
      },
      "geometry": {
        "type": "Point",
        "coordinates": [
          127.09697063884457,
          37.50248404349023
        ]
      }
    },
    {
      "type": "Feature",
      "properties": {
        "node_id": 545,
        "region": "pangyo",
        "region_name": "제1판교테크노밸리",
        "station_name": "이촌",
        "line_name": "서울4호선",
        "travel_seconds": 2403.0,
        "travel_minutes": 40.0,
        "cutoff_minutes": 60,
        "node_category": "60분 도달 노드",
        "is_seed_station": false,
        "layer_type": "rail_node",
        "layer_label_ko": "철도 노드",
        "selected_time_minutes": 60
      },
      "geometry": {
        "type": "Point",
        "coordinates": [
          126.97437769380483,
          37.52241216709484
        ]
      }
    },
    {
      "type": "Feature",
      "properties": {
        "node_id": 437,
        "region": "pangyo",
        "region_name": "제1판교테크노밸리",
        "station_name": "신림",
        "line_name": "서울2호선",
        "travel_seconds": 2322.0,
        "travel_minutes": 38.7,
        "cutoff_minutes": 60,
        "node_category": "60분 도달 노드",
        "is_seed_station": false,
        "layer_type": "rail_node",
        "layer_label_ko": "철도 노드",
        "selected_time_minutes": 60
      },
      "geometry": {
        "type": "Point",
        "coordinates": [
          126.9296473680417,
          37.48426475767833
        ]
      }
    },
    {
      "type": "Feature",
      "properties": {
        "node_id": 169,
        "region": "pangyo",
        "region_name": "제1판교테크노밸리",
        "station_name": "어정",
        "line_name": "용인경전철",
        "travel_seconds": 2298.0,
        "travel_minutes": 38.3,
        "cutoff_minutes": 60,
        "node_category": "60분 도달 노드",
        "is_seed_station": false,
        "layer_type": "rail_node",
        "layer_label_ko": "철도 노드",
        "selected_time_minutes": 60
      },
      "geometry": {
        "type": "Point",
        "coordinates": [
          127.1437690636977,
          37.27496736479221
        ]
      }
    },
    {
      "type": "Feature",
      "properties": {
        "node_id": 884,
        "region": "pangyo",
        "region_name": "제1판교테크노밸리",
        "station_name": "올림픽공원",
        "line_name": "서울9호선급행",
        "travel_seconds": 2463.0,
        "travel_minutes": 41.0,
        "cutoff_minutes": 60,
        "node_category": "60분 도달 노드",
        "is_seed_station": false,
        "layer_type": "rail_node",
        "layer_label_ko": "철도 노드",
        "selected_time_minutes": 60
      },
      "geometry": {
        "type": "Point",
        "coordinates": [
          127.13105462314178,
          37.51633991834076
        ]
      }
    },
    {
      "type": "Feature",
      "properties": {
        "node_id": 774,
        "region": "pangyo",
        "region_name": "제1판교테크노밸리",
        "station_name": "석촌",
        "line_name": "서울9호선",
        "travel_seconds": 2427.0,
        "travel_minutes": 40.5,
        "cutoff_minutes": 60,
        "node_category": "60분 도달 노드",
        "is_seed_station": false,
        "layer_type": "rail_node",
        "layer_label_ko": "철도 노드",
        "selected_time_minutes": 60
      },
      "geometry": {
        "type": "Point",
        "coordinates": [
          127.10690960060363,
          37.50505930875045
        ]
      }
    },
    {
      "type": "Feature",
      "properties": {
        "node_id": 729,
        "region": "pangyo",
        "region_name": "제1판교테크노밸리",
        "station_name": "석촌",
        "line_name": "서울8호선",
        "travel_seconds": 2488.0,
        "travel_minutes": 41.5,
        "cutoff_minutes": 60,
        "node_category": "60분 도달 노드",
        "is_seed_station": false,
        "layer_type": "rail_node",
        "layer_label_ko": "철도 노드",
        "selected_time_minutes": 60
      },
      "geometry": {
        "type": "Point",
        "coordinates": [
          127.1072024211311,
          37.505234569854736
        ]
      }
    },
    {
      "type": "Feature",
      "properties": {
        "node_id": 815,
        "region": "pangyo",
        "region_name": "제1판교테크노밸리",
        "station_name": "왕십리",
        "line_name": "분당선",
        "travel_seconds": 2415.0,
        "travel_minutes": 40.2,
        "cutoff_minutes": 60,
        "node_category": "60분 도달 노드",
        "is_seed_station": false,
        "layer_type": "rail_node",
        "layer_label_ko": "철도 노드",
        "selected_time_minutes": 60
      },
      "geometry": {
        "type": "Point",
        "coordinates": [
          127.03858040056605,
          37.56196040259133
        ]
      }
    },
    {
      "type": "Feature",
      "properties": {
        "node_id": 454,
        "region": "pangyo",
        "region_name": "제1판교테크노밸리",
        "station_name": "구의",
        "line_name": "서울2호선",
        "travel_seconds": 2322.0,
        "travel_minutes": 38.7,
        "cutoff_minutes": 60,
        "node_category": "60분 도달 노드",
        "is_seed_station": false,
        "layer_type": "rail_node",
        "layer_label_ko": "철도 노드",
        "selected_time_minutes": 60
      },
      "geometry": {
        "type": "Point",
        "coordinates": [
          127.0862247417597,
          37.53715481665681
        ]
      }
    },
    {
      "type": "Feature",
      "properties": {
        "node_id": 540,
        "region": "pangyo",
        "region_name": "제1판교테크노밸리",
        "station_name": "선바위",
        "line_name": "서울4호선",
        "travel_seconds": 2412.0,
        "travel_minutes": 40.2,
        "cutoff_minutes": 60,
        "node_category": "60분 도달 노드",
        "is_seed_station": false,
        "layer_type": "rail_node",
        "layer_label_ko": "철도 노드",
        "selected_time_minutes": 60
      },
      "geometry": {
        "type": "Point",
        "coordinates": [
          127.00203740744016,
          37.45196671145504
        ]
      }
    },
    {
      "type": "Feature",
      "properties": {
        "node_id": 622,
        "region": "pangyo",
        "region_name": "제1판교테크노밸리",
        "station_name": "오금",
        "line_name": "서울5호선",
        "travel_seconds": 2504.0,
        "travel_minutes": 41.7,
        "cutoff_minutes": 60,
        "node_category": "60분 도달 노드",
        "is_seed_station": false,
        "layer_type": "rail_node",
        "layer_label_ko": "철도 노드",
        "selected_time_minutes": 60
      },
      "geometry": {
        "type": "Point",
        "coordinates": [
          127.12789900357716,
          37.502175504672856
        ]
      }
    },
    {
      "type": "Feature",
      "properties": {
        "node_id": 874,
        "region": "pangyo",
        "region_name": "제1판교테크노밸리",
        "station_name": "당산",
        "line_name": "서울9호선급행",
        "travel_seconds": 2463.0,
        "travel_minutes": 41.0,
        "cutoff_minutes": 60,
        "node_category": "60분 도달 노드",
        "is_seed_station": false,
        "layer_type": "rail_node",
        "layer_label_ko": "철도 노드",
        "selected_time_minutes": 60
      },
      "geometry": {
        "type": "Point",
        "coordinates": [
          126.902466324419,
          37.53384922383786
        ]
      }
    },
    {
      "type": "Feature",
      "properties": {
        "node_id": 756,
        "region": "pangyo",
        "region_name": "제1판교테크노밸리",
        "station_name": "여의도",
        "line_name": "서울9호선",
        "travel_seconds": 2523.0,
        "travel_minutes": 42.0,
        "cutoff_minutes": 60,
        "node_category": "60분 도달 노드",
        "is_seed_station": false,
        "layer_type": "rail_node",
        "layer_label_ko": "철도 노드",
        "selected_time_minutes": 60
      },
      "geometry": {
        "type": "Point",
        "coordinates": [
          126.92437714675651,
          37.52147712051884
        ]
      }
    },
    {
      "type": "Feature",
      "properties": {
        "node_id": 586,
        "region": "pangyo",
        "region_name": "제1판교테크노밸리",
        "station_name": "여의도",
        "line_name": "서울5호선",
        "travel_seconds": 2513.0,
        "travel_minutes": 41.9,
        "cutoff_minutes": 60,
        "node_category": "60분 도달 노드",
        "is_seed_station": false,
        "layer_type": "rail_node",
        "layer_label_ko": "철도 노드",
        "selected_time_minutes": 60
      },
      "geometry": {
        "type": "Point",
        "coordinates": [
          126.92459047309863,
          37.52187648529448
        ]
      }
    },
    {
      "type": "Feature",
      "properties": {
        "node_id": 686,
        "region": "pangyo",
        "region_name": "제1판교테크노밸리",
        "station_name": "장승배기",
        "line_name": "서울7호선",
        "travel_seconds": 2365.0,
        "travel_minutes": 39.4,
        "cutoff_minutes": 60,
        "node_category": "60분 도달 노드",
        "is_seed_station": false,
        "layer_type": "rail_node",
        "layer_label_ko": "철도 노드",
        "selected_time_minutes": 60
      },
      "geometry": {
        "type": "Point",
        "coordinates": [
          126.93935718612674,
          37.505069033513884
        ]
      }
    },
    {
      "type": "Feature",
      "properties": {
        "node_id": 456,
        "region": "pangyo",
        "region_name": "제1판교테크노밸리",
        "station_name": "성수",
        "line_name": "서울2호선",
        "travel_seconds": 2345.0,
        "travel_minutes": 39.1,
        "cutoff_minutes": 60,
        "node_category": "60분 도달 노드",
        "is_seed_station": false,
        "layer_type": "rail_node",
        "layer_label_ko": "철도 노드",
        "selected_time_minutes": 60
      },
      "geometry": {
        "type": "Point",
        "coordinates": [
          127.05638072816848,
          37.54448421832996
        ]
      }
    },
    {
      "type": "Feature",
      "properties": {
        "node_id": 30,
        "region": "pangyo",
        "region_name": "제1판교테크노밸리",
        "station_name": "초월",
        "line_name": "경강선",
        "travel_seconds": 2498.0,
        "travel_minutes": 41.6,
        "cutoff_minutes": 60,
        "node_category": "60분 도달 노드",
        "is_seed_station": false,
        "layer_type": "rail_node",
        "layer_label_ko": "철도 노드",
        "selected_time_minutes": 60
      },
      "geometry": {
        "type": "Point",
        "coordinates": [
          127.29988324527159,
          37.37339127196922
        ]
      }
    },
    {
      "type": "Feature",
      "properties": {
        "node_id": 495,
        "region": "pangyo",
        "region_name": "제1판교테크노밸리",
        "station_name": "종로3가",
        "line_name": "서울3호선",
        "travel_seconds": 2356.0,
        "travel_minutes": 39.3,
        "cutoff_minutes": 60,
        "node_category": "60분 도달 노드",
        "is_seed_station": false,
        "layer_type": "rail_node",
        "layer_label_ko": "철도 노드",
        "selected_time_minutes": 60
      },
      "geometry": {
        "type": "Point",
        "coordinates": [
          126.99182698976216,
          37.5716687202438
        ]
      }
    },
    {
      "type": "Feature",
      "properties": {
        "node_id": 464,
        "region": "pangyo",
        "region_name": "제1판교테크노밸리",
        "station_name": "을지로3가",
        "line_name": "서울2호선",
        "travel_seconds": 2566.0,
        "travel_minutes": 42.8,
        "cutoff_minutes": 60,
        "node_category": "60분 도달 노드",
        "is_seed_station": false,
        "layer_type": "rail_node",
        "layer_label_ko": "철도 노드",
        "selected_time_minutes": 60
      },
      "geometry": {
        "type": "Point",
        "coordinates": [
          126.9910443015022,
          37.56629631337946
        ]
      }
    },
    {
      "type": "Feature",
      "properties": {
        "node_id": 783,
        "region": "pangyo",
        "region_name": "제1판교테크노밸리",
        "station_name": "매탄권선",
        "line_name": "분당선",
        "travel_seconds": 2408.0,
        "travel_minutes": 40.1,
        "cutoff_minutes": 60,
        "node_category": "60분 도달 노드",
        "is_seed_station": false,
        "layer_type": "rail_node",
        "layer_label_ko": "철도 노드",
        "selected_time_minutes": 60
      },
      "geometry": {
        "type": "Point",
        "coordinates": [
          127.04086144000519,
          37.25242918530788
        ]
      }
    },
    {
      "type": "Feature",
      "properties": {
        "node_id": 728,
        "region": "pangyo",
        "region_name": "제1판교테크노밸리",
        "station_name": "송파",
        "line_name": "서울8호선",
        "travel_seconds": 2388.0,
        "travel_minutes": 39.8,
        "cutoff_minutes": 60,
        "node_category": "60분 도달 노드",
        "is_seed_station": false,
        "layer_type": "rail_node",
        "layer_label_ko": "철도 노드",
        "selected_time_minutes": 60
      },
      "geometry": {
        "type": "Point",
        "coordinates": [
          127.11245977050264,
          37.499453281817736
        ]
      }
    },
    {
      "type": "Feature",
      "properties": {
        "node_id": 703,
        "region": "pangyo",
        "region_name": "제1판교테크노밸리",
        "station_name": "용마산",
        "line_name": "서울7호선",
        "travel_seconds": 2405.0,
        "travel_minutes": 40.1,
        "cutoff_minutes": 60,
        "node_category": "60분 도달 노드",
        "is_seed_station": false,
        "layer_type": "rail_node",
        "layer_label_ko": "철도 노드",
        "selected_time_minutes": 60
      },
      "geometry": {
        "type": "Point",
        "coordinates": [
          127.08684287860366,
          37.573766288916445
        ]
      }
    },
    {
      "type": "Feature",
      "properties": {
        "node_id": 648,
        "region": "pangyo",
        "region_name": "제1판교테크노밸리",
        "station_name": "버티고개",
        "line_name": "서울6호선",
        "travel_seconds": 2386.0,
        "travel_minutes": 39.8,
        "cutoff_minutes": 60,
        "node_category": "60분 도달 노드",
        "is_seed_station": false,
        "layer_type": "rail_node",
        "layer_label_ko": "철도 노드",
        "selected_time_minutes": 60
      },
      "geometry": {
        "type": "Point",
        "coordinates": [
          127.00691104815432,
          37.54790967736629
        ]
      }
    },
    {
      "type": "Feature",
      "properties": {
        "node_id": 650,
        "region": "pangyo",
        "region_name": "제1판교테크노밸리",
        "station_name": "청구",
        "line_name": "서울6호선",
        "travel_seconds": 2406.0,
        "travel_minutes": 40.1,
        "cutoff_minutes": 60,
        "node_category": "60분 도달 노드",
        "is_seed_station": false,
        "layer_type": "rail_node",
        "layer_label_ko": "철도 노드",
        "selected_time_minutes": 60
      },
      "geometry": {
        "type": "Point",
        "coordinates": [
          127.01384244854054,
          37.56041608611719
        ]
      }
    },
    {
      "type": "Feature",
      "properties": {
        "node_id": 170,
        "region": "pangyo",
        "region_name": "제1판교테크노밸리",
        "station_name": "동백",
        "line_name": "용인경전철",
        "travel_seconds": 2416.0,
        "travel_minutes": 40.3,
        "cutoff_minutes": 60,
        "node_category": "60분 도달 노드",
        "is_seed_station": false,
        "layer_type": "rail_node",
        "layer_label_ko": "철도 노드",
        "selected_time_minutes": 60
      },
      "geometry": {
        "type": "Point",
        "coordinates": [
          127.15271134830141,
          37.269129410829464
        ]
      }
    },
    {
      "type": "Feature",
      "properties": {
        "node_id": 346,
        "region": "pangyo",
        "region_name": "제1판교테크노밸리",
        "station_name": "대방",
        "line_name": "서울1호선",
        "travel_seconds": 2458.0,
        "travel_minutes": 41.0,
        "cutoff_minutes": 60,
        "node_category": "60분 도달 노드",
        "is_seed_station": false,
        "layer_type": "rail_node",
        "layer_label_ko": "철도 노드",
        "selected_time_minutes": 60
      },
      "geometry": {
        "type": "Point",
        "coordinates": [
          126.92623406710486,
          37.5133483698036
        ]
      }
    },
    {
      "type": "Feature",
      "properties": {
        "node_id": 349,
        "region": "pangyo",
        "region_name": "제1판교테크노밸리",
        "station_name": "용산",
        "line_name": "서울1호선",
        "travel_seconds": 2518.0,
        "travel_minutes": 42.0,
        "cutoff_minutes": 60,
        "node_category": "60분 도달 노드",
        "is_seed_station": false,
        "layer_type": "rail_node",
        "layer_label_ko": "철도 노드",
        "selected_time_minutes": 60
      },
      "geometry": {
        "type": "Point",
        "coordinates": [
          126.96432105098854,
          37.52960468897794
        ]
      }
    },
    {
      "type": "Feature",
      "properties": {
        "node_id": 436,
        "region": "pangyo",
        "region_name": "제1판교테크노밸리",
        "station_name": "신대방",
        "line_name": "서울2호선",
        "travel_seconds": 2472.0,
        "travel_minutes": 41.2,
        "cutoff_minutes": 60,
        "node_category": "60분 도달 노드",
        "is_seed_station": false,
        "layer_type": "rail_node",
        "layer_label_ko": "철도 노드",
        "selected_time_minutes": 60
      },
      "geometry": {
        "type": "Point",
        "coordinates": [
          126.91364670737559,
          37.48771506988466
        ]
      }
    },
    {
      "type": "Feature",
      "properties": {
        "node_id": 201,
        "region": "pangyo",
        "region_name": "제1판교테크노밸리",
        "station_name": "신림",
        "line_name": "신림선",
        "travel_seconds": 2652.0,
        "travel_minutes": 44.2,
        "cutoff_minutes": 60,
        "node_category": "60분 도달 노드",
        "is_seed_station": false,
        "layer_type": "rail_node",
        "layer_label_ko": "철도 노드",
        "selected_time_minutes": 60
      },
      "geometry": {
        "type": "Point",
        "coordinates": [
          126.92962603522608,
          37.484811129617626
        ]
      }
    },
    {
      "type": "Feature",
      "properties": {
        "node_id": 757,
        "region": "pangyo",
        "region_name": "제1판교테크노밸리",
        "station_name": "샛강",
        "line_name": "서울9호선",
        "travel_seconds": 2463.0,
        "travel_minutes": 41.0,
        "cutoff_minutes": 60,
        "node_category": "60분 도달 노드",
        "is_seed_station": false,
        "layer_type": "rail_node",
        "layer_label_ko": "철도 노드",
        "selected_time_minutes": 60
      },
      "geometry": {
        "type": "Point",
        "coordinates": [
          126.92857047968481,
          37.517293054991526
        ]
      }
    },
    {
      "type": "Feature",
      "properties": {
        "node_id": 457,
        "region": "pangyo",
        "region_name": "제1판교테크노밸리",
        "station_name": "뚝섬",
        "line_name": "서울2호선",
        "travel_seconds": 2435.0,
        "travel_minutes": 40.6,
        "cutoff_minutes": 60,
        "node_category": "60분 도달 노드",
        "is_seed_station": false,
        "layer_type": "rail_node",
        "layer_label_ko": "철도 노드",
        "selected_time_minutes": 60
      },
      "geometry": {
        "type": "Point",
        "coordinates": [
          127.04703599105132,
          37.5473444530958
        ]
      }
    },
    {
      "type": "Feature",
      "properties": {
        "node_id": 886,
        "region": "pangyo",
        "region_name": "제1판교테크노밸리",
        "station_name": "성수",
        "line_name": "서울2호선",
        "travel_seconds": 2585.0,
        "travel_minutes": 43.1,
        "cutoff_minutes": 60,
        "node_category": "60분 도달 노드",
        "is_seed_station": false,
        "layer_type": "rail_node",
        "layer_label_ko": "철도 노드",
        "selected_time_minutes": 60
      },
      "geometry": {
        "type": "Point",
        "coordinates": [
          127.05640483439983,
          37.54454029194622
        ]
      }
    },
    {
      "type": "Feature",
      "properties": {
        "node_id": 731,
        "region": "pangyo",
        "region_name": "제1판교테크노밸리",
        "station_name": "몽촌토성",
        "line_name": "서울8호선",
        "travel_seconds": 2462.0,
        "travel_minutes": 41.0,
        "cutoff_minutes": 60,
        "node_category": "60분 도달 노드",
        "is_seed_station": false,
        "layer_type": "rail_node",
        "layer_label_ko": "철도 노드",
        "selected_time_minutes": 60
      },
      "geometry": {
        "type": "Point",
        "coordinates": [
          127.11286618903804,
          37.51782512393169
        ]
      }
    },
    {
      "type": "Feature",
      "properties": {
        "node_id": 100,
        "region": "pangyo",
        "region_name": "제1판교테크노밸리",
        "station_name": "응봉",
        "line_name": "경의중앙선",
        "travel_seconds": 2536.0,
        "travel_minutes": 42.3,
        "cutoff_minutes": 60,
        "node_category": "60분 도달 노드",
        "is_seed_station": false,
        "layer_type": "rail_node",
        "layer_label_ko": "철도 노드",
        "selected_time_minutes": 60
      },
      "geometry": {
        "type": "Point",
        "coordinates": [
          127.03465062663128,
          37.5501726486635
        ]
      }
    },
    {
      "type": "Feature",
      "properties": {
        "node_id": 98,
        "region": "pangyo",
        "region_name": "제1판교테크노밸리",
        "station_name": "한남",
        "line_name": "경의중앙선",
        "travel_seconds": 2536.0,
        "travel_minutes": 42.3,
        "cutoff_minutes": 60,
        "node_category": "60분 도달 노드",
        "is_seed_station": false,
        "layer_type": "rail_node",
        "layer_label_ko": "철도 노드",
        "selected_time_minutes": 60
      },
      "geometry": {
        "type": "Point",
        "coordinates": [
          127.00930523910256,
          37.529487486397066
        ]
      }
    },
    {
      "type": "Feature",
      "properties": {
        "node_id": 494,
        "region": "pangyo",
        "region_name": "제1판교테크노밸리",
        "station_name": "안국",
        "line_name": "서울3호선",
        "travel_seconds": 2476.0,
        "travel_minutes": 41.3,
        "cutoff_minutes": 60,
        "node_category": "60분 도달 노드",
        "is_seed_station": false,
        "layer_type": "rail_node",
        "layer_label_ko": "철도 노드",
        "selected_time_minutes": 60
      },
      "geometry": {
        "type": "Point",
        "coordinates": [
          126.98533293693089,
          37.576442750720375
        ]
      }
    },
    {
      "type": "Feature",
      "properties": {
        "node_id": 353,
        "region": "pangyo",
        "region_name": "제1판교테크노밸리",
        "station_name": "종로3가",
        "line_name": "서울1호선",
        "travel_seconds": 2626.0,
        "travel_minutes": 43.8,
        "cutoff_minutes": 60,
        "node_category": "60분 도달 노드",
        "is_seed_station": false,
        "layer_type": "rail_node",
        "layer_label_ko": "철도 노드",
        "selected_time_minutes": 60
      },
      "geometry": {
        "type": "Point",
        "coordinates": [
          126.99233795465818,
          37.570425347752746
        ]
      }
    },
    {
      "type": "Feature",
      "properties": {
        "node_id": 594,
        "region": "pangyo",
        "region_name": "제1판교테크노밸리",
        "station_name": "종로3가",
        "line_name": "서울5호선",
        "travel_seconds": 2696.0,
        "travel_minutes": 44.9,
        "cutoff_minutes": 60,
        "node_category": "60분 도달 노드",
        "is_seed_station": false,
        "layer_type": "rail_node",
        "layer_label_ko": "철도 노드",
        "selected_time_minutes": 60
      },
      "geometry": {
        "type": "Point",
        "coordinates": [
          126.99024566990154,
          37.57259780662603
        ]
      }
    },
    {
      "type": "Feature",
      "properties": {
        "node_id": 685,
        "region": "pangyo",
        "region_name": "제1판교테크노밸리",
        "station_name": "신대방삼거리",
        "line_name": "서울7호선",
        "travel_seconds": 2505.0,
        "travel_minutes": 41.8,
        "cutoff_minutes": 60,
        "node_category": "60분 도달 노드",
        "is_seed_station": false,
        "layer_type": "rail_node",
        "layer_label_ko": "철도 노드",
        "selected_time_minutes": 60
      },
      "geometry": {
        "type": "Point",
        "coordinates": [
          126.92827053743333,
          37.49973006158815
        ]
      }
    },
    {
      "type": "Feature",
      "properties": {
        "node_id": 647,
        "region": "pangyo",
        "region_name": "제1판교테크노밸리",
        "station_name": "한강진",
        "line_name": "서울6호선",
        "travel_seconds": 2496.0,
        "travel_minutes": 41.6,
        "cutoff_minutes": 60,
        "node_category": "60분 도달 노드",
        "is_seed_station": false,
        "layer_type": "rail_node",
        "layer_label_ko": "철도 노드",
        "selected_time_minutes": 60
      },
      "geometry": {
        "type": "Point",
        "coordinates": [
          127.00176196884566,
          37.53967214815189
        ]
      }
    },
    {
      "type": "Feature",
      "properties": {
        "node_id": 546,
        "region": "pangyo",
        "region_name": "제1판교테크노밸리",
        "station_name": "신용산",
        "line_name": "서울4호선",
        "travel_seconds": 2553.0,
        "travel_minutes": 42.5,
        "cutoff_minutes": 60,
        "node_category": "60분 도달 노드",
        "is_seed_station": false,
        "layer_type": "rail_node",
        "layer_label_ko": "철도 노드",
        "selected_time_minutes": 60
      },
      "geometry": {
        "type": "Point",
        "coordinates": [
          126.96789823329631,
          37.529231386392546
        ]
      }
    },
    {
      "type": "Feature",
      "properties": {
        "node_id": 96,
        "region": "pangyo",
        "region_name": "제1판교테크노밸리",
        "station_name": "이촌",
        "line_name": "경의중앙선",
        "travel_seconds": 2896.0,
        "travel_minutes": 48.3,
        "cutoff_minutes": 60,
        "node_category": "60분 도달 노드",
        "is_seed_station": false,
        "layer_type": "rail_node",
        "layer_label_ko": "철도 노드",
        "selected_time_minutes": 60
      },
      "geometry": {
        "type": "Point",
        "coordinates": [
          126.97369624297455,
          37.52234409069938
        ]
      }
    },
    {
      "type": "Feature",
      "properties": {
        "node_id": 704,
        "region": "pangyo",
        "region_name": "제1판교테크노밸리",
        "station_name": "사가정",
        "line_name": "서울7호선",
        "travel_seconds": 2495.0,
        "travel_minutes": 41.6,
        "cutoff_minutes": 60,
        "node_category": "60분 도달 노드",
        "is_seed_station": false,
        "layer_type": "rail_node",
        "layer_label_ko": "철도 노드",
        "selected_time_minutes": 60
      },
      "geometry": {
        "type": "Point",
        "coordinates": [
          127.08850714914591,
          37.58097211223812
        ]
      }
    },
    {
      "type": "Feature",
      "properties": {
        "node_id": 651,
        "region": "pangyo",
        "region_name": "제1판교테크노밸리",
        "station_name": "신당",
        "line_name": "서울6호선",
        "travel_seconds": 2516.0,
        "travel_minutes": 41.9,
        "cutoff_minutes": 60,
        "node_category": "60분 도달 노드",
        "is_seed_station": false,
        "layer_type": "rail_node",
        "layer_label_ko": "철도 노드",
        "selected_time_minutes": 60
      },
      "geometry": {
        "type": "Point",
        "coordinates": [
          127.01613939171753,
          37.56613394327701
        ]
      }
    },
    {
      "type": "Feature",
      "properties": {
        "node_id": 597,
        "region": "pangyo",
        "region_name": "제1판교테크노밸리",
        "station_name": "청구",
        "line_name": "서울5호선",
        "travel_seconds": 2686.0,
        "travel_minutes": 44.8,
        "cutoff_minutes": 60,
        "node_category": "60분 도달 노드",
        "is_seed_station": false,
        "layer_type": "rail_node",
        "layer_label_ko": "철도 노드",
        "selected_time_minutes": 60
      },
      "geometry": {
        "type": "Point",
        "coordinates": [
          127.01406824543665,
          37.56014464602058
        ]
      }
    },
    {
      "type": "Feature",
      "properties": {
        "node_id": 782,
        "region": "pangyo",
        "region_name": "제1판교테크노밸리",
        "station_name": "수원시청",
        "line_name": "분당선",
        "travel_seconds": 2588.0,
        "travel_minutes": 43.1,
        "cutoff_minutes": 60,
        "node_category": "60분 도달 노드",
        "is_seed_station": false,
        "layer_type": "rail_node",
        "layer_label_ko": "철도 노드",
        "selected_time_minutes": 60
      },
      "geometry": {
        "type": "Point",
        "coordinates": [
          127.03073907903122,
          37.261944303981316
        ]
      }
    },
    {
      "type": "Feature",
      "properties": {
        "node_id": 539,
        "region": "pangyo",
        "region_name": "제1판교테크노밸리",
        "station_name": "경마공원",
        "line_name": "서울4호선",
        "travel_seconds": 2532.0,
        "travel_minutes": 42.2,
        "cutoff_minutes": 60,
        "node_category": "60분 도달 노드",
        "is_seed_station": false,
        "layer_type": "rail_node",
        "layer_label_ko": "철도 노드",
        "selected_time_minutes": 60
      },
      "geometry": {
        "type": "Point",
        "coordinates": [
          127.00794132540386,
          37.44391524695267
        ]
      }
    },
    {
      "type": "Feature",
      "properties": {
        "node_id": 816,
        "region": "pangyo",
        "region_name": "제1판교테크노밸리",
        "station_name": "청량리",
        "line_name": "분당선",
        "travel_seconds": 2745.0,
        "travel_minutes": 45.8,
        "cutoff_minutes": 60,
        "node_category": "60분 도달 노드",
        "is_seed_station": false,
        "layer_type": "rail_node",
        "layer_label_ko": "철도 노드",
        "selected_time_minutes": 60
      },
      "geometry": {
        "type": "Point",
        "coordinates": [
          127.04875972294188,
          37.58054846319079
        ]
      }
    },
    {
      "type": "Feature",
      "properties": {
        "node_id": 600,
        "region": "pangyo",
        "region_name": "제1판교테크노밸리",
        "station_name": "왕십리",
        "line_name": "서울5호선",
        "travel_seconds": 2805.0,
        "travel_minutes": 46.8,
        "cutoff_minutes": 60,
        "node_category": "60분 도달 노드",
        "is_seed_station": false,
        "layer_type": "rail_node",
        "layer_label_ko": "철도 노드",
        "selected_time_minutes": 60
      },
      "geometry": {
        "type": "Point",
        "coordinates": [
          127.03734963486585,
          37.562049452577206
        ]
      }
    },
    {
      "type": "Feature",
      "properties": {
        "node_id": 459,
        "region": "pangyo",
        "region_name": "제1판교테크노밸리",
        "station_name": "왕십리",
        "line_name": "서울2호선",
        "travel_seconds": 2675.0,
        "travel_minutes": 44.6,
        "cutoff_minutes": 60,
        "node_category": "60분 도달 노드",
        "is_seed_station": false,
        "layer_type": "rail_node",
        "layer_label_ko": "철도 노드",
        "selected_time_minutes": 60
      },
      "geometry": {
        "type": "Point",
        "coordinates": [
          127.03758032298498,
          37.561265875713445
        ]
      }
    },
    {
      "type": "Feature",
      "properties": {
        "node_id": 101,
        "region": "pangyo",
        "region_name": "제1판교테크노밸리",
        "station_name": "왕십리",
        "line_name": "경의중앙선",
        "travel_seconds": 2656.0,
        "travel_minutes": 44.3,
        "cutoff_minutes": 60,
        "node_category": "60분 도달 노드",
        "is_seed_station": false,
        "layer_type": "rail_node",
        "layer_label_ko": "철도 노드",
        "selected_time_minutes": 60
      },
      "geometry": {
        "type": "Point",
        "coordinates": [
          127.03834664915074,
          37.56193672070951
        ]
      }
    },
    {
      "type": "Feature",
      "properties": {
        "node_id": 171,
        "region": "pangyo",
        "region_name": "제1판교테크노밸리",
        "station_name": "초당",
        "line_name": "용인경전철",
        "travel_seconds": 2525.0,
        "travel_minutes": 42.1,
        "cutoff_minutes": 60,
        "node_category": "60분 도달 노드",
        "is_seed_station": false,
        "layer_type": "rail_node",
        "layer_label_ko": "철도 노드",
        "selected_time_minutes": 60
      },
      "geometry": {
        "type": "Point",
        "coordinates": [
          127.15947848591688,
          37.26081086407165
        ]
      }
    },
    {
      "type": "Feature",
      "properties": {
        "node_id": 775,
        "region": "pangyo",
        "region_name": "제1판교테크노밸리",
        "station_name": "송파나루",
        "line_name": "서울9호선",
        "travel_seconds": 2549.0,
        "travel_minutes": 42.5,
        "cutoff_minutes": 60,
        "node_category": "60분 도달 노드",
        "is_seed_station": false,
        "layer_type": "rail_node",
        "layer_label_ko": "철도 노드",
        "selected_time_minutes": 60
      },
      "geometry": {
        "type": "Point",
        "coordinates": [
          127.11222006447059,
          37.51030427208916
        ]
      }
    },
    {
      "type": "Feature",
      "properties": {
        "node_id": 458,
        "region": "pangyo",
        "region_name": "제1판교테크노밸리",
        "station_name": "한양대",
        "line_name": "서울2호선",
        "travel_seconds": 2555.0,
        "travel_minutes": 42.6,
        "cutoff_minutes": 60,
        "node_category": "60분 도달 노드",
        "is_seed_station": false,
        "layer_type": "rail_node",
        "layer_label_ko": "철도 노드",
        "selected_time_minutes": 60
      },
      "geometry": {
        "type": "Point",
        "coordinates": [
          127.04362373849646,
          37.55548547037737
        ]
      }
    },
    {
      "type": "Feature",
      "properties": {
        "node_id": 553,
        "region": "pangyo",
        "region_name": "제1판교테크노밸리",
        "station_name": "동대문역사문화공원",
        "line_name": "서울4호선",
        "travel_seconds": 2606.0,
        "travel_minutes": 43.4,
        "cutoff_minutes": 60,
        "node_category": "60분 도달 노드",
        "is_seed_station": false,
        "layer_type": "rail_node",
        "layer_label_ko": "철도 노드",
        "selected_time_minutes": 60
      },
      "geometry": {
        "type": "Point",
        "coordinates": [
          127.00788803473623,
          37.56506741473066
        ]
      }
    },
    {
      "type": "Feature",
      "properties": {
        "node_id": 551,
        "region": "pangyo",
        "region_name": "제1판교테크노밸리",
        "station_name": "명동",
        "line_name": "서울4호선",
        "travel_seconds": 2546.0,
        "travel_minutes": 42.4,
        "cutoff_minutes": 60,
        "node_category": "60분 도달 노드",
        "is_seed_station": false,
        "layer_type": "rail_node",
        "layer_label_ko": "철도 노드",
        "selected_time_minutes": 60
      },
      "geometry": {
        "type": "Point",
        "coordinates": [
          126.98574103082794,
          37.56088522014015
        ]
      }
    },
    {
      "type": "Feature",
      "properties": {
        "node_id": 345,
        "region": "pangyo",
        "region_name": "제1판교테크노밸리",
        "station_name": "신길",
        "line_name": "서울1호선",
        "travel_seconds": 2548.0,
        "travel_minutes": 42.5,
        "cutoff_minutes": 60,
        "node_category": "60분 도달 노드",
        "is_seed_station": false,
        "layer_type": "rail_node",
        "layer_label_ko": "철도 노드",
        "selected_time_minutes": 60
      },
      "geometry": {
        "type": "Point",
        "coordinates": [
          126.91817592758282,
          37.51689070819467
        ]
      }
    },
    {
      "type": "Feature",
      "properties": {
        "node_id": 195,
        "region": "pangyo",
        "region_name": "제1판교테크노밸리",
        "station_name": "대방",
        "line_name": "신림선",
        "travel_seconds": 2758.0,
        "travel_minutes": 46.0,
        "cutoff_minutes": 60,
        "node_category": "60분 도달 노드",
        "is_seed_station": false,
        "layer_type": "rail_node",
        "layer_label_ko": "철도 노드",
        "selected_time_minutes": 60
      },
      "geometry": {
        "type": "Point",
        "coordinates": [
          126.92538142883673,
          37.51291155746233
        ]
      }
    },
    {
      "type": "Feature",
      "properties": {
        "node_id": 732,
        "region": "pangyo",
        "region_name": "제1판교테크노밸리",
        "station_name": "강동구청",
        "line_name": "서울8호선",
        "travel_seconds": 2612.0,
        "travel_minutes": 43.5,
        "cutoff_minutes": 60,
        "node_category": "60분 도달 노드",
        "is_seed_station": false,
        "layer_type": "rail_node",
        "layer_label_ko": "철도 노드",
        "selected_time_minutes": 60
      },
      "geometry": {
        "type": "Point",
        "coordinates": [
          127.1205230881743,
          37.53041250323172
        ]
      }
    },
    {
      "type": "Feature",
      "properties": {
        "node_id": 194,
        "region": "pangyo",
        "region_name": "제1판교테크노밸리",
        "station_name": "샛강",
        "line_name": "신림선",
        "travel_seconds": 2793.0,
        "travel_minutes": 46.5,
        "cutoff_minutes": 60,
        "node_category": "60분 도달 노드",
        "is_seed_station": false,
        "layer_type": "rail_node",
        "layer_label_ko": "철도 노드",
        "selected_time_minutes": 60
      },
      "geometry": {
        "type": "Point",
        "coordinates": [
          126.92923497998159,
          37.517179038160606
        ]
      }
    },
    {
      "type": "Feature",
      "properties": {
        "node_id": 873,
        "region": "pangyo",
        "region_name": "제1판교테크노밸리",
        "station_name": "염창",
        "line_name": "서울9호선급행",
        "travel_seconds": 2713.0,
        "travel_minutes": 45.2,
        "cutoff_minutes": 60,
        "node_category": "60분 도달 노드",
        "is_seed_station": false,
        "layer_type": "rail_node",
        "layer_label_ko": "철도 노드",
        "selected_time_minutes": 60
      },
      "geometry": {
        "type": "Point",
        "coordinates": [
          126.8749622945185,
          37.54716168877678
        ]
      }
    },
    {
      "type": "Feature",
      "properties": {
        "node_id": 430,
        "region": "pangyo",
        "region_name": "제1판교테크노밸리",
        "station_name": "당산",
        "line_name": "서울2호선",
        "travel_seconds": 2753.0,
        "travel_minutes": 45.9,
        "cutoff_minutes": 60,
        "node_category": "60분 도달 노드",
        "is_seed_station": false,
        "layer_type": "rail_node",
        "layer_label_ko": "철도 노드",
        "selected_time_minutes": 60
      },
      "geometry": {
        "type": "Point",
        "coordinates": [
          126.90261694589547,
          37.53479411348953
        ]
      }
    },
    {
      "type": "Feature",
      "properties": {
        "node_id": 754,
        "region": "pangyo",
        "region_name": "제1판교테크노밸리",
        "station_name": "당산",
        "line_name": "서울9호선",
        "travel_seconds": 2743.0,
        "travel_minutes": 45.7,
        "cutoff_minutes": 60,
        "node_category": "60분 도달 노드",
        "is_seed_station": false,
        "layer_type": "rail_node",
        "layer_label_ko": "철도 노드",
        "selected_time_minutes": 60
      },
      "geometry": {
        "type": "Point",
        "coordinates": [
          126.9023567546022,
          37.53369148410551
        ]
      }
    },
    {
      "type": "Feature",
      "properties": {
        "node_id": 885,
        "region": "pangyo",
        "region_name": "제1판교테크노밸리",
        "station_name": "중앙보훈병원",
        "line_name": "서울9호선급행",
        "travel_seconds": 2683.0,
        "travel_minutes": 44.7,
        "cutoff_minutes": 60,
        "node_category": "60분 도달 노드",
        "is_seed_station": false,
        "layer_type": "rail_node",
        "layer_label_ko": "철도 노드",
        "selected_time_minutes": 60
      },
      "geometry": {
        "type": "Point",
        "coordinates": [
          127.14826627604758,
          37.528665428902215
        ]
      }
    },
    {
      "type": "Feature",
      "properties": {
        "node_id": 778,
        "region": "pangyo",
        "region_name": "제1판교테크노밸리",
        "station_name": "올림픽공원",
        "line_name": "서울9호선",
        "travel_seconds": 2743.0,
        "travel_minutes": 45.7,
        "cutoff_minutes": 60,
        "node_category": "60분 도달 노드",
        "is_seed_station": false,
        "layer_type": "rail_node",
        "layer_label_ko": "철도 노드",
        "selected_time_minutes": 60
      },
      "geometry": {
        "type": "Point",
        "coordinates": [
          127.13125496218146,
          37.51625605646414
        ]
      }
    },
    {
      "type": "Feature",
      "properties": {
        "node_id": 620,
        "region": "pangyo",
        "region_name": "제1판교테크노밸리",
        "station_name": "올림픽공원",
        "line_name": "서울5호선",
        "travel_seconds": 2724.0,
        "travel_minutes": 45.4,
        "cutoff_minutes": 60,
        "node_category": "60분 도달 노드",
        "is_seed_station": false,
        "layer_type": "rail_node",
        "layer_label_ko": "철도 노드",
        "selected_time_minutes": 60
      },
      "geometry": {
        "type": "Point",
        "coordinates": [
          127.13097639480684,
          37.51635736455057
        ]
      }
    },
    {
      "type": "Feature",
      "properties": {
        "node_id": 435,
        "region": "pangyo",
        "region_name": "제1판교테크노밸리",
        "station_name": "구로디지털단지",
        "line_name": "서울2호선",
        "travel_seconds": 2592.0,
        "travel_minutes": 43.2,
        "cutoff_minutes": 60,
        "node_category": "60분 도달 노드",
        "is_seed_station": false,
        "layer_type": "rail_node",
        "layer_label_ko": "철도 노드",
        "selected_time_minutes": 60
      },
      "geometry": {
        "type": "Point",
        "coordinates": [
          126.90134510068359,
          37.4853026389804
        ]
      }
    },
    {
      "type": "Feature",
      "properties": {
        "node_id": 493,
        "region": "pangyo",
        "region_name": "제1판교테크노밸리",
        "station_name": "경복궁",
        "line_name": "서울3호선",
        "travel_seconds": 2596.0,
        "travel_minutes": 43.3,
        "cutoff_minutes": 60,
        "node_category": "60분 도달 노드",
        "is_seed_station": false,
        "layer_type": "rail_node",
        "layer_label_ko": "철도 노드",
        "selected_time_minutes": 60
      },
      "geometry": {
        "type": "Point",
        "coordinates": [
          126.97351447221486,
          37.57580958905711
        ]
      }
    },
    {
      "type": "Feature",
      "properties": {
        "node_id": 605,
        "region": "pangyo",
        "region_name": "제1판교테크노밸리",
        "station_name": "아차산",
        "line_name": "서울5호선",
        "travel_seconds": 2615.0,
        "travel_minutes": 43.6,
        "cutoff_minutes": 60,
        "node_category": "60분 도달 노드",
        "is_seed_station": false,
        "layer_type": "rail_node",
        "layer_label_ko": "철도 노드",
        "selected_time_minutes": 60
      },
      "geometry": {
        "type": "Point",
        "coordinates": [
          127.08969907636653,
          37.55192170514021
        ]
      }
    },
    {
      "type": "Feature",
      "properties": {
        "node_id": 603,
        "region": "pangyo",
        "region_name": "제1판교테크노밸리",
        "station_name": "장한평",
        "line_name": "서울5호선",
        "travel_seconds": 2615.0,
        "travel_minutes": 43.6,
        "cutoff_minutes": 60,
        "node_category": "60분 도달 노드",
        "is_seed_station": false,
        "layer_type": "rail_node",
        "layer_label_ko": "철도 노드",
        "selected_time_minutes": 60
      },
      "geometry": {
        "type": "Point",
        "coordinates": [
          127.06358974503318,
          37.56159912471764
        ]
      }
    },
    {
      "type": "Feature",
      "properties": {
        "node_id": 705,
        "region": "pangyo",
        "region_name": "제1판교테크노밸리",
        "station_name": "면목",
        "line_name": "서울7호선",
        "travel_seconds": 2595.0,
        "travel_minutes": 43.2,
        "cutoff_minutes": 60,
        "node_category": "60분 도달 노드",
        "is_seed_station": false,
        "layer_type": "rail_node",
        "layer_label_ko": "철도 노드",
        "selected_time_minutes": 60
      },
      "geometry": {
        "type": "Point",
        "coordinates": [
          127.08749999489152,
          37.5887397099918
        ]
      }
    },
    {
      "type": "Feature",
      "properties": {
        "node_id": 646,
        "region": "pangyo",
        "region_name": "제1판교테크노밸리",
        "station_name": "이태원",
        "line_name": "서울6호선",
        "travel_seconds": 2616.0,
        "travel_minutes": 43.6,
        "cutoff_minutes": 60,
        "node_category": "60분 도달 노드",
        "is_seed_station": false,
        "layer_type": "rail_node",
        "layer_label_ko": "철도 노드",
        "selected_time_minutes": 60
      },
      "geometry": {
        "type": "Point",
        "coordinates": [
          126.99428965640911,
          37.53450039805834
        ]
      }
    },
    {
      "type": "Feature",
      "properties": {
        "node_id": 31,
        "region": "pangyo",
        "region_name": "제1판교테크노밸리",
        "station_name": "곤지암",
        "line_name": "경강선",
        "travel_seconds": 2798.0,
        "travel_minutes": 46.6,
        "cutoff_minutes": 60,
        "node_category": "60분 도달 노드",
        "is_seed_station": false,
        "layer_type": "rail_node",
        "layer_label_ko": "철도 노드",
        "selected_time_minutes": 60
      },
      "geometry": {
        "type": "Point",
        "coordinates": [
          127.34625353575343,
          37.35053613625162
        ]
      }
    },
    {
      "type": "Feature",
      "properties": {
        "node_id": 623,
        "region": "pangyo",
        "region_name": "제1판교테크노밸리",
        "station_name": "개롱",
        "line_name": "서울5호선",
        "travel_seconds": 2614.0,
        "travel_minutes": 43.6,
        "cutoff_minutes": 60,
        "node_category": "60분 도달 노드",
        "is_seed_station": false,
        "layer_type": "rail_node",
        "layer_label_ko": "철도 노드",
        "selected_time_minutes": 60
      },
      "geometry": {
        "type": "Point",
        "coordinates": [
          127.13507764191463,
          37.49793804469948
        ]
      }
    },
    {
      "type": "Feature",
      "properties": {
        "node_id": 621,
        "region": "pangyo",
        "region_name": "제1판교테크노밸리",
        "station_name": "방이",
        "line_name": "서울5호선",
        "travel_seconds": 2614.0,
        "travel_minutes": 43.6,
        "cutoff_minutes": 60,
        "node_category": "60분 도달 노드",
        "is_seed_station": false,
        "layer_type": "rail_node",
        "layer_label_ko": "철도 노드",
        "selected_time_minutes": 60
      },
      "geometry": {
        "type": "Point",
        "coordinates": [
          127.12602968587761,
          37.50863811844353
        ]
      }
    },
    {
      "type": "Feature",
      "properties": {
        "node_id": 684,
        "region": "pangyo",
        "region_name": "제1판교테크노밸리",
        "station_name": "보라매",
        "line_name": "서울7호선",
        "travel_seconds": 2605.0,
        "travel_minutes": 43.4,
        "cutoff_minutes": 60,
        "node_category": "60분 도달 노드",
        "is_seed_station": false,
        "layer_type": "rail_node",
        "layer_label_ko": "철도 노드",
        "selected_time_minutes": 60
      },
      "geometry": {
        "type": "Point",
        "coordinates": [
          126.92034734244736,
          37.4999176165529
        ]
      }
    },
    {
      "type": "Feature",
      "properties": {
        "node_id": 585,
        "region": "pangyo",
        "region_name": "제1판교테크노밸리",
        "station_name": "신길",
        "line_name": "서울5호선",
        "travel_seconds": 2633.0,
        "travel_minutes": 43.9,
        "cutoff_minutes": 60,
        "node_category": "60분 도달 노드",
        "is_seed_station": false,
        "layer_type": "rail_node",
        "layer_label_ko": "철도 노드",
        "selected_time_minutes": 60
      },
      "geometry": {
        "type": "Point",
        "coordinates": [
          126.91489053013655,
          37.51767870939144
        ]
      }
    },
    {
      "type": "Feature",
      "properties": {
        "node_id": 587,
        "region": "pangyo",
        "region_name": "제1판교테크노밸리",
        "station_name": "여의나루",
        "line_name": "서울5호선",
        "travel_seconds": 2623.0,
        "travel_minutes": 43.7,
        "cutoff_minutes": 60,
        "node_category": "60분 도달 노드",
        "is_seed_station": false,
        "layer_type": "rail_node",
        "layer_label_ko": "철도 노드",
        "selected_time_minutes": 60
      },
      "geometry": {
        "type": "Point",
        "coordinates": [
          126.9329458250847,
          37.52707871139832
        ]
      }
    },
    {
      "type": "Feature",
      "properties": {
        "node_id": 652,
        "region": "pangyo",
        "region_name": "제1판교테크노밸리",
        "station_name": "동묘앞",
        "line_name": "서울6호선",
        "travel_seconds": 2606.0,
        "travel_minutes": 43.4,
        "cutoff_minutes": 60,
        "node_category": "60분 도달 노드",
        "is_seed_station": false,
        "layer_type": "rail_node",
        "layer_label_ko": "철도 노드",
        "selected_time_minutes": 60
      },
      "geometry": {
        "type": "Point",
        "coordinates": [
          127.01570276450394,
          37.572132307753456
        ]
      }
    },
    {
      "type": "Feature",
      "properties": {
        "node_id": 461,
        "region": "pangyo",
        "region_name": "제1판교테크노밸리",
        "station_name": "신당",
        "line_name": "서울2호선",
        "travel_seconds": 2855.0,
        "travel_minutes": 47.6,
        "cutoff_minutes": 60,
        "node_category": "60분 도달 노드",
        "is_seed_station": false,
        "layer_type": "rail_node",
        "layer_label_ko": "철도 노드",
        "selected_time_minutes": 60
      },
      "geometry": {
        "type": "Point",
        "coordinates": [
          127.01968796261629,
          37.56568075110923
        ]
      }
    },
    {
      "type": "Feature",
      "properties": {
        "node_id": 348,
        "region": "pangyo",
        "region_name": "제1판교테크노밸리",
        "station_name": "남영",
        "line_name": "서울1호선",
        "travel_seconds": 2668.0,
        "travel_minutes": 44.5,
        "cutoff_minutes": 60,
        "node_category": "60분 도달 노드",
        "is_seed_station": false,
        "layer_type": "rail_node",
        "layer_label_ko": "철도 노드",
        "selected_time_minutes": 60
      },
      "geometry": {
        "type": "Point",
        "coordinates": [
          126.97132962571818,
          37.54059055609324
        ]
      }
    },
    {
      "type": "Feature",
      "properties": {
        "node_id": 95,
        "region": "pangyo",
        "region_name": "제1판교테크노밸리",
        "station_name": "용산",
        "line_name": "경의중앙선",
        "travel_seconds": 3018.0,
        "travel_minutes": 50.3,
        "cutoff_minutes": 60,
        "node_category": "60분 도달 노드",
        "is_seed_station": false,
        "layer_type": "rail_node",
        "layer_label_ko": "철도 노드",
        "selected_time_minutes": 60
      },
      "geometry": {
        "type": "Point",
        "coordinates": [
          126.96473169613765,
          37.529577554426844
        ]
      }
    },
    {
      "type": "Feature",
      "properties": {
        "node_id": 755,
        "region": "pangyo",
        "region_name": "제1판교테크노밸리",
        "station_name": "국회의사당",
        "line_name": "서울9호선",
        "travel_seconds": 2639.0,
        "travel_minutes": 44.0,
        "cutoff_minutes": 60,
        "node_category": "60분 도달 노드",
        "is_seed_station": false,
        "layer_type": "rail_node",
        "layer_label_ko": "철도 노드",
        "selected_time_minutes": 60
      },
      "geometry": {
        "type": "Point",
        "coordinates": [
          126.91744560355306,
          37.52849815032641
        ]
      }
    },
    {
      "type": "Feature",
      "properties": {
        "node_id": 172,
        "region": "pangyo",
        "region_name": "제1판교테크노밸리",
        "station_name": "삼가",
        "line_name": "용인경전철",
        "travel_seconds": 2783.0,
        "travel_minutes": 46.4,
        "cutoff_minutes": 60,
        "node_category": "60분 도달 노드",
        "is_seed_station": false,
        "layer_type": "rail_node",
        "layer_label_ko": "철도 노드",
        "selected_time_minutes": 60
      },
      "geometry": {
        "type": "Point",
        "coordinates": [
          127.16813899810472,
          37.24212225387447
        ]
      }
    },
    {
      "type": "Feature",
      "properties": {
        "node_id": 538,
        "region": "pangyo",
        "region_name": "제1판교테크노밸리",
        "station_name": "대공원",
        "line_name": "서울4호선",
        "travel_seconds": 2652.0,
        "travel_minutes": 44.2,
        "cutoff_minutes": 60,
        "node_category": "60분 도달 노드",
        "is_seed_station": false,
        "layer_type": "rail_node",
        "layer_label_ko": "철도 노드",
        "selected_time_minutes": 60
      },
      "geometry": {
        "type": "Point",
        "coordinates": [
          127.00653686551743,
          37.43572575371737
        ]
      }
    },
    {
      "type": "Feature",
      "properties": {
        "node_id": 97,
        "region": "pangyo",
        "region_name": "제1판교테크노밸리",
        "station_name": "서빙고",
        "line_name": "경의중앙선",
        "travel_seconds": 2716.0,
        "travel_minutes": 45.3,
        "cutoff_minutes": 60,
        "node_category": "60분 도달 노드",
        "is_seed_station": false,
        "layer_type": "rail_node",
        "layer_label_ko": "철도 노드",
        "selected_time_minutes": 60
      },
      "geometry": {
        "type": "Point",
        "coordinates": [
          126.98839897917318,
          37.51958109244649
        ]
      }
    },
    {
      "type": "Feature",
      "properties": {
        "node_id": 550,
        "region": "pangyo",
        "region_name": "제1판교테크노밸리",
        "station_name": "회현",
        "line_name": "서울4호선",
        "travel_seconds": 2636.0,
        "travel_minutes": 43.9,
        "cutoff_minutes": 60,
        "node_category": "60분 도달 노드",
        "is_seed_station": false,
        "layer_type": "rail_node",
        "layer_label_ko": "철도 노드",
        "selected_time_minutes": 60
      },
      "geometry": {
        "type": "Point",
        "coordinates": [
          126.9787618992552,
          37.55902192175472
        ]
      }
    },
    {
      "type": "Feature",
      "properties": {
        "node_id": 344,
        "region": "pangyo",
        "region_name": "제1판교테크노밸리",
        "station_name": "영등포",
        "line_name": "서울1호선",
        "travel_seconds": 2698.0,
        "travel_minutes": 45.0,
        "cutoff_minutes": 60,
        "node_category": "60분 도달 노드",
        "is_seed_station": false,
        "layer_type": "rail_node",
        "layer_label_ko": "철도 노드",
        "selected_time_minutes": 60
      },
      "geometry": {
        "type": "Point",
        "coordinates": [
          126.90744561446621,
          37.515659232420234
        ]
      }
    },
    {
      "type": "Feature",
      "properties": {
        "node_id": 776,
        "region": "pangyo",
        "region_name": "제1판교테크노밸리",
        "station_name": "한성백제",
        "line_name": "서울9호선",
        "travel_seconds": 2678.0,
        "travel_minutes": 44.6,
        "cutoff_minutes": 60,
        "node_category": "60분 도달 노드",
        "is_seed_station": false,
        "layer_type": "rail_node",
        "layer_label_ko": "철도 노드",
        "selected_time_minutes": 60
      },
      "geometry": {
        "type": "Point",
        "coordinates": [
          127.11527498699265,
          37.51526192266898
        ]
      }
    },
    {
      "type": "Feature",
      "properties": {
        "node_id": 547,
        "region": "pangyo",
        "region_name": "제1판교테크노밸리",
        "station_name": "삼각지",
        "line_name": "서울4호선",
        "travel_seconds": 2643.0,
        "travel_minutes": 44.0,
        "cutoff_minutes": 60,
        "node_category": "60분 도달 노드",
        "is_seed_station": false,
        "layer_type": "rail_node",
        "layer_label_ko": "철도 노드",
        "selected_time_minutes": 60
      },
      "geometry": {
        "type": "Point",
        "coordinates": [
          126.97289696351694,
          37.53441317709764
        ]
      }
    },
    {
      "type": "Feature",
      "properties": {
        "node_id": 465,
        "region": "pangyo",
        "region_name": "제1판교테크노밸리",
        "station_name": "을지로입구",
        "line_name": "서울2호선",
        "travel_seconds": 2656.0,
        "travel_minutes": 44.3,
        "cutoff_minutes": 60,
        "node_category": "60분 도달 노드",
        "is_seed_station": false,
        "layer_type": "rail_node",
        "layer_label_ko": "철도 노드",
        "selected_time_minutes": 60
      },
      "geometry": {
        "type": "Point",
        "coordinates": [
          126.98220699926492,
          37.56602408391536
        ]
      }
    },
    {
      "type": "Feature",
      "properties": {
        "node_id": 463,
        "region": "pangyo",
        "region_name": "제1판교테크노밸리",
        "station_name": "을지로4가",
        "line_name": "서울2호선",
        "travel_seconds": 2656.0,
        "travel_minutes": 44.3,
        "cutoff_minutes": 60,
        "node_category": "60분 도달 노드",
        "is_seed_station": false,
        "layer_type": "rail_node",
        "layer_label_ko": "철도 노드",
        "selected_time_minutes": 60
      },
      "geometry": {
        "type": "Point",
        "coordinates": [
          126.99764984161506,
          37.566626674163885
        ]
      }
    },
    {
      "type": "Feature",
      "properties": {
        "node_id": 471,
        "region": "pangyo",
        "region_name": "제1판교테크노밸리",
        "station_name": "용답",
        "line_name": "서울2호선",
        "travel_seconds": 2765.0,
        "travel_minutes": 46.1,
        "cutoff_minutes": 60,
        "node_category": "60분 도달 노드",
        "is_seed_station": false,
        "layer_type": "rail_node",
        "layer_label_ko": "철도 노드",
        "selected_time_minutes": 60
      },
      "geometry": {
        "type": "Point",
        "coordinates": [
          127.05086030254466,
          37.56227214988865
        ]
      }
    },
    {
      "type": "Feature",
      "properties": {
        "node_id": 781,
        "region": "pangyo",
        "region_name": "제1판교테크노밸리",
        "station_name": "매교",
        "line_name": "분당선",
        "travel_seconds": 2728.0,
        "travel_minutes": 45.5,
        "cutoff_minutes": 60,
        "node_category": "60분 도달 노드",
        "is_seed_station": false,
        "layer_type": "rail_node",
        "layer_label_ko": "철도 노드",
        "selected_time_minutes": 60
      },
      "geometry": {
        "type": "Point",
        "coordinates": [
          127.01568721056431,
          37.26551025848763
        ]
      }
    },
    {
      "type": "Feature",
      "properties": {
        "node_id": 434,
        "region": "pangyo",
        "region_name": "제1판교테크노밸리",
        "station_name": "대림",
        "line_name": "서울2호선",
        "travel_seconds": 2712.0,
        "travel_minutes": 45.2,
        "cutoff_minutes": 60,
        "node_category": "60분 도달 노드",
        "is_seed_station": false,
        "layer_type": "rail_node",
        "layer_label_ko": "철도 노드",
        "selected_time_minutes": 60
      },
      "geometry": {
        "type": "Point",
        "coordinates": [
          126.89491262980711,
          37.493413730516004
        ]
      }
    },
    {
      "type": "Feature",
      "properties": {
        "node_id": 706,
        "region": "pangyo",
        "region_name": "제1판교테크노밸리",
        "station_name": "상봉",
        "line_name": "서울7호선",
        "travel_seconds": 2695.0,
        "travel_minutes": 44.9,
        "cutoff_minutes": 60,
        "node_category": "60분 도달 노드",
        "is_seed_station": false,
        "layer_type": "rail_node",
        "layer_label_ko": "철도 노드",
        "selected_time_minutes": 60
      },
      "geometry": {
        "type": "Point",
        "coordinates": [
          127.08571314404865,
          37.595737139295096
        ]
      }
    },
    {
      "type": "Feature",
      "properties": {
        "node_id": 492,
        "region": "pangyo",
        "region_name": "제1판교테크노밸리",
        "station_name": "독립문",
        "line_name": "서울3호선",
        "travel_seconds": 2746.0,
        "travel_minutes": 45.8,
        "cutoff_minutes": 60,
        "node_category": "60분 도달 노드",
        "is_seed_station": false,
        "layer_type": "rail_node",
        "layer_label_ko": "철도 노드",
        "selected_time_minutes": 60
      },
      "geometry": {
        "type": "Point",
        "coordinates": [
          126.9579896188348,
          37.57428893805548
        ]
      }
    },
    {
      "type": "Feature",
      "properties": {
        "node_id": 683,
        "region": "pangyo",
        "region_name": "제1판교테크노밸리",
        "station_name": "신풍",
        "line_name": "서울7호선",
        "travel_seconds": 2715.0,
        "travel_minutes": 45.2,
        "cutoff_minutes": 60,
        "node_category": "60분 도달 노드",
        "is_seed_station": false,
        "layer_type": "rail_node",
        "layer_label_ko": "철도 노드",
        "selected_time_minutes": 60
      },
      "geometry": {
        "type": "Point",
        "coordinates": [
          126.90977223355294,
          37.50012633786362
        ]
      }
    },
    {
      "type": "Feature",
      "properties": {
        "node_id": 197,
        "region": "pangyo",
        "region_name": "제1판교테크노밸리",
        "station_name": "보라매",
        "line_name": "신림선",
        "travel_seconds": 2875.0,
        "travel_minutes": 47.9,
        "cutoff_minutes": 60,
        "node_category": "60분 도달 노드",
        "is_seed_station": false,
        "layer_type": "rail_node",
        "layer_label_ko": "철도 노드",
        "selected_time_minutes": 60
      },
      "geometry": {
        "type": "Point",
        "coordinates": [
          126.920464142943,
          37.50043249354521
        ]
      }
    },
    {
      "type": "Feature",
      "properties": {
        "node_id": 554,
        "region": "pangyo",
        "region_name": "제1판교테크노밸리",
        "station_name": "동대문",
        "line_name": "서울4호선",
        "travel_seconds": 2696.0,
        "travel_minutes": 44.9,
        "cutoff_minutes": 60,
        "node_category": "60분 도달 노드",
        "is_seed_station": false,
        "layer_type": "rail_node",
        "layer_label_ko": "철도 노드",
        "selected_time_minutes": 60
      },
      "geometry": {
        "type": "Point",
        "coordinates": [
          127.00933705565537,
          37.57083797907694
        ]
      }
    },
    {
      "type": "Feature",
      "properties": {
        "node_id": 462,
        "region": "pangyo",
        "region_name": "제1판교테크노밸리",
        "station_name": "동대문역사문화공원",
        "line_name": "서울2호선",
        "travel_seconds": 2776.0,
        "travel_minutes": 46.3,
        "cutoff_minutes": 60,
        "node_category": "60분 도달 노드",
        "is_seed_station": false,
        "layer_type": "rail_node",
        "layer_label_ko": "철도 노드",
        "selected_time_minutes": 60
      },
      "geometry": {
        "type": "Point",
        "coordinates": [
          127.00912068274076,
          37.565612228576214
        ]
      }
    },
    {
      "type": "Feature",
      "properties": {
        "node_id": 596,
        "region": "pangyo",
        "region_name": "제1판교테크노밸리",
        "station_name": "동대문역사문화공원",
        "line_name": "서울5호선",
        "travel_seconds": 2806.0,
        "travel_minutes": 46.8,
        "cutoff_minutes": 60,
        "node_category": "60분 도달 노드",
        "is_seed_station": false,
        "layer_type": "rail_node",
        "layer_label_ko": "철도 노드",
        "selected_time_minutes": 60
      },
      "geometry": {
        "type": "Point",
        "coordinates": [
          127.00562253405717,
          37.564679338348114
        ]
      }
    },
    {
      "type": "Feature",
      "properties": {
        "node_id": 653,
        "region": "pangyo",
        "region_name": "제1판교테크노밸리",
        "station_name": "창신",
        "line_name": "서울6호선",
        "travel_seconds": 2716.0,
        "travel_minutes": 45.3,
        "cutoff_minutes": 60,
        "node_category": "60분 도달 노드",
        "is_seed_station": false,
        "layer_type": "rail_node",
        "layer_label_ko": "철도 노드",
        "selected_time_minutes": 60
      },
      "geometry": {
        "type": "Point",
        "coordinates": [
          127.01529141982512,
          37.57948029984715
        ]
      }
    },
    {
      "type": "Feature",
      "properties": {
        "node_id": 356,
        "region": "pangyo",
        "region_name": "제1판교테크노밸리",
        "station_name": "동묘앞",
        "line_name": "서울1호선",
        "travel_seconds": 2866.0,
        "travel_minutes": 47.8,
        "cutoff_minutes": 60,
        "node_category": "60분 도달 노드",
        "is_seed_station": false,
        "layer_type": "rail_node",
        "layer_label_ko": "철도 노드",
        "selected_time_minutes": 60
      },
      "geometry": {
        "type": "Point",
        "coordinates": [
          127.01638399443921,
          37.57322147627274
        ]
      }
    },
    {
      "type": "Feature",
      "properties": {
        "node_id": 733,
        "region": "pangyo",
        "region_name": "제1판교테크노밸리",
        "station_name": "천호",
        "line_name": "서울8호선",
        "travel_seconds": 2722.0,
        "travel_minutes": 45.4,
        "cutoff_minutes": 60,
        "node_category": "60분 도달 노드",
        "is_seed_station": false,
        "layer_type": "rail_node",
        "layer_label_ko": "철도 노드",
        "selected_time_minutes": 60
      },
      "geometry": {
        "type": "Point",
        "coordinates": [
          127.12322157745128,
          37.538017360102174
        ]
      }
    },
    {
      "type": "Feature",
      "properties": {
        "node_id": 624,
        "region": "pangyo",
        "region_name": "제1판교테크노밸리",
        "station_name": "거여",
        "line_name": "서울5호선",
        "travel_seconds": 2724.0,
        "travel_minutes": 45.4,
        "cutoff_minutes": 60,
        "node_category": "60분 도달 노드",
        "is_seed_station": false,
        "layer_type": "rail_node",
        "layer_label_ko": "철도 노드",
        "selected_time_minutes": 60
      },
      "geometry": {
        "type": "Point",
        "coordinates": [
          127.14376760607396,
          37.49333293435531
        ]
      }
    },
    {
      "type": "Feature",
      "properties": {
        "node_id": 602,
        "region": "pangyo",
        "region_name": "제1판교테크노밸리",
        "station_name": "답십리",
        "line_name": "서울5호선",
        "travel_seconds": 2745.0,
        "travel_minutes": 45.8,
        "cutoff_minutes": 60,
        "node_category": "60분 도달 노드",
        "is_seed_station": false,
        "layer_type": "rail_node",
        "layer_label_ko": "철도 노드",
        "selected_time_minutes": 60
      },
      "geometry": {
        "type": "Point",
        "coordinates": [
          127.05259116240943,
          37.56695084975485
        ]
      }
    },
    {
      "type": "Feature",
      "properties": {
        "node_id": 606,
        "region": "pangyo",
        "region_name": "제1판교테크노밸리",
        "station_name": "광나루",
        "line_name": "서울5호선",
        "travel_seconds": 2745.0,
        "travel_minutes": 45.8,
        "cutoff_minutes": 60,
        "node_category": "60분 도달 노드",
        "is_seed_station": false,
        "layer_type": "rail_node",
        "layer_label_ko": "철도 노드",
        "selected_time_minutes": 60
      },
      "geometry": {
        "type": "Point",
        "coordinates": [
          127.10363624600873,
          37.545260871802135
        ]
      }
    },
    {
      "type": "Feature",
      "properties": {
        "node_id": 645,
        "region": "pangyo",
        "region_name": "제1판교테크노밸리",
        "station_name": "녹사평",
        "line_name": "서울6호선",
        "travel_seconds": 2706.0,
        "travel_minutes": 45.1,
        "cutoff_minutes": 60,
        "node_category": "60분 도달 노드",
        "is_seed_station": false,
        "layer_type": "rail_node",
        "layer_label_ko": "철도 노드",
        "selected_time_minutes": 60
      },
      "geometry": {
        "type": "Point",
        "coordinates": [
          126.98646417389271,
          37.53472691082226
        ]
      }
    },
    {
      "type": "Feature",
      "properties": {
        "node_id": 588,
        "region": "pangyo",
        "region_name": "제1판교테크노밸리",
        "station_name": "마포",
        "line_name": "서울5호선",
        "travel_seconds": 2763.0,
        "travel_minutes": 46.0,
        "cutoff_minutes": 60,
        "node_category": "60분 도달 노드",
        "is_seed_station": false,
        "layer_type": "rail_node",
        "layer_label_ko": "철도 노드",
        "selected_time_minutes": 60
      },
      "geometry": {
        "type": "Point",
        "coordinates": [
          126.94591379139105,
          37.53960844051463
        ]
      }
    },
    {
      "type": "Feature",
      "properties": {
        "node_id": 354,
        "region": "pangyo",
        "region_name": "제1판교테크노밸리",
        "station_name": "종로5가",
        "line_name": "서울1호선",
        "travel_seconds": 2746.0,
        "travel_minutes": 45.8,
        "cutoff_minutes": 60,
        "node_category": "60분 도달 노드",
        "is_seed_station": false,
        "layer_type": "rail_node",
        "layer_label_ko": "철도 노드",
        "selected_time_minutes": 60
      },
      "geometry": {
        "type": "Point",
        "coordinates": [
          127.00191050851747,
          37.57100470619648
        ]
      }
    },
    {
      "type": "Feature",
      "properties": {
        "node_id": 352,
        "region": "pangyo",
        "region_name": "제1판교테크노밸리",
        "station_name": "종각",
        "line_name": "서울1호선",
        "travel_seconds": 2746.0,
        "travel_minutes": 45.8,
        "cutoff_minutes": 60,
        "node_category": "60분 도달 노드",
        "is_seed_station": false,
        "layer_type": "rail_node",
        "layer_label_ko": "철도 노드",
        "selected_time_minutes": 60
      },
      "geometry": {
        "type": "Point",
        "coordinates": [
          126.982955850426,
          37.57016455650105
        ]
      }
    },
    {
      "type": "Feature",
      "properties": {
        "node_id": 584,
        "region": "pangyo",
        "region_name": "제1판교테크노밸리",
        "station_name": "영등포시장",
        "line_name": "서울5호선",
        "travel_seconds": 2743.0,
        "travel_minutes": 45.7,
        "cutoff_minutes": 60,
        "node_category": "60분 도달 노드",
        "is_seed_station": false,
        "layer_type": "rail_node",
        "layer_label_ko": "철도 노드",
        "selected_time_minutes": 60
      },
      "geometry": {
        "type": "Point",
        "coordinates": [
          126.90511351400251,
          37.52269057657752
        ]
      }
    },
    {
      "type": "Feature",
      "properties": {
        "node_id": 549,
        "region": "pangyo",
        "region_name": "제1판교테크노밸리",
        "station_name": "서울역",
        "line_name": "서울4호선",
        "travel_seconds": 2756.0,
        "travel_minutes": 45.9,
        "cutoff_minutes": 60,
        "node_category": "60분 도달 노드",
        "is_seed_station": false,
        "layer_type": "rail_node",
        "layer_label_ko": "철도 노드",
        "selected_time_minutes": 60
      },
      "geometry": {
        "type": "Point",
        "coordinates": [
          126.9725798587494,
          37.552889041018354
        ]
      }
    },
    {
      "type": "Feature",
      "properties": {
        "node_id": 548,
        "region": "pangyo",
        "region_name": "제1판교테크노밸리",
        "station_name": "숙대입구",
        "line_name": "서울4호선",
        "travel_seconds": 2763.0,
        "travel_minutes": 46.0,
        "cutoff_minutes": 60,
        "node_category": "60분 도달 노드",
        "is_seed_station": false,
        "layer_type": "rail_node",
        "layer_label_ko": "철도 노드",
        "selected_time_minutes": 60
      },
      "geometry": {
        "type": "Point",
        "coordinates": [
          126.97200212574523,
          37.545112610214495
        ]
      }
    },
    {
      "type": "Feature",
      "properties": {
        "node_id": 644,
        "region": "pangyo",
        "region_name": "제1판교테크노밸리",
        "station_name": "삼각지",
        "line_name": "서울6호선",
        "travel_seconds": 2836.0,
        "travel_minutes": 47.3,
        "cutoff_minutes": 60,
        "node_category": "60분 도달 노드",
        "is_seed_station": false,
        "layer_type": "rail_node",
        "layer_label_ko": "철도 노드",
        "selected_time_minutes": 60
      },
      "geometry": {
        "type": "Point",
        "coordinates": [
          126.97423441661675,
          37.53551447052934
        ]
      }
    },
    {
      "type": "Feature",
      "properties": {
        "node_id": 200,
        "region": "pangyo",
        "region_name": "제1판교테크노밸리",
        "station_name": "당곡",
        "line_name": "신림선",
        "travel_seconds": 2739.0,
        "travel_minutes": 45.6,
        "cutoff_minutes": 60,
        "node_category": "60분 도달 노드",
        "is_seed_station": false,
        "layer_type": "rail_node",
        "layer_label_ko": "철도 노드",
        "selected_time_minutes": 60
      },
      "geometry": {
        "type": "Point",
        "coordinates": [
          126.92763562815304,
          37.490118580503605
        ]
      }
    },
    {
      "type": "Feature",
      "properties": {
        "node_id": 202,
        "region": "pangyo",
        "region_name": "제1판교테크노밸리",
        "station_name": "서원",
        "line_name": "신림선",
        "travel_seconds": 2759.0,
        "travel_minutes": 46.0,
        "cutoff_minutes": 60,
        "node_category": "60분 도달 노드",
        "is_seed_station": false,
        "layer_type": "rail_node",
        "layer_label_ko": "철도 노드",
        "selected_time_minutes": 60
      },
      "geometry": {
        "type": "Point",
        "coordinates": [
          126.93305769351016,
          37.478223766866854
        ]
      }
    },
    {
      "type": "Feature",
      "properties": {
        "node_id": 537,
        "region": "pangyo",
        "region_name": "제1판교테크노밸리",
        "station_name": "과천",
        "line_name": "서울4호선",
        "travel_seconds": 2772.0,
        "travel_minutes": 46.2,
        "cutoff_minutes": 60,
        "node_category": "60분 도달 노드",
        "is_seed_station": false,
        "layer_type": "rail_node",
        "layer_label_ko": "철도 노드",
        "selected_time_minutes": 60
      },
      "geometry": {
        "type": "Point",
        "coordinates": [
          126.99674146651338,
          37.43291738178273
        ]
      }
    },
    {
      "type": "Feature",
      "properties": {
        "node_id": 102,
        "region": "pangyo",
        "region_name": "제1판교테크노밸리",
        "station_name": "청량리",
        "line_name": "경의중앙선",
        "travel_seconds": 2896.0,
        "travel_minutes": 48.3,
        "cutoff_minutes": 60,
        "node_category": "60분 도달 노드",
        "is_seed_station": false,
        "layer_type": "rail_node",
        "layer_label_ko": "철도 노드",
        "selected_time_minutes": 60
      },
      "geometry": {
        "type": "Point",
        "coordinates": [
          127.04849116980269,
          37.58068049315112
        ]
      }
    },
    {
      "type": "Feature",
      "properties": {
        "node_id": 595,
        "region": "pangyo",
        "region_name": "제1판교테크노밸리",
        "station_name": "을지로4가",
        "line_name": "서울5호선",
        "travel_seconds": 2826.0,
        "travel_minutes": 47.1,
        "cutoff_minutes": 60,
        "node_category": "60분 도달 노드",
        "is_seed_station": false,
        "layer_type": "rail_node",
        "layer_label_ko": "철도 노드",
        "selected_time_minutes": 60
      },
      "geometry": {
        "type": "Point",
        "coordinates": [
          126.99808964235947,
          37.56722384870457
        ]
      }
    },
    {
      "type": "Feature",
      "properties": {
        "node_id": 423,
        "region": "pangyo",
        "region_name": "제1판교테크노밸리",
        "station_name": "시청",
        "line_name": "서울2호선",
        "travel_seconds": 2776.0,
        "travel_minutes": 46.3,
        "cutoff_minutes": 60,
        "node_category": "60분 도달 노드",
        "is_seed_station": false,
        "layer_type": "rail_node",
        "layer_label_ko": "철도 노드",
        "selected_time_minutes": 60
      },
      "geometry": {
        "type": "Point",
        "coordinates": [
          126.97576278093857,
          37.56376249397046
        ]
      }
    },
    {
      "type": "Feature",
      "properties": {
        "node_id": 350,
        "region": "pangyo",
        "region_name": "제1판교테크노밸리",
        "station_name": "서울역",
        "line_name": "서울1호선",
        "travel_seconds": 2848.0,
        "travel_minutes": 47.5,
        "cutoff_minutes": 60,
        "node_category": "60분 도달 노드",
        "is_seed_station": false,
        "layer_type": "rail_node",
        "layer_label_ko": "철도 노드",
        "selected_time_minutes": 60
      },
      "geometry": {
        "type": "Point",
        "coordinates": [
          126.97205498738727,
          37.55599100229629
        ]
      }
    },
    {
      "type": "Feature",
      "properties": {
        "node_id": 460,
        "region": "pangyo",
        "region_name": "제1판교테크노밸리",
        "station_name": "상왕십리",
        "line_name": "서울2호선",
        "travel_seconds": 2765.0,
        "travel_minutes": 46.1,
        "cutoff_minutes": 60,
        "node_category": "60분 도달 노드",
        "is_seed_station": false,
        "layer_type": "rail_node",
        "layer_label_ko": "철도 노드",
        "selected_time_minutes": 60
      },
      "geometry": {
        "type": "Point",
        "coordinates": [
          127.02933321473817,
          37.564390820548745
        ]
      }
    },
    {
      "type": "Feature",
      "properties": {
        "node_id": 779,
        "region": "pangyo",
        "region_name": "제1판교테크노밸리",
        "station_name": "중앙보훈병원",
        "line_name": "서울9호선",
        "travel_seconds": 2963.0,
        "travel_minutes": 49.4,
        "cutoff_minutes": 60,
        "node_category": "60분 도달 노드",
        "is_seed_station": false,
        "layer_type": "rail_node",
        "layer_label_ko": "철도 노드",
        "selected_time_minutes": 60
      },
      "geometry": {
        "type": "Point",
        "coordinates": [
          127.14848157270966,
          37.52860977620455
        ]
      }
    },
    {
      "type": "Feature",
      "properties": {
        "node_id": 598,
        "region": "pangyo",
        "region_name": "제1판교테크노밸리",
        "station_name": "신금호",
        "line_name": "서울5호선",
        "travel_seconds": 2806.0,
        "travel_minutes": 46.8,
        "cutoff_minutes": 60,
        "node_category": "60분 도달 노드",
        "is_seed_station": false,
        "layer_type": "rail_node",
        "layer_label_ko": "철도 노드",
        "selected_time_minutes": 60
      },
      "geometry": {
        "type": "Point",
        "coordinates": [
          127.02045619314652,
          37.55448097674334
        ]
      }
    },
    {
      "type": "Feature",
      "properties": {
        "node_id": 707,
        "region": "pangyo",
        "region_name": "제1판교테크노밸리",
        "station_name": "중화",
        "line_name": "서울7호선",
        "travel_seconds": 2835.0,
        "travel_minutes": 47.2,
        "cutoff_minutes": 60,
        "node_category": "60분 도달 노드",
        "is_seed_station": false,
        "layer_type": "rail_node",
        "layer_label_ko": "철도 노드",
        "selected_time_minutes": 60
      },
      "geometry": {
        "type": "Point",
        "coordinates": [
          127.07936125009704,
          37.602285109902006
        ]
      }
    },
    {
      "type": "Feature",
      "properties": {
        "node_id": 105,
        "region": "pangyo",
        "region_name": "제1판교테크노밸리",
        "station_name": "상봉",
        "line_name": "경의중앙선",
        "travel_seconds": 3265.0,
        "travel_minutes": 54.4,
        "cutoff_minutes": 60,
        "node_category": "60분 도달 노드",
        "is_seed_station": false,
        "layer_type": "rail_node",
        "layer_label_ko": "철도 노드",
        "selected_time_minutes": 60
      },
      "geometry": {
        "type": "Point",
        "coordinates": [
          127.0851919476268,
          37.59671178171472
        ]
      }
    },
    {
      "type": "Feature",
      "properties": {
        "node_id": 555,
        "region": "pangyo",
        "region_name": "제1판교테크노밸리",
        "station_name": "혜화",
        "line_name": "서울4호선",
        "travel_seconds": 2846.0,
        "travel_minutes": 47.4,
        "cutoff_minutes": 60,
        "node_category": "60분 도달 노드",
        "is_seed_station": false,
        "layer_type": "rail_node",
        "layer_label_ko": "철도 노드",
        "selected_time_minutes": 60
      },
      "geometry": {
        "type": "Point",
        "coordinates": [
          127.00191835595663,
          37.58212081591027
        ]
      }
    },
    {
      "type": "Feature",
      "properties": {
        "node_id": 355,
        "region": "pangyo",
        "region_name": "제1판교테크노밸리",
        "station_name": "동대문",
        "line_name": "서울1호선",
        "travel_seconds": 2866.0,
        "travel_minutes": 47.8,
        "cutoff_minutes": 60,
        "node_category": "60분 도달 노드",
        "is_seed_station": false,
        "layer_type": "rail_node",
        "layer_label_ko": "철도 노드",
        "selected_time_minutes": 60
      },
      "geometry": {
        "type": "Point",
        "coordinates": [
          127.01077039000796,
          37.571669381552304
        ]
      }
    },
    {
      "type": "Feature",
      "properties": {
        "node_id": 593,
        "region": "pangyo",
        "region_name": "제1판교테크노밸리",
        "station_name": "광화문",
        "line_name": "서울5호선",
        "travel_seconds": 2826.0,
        "travel_minutes": 47.1,
        "cutoff_minutes": 60,
        "node_category": "60분 도달 노드",
        "is_seed_station": false,
        "layer_type": "rail_node",
        "layer_label_ko": "철도 노드",
        "selected_time_minutes": 60
      },
      "geometry": {
        "type": "Point",
        "coordinates": [
          126.9762752206268,
          37.5716380935469
        ]
      }
    },
    {
      "type": "Feature",
      "properties": {
        "node_id": 343,
        "region": "pangyo",
        "region_name": "제1판교테크노밸리",
        "station_name": "신도림",
        "line_name": "서울1호선",
        "travel_seconds": 2848.0,
        "travel_minutes": 47.5,
        "cutoff_minutes": 60,
        "node_category": "60분 도달 노드",
        "is_seed_station": false,
        "layer_type": "rail_node",
        "layer_label_ko": "철도 노드",
        "selected_time_minutes": 60
      },
      "geometry": {
        "type": "Point",
        "coordinates": [
          126.89142171185813,
          37.508943699597765
        ]
      }
    },
    {
      "type": "Feature",
      "properties": {
        "node_id": 433,
        "region": "pangyo",
        "region_name": "제1판교테크노밸리",
        "station_name": "신도림",
        "line_name": "서울2호선",
        "travel_seconds": 2892.0,
        "travel_minutes": 48.2,
        "cutoff_minutes": 60,
        "node_category": "60분 도달 노드",
        "is_seed_station": false,
        "layer_type": "rail_node",
        "layer_label_ko": "철도 노드",
        "selected_time_minutes": 60
      },
      "geometry": {
        "type": "Point",
        "coordinates": [
          126.8914426985193,
          37.508512745116185
        ]
      }
    },
    {
      "type": "Feature",
      "properties": {
        "node_id": 682,
        "region": "pangyo",
        "region_name": "제1판교테크노밸리",
        "station_name": "대림",
        "line_name": "서울7호선",
        "travel_seconds": 2865.0,
        "travel_minutes": 47.8,
        "cutoff_minutes": 60,
        "node_category": "60분 도달 노드",
        "is_seed_station": false,
        "layer_type": "rail_node",
        "layer_label_ko": "철도 노드",
        "selected_time_minutes": 60
      },
      "geometry": {
        "type": "Point",
        "coordinates": [
          126.89668094558226,
          37.492835091319854
        ]
      }
    },
    {
      "type": "Feature",
      "properties": {
        "node_id": 872,
        "region": "pangyo",
        "region_name": "제1판교테크노밸리",
        "station_name": "가양",
        "line_name": "서울9호선급행",
        "travel_seconds": 2943.0,
        "travel_minutes": 49.0,
        "cutoff_minutes": 60,
        "node_category": "60분 도달 노드",
        "is_seed_station": false,
        "layer_type": "rail_node",
        "layer_label_ko": "철도 노드",
        "selected_time_minutes": 60
      },
      "geometry": {
        "type": "Point",
        "coordinates": [
          126.8544312699492,
          37.56163536897295
        ]
      }
    },
    {
      "type": "Feature",
      "properties": {
        "node_id": 751,
        "region": "pangyo",
        "region_name": "제1판교테크노밸리",
        "station_name": "염창",
        "line_name": "서울9호선",
        "travel_seconds": 2993.0,
        "travel_minutes": 49.9,
        "cutoff_minutes": 60,
        "node_category": "60분 도달 노드",
        "is_seed_station": false,
        "layer_type": "rail_node",
        "layer_label_ko": "철도 노드",
        "selected_time_minutes": 60
      },
      "geometry": {
        "type": "Point",
        "coordinates": [
          126.87498009352137,
          37.546981979865684
        ]
      }
    },
    {
      "type": "Feature",
      "properties": {
        "node_id": 654,
        "region": "pangyo",
        "region_name": "제1판교테크노밸리",
        "station_name": "보문",
        "line_name": "서울6호선",
        "travel_seconds": 2806.0,
        "travel_minutes": 46.8,
        "cutoff_minutes": 60,
        "node_category": "60분 도달 노드",
        "is_seed_station": false,
        "layer_type": "rail_node",
        "layer_label_ko": "철도 노드",
        "selected_time_minutes": 60
      },
      "geometry": {
        "type": "Point",
        "coordinates": [
          127.01968773941685,
          37.58544175366165
        ]
      }
    },
    {
      "type": "Feature",
      "properties": {
        "node_id": 734,
        "region": "pangyo",
        "region_name": "제1판교테크노밸리",
        "station_name": "암사",
        "line_name": "서울8호선",
        "travel_seconds": 2862.0,
        "travel_minutes": 47.7,
        "cutoff_minutes": 60,
        "node_category": "60분 도달 노드",
        "is_seed_station": false,
        "layer_type": "rail_node",
        "layer_label_ko": "철도 노드",
        "selected_time_minutes": 60
      },
      "geometry": {
        "type": "Point",
        "coordinates": [
          127.12752631532125,
          37.55013385216643
        ]
      }
    },
    {
      "type": "Feature",
      "properties": {
        "node_id": 607,
        "region": "pangyo",
        "region_name": "제1판교테크노밸리",
        "station_name": "천호",
        "line_name": "서울5호선",
        "travel_seconds": 2895.0,
        "travel_minutes": 48.2,
        "cutoff_minutes": 60,
        "node_category": "60분 도달 노드",
        "is_seed_station": false,
        "layer_type": "rail_node",
        "layer_label_ko": "철도 노드",
        "selected_time_minutes": 60
      },
      "geometry": {
        "type": "Point",
        "coordinates": [
          127.12396447570143,
          37.538500637421805
        ]
      }
    },
    {
      "type": "Feature",
      "properties": {
        "node_id": 619,
        "region": "pangyo",
        "region_name": "제1판교테크노밸리",
        "station_name": "둔촌동",
        "line_name": "서울5호선",
        "travel_seconds": 2854.0,
        "travel_minutes": 47.6,
        "cutoff_minutes": 60,
        "node_category": "60분 도달 노드",
        "is_seed_station": false,
        "layer_type": "rail_node",
        "layer_label_ko": "철도 노드",
        "selected_time_minutes": 60
      },
      "geometry": {
        "type": "Point",
        "coordinates": [
          127.13621508958978,
          37.52766277122959
        ]
      }
    },
    {
      "type": "Feature",
      "properties": {
        "node_id": 625,
        "region": "pangyo",
        "region_name": "제1판교테크노밸리",
        "station_name": "마천",
        "line_name": "서울5호선",
        "travel_seconds": 2844.0,
        "travel_minutes": 47.4,
        "cutoff_minutes": 60,
        "node_category": "60분 도달 노드",
        "is_seed_station": false,
        "layer_type": "rail_node",
        "layer_label_ko": "철도 노드",
        "selected_time_minutes": 60
      },
      "geometry": {
        "type": "Point",
        "coordinates": [
          127.15282678886047,
          37.49499704089626
        ]
      }
    },
    {
      "type": "Feature",
      "properties": {
        "node_id": 780,
        "region": "pangyo",
        "region_name": "제1판교테크노밸리",
        "station_name": "수원",
        "line_name": "분당선",
        "travel_seconds": 2848.0,
        "travel_minutes": 47.5,
        "cutoff_minutes": 60,
        "node_category": "60분 도달 노드",
        "is_seed_station": false,
        "layer_type": "rail_node",
        "layer_label_ko": "철도 노드",
        "selected_time_minutes": 60
      },
      "geometry": {
        "type": "Point",
        "coordinates": [
          127.00059566971223,
          37.266442680041386
        ]
      }
    },
    {
      "type": "Feature",
      "properties": {
        "node_id": 199,
        "region": "pangyo",
        "region_name": "제1판교테크노밸리",
        "station_name": "보라매병원",
        "line_name": "신림선",
        "travel_seconds": 2821.0,
        "travel_minutes": 47.0,
        "cutoff_minutes": 60,
        "node_category": "60분 도달 노드",
        "is_seed_station": false,
        "layer_type": "rail_node",
        "layer_label_ko": "철도 노드",
        "selected_time_minutes": 60
      },
      "geometry": {
        "type": "Point",
        "coordinates": [
          126.92346980974537,
          37.492975380760655
        ]
      }
    },
    {
      "type": "Feature",
      "properties": {
        "node_id": 583,
        "region": "pangyo",
        "region_name": "제1판교테크노밸리",
        "station_name": "영등포구청",
        "line_name": "서울5호선",
        "travel_seconds": 2853.0,
        "travel_minutes": 47.5,
        "cutoff_minutes": 60,
        "node_category": "60분 도달 노드",
        "is_seed_station": false,
        "layer_type": "rail_node",
        "layer_label_ko": "철도 노드",
        "selected_time_minutes": 60
      },
      "geometry": {
        "type": "Point",
        "coordinates": [
          126.89540693655124,
          37.52419188727966
        ]
      }
    },
    {
      "type": "Feature",
      "properties": {
        "node_id": 753,
        "region": "pangyo",
        "region_name": "제1판교테크노밸리",
        "station_name": "선유도",
        "line_name": "서울9호선",
        "travel_seconds": 2869.0,
        "travel_minutes": 47.8,
        "cutoff_minutes": 60,
        "node_category": "60분 도달 노드",
        "is_seed_station": false,
        "layer_type": "rail_node",
        "layer_label_ko": "철도 노드",
        "selected_time_minutes": 60
      },
      "geometry": {
        "type": "Point",
        "coordinates": [
          126.89345483013855,
          37.53804675795846
        ]
      }
    },
    {
      "type": "Feature",
      "properties": {
        "node_id": 777,
        "region": "pangyo",
        "region_name": "제1판교테크노밸리",
        "station_name": "둔촌오륜",
        "line_name": "서울9호선",
        "travel_seconds": 2883.0,
        "travel_minutes": 48.0,
        "cutoff_minutes": 60,
        "node_category": "60분 도달 노드",
        "is_seed_station": false,
        "layer_type": "rail_node",
        "layer_label_ko": "철도 노드",
        "selected_time_minutes": 60
      },
      "geometry": {
        "type": "Point",
        "coordinates": [
          127.13951062486167,
          37.518923227645246
        ]
      }
    },
    {
      "type": "Feature",
      "properties": {
        "node_id": 601,
        "region": "pangyo",
        "region_name": "제1판교테크노밸리",
        "station_name": "마장",
        "line_name": "서울5호선",
        "travel_seconds": 2865.0,
        "travel_minutes": 47.8,
        "cutoff_minutes": 60,
        "node_category": "60분 도달 노드",
        "is_seed_station": false,
        "layer_type": "rail_node",
        "layer_label_ko": "철도 노드",
        "selected_time_minutes": 60
      },
      "geometry": {
        "type": "Point",
        "coordinates": [
          127.04302768358835,
          37.5661764289573
        ]
      }
    },
    {
      "type": "Feature",
      "properties": {
        "node_id": 359,
        "region": "pangyo",
        "region_name": "제1판교테크노밸리",
        "station_name": "청량리",
        "line_name": "서울1호선",
        "travel_seconds": 3085.0,
        "travel_minutes": 51.4,
        "cutoff_minutes": 60,
        "node_category": "60분 도달 노드",
        "is_seed_station": false,
        "layer_type": "rail_node",
        "layer_label_ko": "철도 노드",
        "selected_time_minutes": 60
      },
      "geometry": {
        "type": "Point",
        "coordinates": [
          127.04503311544889,
          37.580102747013676
        ]
      }
    },
    {
      "type": "Feature",
      "properties": {
        "node_id": 126,
        "region": "pangyo",
        "region_name": "제1판교테크노밸리",
        "station_name": "청량리",
        "line_name": "경춘선",
        "travel_seconds": 3555.0,
        "travel_minutes": 59.2,
        "cutoff_minutes": 60,
        "node_category": "60분 도달 노드",
        "is_seed_station": false,
        "layer_type": "rail_node",
        "layer_label_ko": "철도 노드",
        "selected_time_minutes": 60
      },
      "geometry": {
        "type": "Point",
        "coordinates": [
          127.04829370607256,
          37.580797237299414
        ]
      }
    },
    {
      "type": "Feature",
      "properties": {
        "node_id": 351,
        "region": "pangyo",
        "region_name": "제1판교테크노밸리",
        "station_name": "시청",
        "line_name": "서울1호선",
        "travel_seconds": 2896.0,
        "travel_minutes": 48.3,
        "cutoff_minutes": 60,
        "node_category": "60분 도달 노드",
        "is_seed_station": false,
        "layer_type": "rail_node",
        "layer_label_ko": "철도 노드",
        "selected_time_minutes": 60
      },
      "geometry": {
        "type": "Point",
        "coordinates": [
          126.9772040633425,
          37.56557568030012
        ]
      }
    },
    {
      "type": "Feature",
      "properties": {
        "node_id": 491,
        "region": "pangyo",
        "region_name": "제1판교테크노밸리",
        "station_name": "무악재",
        "line_name": "서울3호선",
        "travel_seconds": 2866.0,
        "travel_minutes": 47.8,
        "cutoff_minutes": 60,
        "node_category": "60분 도달 노드",
        "is_seed_station": false,
        "layer_type": "rail_node",
        "layer_label_ko": "철도 노드",
        "selected_time_minutes": 60
      },
      "geometry": {
        "type": "Point",
        "coordinates": [
          126.95021687156621,
          37.582615528017996
        ]
      }
    },
    {
      "type": "Feature",
      "properties": {
        "node_id": 431,
        "region": "pangyo",
        "region_name": "제1판교테크노밸리",
        "station_name": "영등포구청",
        "line_name": "서울2호선",
        "travel_seconds": 2873.0,
        "travel_minutes": 47.9,
        "cutoff_minutes": 60,
        "node_category": "60분 도달 노드",
        "is_seed_station": false,
        "layer_type": "rail_node",
        "layer_label_ko": "철도 노드",
        "selected_time_minutes": 60
      },
      "geometry": {
        "type": "Point",
        "coordinates": [
          126.89664443529787,
          37.52579535365977
        ]
      }
    },
    {
      "type": "Feature",
      "properties": {
        "node_id": 429,
        "region": "pangyo",
        "region_name": "제1판교테크노밸리",
        "station_name": "합정",
        "line_name": "서울2호선",
        "travel_seconds": 2933.0,
        "travel_minutes": 48.9,
        "cutoff_minutes": 60,
        "node_category": "60분 도달 노드",
        "is_seed_station": false,
        "layer_type": "rail_node",
        "layer_label_ko": "철도 노드",
        "selected_time_minutes": 60
      },
      "geometry": {
        "type": "Point",
        "coordinates": [
          126.91445817881906,
          37.54996227477751
        ]
      }
    },
    {
      "type": "Feature",
      "properties": {
        "node_id": 125,
        "region": "pangyo",
        "region_name": "제1판교테크노밸리",
        "station_name": "서울역",
        "line_name": "경의중앙선",
        "travel_seconds": 3508.0,
        "travel_minutes": 58.5,
        "cutoff_minutes": 60,
        "node_category": "60분 도달 노드",
        "is_seed_station": false,
        "layer_type": "rail_node",
        "layer_label_ko": "철도 노드",
        "selected_time_minutes": 60
      },
      "geometry": {
        "type": "Point",
        "coordinates": [
          126.97132310033219,
          37.55680561965095
        ]
      }
    },
    {
      "type": "Feature",
      "properties": {
        "node_id": 321,
        "region": "pangyo",
        "region_name": "제1판교테크노밸리",
        "station_name": "서울역",
        "line_name": "공항철도",
        "travel_seconds": 3446.0,
        "travel_minutes": 57.4,
        "cutoff_minutes": 60,
        "node_category": "60분 도달 노드",
        "is_seed_station": false,
        "layer_type": "rail_node",
        "layer_label_ko": "철도 노드",
        "selected_time_minutes": 60
      },
      "geometry": {
        "type": "Point",
        "coordinates": [
          126.96970726119267,
          37.55330002448569
        ]
      }
    },
    {
      "type": "Feature",
      "properties": {
        "node_id": 196,
        "region": "pangyo",
        "region_name": "제1판교테크노밸리",
        "station_name": "서울지방병무청",
        "line_name": "신림선",
        "travel_seconds": 2860.0,
        "travel_minutes": 47.7,
        "cutoff_minutes": 60,
        "node_category": "60분 도달 노드",
        "is_seed_station": false,
        "layer_type": "rail_node",
        "layer_label_ko": "철도 노드",
        "selected_time_minutes": 60
      },
      "geometry": {
        "type": "Point",
        "coordinates": [
          126.92279671048001,
          37.50619800611216
        ]
      }
    },
    {
      "type": "Feature",
      "properties": {
        "node_id": 203,
        "region": "pangyo",
        "region_name": "제1판교테크노밸리",
        "station_name": "서울대벤처타운",
        "line_name": "신림선",
        "travel_seconds": 2892.0,
        "travel_minutes": 48.2,
        "cutoff_minutes": 60,
        "node_category": "60분 도달 노드",
        "is_seed_station": false,
        "layer_type": "rail_node",
        "layer_label_ko": "철도 노드",
        "selected_time_minutes": 60
      },
      "geometry": {
        "type": "Point",
        "coordinates": [
          126.93366597352362,
          37.47230261081729
        ]
      }
    },
    {
      "type": "Feature",
      "properties": {
        "node_id": 589,
        "region": "pangyo",
        "region_name": "제1판교테크노밸리",
        "station_name": "공덕",
        "line_name": "서울5호선",
        "travel_seconds": 2863.0,
        "travel_minutes": 47.7,
        "cutoff_minutes": 60,
        "node_category": "60분 도달 노드",
        "is_seed_station": false,
        "layer_type": "rail_node",
        "layer_label_ko": "철도 노드",
        "selected_time_minutes": 60
      },
      "geometry": {
        "type": "Point",
        "coordinates": [
          126.9515833956623,
          37.54470897326544
        ]
      }
    },
    {
      "type": "Feature",
      "properties": {
        "node_id": 472,
        "region": "pangyo",
        "region_name": "제1판교테크노밸리",
        "station_name": "신답",
        "line_name": "서울2호선",
        "travel_seconds": 2885.0,
        "travel_minutes": 48.1,
        "cutoff_minutes": 60,
        "node_category": "60분 도달 노드",
        "is_seed_station": false,
        "layer_type": "rail_node",
        "layer_label_ko": "철도 노드",
        "selected_time_minutes": 60
      },
      "geometry": {
        "type": "Point",
        "coordinates": [
          127.04706944994531,
          37.56984395489578
        ]
      }
    },
    {
      "type": "Feature",
      "properties": {
        "node_id": 536,
        "region": "pangyo",
        "region_name": "제1판교테크노밸리",
        "station_name": "정부과천청사",
        "line_name": "서울4호선",
        "travel_seconds": 2892.0,
        "travel_minutes": 48.2,
        "cutoff_minutes": 60,
        "node_category": "60분 도달 노드",
        "is_seed_station": false,
        "layer_type": "rail_node",
        "layer_label_ko": "철도 노드",
        "selected_time_minutes": 60
      },
      "geometry": {
        "type": "Point",
        "coordinates": [
          126.98989918923233,
          37.42649426149006
        ]
      }
    },
    {
      "type": "Feature",
      "properties": {
        "node_id": 424,
        "region": "pangyo",
        "region_name": "제1판교테크노밸리",
        "station_name": "충정로",
        "line_name": "서울2호선",
        "travel_seconds": 2896.0,
        "travel_minutes": 48.3,
        "cutoff_minutes": 60,
        "node_category": "60분 도달 노드",
        "is_seed_station": false,
        "layer_type": "rail_node",
        "layer_label_ko": "철도 노드",
        "selected_time_minutes": 60
      },
      "geometry": {
        "type": "Point",
        "coordinates": [
          126.96455152782553,
          37.55978849820035
        ]
      }
    },
    {
      "type": "Feature",
      "properties": {
        "node_id": 173,
        "region": "pangyo",
        "region_name": "제1판교테크노밸리",
        "station_name": "시청_용인대",
        "line_name": "용인경전철",
        "travel_seconds": 2887.0,
        "travel_minutes": 48.1,
        "cutoff_minutes": 60,
        "node_category": "60분 도달 노드",
        "is_seed_station": false,
        "layer_type": "rail_node",
        "layer_label_ko": "철도 노드",
        "selected_time_minutes": 60
      },
      "geometry": {
        "type": "Point",
        "coordinates": [
          127.1788868118724,
          37.239439764606566
        ]
      }
    },
    {
      "type": "Feature",
      "properties": {
        "node_id": 32,
        "region": "pangyo",
        "region_name": "제1판교테크노밸리",
        "station_name": "신둔도예촌",
        "line_name": "경강선",
        "travel_seconds": 3098.0,
        "travel_minutes": 51.6,
        "cutoff_minutes": 60,
        "node_category": "60분 도달 노드",
        "is_seed_station": false,
        "layer_type": "rail_node",
        "layer_label_ko": "철도 노드",
        "selected_time_minutes": 60
      },
      "geometry": {
        "type": "Point",
        "coordinates": [
          127.40524573211431,
          37.315605515371374
        ]
      }
    },
    {
      "type": "Feature",
      "properties": {
        "node_id": 599,
        "region": "pangyo",
        "region_name": "제1판교테크노밸리",
        "station_name": "행당",
        "line_name": "서울5호선",
        "travel_seconds": 2895.0,
        "travel_minutes": 48.2,
        "cutoff_minutes": 60,
        "node_category": "60분 도달 노드",
        "is_seed_station": false,
        "layer_type": "rail_node",
        "layer_label_ko": "철도 노드",
        "selected_time_minutes": 60
      },
      "geometry": {
        "type": "Point",
        "coordinates": [
          127.02949243020419,
          37.557350356449874
        ]
      }
    },
    {
      "type": "Feature",
      "properties": {
        "node_id": 655,
        "region": "pangyo",
        "region_name": "제1판교테크노밸리",
        "station_name": "안암",
        "line_name": "서울6호선",
        "travel_seconds": 2906.0,
        "travel_minutes": 48.4,
        "cutoff_minutes": 60,
        "node_category": "60분 도달 노드",
        "is_seed_station": false,
        "layer_type": "rail_node",
        "layer_label_ko": "철도 노드",
        "selected_time_minutes": 60
      },
      "geometry": {
        "type": "Point",
        "coordinates": [
          127.02929395773253,
          37.5863062738596
        ]
      }
    },
    {
      "type": "Feature",
      "properties": {
        "node_id": 182,
        "region": "pangyo",
        "region_name": "제1판교테크노밸리",
        "station_name": "보문",
        "line_name": "우이신설경전철",
        "travel_seconds": 3086.0,
        "travel_minutes": 51.4,
        "cutoff_minutes": 60,
        "node_category": "60분 도달 노드",
        "is_seed_station": false,
        "layer_type": "rail_node",
        "layer_label_ko": "철도 노드",
        "selected_time_minutes": 60
      },
      "geometry": {
        "type": "Point",
        "coordinates": [
          127.01953404635903,
          37.585078336625045
        ]
      }
    },
    {
      "type": "Feature",
      "properties": {
        "node_id": 198,
        "region": "pangyo",
        "region_name": "제1판교테크노밸리",
        "station_name": "보라매공원",
        "line_name": "신림선",
        "travel_seconds": 2902.0,
        "travel_minutes": 48.4,
        "cutoff_minutes": 60,
        "node_category": "60분 도달 노드",
        "is_seed_station": false,
        "layer_type": "rail_node",
        "layer_label_ko": "철도 노드",
        "selected_time_minutes": 60
      },
      "geometry": {
        "type": "Point",
        "coordinates": [
          126.91835147318744,
          37.49484403914921
        ]
      }
    },
    {
      "type": "Feature",
      "properties": {
        "node_id": 592,
        "region": "pangyo",
        "region_name": "제1판교테크노밸리",
        "station_name": "서대문",
        "line_name": "서울5호선",
        "travel_seconds": 2946.0,
        "travel_minutes": 49.1,
        "cutoff_minutes": 60,
        "node_category": "60분 도달 노드",
        "is_seed_station": false,
        "layer_type": "rail_node",
        "layer_label_ko": "철도 노드",
        "selected_time_minutes": 60
      },
      "geometry": {
        "type": "Point",
        "coordinates": [
          126.96661225423095,
          37.565725362966354
        ]
      }
    },
    {
      "type": "Feature",
      "properties": {
        "node_id": 708,
        "region": "pangyo",
        "region_name": "제1판교테크노밸리",
        "station_name": "먹골",
        "line_name": "서울7호선",
        "travel_seconds": 2945.0,
        "travel_minutes": 49.1,
        "cutoff_minutes": 60,
        "node_category": "60분 도달 노드",
        "is_seed_station": false,
        "layer_type": "rail_node",
        "layer_label_ko": "철도 노드",
        "selected_time_minutes": 60
      },
      "geometry": {
        "type": "Point",
        "coordinates": [
          127.07778617847123,
          37.610485250024645
        ]
      }
    },
    {
      "type": "Feature",
      "properties": {
        "node_id": 643,
        "region": "pangyo",
        "region_name": "제1판교테크노밸리",
        "station_name": "효창공원앞",
        "line_name": "서울6호선",
        "travel_seconds": 2956.0,
        "travel_minutes": 49.3,
        "cutoff_minutes": 60,
        "node_category": "60분 도달 노드",
        "is_seed_station": false,
        "layer_type": "rail_node",
        "layer_label_ko": "철도 노드",
        "selected_time_minutes": 60
      },
      "geometry": {
        "type": "Point",
        "coordinates": [
          126.96134445964933,
          37.539278690543526
        ]
      }
    },
    {
      "type": "Feature",
      "properties": {
        "node_id": 556,
        "region": "pangyo",
        "region_name": "제1판교테크노밸리",
        "station_name": "한성대입구",
        "line_name": "서울4호선",
        "travel_seconds": 2966.0,
        "travel_minutes": 49.4,
        "cutoff_minutes": 60,
        "node_category": "60분 도달 노드",
        "is_seed_station": false,
        "layer_type": "rail_node",
        "layer_label_ko": "철도 노드",
        "selected_time_minutes": 60
      },
      "geometry": {
        "type": "Point",
        "coordinates": [
          127.00617856974323,
          37.58849271957477
        ]
      }
    },
    {
      "type": "Feature",
      "properties": {
        "node_id": 342,
        "region": "pangyo",
        "region_name": "제1판교테크노밸리",
        "station_name": "구로",
        "line_name": "서울1호선",
        "travel_seconds": 2968.0,
        "travel_minutes": 49.5,
        "cutoff_minutes": 60,
        "node_category": "60분 도달 노드",
        "is_seed_station": false,
        "layer_type": "rail_node",
        "layer_label_ko": "철도 노드",
        "selected_time_minutes": 60
      },
      "geometry": {
        "type": "Point",
        "coordinates": [
          126.88231503887692,
          37.50335353704898
        ]
      }
    },
    {
      "type": "Feature",
      "properties": {
        "node_id": 470,
        "region": "pangyo",
        "region_name": "제1판교테크노밸리",
        "station_name": "신도림",
        "line_name": "서울2호선",
        "travel_seconds": 3088.0,
        "travel_minutes": 51.5,
        "cutoff_minutes": 60,
        "node_category": "60분 도달 노드",
        "is_seed_station": false,
        "layer_type": "rail_node",
        "layer_label_ko": "철도 노드",
        "selected_time_minutes": 60
      },
      "geometry": {
        "type": "Point",
        "coordinates": [
          126.89135209736028,
          37.508482578746765
        ]
      }
    },
    {
      "type": "Feature",
      "properties": {
        "node_id": 25,
        "region": "pangyo",
        "region_name": "제1판교테크노밸리",
        "station_name": "고색",
        "line_name": "수인선",
        "travel_seconds": 3080.0,
        "travel_minutes": 51.3,
        "cutoff_minutes": 60,
        "node_category": "60분 도달 노드",
        "is_seed_station": false,
        "layer_type": "rail_node",
        "layer_label_ko": "철도 노드",
        "selected_time_minutes": 60
      },
      "geometry": {
        "type": "Point",
        "coordinates": [
          126.98080027365933,
          37.249903391786866
        ]
      }
    },
    {
      "type": "Feature",
      "properties": {
        "node_id": 407,
        "region": "pangyo",
        "region_name": "제1판교테크노밸리",
        "station_name": "수원",
        "line_name": "서울1호선",
        "travel_seconds": 3148.0,
        "travel_minutes": 52.5,
        "cutoff_minutes": 60,
        "node_category": "60분 도달 노드",
        "is_seed_station": false,
        "layer_type": "rail_node",
        "layer_label_ko": "철도 노드",
        "selected_time_minutes": 60
      },
      "geometry": {
        "type": "Point",
        "coordinates": [
          126.99999990232966,
          37.26571744638561
        ]
      }
    },
    {
      "type": "Feature",
      "properties": {
        "node_id": 582,
        "region": "pangyo",
        "region_name": "제1판교테크노밸리",
        "station_name": "양평_5호선",
        "line_name": "서울5호선",
        "travel_seconds": 2943.0,
        "travel_minutes": 49.0,
        "cutoff_minutes": 60,
        "node_category": "60분 도달 노드",
        "is_seed_station": false,
        "layer_type": "rail_node",
        "layer_label_ko": "철도 노드",
        "selected_time_minutes": 60
      },
      "geometry": {
        "type": "Point",
        "coordinates": [
          126.88648056471557,
          37.52556503730169
        ]
      }
    },
    {
      "type": "Feature",
      "properties": {
        "node_id": 608,
        "region": "pangyo",
        "region_name": "제1판교테크노밸리",
        "station_name": "강동",
        "line_name": "서울5호선",
        "travel_seconds": 2994.0,
        "travel_minutes": 49.9,
        "cutoff_minutes": 60,
        "node_category": "60분 도달 노드",
        "is_seed_station": false,
        "layer_type": "rail_node",
        "layer_label_ko": "철도 노드",
        "selected_time_minutes": 60
      },
      "geometry": {
        "type": "Point",
        "coordinates": [
          127.13241463712437,
          37.53588915403585
        ]
      }
    },
    {
      "type": "Feature",
      "properties": {
        "node_id": 590,
        "region": "pangyo",
        "region_name": "제1판교테크노밸리",
        "station_name": "애오개",
        "line_name": "서울5호선",
        "travel_seconds": 2983.0,
        "travel_minutes": 49.7,
        "cutoff_minutes": 60,
        "node_category": "60분 도달 노드",
        "is_seed_station": false,
        "layer_type": "rail_node",
        "layer_label_ko": "철도 노드",
        "selected_time_minutes": 60
      },
      "geometry": {
        "type": "Point",
        "coordinates": [
          126.9566727086522,
          37.55341644480951
        ]
      }
    },
    {
      "type": "Feature",
      "properties": {
        "node_id": 642,
        "region": "pangyo",
        "region_name": "제1판교테크노밸리",
        "station_name": "공덕",
        "line_name": "서울6호선",
        "travel_seconds": 3076.0,
        "travel_minutes": 51.3,
        "cutoff_minutes": 60,
        "node_category": "60분 도달 노드",
        "is_seed_station": false,
        "layer_type": "rail_node",
        "layer_label_ko": "철도 노드",
        "selected_time_minutes": 60
      },
      "geometry": {
        "type": "Point",
        "coordinates": [
          126.95187542572617,
          37.543538926785246
        ]
      }
    },
    {
      "type": "Feature",
      "properties": {
        "node_id": 320,
        "region": "pangyo",
        "region_name": "제1판교테크노밸리",
        "station_name": "공덕",
        "line_name": "공항철도",
        "travel_seconds": 3343.0,
        "travel_minutes": 55.7,
        "cutoff_minutes": 60,
        "node_category": "60분 도달 노드",
        "is_seed_station": false,
        "layer_type": "rail_node",
        "layer_label_ko": "철도 노드",
        "selected_time_minutes": 60
      },
      "geometry": {
        "type": "Point",
        "coordinates": [
          126.95205478825476,
          37.54255858636423
        ]
      }
    },
    {
      "type": "Feature",
      "properties": {
        "node_id": 93,
        "region": "pangyo",
        "region_name": "제1판교테크노밸리",
        "station_name": "공덕",
        "line_name": "경의중앙선",
        "travel_seconds": 3318.0,
        "travel_minutes": 55.3,
        "cutoff_minutes": 60,
        "node_category": "60분 도달 노드",
        "is_seed_station": false,
        "layer_type": "rail_node",
        "layer_label_ko": "철도 노드",
        "selected_time_minutes": 60
      },
      "geometry": {
        "type": "Point",
        "coordinates": [
          126.95215967146095,
          37.54273218618415
        ]
      }
    },
    {
      "type": "Feature",
      "properties": {
        "node_id": 681,
        "region": "pangyo",
        "region_name": "제1판교테크노밸리",
        "station_name": "남구로",
        "line_name": "서울7호선",
        "travel_seconds": 2985.0,
        "travel_minutes": 49.8,
        "cutoff_minutes": 60,
        "node_category": "60분 도달 노드",
        "is_seed_station": false,
        "layer_type": "rail_node",
        "layer_label_ko": "철도 노드",
        "selected_time_minutes": 60
      },
      "geometry": {
        "type": "Point",
        "coordinates": [
          126.88749291679697,
          37.48637678986405
        ]
      }
    },
    {
      "type": "Feature",
      "properties": {
        "node_id": 357,
        "region": "pangyo",
        "region_name": "제1판교테크노밸리",
        "station_name": "신설동",
        "line_name": "서울1호선",
        "travel_seconds": 2986.0,
        "travel_minutes": 49.8,
        "cutoff_minutes": 60,
        "node_category": "60분 도달 노드",
        "is_seed_station": false,
        "layer_type": "rail_node",
        "layer_label_ko": "철도 노드",
        "selected_time_minutes": 60
      },
      "geometry": {
        "type": "Point",
        "coordinates": [
          127.02450627352647,
          37.57600288625438
        ]
      }
    },
    {
      "type": "Feature",
      "properties": {
        "node_id": 490,
        "region": "pangyo",
        "region_name": "제1판교테크노밸리",
        "station_name": "홍제",
        "line_name": "서울3호선",
        "travel_seconds": 2986.0,
        "travel_minutes": 49.8,
        "cutoff_minutes": 60,
        "node_category": "60분 도달 노드",
        "is_seed_station": false,
        "layer_type": "rail_node",
        "layer_label_ko": "철도 노드",
        "selected_time_minutes": 60
      },
      "geometry": {
        "type": "Point",
        "coordinates": [
          126.94406885541066,
          37.588796505512455
        ]
      }
    },
    {
      "type": "Feature",
      "properties": {
        "node_id": 752,
        "region": "pangyo",
        "region_name": "제1판교테크노밸리",
        "station_name": "신목동",
        "line_name": "서울9호선",
        "travel_seconds": 2996.0,
        "travel_minutes": 49.9,
        "cutoff_minutes": 60,
        "node_category": "60분 도달 노드",
        "is_seed_station": false,
        "layer_type": "rail_node",
        "layer_label_ko": "철도 노드",
        "selected_time_minutes": 60
      },
      "geometry": {
        "type": "Point",
        "coordinates": [
          126.88298686255312,
          37.54446978416588
        ]
      }
    },
    {
      "type": "Feature",
      "properties": {
        "node_id": 432,
        "region": "pangyo",
        "region_name": "제1판교테크노밸리",
        "station_name": "문래",
        "line_name": "서울2호선",
        "travel_seconds": 2963.0,
        "travel_minutes": 49.4,
        "cutoff_minutes": 60,
        "node_category": "60분 도달 노드",
        "is_seed_station": false,
        "layer_type": "rail_node",
        "layer_label_ko": "철도 노드",
        "selected_time_minutes": 60
      },
      "geometry": {
        "type": "Point",
        "coordinates": [
          126.8948748555422,
          37.518260755852666
        ]
      }
    },
    {
      "type": "Feature",
      "properties": {
        "node_id": 473,
        "region": "pangyo",
        "region_name": "제1판교테크노밸리",
        "station_name": "용두",
        "line_name": "서울2호선",
        "travel_seconds": 3005.0,
        "travel_minutes": 50.1,
        "cutoff_minutes": 60,
        "node_category": "60분 도달 노드",
        "is_seed_station": false,
        "layer_type": "rail_node",
        "layer_label_ko": "철도 노드",
        "selected_time_minutes": 60
      },
      "geometry": {
        "type": "Point",
        "coordinates": [
          127.03813603839771,
          37.57410031842874
        ]
      }
    },
    {
      "type": "Feature",
      "properties": {
        "node_id": 174,
        "region": "pangyo",
        "region_name": "제1판교테크노밸리",
        "station_name": "명지대",
        "line_name": "용인경전철",
        "travel_seconds": 2991.0,
        "travel_minutes": 49.9,
        "cutoff_minutes": 60,
        "node_category": "60분 도달 노드",
        "is_seed_station": false,
        "layer_type": "rail_node",
        "layer_label_ko": "철도 노드",
        "selected_time_minutes": 60
      },
      "geometry": {
        "type": "Point",
        "coordinates": [
          127.19027904709888,
          37.238080811511885
        ]
      }
    },
    {
      "type": "Feature",
      "properties": {
        "node_id": 204,
        "region": "pangyo",
        "region_name": "제1판교테크노밸리",
        "station_name": "관악산",
        "line_name": "신림선",
        "travel_seconds": 3033.0,
        "travel_minutes": 50.5,
        "cutoff_minutes": 60,
        "node_category": "60분 도달 노드",
        "is_seed_station": false,
        "layer_type": "rail_node",
        "layer_label_ko": "철도 노드",
        "selected_time_minutes": 60
      },
      "geometry": {
        "type": "Point",
        "coordinates": [
          126.94549473876646,
          37.468971799089914
        ]
      }
    },
    {
      "type": "Feature",
      "properties": {
        "node_id": 535,
        "region": "pangyo",
        "region_name": "제1판교테크노밸리",
        "station_name": "인덕원",
        "line_name": "서울4호선",
        "travel_seconds": 3102.0,
        "travel_minutes": 51.7,
        "cutoff_minutes": 60,
        "node_category": "60분 도달 노드",
        "is_seed_station": false,
        "layer_type": "rail_node",
        "layer_label_ko": "철도 노드",
        "selected_time_minutes": 60
      },
      "geometry": {
        "type": "Point",
        "coordinates": [
          126.9766831289701,
          37.40152443189371
        ]
      }
    },
    {
      "type": "Feature",
      "properties": {
        "node_id": 103,
        "region": "pangyo",
        "region_name": "제1판교테크노밸리",
        "station_name": "회기",
        "line_name": "경의중앙선",
        "travel_seconds": 3076.0,
        "travel_minutes": 51.3,
        "cutoff_minutes": 60,
        "node_category": "60분 도달 노드",
        "is_seed_station": false,
        "layer_type": "rail_node",
        "layer_label_ko": "철도 노드",
        "selected_time_minutes": 60
      },
      "geometry": {
        "type": "Point",
        "coordinates": [
          127.05817690680095,
          37.58969117643179
        ]
      }
    },
    {
      "type": "Feature",
      "properties": {
        "node_id": 425,
        "region": "pangyo",
        "region_name": "제1판교테크노밸리",
        "station_name": "아현",
        "line_name": "서울2호선",
        "travel_seconds": 3016.0,
        "travel_minutes": 50.3,
        "cutoff_minutes": 60,
        "node_category": "60분 도달 노드",
        "is_seed_station": false,
        "layer_type": "rail_node",
        "layer_label_ko": "철도 노드",
        "selected_time_minutes": 60
      },
      "geometry": {
        "type": "Point",
        "coordinates": [
          126.95620551114132,
          37.55735678864767
        ]
      }
    },
    {
      "type": "Feature",
      "properties": {
        "node_id": 591,
        "region": "pangyo",
        "region_name": "제1판교테크노밸리",
        "station_name": "충정로",
        "line_name": "서울5호선",
        "travel_seconds": 3036.0,
        "travel_minutes": 50.6,
        "cutoff_minutes": 60,
        "node_category": "60분 도달 노드",
        "is_seed_station": false,
        "layer_type": "rail_node",
        "layer_label_ko": "철도 노드",
        "selected_time_minutes": 60
      },
      "geometry": {
        "type": "Point",
        "coordinates": [
          126.96314124767297,
          37.56057815467224
        ]
      }
    },
    {
      "type": "Feature",
      "properties": {
        "node_id": 656,
        "region": "pangyo",
        "region_name": "제1판교테크노밸리",
        "station_name": "고려대",
        "line_name": "서울6호선",
        "travel_seconds": 3006.0,
        "travel_minutes": 50.1,
        "cutoff_minutes": 60,
        "node_category": "60분 도달 노드",
        "is_seed_station": false,
        "layer_type": "rail_node",
        "layer_label_ko": "철도 노드",
        "selected_time_minutes": 60
      },
      "geometry": {
        "type": "Point",
        "coordinates": [
          127.0362946303764,
          37.590429246888824
        ]
      }
    },
    {
      "type": "Feature",
      "properties": {
        "node_id": 428,
        "region": "pangyo",
        "region_name": "제1판교테크노밸리",
        "station_name": "홍대입구",
        "line_name": "서울2호선",
        "travel_seconds": 3053.0,
        "travel_minutes": 50.9,
        "cutoff_minutes": 60,
        "node_category": "60분 도달 노드",
        "is_seed_station": false,
        "layer_type": "rail_node",
        "layer_label_ko": "철도 노드",
        "selected_time_minutes": 60
      },
      "geometry": {
        "type": "Point",
        "coordinates": [
          126.92388306336497,
          37.55690592242897
        ]
      }
    },
    {
      "type": "Feature",
      "properties": {
        "node_id": 638,
        "region": "pangyo",
        "region_name": "제1판교테크노밸리",
        "station_name": "합정",
        "line_name": "서울6호선",
        "travel_seconds": 3273.0,
        "travel_minutes": 54.5,
        "cutoff_minutes": 60,
        "node_category": "60분 도달 노드",
        "is_seed_station": false,
        "layer_type": "rail_node",
        "layer_label_ko": "철도 노드",
        "selected_time_minutes": 60
      },
      "geometry": {
        "type": "Point",
        "coordinates": [
          126.91337075897056,
          37.54932592537539
        ]
      }
    },
    {
      "type": "Feature",
      "properties": {
        "node_id": 581,
        "region": "pangyo",
        "region_name": "제1판교테크노밸리",
        "station_name": "오목교",
        "line_name": "서울5호선",
        "travel_seconds": 3053.0,
        "travel_minutes": 50.9,
        "cutoff_minutes": 60,
        "node_category": "60분 도달 노드",
        "is_seed_station": false,
        "layer_type": "rail_node",
        "layer_label_ko": "철도 노드",
        "selected_time_minutes": 60
      },
      "geometry": {
        "type": "Point",
        "coordinates": [
          126.8753826483211,
          37.52451070152889
        ]
      }
    },
    {
      "type": "Feature",
      "properties": {
        "node_id": 871,
        "region": "pangyo",
        "region_name": "제1판교테크노밸리",
        "station_name": "마곡나루",
        "line_name": "서울9호선급행",
        "travel_seconds": 3178.0,
        "travel_minutes": 53.0,
        "cutoff_minutes": 60,
        "node_category": "60분 도달 노드",
        "is_seed_station": false,
        "layer_type": "rail_node",
        "layer_label_ko": "철도 노드",
        "selected_time_minutes": 60
      },
      "geometry": {
        "type": "Point",
        "coordinates": [
          126.82733494276691,
          37.566874886870906
        ]
      }
    },
    {
      "type": "Feature",
      "properties": {
        "node_id": 748,
        "region": "pangyo",
        "region_name": "제1판교테크노밸리",
        "station_name": "가양",
        "line_name": "서울9호선",
        "travel_seconds": 3223.0,
        "travel_minutes": 53.7,
        "cutoff_minutes": 60,
        "node_category": "60분 도달 노드",
        "is_seed_station": false,
        "layer_type": "rail_node",
        "layer_label_ko": "철도 노드",
        "selected_time_minutes": 60
      },
      "geometry": {
        "type": "Point",
        "coordinates": [
          126.854303019782,
          37.56148680626476
        ]
      }
    },
    {
      "type": "Feature",
      "properties": {
        "node_id": 709,
        "region": "pangyo",
        "region_name": "제1판교테크노밸리",
        "station_name": "태릉입구",
        "line_name": "서울7호선",
        "travel_seconds": 3045.0,
        "travel_minutes": 50.8,
        "cutoff_minutes": 60,
        "node_category": "60분 도달 노드",
        "is_seed_station": false,
        "layer_type": "rail_node",
        "layer_label_ko": "철도 노드",
        "selected_time_minutes": 60
      },
      "geometry": {
        "type": "Point",
        "coordinates": [
          127.07534622117456,
          37.61854871377953
        ]
      }
    },
    {
      "type": "Feature",
      "properties": {
        "node_id": 94,
        "region": "pangyo",
        "region_name": "제1판교테크노밸리",
        "station_name": "효창공원앞",
        "line_name": "경의중앙선",
        "travel_seconds": 3198.0,
        "travel_minutes": 53.3,
        "cutoff_minutes": 60,
        "node_category": "60분 도달 노드",
        "is_seed_station": false,
        "layer_type": "rail_node",
        "layer_label_ko": "철도 노드",
        "selected_time_minutes": 60
      },
      "geometry": {
        "type": "Point",
        "coordinates": [
          126.96281899756076,
          37.53860464456577
        ]
      }
    },
    {
      "type": "Feature",
      "properties": {
        "node_id": 557,
        "region": "pangyo",
        "region_name": "제1판교테크노밸리",
        "station_name": "성신여대입구",
        "line_name": "서울4호선",
        "travel_seconds": 3086.0,
        "travel_minutes": 51.4,
        "cutoff_minutes": 60,
        "node_category": "60분 도달 노드",
        "is_seed_station": false,
        "layer_type": "rail_node",
        "layer_label_ko": "철도 노드",
        "selected_time_minutes": 60
      },
      "geometry": {
        "type": "Point",
        "coordinates": [
          127.01697872535821,
          37.59292658855122
        ]
      }
    },
    {
      "type": "Feature",
      "properties": {
        "node_id": 420,
        "region": "pangyo",
        "region_name": "제1판교테크노밸리",
        "station_name": "가산디지털단지",
        "line_name": "서울1호선",
        "travel_seconds": 3298.0,
        "travel_minutes": 55.0,
        "cutoff_minutes": 60,
        "node_category": "60분 도달 노드",
        "is_seed_station": false,
        "layer_type": "rail_node",
        "layer_label_ko": "철도 노드",
        "selected_time_minutes": 60
      },
      "geometry": {
        "type": "Point",
        "coordinates": [
          126.8826112689479,
          37.48157033885179
        ]
      }
    },
    {
      "type": "Feature",
      "properties": {
        "node_id": 341,
        "region": "pangyo",
        "region_name": "제1판교테크노밸리",
        "station_name": "구일",
        "line_name": "서울1호선",
        "travel_seconds": 3148.0,
        "travel_minutes": 52.5,
        "cutoff_minutes": 60,
        "node_category": "60분 도달 노드",
        "is_seed_station": false,
        "layer_type": "rail_node",
        "layer_label_ko": "철도 노드",
        "selected_time_minutes": 60
      },
      "geometry": {
        "type": "Point",
        "coordinates": [
          126.86981693840855,
          37.496242911793544
        ]
      }
    },
    {
      "type": "Feature",
      "properties": {
        "node_id": 680,
        "region": "pangyo",
        "region_name": "제1판교테크노밸리",
        "station_name": "가산디지털단지",
        "line_name": "서울7호선",
        "travel_seconds": 3095.0,
        "travel_minutes": 51.6,
        "cutoff_minutes": 60,
        "node_category": "60분 도달 노드",
        "is_seed_station": false,
        "layer_type": "rail_node",
        "layer_label_ko": "철도 노드",
        "selected_time_minutes": 60
      },
      "geometry": {
        "type": "Point",
        "coordinates": [
          126.88248763702191,
          37.48040253605493
        ]
      }
    },
    {
      "type": "Feature",
      "properties": {
        "node_id": 358,
        "region": "pangyo",
        "region_name": "제1판교테크노밸리",
        "station_name": "제기동",
        "line_name": "서울1호선",
        "travel_seconds": 3106.0,
        "travel_minutes": 51.8,
        "cutoff_minutes": 60,
        "node_category": "60분 도달 노드",
        "is_seed_station": false,
        "layer_type": "rail_node",
        "layer_label_ko": "철도 노드",
        "selected_time_minutes": 60
      },
      "geometry": {
        "type": "Point",
        "coordinates": [
          127.03444274006958,
          37.57815380758885
        ]
      }
    },
    {
      "type": "Feature",
      "properties": {
        "node_id": 474,
        "region": "pangyo",
        "region_name": "제1판교테크노밸리",
        "station_name": "신설동",
        "line_name": "서울2호선",
        "travel_seconds": 3125.0,
        "travel_minutes": 52.1,
        "cutoff_minutes": 60,
        "node_category": "60분 도달 노드",
        "is_seed_station": false,
        "layer_type": "rail_node",
        "layer_label_ko": "철도 노드",
        "selected_time_minutes": 60
      },
      "geometry": {
        "type": "Point",
        "coordinates": [
          127.02491914432683,
          37.57478114111918
        ]
      }
    },
    {
      "type": "Feature",
      "properties": {
        "node_id": 181,
        "region": "pangyo",
        "region_name": "제1판교테크노밸리",
        "station_name": "신설동",
        "line_name": "우이신설경전철",
        "travel_seconds": 3209.0,
        "travel_minutes": 53.5,
        "cutoff_minutes": 60,
        "node_category": "60분 도달 노드",
        "is_seed_station": false,
        "layer_type": "rail_node",
        "layer_label_ko": "철도 노드",
        "selected_time_minutes": 60
      },
      "geometry": {
        "type": "Point",
        "coordinates": [
          127.02319449821809,
          37.57641801040539
        ]
      }
    },
    {
      "type": "Feature",
      "properties": {
        "node_id": 489,
        "region": "pangyo",
        "region_name": "제1판교테크노밸리",
        "station_name": "녹번",
        "line_name": "서울3호선",
        "travel_seconds": 3136.0,
        "travel_minutes": 52.3,
        "cutoff_minutes": 60,
        "node_category": "60분 도달 노드",
        "is_seed_station": false,
        "layer_type": "rail_node",
        "layer_label_ko": "철도 노드",
        "selected_time_minutes": 60
      },
      "geometry": {
        "type": "Point",
        "coordinates": [
          126.93586815232014,
          37.60076080621573
        ]
      }
    },
    {
      "type": "Feature",
      "properties": {
        "node_id": 175,
        "region": "pangyo",
        "region_name": "제1판교테크노밸리",
        "station_name": "김량장",
        "line_name": "용인경전철",
        "travel_seconds": 3094.0,
        "travel_minutes": 51.6,
        "cutoff_minutes": 60,
        "node_category": "60분 도달 노드",
        "is_seed_station": false,
        "layer_type": "rail_node",
        "layer_label_ko": "철도 노드",
        "selected_time_minutes": 60
      },
      "geometry": {
        "type": "Point",
        "coordinates": [
          127.19868094829054,
          37.23730208644377
        ]
      }
    },
    {
      "type": "Feature",
      "properties": {
        "node_id": 750,
        "region": "pangyo",
        "region_name": "제1판교테크노밸리",
        "station_name": "등촌",
        "line_name": "서울9호선",
        "travel_seconds": 3110.0,
        "travel_minutes": 51.8,
        "cutoff_minutes": 60,
        "node_category": "60분 도달 노드",
        "is_seed_station": false,
        "layer_type": "rail_node",
        "layer_label_ko": "철도 노드",
        "selected_time_minutes": 60
      },
      "geometry": {
        "type": "Point",
        "coordinates": [
          126.86550156090728,
          37.55075581457467
        ]
      }
    },
    {
      "type": "Feature",
      "properties": {
        "node_id": 609,
        "region": "pangyo",
        "region_name": "제1판교테크노밸리",
        "station_name": "길동",
        "line_name": "서울5호선",
        "travel_seconds": 3124.0,
        "travel_minutes": 52.1,
        "cutoff_minutes": 60,
        "node_category": "60분 도달 노드",
        "is_seed_station": false,
        "layer_type": "rail_node",
        "layer_label_ko": "철도 노드",
        "selected_time_minutes": 60
      },
      "geometry": {
        "type": "Point",
        "coordinates": [
          127.14004175872209,
          37.53789287459892
        ]
      }
    },
    {
      "type": "Feature",
      "properties": {
        "node_id": 657,
        "region": "pangyo",
        "region_name": "제1판교테크노밸리",
        "station_name": "월곡",
        "line_name": "서울6호선",
        "travel_seconds": 3136.0,
        "travel_minutes": 52.3,
        "cutoff_minutes": 60,
        "node_category": "60분 도달 노드",
        "is_seed_station": false,
        "layer_type": "rail_node",
        "layer_label_ko": "철도 노드",
        "selected_time_minutes": 60
      },
      "geometry": {
        "type": "Point",
        "coordinates": [
          127.04131336263657,
          37.601619462924056
        ]
      }
    },
    {
      "type": "Feature",
      "properties": {
        "node_id": 426,
        "region": "pangyo",
        "region_name": "제1판교테크노밸리",
        "station_name": "이대",
        "line_name": "서울2호선",
        "travel_seconds": 3106.0,
        "travel_minutes": 51.8,
        "cutoff_minutes": 60,
        "node_category": "60분 도달 노드",
        "is_seed_station": false,
        "layer_type": "rail_node",
        "layer_label_ko": "철도 노드",
        "selected_time_minutes": 60
      },
      "geometry": {
        "type": "Point",
        "coordinates": [
          126.94590072885495,
          37.556748942205715
        ]
      }
    },
    {
      "type": "Feature",
      "properties": {
        "node_id": 710,
        "region": "pangyo",
        "region_name": "제1판교테크노밸리",
        "station_name": "공릉",
        "line_name": "서울7호선",
        "travel_seconds": 3135.0,
        "travel_minutes": 52.2,
        "cutoff_minutes": 60,
        "node_category": "60분 도달 노드",
        "is_seed_station": false,
        "layer_type": "rail_node",
        "layer_label_ko": "철도 노드",
        "selected_time_minutes": 60
      },
      "geometry": {
        "type": "Point",
        "coordinates": [
          127.07301575099794,
          37.625608525398
        ]
      }
    },
    {
      "type": "Feature",
      "properties": {
        "node_id": 661,
        "region": "pangyo",
        "region_name": "제1판교테크노밸리",
        "station_name": "태릉입구",
        "line_name": "서울6호선",
        "travel_seconds": 3365.0,
        "travel_minutes": 56.1,
        "cutoff_minutes": 60,
        "node_category": "60분 도달 노드",
        "is_seed_station": false,
        "layer_type": "rail_node",
        "layer_label_ko": "철도 노드",
        "selected_time_minutes": 60
      },
      "geometry": {
        "type": "Point",
        "coordinates": [
          127.07476412074254,
          37.61733110346816
        ]
      }
    },
    {
      "type": "Feature",
      "properties": {
        "node_id": 427,
        "region": "pangyo",
        "region_name": "제1판교테크노밸리",
        "station_name": "신촌",
        "line_name": "서울2호선",
        "travel_seconds": 3196.0,
        "travel_minutes": 53.3,
        "cutoff_minutes": 60,
        "node_category": "60분 도달 노드",
        "is_seed_station": false,
        "layer_type": "rail_node",
        "layer_label_ko": "철도 노드",
        "selected_time_minutes": 60
      },
      "geometry": {
        "type": "Point",
        "coordinates": [
          126.93680339463694,
          37.555191688674775
        ]
      }
    },
    {
      "type": "Feature",
      "properties": {
        "node_id": 580,
        "region": "pangyo",
        "region_name": "제1판교테크노밸리",
        "station_name": "목동",
        "line_name": "서울5호선",
        "travel_seconds": 3163.0,
        "travel_minutes": 52.7,
        "cutoff_minutes": 60,
        "node_category": "60분 도달 노드",
        "is_seed_station": false,
        "layer_type": "rail_node",
        "layer_label_ko": "철도 노드",
        "selected_time_minutes": 60
      },
      "geometry": {
        "type": "Point",
        "coordinates": [
          126.86443578150646,
          37.526155260627085
        ]
      }
    },
    {
      "type": "Feature",
      "properties": {
        "node_id": 104,
        "region": "pangyo",
        "region_name": "제1판교테크노밸리",
        "station_name": "중랑",
        "line_name": "경의중앙선",
        "travel_seconds": 3256.0,
        "travel_minutes": 54.3,
        "cutoff_minutes": 60,
        "node_category": "60분 도달 노드",
        "is_seed_station": false,
        "layer_type": "rail_node",
        "layer_label_ko": "철도 노드",
        "selected_time_minutes": 60
      },
      "geometry": {
        "type": "Point",
        "coordinates": [
          127.07606632960596,
          37.59489448479159
        ]
      }
    },
    {
      "type": "Feature",
      "properties": {
        "node_id": 360,
        "region": "pangyo",
        "region_name": "제1판교테크노밸리",
        "station_name": "회기",
        "line_name": "서울1호선",
        "travel_seconds": 3265.0,
        "travel_minutes": 54.4,
        "cutoff_minutes": 60,
        "node_category": "60분 도달 노드",
        "is_seed_station": false,
        "layer_type": "rail_node",
        "layer_label_ko": "철도 노드",
        "selected_time_minutes": 60
      },
      "geometry": {
        "type": "Point",
        "coordinates": [
          127.05815611692901,
          37.58988954795909
        ]
      }
    },
    {
      "type": "Feature",
      "properties": {
        "node_id": 641,
        "region": "pangyo",
        "region_name": "제1판교테크노밸리",
        "station_name": "대흥",
        "line_name": "서울6호선",
        "travel_seconds": 3186.0,
        "travel_minutes": 53.1,
        "cutoff_minutes": 60,
        "node_category": "60분 도달 노드",
        "is_seed_station": false,
        "layer_type": "rail_node",
        "layer_label_ko": "철도 노드",
        "selected_time_minutes": 60
      },
      "geometry": {
        "type": "Point",
        "coordinates": [
          126.94246069813816,
          37.54764706476496
        ]
      }
    },
    {
      "type": "Feature",
      "properties": {
        "node_id": 24,
        "region": "pangyo",
        "region_name": "제1판교테크노밸리",
        "station_name": "오목천",
        "line_name": "수인선",
        "travel_seconds": 3235.0,
        "travel_minutes": 53.9,
        "cutoff_minutes": 60,
        "node_category": "60분 도달 노드",
        "is_seed_station": false,
        "layer_type": "rail_node",
        "layer_label_ko": "철도 노드",
        "selected_time_minutes": 60
      },
      "geometry": {
        "type": "Point",
        "coordinates": [
          126.96353008424018,
          37.2431000443475
        ]
      }
    },
    {
      "type": "Feature",
      "properties": {
        "node_id": 183,
        "region": "pangyo",
        "region_name": "제1판교테크노밸리",
        "station_name": "성신여대입구",
        "line_name": "우이신설경전철",
        "travel_seconds": 3199.0,
        "travel_minutes": 53.3,
        "cutoff_minutes": 60,
        "node_category": "60분 도달 노드",
        "is_seed_station": false,
        "layer_type": "rail_node",
        "layer_label_ko": "철도 노드",
        "selected_time_minutes": 60
      },
      "geometry": {
        "type": "Point",
        "coordinates": [
          127.01653848733218,
          37.59243308481831
        ]
      }
    },
    {
      "type": "Feature",
      "properties": {
        "node_id": 558,
        "region": "pangyo",
        "region_name": "제1판교테크노밸리",
        "station_name": "길음",
        "line_name": "서울4호선",
        "travel_seconds": 3236.0,
        "travel_minutes": 53.9,
        "cutoff_minutes": 60,
        "node_category": "60분 도달 노드",
        "is_seed_station": false,
        "layer_type": "rail_node",
        "layer_label_ko": "철도 노드",
        "selected_time_minutes": 60
      },
      "geometry": {
        "type": "Point",
        "coordinates": [
          127.02515133072453,
          37.603424972807424
        ]
      }
    },
    {
      "type": "Feature",
      "properties": {
        "node_id": 469,
        "region": "pangyo",
        "region_name": "제1판교테크노밸리",
        "station_name": "도림천",
        "line_name": "서울2호선",
        "travel_seconds": 3208.0,
        "travel_minutes": 53.5,
        "cutoff_minutes": 60,
        "node_category": "60분 도달 노드",
        "is_seed_station": false,
        "layer_type": "rail_node",
        "layer_label_ko": "철도 노드",
        "selected_time_minutes": 60
      },
      "geometry": {
        "type": "Point",
        "coordinates": [
          126.88264545062373,
          37.514487452876146
        ]
      }
    },
    {
      "type": "Feature",
      "properties": {
        "node_id": 176,
        "region": "pangyo",
        "region_name": "제1판교테크노밸리",
        "station_name": "운동장_송담대",
        "line_name": "용인경전철",
        "travel_seconds": 3188.0,
        "travel_minutes": 53.1,
        "cutoff_minutes": 60,
        "node_category": "60분 도달 노드",
        "is_seed_station": false,
        "layer_type": "rail_node",
        "layer_label_ko": "철도 노드",
        "selected_time_minutes": 60
      },
      "geometry": {
        "type": "Point",
        "coordinates": [
          127.20904623986837,
          37.23790104663041
        ]
      }
    },
    {
      "type": "Feature",
      "properties": {
        "node_id": 679,
        "region": "pangyo",
        "region_name": "제1판교테크노밸리",
        "station_name": "철산",
        "line_name": "서울7호선",
        "travel_seconds": 3245.0,
        "travel_minutes": 54.1,
        "cutoff_minutes": 60,
        "node_category": "60분 도달 노드",
        "is_seed_station": false,
        "layer_type": "rail_node",
        "layer_label_ko": "철도 노드",
        "selected_time_minutes": 60
      },
      "geometry": {
        "type": "Point",
        "coordinates": [
          126.86799912370765,
          37.47612095481767
        ]
      }
    },
    {
      "type": "Feature",
      "properties": {
        "node_id": 33,
        "region": "pangyo",
        "region_name": "제1판교테크노밸리",
        "station_name": "이천",
        "line_name": "경강선",
        "travel_seconds": 3458.0,
        "travel_minutes": 57.6,
        "cutoff_minutes": 60,
        "node_category": "60분 도달 노드",
        "is_seed_station": false,
        "layer_type": "rail_node",
        "layer_label_ko": "철도 노드",
        "selected_time_minutes": 60
      },
      "geometry": {
        "type": "Point",
        "coordinates": [
          127.44219049160138,
          37.264282030974286
        ]
      }
    },
    {
      "type": "Feature",
      "properties": {
        "node_id": 534,
        "region": "pangyo",
        "region_name": "제1판교테크노밸리",
        "station_name": "평촌",
        "line_name": "서울4호선",
        "travel_seconds": 3252.0,
        "travel_minutes": 54.2,
        "cutoff_minutes": 60,
        "node_category": "60분 도달 노드",
        "is_seed_station": false,
        "layer_type": "rail_node",
        "layer_label_ko": "철도 노드",
        "selected_time_minutes": 60
      },
      "geometry": {
        "type": "Point",
        "coordinates": [
          126.96363713357556,
          37.39420295110889
        ]
      }
    },
    {
      "type": "Feature",
      "properties": {
        "node_id": 749,
        "region": "pangyo",
        "region_name": "제1판교테크노밸리",
        "station_name": "증미",
        "line_name": "서울9호선",
        "travel_seconds": 3228.0,
        "travel_minutes": 53.8,
        "cutoff_minutes": 60,
        "node_category": "60분 도달 노드",
        "is_seed_station": false,
        "layer_type": "rail_node",
        "layer_label_ko": "철도 노드",
        "selected_time_minutes": 60
      },
      "geometry": {
        "type": "Point",
        "coordinates": [
          126.86067178777202,
          37.558090125876944
        ]
      }
    },
    {
      "type": "Feature",
      "properties": {
        "node_id": 610,
        "region": "pangyo",
        "region_name": "제1판교테크노밸리",
        "station_name": "굽은다리",
        "line_name": "서울5호선",
        "travel_seconds": 3224.0,
        "travel_minutes": 53.7,
        "cutoff_minutes": 60,
        "node_category": "60분 도달 노드",
        "is_seed_station": false,
        "layer_type": "rail_node",
        "layer_label_ko": "철도 노드",
        "selected_time_minutes": 60
      },
      "geometry": {
        "type": "Point",
        "coordinates": [
          127.14284079165738,
          37.545432498032284
        ]
      }
    },
    {
      "type": "Feature",
      "properties": {
        "node_id": 711,
        "region": "pangyo",
        "region_name": "제1판교테크노밸리",
        "station_name": "하계",
        "line_name": "서울7호선",
        "travel_seconds": 3255.0,
        "travel_minutes": 54.2,
        "cutoff_minutes": 60,
        "node_category": "60분 도달 노드",
        "is_seed_station": false,
        "layer_type": "rail_node",
        "layer_label_ko": "철도 노드",
        "selected_time_minutes": 60
      },
      "geometry": {
        "type": "Point",
        "coordinates": [
          127.0680023133773,
          37.636465980935455
        ]
      }
    },
    {
      "type": "Feature",
      "properties": {
        "node_id": 488,
        "region": "pangyo",
        "region_name": "제1판교테크노밸리",
        "station_name": "불광",
        "line_name": "서울3호선",
        "travel_seconds": 3256.0,
        "travel_minutes": 54.3,
        "cutoff_minutes": 60,
        "node_category": "60분 도달 노드",
        "is_seed_station": false,
        "layer_type": "rail_node",
        "layer_label_ko": "철도 노드",
        "selected_time_minutes": 60
      },
      "geometry": {
        "type": "Point",
        "coordinates": [
          126.93035703948473,
          37.60997490765768
        ]
      }
    },
    {
      "type": "Feature",
      "properties": {
        "node_id": 658,
        "region": "pangyo",
        "region_name": "제1판교테크노밸리",
        "station_name": "상월곡",
        "line_name": "서울6호선",
        "travel_seconds": 3236.0,
        "travel_minutes": 53.9,
        "cutoff_minutes": 60,
        "node_category": "60분 도달 노드",
        "is_seed_station": false,
        "layer_type": "rail_node",
        "layer_label_ko": "철도 노드",
        "selected_time_minutes": 60
      },
      "geometry": {
        "type": "Point",
        "coordinates": [
          127.04911570153688,
          37.60669614229234
        ]
      }
    },
    {
      "type": "Feature",
      "properties": {
        "node_id": 340,
        "region": "pangyo",
        "region_name": "제1판교테크노밸리",
        "station_name": "개봉",
        "line_name": "서울1호선",
        "travel_seconds": 3268.0,
        "travel_minutes": 54.5,
        "cutoff_minutes": 60,
        "node_category": "60분 도달 노드",
        "is_seed_station": false,
        "layer_type": "rail_node",
        "layer_label_ko": "철도 노드",
        "selected_time_minutes": 60
      },
      "geometry": {
        "type": "Point",
        "coordinates": [
          126.8586082355438,
          37.49469923953538
        ]
      }
    },
    {
      "type": "Feature",
      "properties": {
        "node_id": 408,
        "region": "pangyo",
        "region_name": "제1판교테크노밸리",
        "station_name": "화서",
        "line_name": "서울1호선",
        "travel_seconds": 3328.0,
        "travel_minutes": 55.5,
        "cutoff_minutes": 60,
        "node_category": "60분 도달 노드",
        "is_seed_station": false,
        "layer_type": "rail_node",
        "layer_label_ko": "철도 노드",
        "selected_time_minutes": 60
      },
      "geometry": {
        "type": "Point",
        "coordinates": [
          126.98959928767621,
          37.28397119370198
        ]
      }
    },
    {
      "type": "Feature",
      "properties": {
        "node_id": 406,
        "region": "pangyo",
        "region_name": "제1판교테크노밸리",
        "station_name": "세류",
        "line_name": "서울1호선",
        "travel_seconds": 3388.0,
        "travel_minutes": 56.5,
        "cutoff_minutes": 60,
        "node_category": "60분 도달 노드",
        "is_seed_station": false,
        "layer_type": "rail_node",
        "layer_label_ko": "철도 노드",
        "selected_time_minutes": 60
      },
      "geometry": {
        "type": "Point",
        "coordinates": [
          127.01384796955523,
          37.24376319925443
        ]
      }
    },
    {
      "type": "Feature",
      "properties": {
        "node_id": 579,
        "region": "pangyo",
        "region_name": "제1판교테크노밸리",
        "station_name": "신정",
        "line_name": "서울5호선",
        "travel_seconds": 3253.0,
        "travel_minutes": 54.2,
        "cutoff_minutes": 60,
        "node_category": "60분 도달 노드",
        "is_seed_station": false,
        "layer_type": "rail_node",
        "layer_label_ko": "철도 노드",
        "selected_time_minutes": 60
      },
      "geometry": {
        "type": "Point",
        "coordinates": [
          126.85620191335539,
          37.52504354734238
        ]
      }
    },
    {
      "type": "Feature",
      "properties": {
        "node_id": 870,
        "region": "pangyo",
        "region_name": "제1판교테크노밸리",
        "station_name": "김포공항",
        "line_name": "서울9호선급행",
        "travel_seconds": 3418.0,
        "travel_minutes": 57.0,
        "cutoff_minutes": 60,
        "node_category": "60분 도달 노드",
        "is_seed_station": false,
        "layer_type": "rail_node",
        "layer_label_ko": "철도 노드",
        "selected_time_minutes": 60
      },
      "geometry": {
        "type": "Point",
        "coordinates": [
          126.80185933329786,
          37.56215435260769
        ]
      }
    },
    {
      "type": "Feature",
      "properties": {
        "node_id": 746,
        "region": "pangyo",
        "region_name": "제1판교테크노밸리",
        "station_name": "마곡나루",
        "line_name": "서울9호선",
        "travel_seconds": 3458.0,
        "travel_minutes": 57.6,
        "cutoff_minutes": 60,
        "node_category": "60분 도달 노드",
        "is_seed_station": false,
        "layer_type": "rail_node",
        "layer_label_ko": "철도 노드",
        "selected_time_minutes": 60
      },
      "geometry": {
        "type": "Point",
        "coordinates": [
          126.82731038538564,
          37.5666956902858
        ]
      }
    },
    {
      "type": "Feature",
      "properties": {
        "node_id": 640,
        "region": "pangyo",
        "region_name": "제1판교테크노밸리",
        "station_name": "광흥창",
        "line_name": "서울6호선",
        "travel_seconds": 3306.0,
        "travel_minutes": 55.1,
        "cutoff_minutes": 60,
        "node_category": "60분 도달 노드",
        "is_seed_station": false,
        "layer_type": "rail_node",
        "layer_label_ko": "철도 노드",
        "selected_time_minutes": 60
      },
      "geometry": {
        "type": "Point",
        "coordinates": [
          126.93194527061114,
          37.547438145098894
        ]
      }
    },
    {
      "type": "Feature",
      "properties": {
        "node_id": 177,
        "region": "pangyo",
        "region_name": "제1판교테크노밸리",
        "station_name": "고진",
        "line_name": "용인경전철",
        "travel_seconds": 3282.0,
        "travel_minutes": 54.7,
        "cutoff_minutes": 60,
        "node_category": "60분 도달 노드",
        "is_seed_station": false,
        "layer_type": "rail_node",
        "layer_label_ko": "철도 노드",
        "selected_time_minutes": 60
      },
      "geometry": {
        "type": "Point",
        "coordinates": [
          127.21418605747778,
          37.24465069542098
        ]
      }
    },
    {
      "type": "Feature",
      "properties": {
        "node_id": 184,
        "region": "pangyo",
        "region_name": "제1판교테크노밸리",
        "station_name": "정릉",
        "line_name": "우이신설경전철",
        "travel_seconds": 3325.0,
        "travel_minutes": 55.4,
        "cutoff_minutes": 60,
        "node_category": "60분 도달 노드",
        "is_seed_station": false,
        "layer_type": "rail_node",
        "layer_label_ko": "철도 노드",
        "selected_time_minutes": 60
      },
      "geometry": {
        "type": "Point",
        "coordinates": [
          127.01354292180284,
          37.60258107059848
        ]
      }
    },
    {
      "type": "Feature",
      "properties": {
        "node_id": 468,
        "region": "pangyo",
        "region_name": "제1판교테크노밸리",
        "station_name": "양천구청",
        "line_name": "서울2호선",
        "travel_seconds": 3388.0,
        "travel_minutes": 56.5,
        "cutoff_minutes": 60,
        "node_category": "60분 도달 노드",
        "is_seed_station": false,
        "layer_type": "rail_node",
        "layer_label_ko": "철도 노드",
        "selected_time_minutes": 60
      },
      "geometry": {
        "type": "Point",
        "coordinates": [
          126.86591341861687,
          37.512451192515734
        ]
      }
    },
    {
      "type": "Feature",
      "properties": {
        "node_id": 747,
        "region": "pangyo",
        "region_name": "제1판교테크노밸리",
        "station_name": "양천향교",
        "line_name": "서울9호선",
        "travel_seconds": 3377.0,
        "travel_minutes": 56.3,
        "cutoff_minutes": 60,
        "node_category": "60분 도달 노드",
        "is_seed_station": false,
        "layer_type": "rail_node",
        "layer_label_ko": "철도 노드",
        "selected_time_minutes": 60
      },
      "geometry": {
        "type": "Point",
        "coordinates": [
          126.8420157775171,
          37.56805245046624
        ]
      }
    },
    {
      "type": "Feature",
      "properties": {
        "node_id": 611,
        "region": "pangyo",
        "region_name": "제1판교테크노밸리",
        "station_name": "명일",
        "line_name": "서울5호선",
        "travel_seconds": 3324.0,
        "travel_minutes": 55.4,
        "cutoff_minutes": 60,
        "node_category": "60분 도달 노드",
        "is_seed_station": false,
        "layer_type": "rail_node",
        "layer_label_ko": "철도 노드",
        "selected_time_minutes": 60
      },
      "geometry": {
        "type": "Point",
        "coordinates": [
          127.1440279234917,
          37.551293131001216
        ]
      }
    },
    {
      "type": "Feature",
      "properties": {
        "node_id": 559,
        "region": "pangyo",
        "region_name": "제1판교테크노밸리",
        "station_name": "미아사거리",
        "line_name": "서울4호선",
        "travel_seconds": 3386.0,
        "travel_minutes": 56.4,
        "cutoff_minutes": 60,
        "node_category": "60분 도달 노드",
        "is_seed_station": false,
        "layer_type": "rail_node",
        "layer_label_ko": "철도 노드",
        "selected_time_minutes": 60
      },
      "geometry": {
        "type": "Point",
        "coordinates": [
          127.03014528792202,
          37.61330680765331
        ]
      }
    },
    {
      "type": "Feature",
      "properties": {
        "node_id": 659,
        "region": "pangyo",
        "region_name": "제1판교테크노밸리",
        "station_name": "돌곶이",
        "line_name": "서울6호선",
        "travel_seconds": 3326.0,
        "travel_minutes": 55.4,
        "cutoff_minutes": 60,
        "node_category": "60분 도달 노드",
        "is_seed_station": false,
        "layer_type": "rail_node",
        "layer_label_ko": "철도 노드",
        "selected_time_minutes": 60
      },
      "geometry": {
        "type": "Point",
        "coordinates": [
          127.05645378899537,
          37.610556027995244
        ]
      }
    },
    {
      "type": "Feature",
      "properties": {
        "node_id": 678,
        "region": "pangyo",
        "region_name": "제1판교테크노밸리",
        "station_name": "광명사거리",
        "line_name": "서울7호선",
        "travel_seconds": 3385.0,
        "travel_minutes": 56.4,
        "cutoff_minutes": 60,
        "node_category": "60분 도달 노드",
        "is_seed_station": false,
        "layer_type": "rail_node",
        "layer_label_ko": "철도 노드",
        "selected_time_minutes": 60
      },
      "geometry": {
        "type": "Point",
        "coordinates": [
          126.85492120632496,
          37.47923673038737
        ]
      }
    },
    {
      "type": "Feature",
      "properties": {
        "node_id": 533,
        "region": "pangyo",
        "region_name": "제1판교테크노밸리",
        "station_name": "범계",
        "line_name": "서울4호선",
        "travel_seconds": 3372.0,
        "travel_minutes": 56.2,
        "cutoff_minutes": 60,
        "node_category": "60분 도달 노드",
        "is_seed_station": false,
        "layer_type": "rail_node",
        "layer_label_ko": "철도 노드",
        "selected_time_minutes": 60
      },
      "geometry": {
        "type": "Point",
        "coordinates": [
          126.95070808487887,
          37.389767760473866
        ]
      }
    },
    {
      "type": "Feature",
      "properties": {
        "node_id": 578,
        "region": "pangyo",
        "region_name": "제1판교테크노밸리",
        "station_name": "까치산",
        "line_name": "서울5호선",
        "travel_seconds": 3383.0,
        "travel_minutes": 56.4,
        "cutoff_minutes": 60,
        "node_category": "60분 도달 노드",
        "is_seed_station": false,
        "layer_type": "rail_node",
        "layer_label_ko": "철도 노드",
        "selected_time_minutes": 60
      },
      "geometry": {
        "type": "Point",
        "coordinates": [
          126.84651361784616,
          37.53210052233123
        ]
      }
    },
    {
      "type": "Feature",
      "properties": {
        "node_id": 712,
        "region": "pangyo",
        "region_name": "제1판교테크노밸리",
        "station_name": "중계",
        "line_name": "서울7호선",
        "travel_seconds": 3355.0,
        "travel_minutes": 55.9,
        "cutoff_minutes": 60,
        "node_category": "60분 도달 노드",
        "is_seed_station": false,
        "layer_type": "rail_node",
        "layer_label_ko": "철도 노드",
        "selected_time_minutes": 60
      },
      "geometry": {
        "type": "Point",
        "coordinates": [
          127.06396503011925,
          37.645439969795156
        ]
      }
    },
    {
      "type": "Feature",
      "properties": {
        "node_id": 487,
        "region": "pangyo",
        "region_name": "제1판교테크노밸리",
        "station_name": "연신내",
        "line_name": "서울3호선",
        "travel_seconds": 3376.0,
        "travel_minutes": 56.3,
        "cutoff_minutes": 60,
        "node_category": "60분 도달 노드",
        "is_seed_station": false,
        "layer_type": "rail_node",
        "layer_label_ko": "철도 노드",
        "selected_time_minutes": 60
      },
      "geometry": {
        "type": "Point",
        "coordinates": [
          126.92109402636089,
          37.61928094369407
        ]
      }
    },
    {
      "type": "Feature",
      "properties": {
        "node_id": 627,
        "region": "pangyo",
        "region_name": "제1판교테크노밸리",
        "station_name": "불광",
        "line_name": "서울6호선",
        "travel_seconds": 3596.0,
        "travel_minutes": 59.9,
        "cutoff_minutes": 60,
        "node_category": "60분 도달 노드",
        "is_seed_station": false,
        "layer_type": "rail_node",
        "layer_label_ko": "철도 노드",
        "selected_time_minutes": 60
      },
      "geometry": {
        "type": "Point",
        "coordinates": [
          126.9292376904709,
          37.61080604020588
        ]
      }
    },
    {
      "type": "Feature",
      "properties": {
        "node_id": 106,
        "region": "pangyo",
        "region_name": "제1판교테크노밸리",
        "station_name": "망우",
        "line_name": "경의중앙선",
        "travel_seconds": 3385.0,
        "travel_minutes": 56.4,
        "cutoff_minutes": 60,
        "node_category": "60분 도달 노드",
        "is_seed_station": false,
        "layer_type": "rail_node",
        "layer_label_ko": "철도 노드",
        "selected_time_minutes": 60
      },
      "geometry": {
        "type": "Point",
        "coordinates": [
          127.09232878145163,
          37.59927646084408
        ]
      }
    },
    {
      "type": "Feature",
      "properties": {
        "node_id": 361,
        "region": "pangyo",
        "region_name": "제1판교테크노밸리",
        "station_name": "외대앞",
        "line_name": "서울1호선",
        "travel_seconds": 3385.0,
        "travel_minutes": 56.4,
        "cutoff_minutes": 60,
        "node_category": "60분 도달 노드",
        "is_seed_station": false,
        "layer_type": "rail_node",
        "layer_label_ko": "철도 노드",
        "selected_time_minutes": 60
      },
      "geometry": {
        "type": "Point",
        "coordinates": [
          127.06375491007906,
          37.59657323790454
        ]
      }
    },
    {
      "type": "Feature",
      "properties": {
        "node_id": 339,
        "region": "pangyo",
        "region_name": "제1판교테크노밸리",
        "station_name": "오류동",
        "line_name": "서울1호선",
        "travel_seconds": 3418.0,
        "travel_minutes": 57.0,
        "cutoff_minutes": 60,
        "node_category": "60분 도달 노드",
        "is_seed_station": false,
        "layer_type": "rail_node",
        "layer_label_ko": "철도 노드",
        "selected_time_minutes": 60
      },
      "geometry": {
        "type": "Point",
        "coordinates": [
          126.84479949873905,
          37.49446122525611
        ]
      }
    },
    {
      "type": "Feature",
      "properties": {
        "node_id": 639,
        "region": "pangyo",
        "region_name": "제1판교테크노밸리",
        "station_name": "상수",
        "line_name": "서울6호선",
        "travel_seconds": 3383.0,
        "travel_minutes": 56.4,
        "cutoff_minutes": 60,
        "node_category": "60분 도달 노드",
        "is_seed_station": false,
        "layer_type": "rail_node",
        "layer_label_ko": "철도 노드",
        "selected_time_minutes": 60
      },
      "geometry": {
        "type": "Point",
        "coordinates": [
          126.92248528569012,
          37.54774106782856
        ]
      }
    },
    {
      "type": "Feature",
      "properties": {
        "node_id": 637,
        "region": "pangyo",
        "region_name": "제1판교테크노밸리",
        "station_name": "망원",
        "line_name": "서울6호선",
        "travel_seconds": 3383.0,
        "travel_minutes": 56.4,
        "cutoff_minutes": 60,
        "node_category": "60분 도달 노드",
        "is_seed_station": false,
        "layer_type": "rail_node",
        "layer_label_ko": "철도 노드",
        "selected_time_minutes": 60
      },
      "geometry": {
        "type": "Point",
        "coordinates": [
          126.91026666775417,
          37.55586324966307
        ]
      }
    },
    {
      "type": "Feature",
      "properties": {
        "node_id": 178,
        "region": "pangyo",
        "region_name": "제1판교테크노밸리",
        "station_name": "보평",
        "line_name": "용인경전철",
        "travel_seconds": 3456.0,
        "travel_minutes": 57.6,
        "cutoff_minutes": 60,
        "node_category": "60분 도달 노드",
        "is_seed_station": false,
        "layer_type": "rail_node",
        "layer_label_ko": "철도 노드",
        "selected_time_minutes": 60
      },
      "geometry": {
        "type": "Point",
        "coordinates": [
          127.21849922235091,
          37.258959448008945
        ]
      }
    },
    {
      "type": "Feature",
      "properties": {
        "node_id": 419,
        "region": "pangyo",
        "region_name": "제1판교테크노밸리",
        "station_name": "독산",
        "line_name": "서울1호선",
        "travel_seconds": 3448.0,
        "travel_minutes": 57.5,
        "cutoff_minutes": 60,
        "node_category": "60분 도달 노드",
        "is_seed_station": false,
        "layer_type": "rail_node",
        "layer_label_ko": "철도 노드",
        "selected_time_minutes": 60
      },
      "geometry": {
        "type": "Point",
        "coordinates": [
          126.88943370369373,
          37.466051972080976
        ]
      }
    },
    {
      "type": "Feature",
      "properties": {
        "node_id": 92,
        "region": "pangyo",
        "region_name": "제1판교테크노밸리",
        "station_name": "서강대",
        "line_name": "경의중앙선",
        "travel_seconds": 3438.0,
        "travel_minutes": 57.3,
        "cutoff_minutes": 60,
        "node_category": "60분 도달 노드",
        "is_seed_station": false,
        "layer_type": "rail_node",
        "layer_label_ko": "철도 노드",
        "selected_time_minutes": 60
      },
      "geometry": {
        "type": "Point",
        "coordinates": [
          126.93523354466528,
          37.55233183205827
        ]
      }
    },
    {
      "type": "Feature",
      "properties": {
        "node_id": 612,
        "region": "pangyo",
        "region_name": "제1판교테크노밸리",
        "station_name": "고덕",
        "line_name": "서울5호선",
        "travel_seconds": 3454.0,
        "travel_minutes": 57.6,
        "cutoff_minutes": 60,
        "node_category": "60분 도달 노드",
        "is_seed_station": false,
        "layer_type": "rail_node",
        "layer_label_ko": "철도 노드",
        "selected_time_minutes": 60
      },
      "geometry": {
        "type": "Point",
        "coordinates": [
          127.15418692922734,
          37.555035683940886
        ]
      }
    },
    {
      "type": "Feature",
      "properties": {
        "node_id": 185,
        "region": "pangyo",
        "region_name": "제1판교테크노밸리",
        "station_name": "북한산보국문",
        "line_name": "우이신설경전철",
        "travel_seconds": 3462.0,
        "travel_minutes": 57.7,
        "cutoff_minutes": 60,
        "node_category": "60분 도달 노드",
        "is_seed_station": false,
        "layer_type": "rail_node",
        "layer_label_ko": "철도 노드",
        "selected_time_minutes": 60
      },
      "geometry": {
        "type": "Point",
        "coordinates": [
          127.0082013037159,
          37.61214082533004
        ]
      }
    },
    {
      "type": "Feature",
      "properties": {
        "node_id": 660,
        "region": "pangyo",
        "region_name": "제1판교테크노밸리",
        "station_name": "석계",
        "line_name": "서울6호선",
        "travel_seconds": 3446.0,
        "travel_minutes": 57.4,
        "cutoff_minutes": 60,
        "node_category": "60분 도달 노드",
        "is_seed_station": false,
        "layer_type": "rail_node",
        "layer_label_ko": "철도 노드",
        "selected_time_minutes": 60
      },
      "geometry": {
        "type": "Point",
        "coordinates": [
          127.06619366992827,
          37.61503616885079
        ]
      }
    },
    {
      "type": "Feature",
      "properties": {
        "node_id": 409,
        "region": "pangyo",
        "region_name": "제1판교테크노밸리",
        "station_name": "성균관대",
        "line_name": "서울1호선",
        "travel_seconds": 3538.0,
        "travel_minutes": 59.0,
        "cutoff_minutes": 60,
        "node_category": "60분 도달 노드",
        "is_seed_station": false,
        "layer_type": "rail_node",
        "layer_label_ko": "철도 노드",
        "selected_time_minutes": 60
      },
      "geometry": {
        "type": "Point",
        "coordinates": [
          126.97111617206218,
          37.30031469646502
        ]
      }
    },
    {
      "type": "Feature",
      "properties": {
        "node_id": 319,
        "region": "pangyo",
        "region_name": "제1판교테크노밸리",
        "station_name": "홍대입구",
        "line_name": "공항철도",
        "travel_seconds": 3523.0,
        "travel_minutes": 58.7,
        "cutoff_minutes": 60,
        "node_category": "60분 도달 노드",
        "is_seed_station": false,
        "layer_type": "rail_node",
        "layer_label_ko": "철도 노드",
        "selected_time_minutes": 60
      },
      "geometry": {
        "type": "Point",
        "coordinates": [
          126.92695147389503,
          37.557317050855794
        ]
      }
    },
    {
      "type": "Feature",
      "properties": {
        "node_id": 713,
        "region": "pangyo",
        "region_name": "제1판교테크노밸리",
        "station_name": "노원",
        "line_name": "서울7호선",
        "travel_seconds": 3465.0,
        "travel_minutes": 57.8,
        "cutoff_minutes": 60,
        "node_category": "60분 도달 노드",
        "is_seed_station": false,
        "layer_type": "rail_node",
        "layer_label_ko": "철도 노드",
        "selected_time_minutes": 60
      },
      "geometry": {
        "type": "Point",
        "coordinates": [
          127.0605472338607,
          37.65455907475965
        ]
      }
    },
    {
      "type": "Feature",
      "properties": {
        "node_id": 662,
        "region": "pangyo",
        "region_name": "제1판교테크노밸리",
        "station_name": "화랑대",
        "line_name": "서울6호선",
        "travel_seconds": 3475.0,
        "travel_minutes": 57.9,
        "cutoff_minutes": 60,
        "node_category": "60분 도달 노드",
        "is_seed_station": false,
        "layer_type": "rail_node",
        "layer_label_ko": "철도 노드",
        "selected_time_minutes": 60
      },
      "geometry": {
        "type": "Point",
        "coordinates": [
          127.0837918934522,
          37.61985113066094
        ]
      }
    },
    {
      "type": "Feature",
      "properties": {
        "node_id": 532,
        "region": "pangyo",
        "region_name": "제1판교테크노밸리",
        "station_name": "금정",
        "line_name": "서울4호선",
        "travel_seconds": 3582.0,
        "travel_minutes": 59.7,
        "cutoff_minutes": 60,
        "node_category": "60분 도달 노드",
        "is_seed_station": false,
        "layer_type": "rail_node",
        "layer_label_ko": "철도 노드",
        "selected_time_minutes": 60
      },
      "geometry": {
        "type": "Point",
        "coordinates": [
          126.9433540751319,
          37.37265770582086
        ]
      }
    },
    {
      "type": "Feature",
      "properties": {
        "node_id": 486,
        "region": "pangyo",
        "region_name": "제1판교테크노밸리",
        "station_name": "구파발",
        "line_name": "서울3호선",
        "travel_seconds": 3526.0,
        "travel_minutes": 58.8,
        "cutoff_minutes": 60,
        "node_category": "60분 도달 노드",
        "is_seed_station": false,
        "layer_type": "rail_node",
        "layer_label_ko": "철도 노드",
        "selected_time_minutes": 60
      },
      "geometry": {
        "type": "Point",
        "coordinates": [
          126.91881730019298,
          37.63639757222915
        ]
      }
    },
    {
      "type": "Feature",
      "properties": {
        "node_id": 577,
        "region": "pangyo",
        "region_name": "제1판교테크노밸리",
        "station_name": "화곡",
        "line_name": "서울5호선",
        "travel_seconds": 3493.0,
        "travel_minutes": 58.2,
        "cutoff_minutes": 60,
        "node_category": "60분 도달 노드",
        "is_seed_station": false,
        "layer_type": "rail_node",
        "layer_label_ko": "철도 노드",
        "selected_time_minutes": 60
      },
      "geometry": {
        "type": "Point",
        "coordinates": [
          126.8404140019446,
          37.54165781085848
        ]
      }
    },
    {
      "type": "Feature",
      "properties": {
        "node_id": 466,
        "region": "pangyo",
        "region_name": "제1판교테크노밸리",
        "station_name": "까치산",
        "line_name": "서울2호선",
        "travel_seconds": 3563.0,
        "travel_minutes": 59.4,
        "cutoff_minutes": 60,
        "node_category": "60분 도달 노드",
        "is_seed_station": false,
        "layer_type": "rail_node",
        "layer_label_ko": "철도 노드",
        "selected_time_minutes": 60
      },
      "geometry": {
        "type": "Point",
        "coordinates": [
          126.84688932629948,
          37.53139310583104
        ]
      }
    },
    {
      "type": "Feature",
      "properties": {
        "node_id": 636,
        "region": "pangyo",
        "region_name": "제1판교테크노밸리",
        "station_name": "마포구청",
        "line_name": "서울6호선",
        "travel_seconds": 3493.0,
        "travel_minutes": 58.2,
        "cutoff_minutes": 60,
        "node_category": "60분 도달 노드",
        "is_seed_station": false,
        "layer_type": "rail_node",
        "layer_label_ko": "철도 노드",
        "selected_time_minutes": 60
      },
      "geometry": {
        "type": "Point",
        "coordinates": [
          126.90330689680026,
          37.56363639749388
        ]
      }
    },
    {
      "type": "Feature",
      "properties": {
        "node_id": 107,
        "region": "pangyo",
        "region_name": "제1판교테크노밸리",
        "station_name": "양원",
        "line_name": "경의중앙선",
        "travel_seconds": 3565.0,
        "travel_minutes": 59.4,
        "cutoff_minutes": 60,
        "node_category": "60분 도달 노드",
        "is_seed_station": false,
        "layer_type": "rail_node",
        "layer_label_ko": "철도 노드",
        "selected_time_minutes": 60
      },
      "geometry": {
        "type": "Point",
        "coordinates": [
          127.10814764606555,
          37.606641053033485
        ]
      }
    },
    {
      "type": "Feature",
      "properties": {
        "node_id": 362,
        "region": "pangyo",
        "region_name": "제1판교테크노밸리",
        "station_name": "신이문",
        "line_name": "서울1호선",
        "travel_seconds": 3475.0,
        "travel_minutes": 57.9,
        "cutoff_minutes": 60,
        "node_category": "60분 도달 노드",
        "is_seed_station": false,
        "layer_type": "rail_node",
        "layer_label_ko": "철도 노드",
        "selected_time_minutes": 60
      },
      "geometry": {
        "type": "Point",
        "coordinates": [
          127.06746352546598,
          37.60198063407909
        ]
      }
    },
    {
      "type": "Feature",
      "properties": {
        "node_id": 677,
        "region": "pangyo",
        "region_name": "제1판교테크노밸리",
        "station_name": "천왕",
        "line_name": "서울7호선",
        "travel_seconds": 3525.0,
        "travel_minutes": 58.8,
        "cutoff_minutes": 60,
        "node_category": "60분 도달 노드",
        "is_seed_station": false,
        "layer_type": "rail_node",
        "layer_label_ko": "철도 노드",
        "selected_time_minutes": 60
      },
      "geometry": {
        "type": "Point",
        "coordinates": [
          126.83867517110163,
          37.486739329577425
        ]
      }
    },
    {
      "type": "Feature",
      "properties": {
        "node_id": 560,
        "region": "pangyo",
        "region_name": "제1판교테크노밸리",
        "station_name": "미아",
        "line_name": "서울4호선",
        "travel_seconds": 3536.0,
        "travel_minutes": 58.9,
        "cutoff_minutes": 60,
        "node_category": "60분 도달 노드",
        "is_seed_station": false,
        "layer_type": "rail_node",
        "layer_label_ko": "철도 노드",
        "selected_time_minutes": 60
      },
      "geometry": {
        "type": "Point",
        "coordinates": [
          127.02618198046385,
          37.62636094653018
        ]
      }
    },
    {
      "type": "Feature",
      "properties": {
        "node_id": 467,
        "region": "pangyo",
        "region_name": "제1판교테크노밸리",
        "station_name": "신정네거리",
        "line_name": "서울2호선",
        "travel_seconds": 3538.0,
        "travel_minutes": 59.0,
        "cutoff_minutes": 60,
        "node_category": "60분 도달 노드",
        "is_seed_station": false,
        "layer_type": "rail_node",
        "layer_label_ko": "철도 노드",
        "selected_time_minutes": 60
      },
      "geometry": {
        "type": "Point",
        "coordinates": [
          126.85291351093805,
          37.520192023600785
        ]
      }
    },
    {
      "type": "Feature",
      "properties": {
        "node_id": 338,
        "region": "pangyo",
        "region_name": "제1판교테크노밸리",
        "station_name": "온수",
        "line_name": "서울1호선",
        "travel_seconds": 3598.0,
        "travel_minutes": 60.0,
        "cutoff_minutes": 60,
        "node_category": "60분 도달 노드",
        "is_seed_station": false,
        "layer_type": "rail_node",
        "layer_label_ko": "철도 노드",
        "selected_time_minutes": 60
      },
      "geometry": {
        "type": "Point",
        "coordinates": [
          126.82389330619179,
          37.49244945064322
        ]
      }
    },
    {
      "type": "Feature",
      "properties": {
        "node_id": 91,
        "region": "pangyo",
        "region_name": "제1판교테크노밸리",
        "station_name": "홍대입구",
        "line_name": "경의중앙선",
        "travel_seconds": 3558.0,
        "travel_minutes": 59.3,
        "cutoff_minutes": 60,
        "node_category": "60분 도달 노드",
        "is_seed_station": false,
        "layer_type": "rail_node",
        "layer_label_ko": "철도 노드",
        "selected_time_minutes": 60
      },
      "geometry": {
        "type": "Point",
        "coordinates": [
          126.92711676704472,
          37.55749659897202
        ]
      }
    },
    {
      "type": "Feature",
      "properties": {
        "node_id": 418,
        "region": "pangyo",
        "region_name": "제1판교테크노밸리",
        "station_name": "금천구청",
        "line_name": "서울1호선",
        "travel_seconds": 3568.0,
        "travel_minutes": 59.5,
        "cutoff_minutes": 60,
        "node_category": "60분 도달 노드",
        "is_seed_station": false,
        "layer_type": "rail_node",
        "layer_label_ko": "철도 노드",
        "selected_time_minutes": 60
      },
      "geometry": {
        "type": "Point",
        "coordinates": [
          126.89363501880827,
          37.45612399557803
        ]
      }
    },
    {
      "type": "Feature",
      "properties": {
        "node_id": 613,
        "region": "pangyo",
        "region_name": "제1판교테크노밸리",
        "station_name": "상일동",
        "line_name": "서울5호선",
        "travel_seconds": 3584.0,
        "travel_minutes": 59.7,
        "cutoff_minutes": 60,
        "node_category": "60분 도달 노드",
        "is_seed_station": false,
        "layer_type": "rail_node",
        "layer_label_ko": "철도 노드",
        "selected_time_minutes": 60
      },
      "geometry": {
        "type": "Point",
        "coordinates": [
          127.16566050187811,
          37.55664771393591
        ]
      }
    },
    {
      "type": "Feature",
      "properties": {
        "node_id": 179,
        "region": "pangyo",
        "region_name": "제1판교테크노밸리",
        "station_name": "둔전",
        "line_name": "용인경전철",
        "travel_seconds": 3558.0,
        "travel_minutes": 59.3,
        "cutoff_minutes": 60,
        "node_category": "60분 도달 노드",
        "is_seed_station": false,
        "layer_type": "rail_node",
        "layer_label_ko": "철도 노드",
        "selected_time_minutes": 60
      },
      "geometry": {
        "type": "Point",
        "coordinates": [
          127.21361954461665,
          37.26720607366618
        ]
      }
    },
    {
      "type": "Feature",
      "properties": {
        "node_id": 745,
        "region": "pangyo",
        "region_name": "제1판교테크노밸리",
        "station_name": "신방화",
        "line_name": "서울9호선",
        "travel_seconds": 3588.0,
        "travel_minutes": 59.8,
        "cutoff_minutes": 60,
        "node_category": "60분 도달 노드",
        "is_seed_station": false,
        "layer_type": "rail_node",
        "layer_label_ko": "철도 노드",
        "selected_time_minutes": 60
      },
      "geometry": {
        "type": "Point",
        "coordinates": [
          126.81694853560049,
          37.567544508753876
        ]
      }
    },
    {
      "type": "Feature",
      "properties": {
        "node_id": 714,
        "region": "pangyo",
        "region_name": "제1판교테크노밸리",
        "station_name": "마들",
        "line_name": "서울7호선",
        "travel_seconds": 3585.0,
        "travel_minutes": 59.8,
        "cutoff_minutes": 60,
        "node_category": "60분 도달 노드",
        "is_seed_station": false,
        "layer_type": "rail_node",
        "layer_label_ko": "철도 노드",
        "selected_time_minutes": 60
      },
      "geometry": {
        "type": "Point",
        "coordinates": [
          127.05760212496052,
          37.66541488039195
        ]
      }
    },
    {
      "type": "Feature",
      "properties": {
        "node_id": 663,
        "region": "pangyo",
        "region_name": "제1판교테크노밸리",
        "station_name": "봉화산",
        "line_name": "서울6호선",
        "travel_seconds": 3585.0,
        "travel_minutes": 59.8,
        "cutoff_minutes": 60,
        "node_category": "60분 도달 노드",
        "is_seed_station": false,
        "layer_type": "rail_node",
        "layer_label_ko": "철도 노드",
        "selected_time_minutes": 60
      },
      "geometry": {
        "type": "Point",
        "coordinates": [
          127.09175060927113,
          37.61714681111189
        ]
      }
    },
    {
      "type": "Feature",
      "properties": {
        "node_id": 635,
        "region": "pangyo",
        "region_name": "제1판교테크노밸리",
        "station_name": "월드컵경기장",
        "line_name": "서울6호선",
        "travel_seconds": 3593.0,
        "travel_minutes": 59.9,
        "cutoff_minutes": 60,
        "node_category": "60분 도달 노드",
        "is_seed_station": false,
        "layer_type": "rail_node",
        "layer_label_ko": "철도 노드",
        "selected_time_minutes": 60
      },
      "geometry": {
        "type": "Point",
        "coordinates": [
          126.89906444681453,
          37.569592247612064
        ]
      }
    }
  ]
}