{
"type": "FeatureCollection",
"name": "map_roads",
"crs": { "type": "name", "properties": { "name": "urn:ogc:def:crs:OGC:1.3:CRS84" } },
"features": [
{ "type": "Feature", "properties": { "도로번호": null, "명칭": null, "도로구분": "미분류", "시점": null, "종점": null, "포장재질": "포장", "분리대유무": "유", "차로수": 4, "도로폭": 23.5, "일방통행": "양방통행", "자동차전용": "일반", "기타": null, "UFID": "1000037607086A00210000000000000002", "region": "cheongna", "region_name": "청라국제업무지구", "base_year": 2023 }, "geometry": { "type": "LineString", "coordinates": [ [ 126.650000005813297, 37.525846620586904 ], [ 126.649691906710856, 37.525846418830007 ], [ 126.649363686084939, 37.525846876517789 ], [ 126.647901784989273, 37.525845230226814 ], [ 126.646278670878857, 37.525828009421851 ], [ 126.6459944928542, 37.525818517393127 ] ] } },
{ "type": "Feature", "properties": { "도로번호": null, "명칭": null, "도로구분": "미분류", "시점": null, "종점": null, "포장재질": "포장", "분리대유무": "유", "차로수": 10, "도로폭": 45.0, "일방통행": "양방통행", "자동차전용": "일반", "기타": null, "UFID": "1000037607086A00210000000000000008", "region": "cheongna", "region_name": "청라국제업무지구", "base_year": 2023 }, "geometry": { "type": "LineString", "coordinates": [ [ 126.641779381023966, 37.525055619025331 ], [ 126.641685009068127, 37.525022825652243 ], [ 126.641622665133283, 37.525000588082364 ] ] } },
{ "type": "Feature", "properties": { "도로번호": null, "명칭": null, "도로구분": "미분류", "시점": null, "종점": null, "포장재질": "포장", "분리대유무": "무", "차로수": 4, "도로폭": 20.0, "일방통행": "양방통행", "자동차전용": "일반", "기타": null, "UFID": "1000037607086A00210000000000000009", "region": "cheongna", "region_name": "청라국제업무지구", "base_year": 2023 }, "geometry": { "type": "LineString", "coordinates": [ [ 126.637301880561296, 37.525000660686388 ], [ 126.637679107344354, 37.525163935102306 ] ] } },
{ "type": "Feature", "properties": { "도로번호": "제84호", "명칭": "강화-원주선", "도로구분": "지방도", "시점": "인천광역시강화군", "종점": "강원특별자치도원주시", "포장재질": "포장", "분리대유무": "유", "차로수": 4, "도로폭": 20.0, "일방통행": "양방통행", "자동차전용": "일반", "기타": null, "UFID": "1000037607086A00210000000000000010", "region": "cheongna", "region_name": "청라국제업무지구", "base_year": 2023 }, "geometry": { "type": "LineString", "coordinates": [ [ 126.65000000970808, 37.54249298559828 ], [ 126.649926262583747, 37.540560477632788 ], [ 126.649923750204209, 37.54031856368703 ], [ 126.649914102221501, 37.540069959407575 ], [ 126.649843676400849, 37.538430041056301 ], [ 126.649840666132789, 37.538227636919402 ], [ 126.649827141931624, 37.538025070954546 ], [ 126.649756383220137, 37.536355949718576 ], [ 126.649740103445168, 37.535855096198588 ], [ 126.6496794218437, 37.534431350050404 ], [ 126.649675670995407, 37.534235482108407 ], [ 126.649670946908486, 37.534130367752049 ], [ 126.649578877601542, 37.531881041066676 ], [ 126.649580859329191, 37.531781020977419 ], [ 126.649583405297747, 37.531676955282578 ], [ 126.649527069508878, 37.530140483693607 ], [ 126.649520139801993, 37.529916876182547 ], [ 126.649500016362808, 37.529538794080459 ], [ 126.649492566094494, 37.529278978425758 ], [ 126.649452192118645, 37.528106040259978 ], [ 126.64942569745763, 37.527429992757035 ] ] } },
{ "type": "Feature", "properties": { "도로번호": null, "명칭": null, "도로구분": "미분류", "시점": null, "종점": null, "포장재질": "포장", "분리대유무": "유", "차로수": 6, "도로폭": 41.5, "일방통행": "양방통행", "자동차전용": "일반", "기타": null, "UFID": "1000037607086A00210000000000000011", "region": "cheongna", "region_name": "청라국제업무지구", "base_year": 2023 }, "geometry": { "type": "LineString", "coordinates": [ [ 126.650000011691162, 37.536081026560872 ], [ 126.64974858252414, 37.536076902473546 ] ] } },
{ "type": "Feature", "properties": { "도로번호": "제84호", "명칭": "강화-원주선", "도로구분": "지방도", "시점": "인천광역시강화군", "종점": "강원특별자치도원주시", "포장재질": "포장", "분리대유무": "무", "차로수": 3, "도로폭": 12.5, "일방통행": "일방통행", "자동차전용": "일반", "기타": null, "UFID": "1000037607086A00210000000000000012", "region": "cheongna", "region_name": "청라국제업무지구", "base_year": 2023 }, "geometry": { "type": "LineString", "coordinates": [ [ 126.649124099823695, 37.525000086580917 ], [ 126.649131974829743, 37.525236024532568 ], [ 126.649138390329469, 37.525327801213557 ] ] } },
{ "type": "Feature", "properties": { "도로번호": null, "명칭": null, "도로구분": "미분류", "시점": null, "종점": null, "포장재질": "포장", "분리대유무": "유", "차로수": 8, "도로폭": 40.5, "일방통행": "양방통행", "자동차전용": "일반", "기타": null, "UFID": "1000037607086A00210000000000000014", "region": "cheongna", "region_name": "청라국제업무지구", "base_year": 2023 }, "geometry": { "type": "LineString", "coordinates": [ [ 126.649923750204209, 37.54031856368703 ], [ 126.650000010869675, 37.540318746175039 ] ] } },
{ "type": "Feature", "properties": { "도로번호": "제84호", "명칭": "강화-원주선", "도로구분": "지방도", "시점": "인천광역시강화군", "종점": "강원특별자치도원주시", "포장재질": "포장", "분리대유무": "무", "차로수": 3, "도로폭": 18.0, "일방통행": "일방통행", "자동차전용": "일반", "기타": null, "UFID": "1000037607086A00210000000000000015", "region": "cheongna", "region_name": "청라국제업무지구", "base_year": 2023 }, "geometry": { "type": "LineString", "coordinates": [ [ 126.649568663307463, 37.525000041904825 ], [ 126.649576374545518, 37.525187157455846 ], [ 126.64957896197555, 37.525342624206473 ] ] } },
{ "type": "Feature", "properties": { "도로번호": null, "명칭": null, "도로구분": "미분류", "시점": null, "종점": null, "포장재질": "포장", "분리대유무": "무", "차로수": 1, "도로폭": 6.7, "일방통행": "양방통행", "자동차전용": "일반", "기타": null, "UFID": "1000037607086A00210000000000000016", "region": "cheongna", "region_name": "청라국제업무지구", "base_year": 2023 }, "geometry": { "type": "LineString", "coordinates": [ [ 126.650000010530263, 37.541059561038274 ], [ 126.649939921716481, 37.541061049962913 ] ] } },
{ "type": "Feature", "properties": { "도로번호": "제84호", "명칭": "강화-원주선", "도로구분": "지방도", "시점": "인천광역시강화군", "종점": "강원특별자치도원주시", "포장재질": "포장", "분리대유무": "유", "차로수": 4, "도로폭": 20.0, "일방통행": "양방통행", "자동차전용": "일반", "기타": null, "UFID": "1000037607086A00210000000000000017", "region": "cheongna", "region_name": "청라국제업무지구", "base_year": 2023 }, "geometry": { "type": "LineString", "coordinates": [ [ 126.64933368994663, 37.5250000657268 ], [ 126.649339956275583, 37.525231793960316 ], [ 126.649363686084939, 37.525846876517789 ], [ 126.64942569745763, 37.527429992757035 ] ] } },
{ "type": "Feature", "properties": { "도로번호": null, "명칭": null, "도로구분": "미분류", "시점": null, "종점": null, "포장재질": "포장", "분리대유무": "무", "차로수": 4, "도로폭": 26.1, "일방통행": "양방통행", "자동차전용": "일반", "기타": null, "UFID": "1000037607086A00210000000000000018", "region": "cheongna", "region_name": "청라국제업무지구", "base_year": 2023 }, "geometry": { "type": "LineString", "coordinates": [ [ 126.650000010576676, 37.531782509439353 ], [ 126.649969963244132, 37.531783039851021 ] ] } },
{ "type": "Feature", "properties": { "도로번호": null, "명칭": null, "도로구분": "미분류", "시점": null, "종점": null, "포장재질": "포장", "분리대유무": "무", "차로수": 3, "도로폭": 12.0, "일방통행": "일방통행", "자동차전용": "일반", "기타": null, "UFID": "1000037607086A00210000000000000019", "region": "cheongna", "region_name": "청라국제업무지구", "base_year": 2023 }, "geometry": { "type": "LineString", "coordinates": [ [ 126.650000005993292, 37.526008952138469 ], [ 126.649965540666201, 37.526008688045032 ] ] } },
{ "type": "Feature", "properties": { "도로번호": "제84호", "명칭": "강화-원주선", "도로구분": "지방도", "시점": "인천광역시강화군", "종점": "강원특별자치도원주시", "포장재질": "포장", "분리대유무": "유", "차로수": 6, "도로폭": 51.5, "일방통행": "양방통행", "자동차전용": "일반", "기타": null, "UFID": "1000037607086A00210000000000000020", "region": "cheongna", "region_name": "청라국제업무지구", "base_year": 2023 }, "geometry": { "type": "LineString", "coordinates": [ [ 126.650000009356305, 37.543012388813935 ], [ 126.649987379336451, 37.542822932954046 ] ] } },
{ "type": "Feature", "properties": { "도로번호": null, "명칭": null, "도로구분": "미분류", "시점": null, "종점": null, "포장재질": "포장", "분리대유무": "유", "차로수": 8, "도로폭": 52.7, "일방통행": "양방통행", "자동차전용": "일반", "기타": null, "UFID": "1000037607086A00210000000000000023", "region": "cheongna", "region_name": "청라국제업무지구", "base_year": 2023 }, "geometry": { "type": "LineString", "coordinates": [ [ 126.649843333491177, 37.529913781291143 ], [ 126.650000009479413, 37.529912290058704 ] ] } },
{ "type": "Feature", "properties": { "도로번호": null, "명칭": null, "도로구분": "미분류", "시점": null, "종점": null, "포장재질": "포장", "분리대유무": "무", "차로수": 3, "도로폭": 11.5, "일방통행": "일방통행", "자동차전용": "일반", "기타": null, "UFID": "1000037607086A00210000000000000024", "region": "cheongna", "region_name": "청라국제업무지구", "base_year": 2023 }, "geometry": { "type": "LineString", "coordinates": [ [ 126.650000005628058, 37.525682142722275 ], [ 126.649976545097729, 37.525682208069739 ] ] } },
{ "type": "Feature", "properties": { "도로번호": null, "명칭": null, "도로구분": "미분류", "시점": null, "종점": null, "포장재질": "포장", "분리대유무": "무", "차로수": 4, "도로폭": 30.0, "일방통행": "양방통행", "자동차전용": "일반", "기타": null, "UFID": "1000037607086A00210000000000000025", "region": "cheongna", "region_name": "청라국제업무지구", "base_year": 2023 }, "geometry": { "type": "LineString", "coordinates": [ [ 126.649677346405383, 37.534235525821323 ], [ 126.650000011455376, 37.534246137958355 ] ] } },
{ "type": "Feature", "properties": { "도로번호": null, "명칭": null, "도로구분": "미분류", "시점": null, "종점": null, "포장재질": "포장", "분리대유무": "무", "차로수": 4, "도로폭": 20.0, "일방통행": "양방통행", "자동차전용": "일반", "기타": null, "UFID": "1000037607086A00210000000000000026", "region": "cheongna", "region_name": "청라국제업무지구", "base_year": 2023 }, "geometry": { "type": "LineString", "coordinates": [ [ 126.649971588933923, 37.543840514221515 ], [ 126.650000008751448, 37.543821259392296 ] ] } },
{ "type": "Feature", "properties": { "도로번호": null, "명칭": null, "도로구분": "미분류", "시점": null, "종점": null, "포장재질": "포장", "분리대유무": "무", "차로수": 4, "도로폭": 24.0, "일방통행": "양방통행", "자동차전용": "일반", "기타": null, "UFID": "1000037607086A00210000000000000028", "region": "cheongna", "region_name": "청라국제업무지구", "base_year": 2023 }, "geometry": { "type": "LineString", "coordinates": [ [ 126.627815248315926, 37.525000265551355 ], [ 126.628176990819213, 37.525105174635485 ], [ 126.628545248721679, 37.525211173488842 ], [ 126.628720043694983, 37.525262511436217 ] ] } },
{ "type": "Feature", "properties": { "도로번호": null, "명칭": null, "도로구분": "미분류", "시점": null, "종점": null, "포장재질": "포장", "분리대유무": "무", "차로수": 8, "도로폭": 38.9, "일방통행": "양방통행", "자동차전용": "일반", "기타": null, "UFID": "1000037607086A00210000000000000029", "region": "cheongna", "region_name": "청라국제업무지구", "base_year": 2023 }, "geometry": { "type": "LineString", "coordinates": [ [ 126.62500000331697, 37.529346783832473 ], [ 126.62589255060071, 37.529493311926828 ], [ 126.626776014703182, 37.529626589542396 ], [ 126.627297108904315, 37.529690187717819 ], [ 126.627624006082598, 37.529727194800415 ] ] } },
{ "type": "Feature", "properties": { "도로번호": null, "명칭": null, "도로구분": "미분류", "시점": null, "종점": null, "포장재질": "포장", "분리대유무": "무", "차로수": 4, "도로폭": 20.0, "일방통행": "양방통행", "자동차전용": "일반", "기타": null, "UFID": "1000037607086A00210000000000000030", "region": "cheongna", "region_name": "청라국제업무지구", "base_year": 2023 }, "geometry": { "type": "LineString", "coordinates": [ [ 126.62511456973472, 37.539006046038082 ], [ 126.62500000716733, 37.539005447586177 ] ] } },
{ "type": "Feature", "properties": { "도로번호": null, "명칭": null, "도로구분": "미분류", "시점": null, "종점": null, "포장재질": "포장", "분리대유무": "무", "차로수": 4, "도로폭": 20.0, "일방통행": "양방통행", "자동차전용": "일반", "기타": null, "UFID": "1000037607086A00210000000000000031", "region": "cheongna", "region_name": "청라국제업무지구", "base_year": 2023 }, "geometry": { "type": "LineString", "coordinates": [ [ 126.625000000387786, 37.526682433517685 ], [ 126.62510829303487, 37.526713825806212 ] ] } },
{ "type": "Feature", "properties": { "도로번호": null, "명칭": null, "도로구분": "미분류", "시점": null, "종점": null, "포장재질": "포장", "분리대유무": "무", "차로수": 6, "도로폭": 35.0, "일방통행": "양방통행", "자동차전용": "일반", "기타": null, "UFID": "1000037607086A00210000000000000032", "region": "cheongna", "region_name": "청라국제업무지구", "base_year": 2023 }, "geometry": { "type": "LineString", "coordinates": [ [ 126.627600062268556, 37.536162736456113 ], [ 126.62577632140848, 37.536373939989367 ], [ 126.625493065746795, 37.536428219900934 ], [ 126.625000007192412, 37.536535022774856 ] ] } },
{ "type": "Feature", "properties": { "도로번호": null, "명칭": null, "도로구분": "미분류", "시점": null, "종점": null, "포장재질": "포장", "분리대유무": "무", "차로수": 8, "도로폭": 40.0, "일방통행": "양방통행", "자동차전용": "일반", "기타": null, "UFID": "1000037607086A00210000000000000033", "region": "cheongna", "region_name": "청라국제업무지구", "base_year": 2023 }, "geometry": { "type": "LineString", "coordinates": [ [ 126.62505409742036, 37.541786297369612 ], [ 126.625000006308554, 37.541786216000503 ] ] } },
{ "type": "Feature", "properties": { "도로번호": null, "명칭": null, "도로구분": "미분류", "시점": null, "종점": null, "포장재질": "포장", "분리대유무": "무", "차로수": 8, "도로폭": 30.0, "일방통행": "양방통행", "자동차전용": "일반", "기타": null, "UFID": "1000037607086A00210000000000000034", "region": "cheongna", "region_name": "청라국제업무지구", "base_year": 2023 }, "geometry": { "type": "LineString", "coordinates": [ [ 126.626153675308615, 37.525000117922367 ], [ 126.625475127319589, 37.526494093136542 ], [ 126.625382656558159, 37.526693225641786 ] ] } },
{ "type": "Feature", "properties": { "도로번호": null, "명칭": null, "도로구분": "미분류", "시점": null, "종점": null, "포장재질": "포장", "분리대유무": "무", "차로수": 6, "도로폭": 33.5, "일방통행": "양방통행", "자동차전용": "일반", "기타": null, "UFID": "1000037607086A00210000000000000035", "region": "cheongna", "region_name": "청라국제업무지구", "base_year": 2023 }, "geometry": { "type": "LineString", "coordinates": [ [ 126.6253000765699, 37.526871027709809 ], [ 126.625256892499877, 37.526964026751095 ], [ 126.625000001440881, 37.527559241692842 ] ] } },
{ "type": "Feature", "properties": { "도로번호": null, "명칭": null, "도로구분": "미분류", "시점": null, "종점": null, "포장재질": "포장", "분리대유무": "무", "차로수": 2, "도로폭": 11.4, "일방통행": "양방통행", "자동차전용": "일반", "기타": null, "UFID": "1000037607086A00210000000000000036", "region": "cheongna", "region_name": "청라국제업무지구", "base_year": 2023 }, "geometry": { "type": "LineString", "coordinates": [ [ 126.629595492794266, 37.525397482584623 ], [ 126.629618185188789, 37.525342528943405 ], [ 126.629765012265082, 37.52500040897587 ] ] } },
{ "type": "Feature", "properties": { "도로번호": null, "명칭": null, "도로구분": "미분류", "시점": null, "종점": null, "포장재질": "포장", "분리대유무": "무", "차로수": 1, "도로폭": 10.0, "일방통행": "양방통행", "자동차전용": "일반", "기타": null, "UFID": "1000037607086A00210000000000000037", "region": "cheongna", "region_name": "청라국제업무지구", "base_year": 2023 }, "geometry": { "type": "LineString", "coordinates": [ [ 126.631981829088247, 37.525000532940822 ], [ 126.632155668800792, 37.52504905866823 ], [ 126.632349581915548, 37.525108496700419 ] ] } },
{ "type": "Feature", "properties": { "도로번호": null, "명칭": null, "도로구분": "미분류", "시점": null, "종점": null, "포장재질": "포장", "분리대유무": "무", "차로수": 1, "도로폭": 10.0, "일방통행": "양방통행", "자동차전용": "일반", "기타": null, "UFID": "1000037607086A00210000000000000038", "region": "cheongna", "region_name": "청라국제업무지구", "base_year": 2023 }, "geometry": { "type": "LineString", "coordinates": [ [ 126.632460030126438, 37.525000554225848 ], [ 126.632429735046415, 37.525063903541891 ] ] } },
{ "type": "Feature", "properties": { "도로번호": null, "명칭": null, "도로구분": "미분류", "시점": null, "종점": null, "포장재질": "포장", "분리대유무": "유", "차로수": 8, "도로폭": 40.0, "일방통행": "양방통행", "자동차전용": "일반", "기타": null, "UFID": "1000037607086A00210000000000000039", "region": "cheongna", "region_name": "청라국제업무지구", "base_year": 2023 }, "geometry": { "type": "LineString", "coordinates": [ [ 126.633142000322195, 37.525000581231097 ], [ 126.632808988538756, 37.525755113042962 ], [ 126.632588647289325, 37.52624893024992 ] ] } },
{ "type": "Feature", "properties": { "도로번호": null, "명칭": null, "도로구분": "미분류", "시점": null, "종점": null, "포장재질": "포장", "분리대유무": "무", "차로수": 2, "도로폭": 9.5, "일방통행": "양방통행", "자동차전용": "일반", "기타": null, "UFID": "1000037607086A00210000000000000040", "region": "cheongna", "region_name": "청라국제업무지구", "base_year": 2023 }, "geometry": { "type": "LineString", "coordinates": [ [ 126.63006546608068, 37.525000428214945 ], [ 126.630065266818903, 37.525000849297712 ] ] } },
{ "type": "Feature", "properties": { "도로번호": null, "명칭": null, "도로구분": "미분류", "시점": null, "종점": null, "포장재질": "포장", "분리대유무": "무", "차로수": 2, "도로폭": 10.0, "일방통행": "양방통행", "자동차전용": "일반", "기타": null, "UFID": "1000037607086A00210000000000000041", "region": "cheongna", "region_name": "청라국제업무지구", "base_year": 2023 }, "geometry": { "type": "LineString", "coordinates": [ [ 126.630235833768282, 37.525000438784566 ], [ 126.630515604237388, 37.525082916311277 ] ] } },
{ "type": "Feature", "properties": { "도로번호": null, "명칭": null, "도로구분": "미분류", "시점": null, "종점": null, "포장재질": "포장", "분리대유무": "무", "차로수": 1, "도로폭": 10.0, "일방통행": "양방통행", "자동차전용": "일반", "기타": null, "UFID": "1000037607086A00210000000000000042", "region": "cheongna", "region_name": "청라국제업무지구", "base_year": 2023 }, "geometry": { "type": "LineString", "coordinates": [ [ 126.629301628665587, 37.525000377805355 ], [ 126.629373416517382, 37.525021430385181 ], [ 126.629433422712083, 37.525036908603461 ], [ 126.629448355733913, 37.525036622087832 ], [ 126.629466120821746, 37.525000389078428 ] ] } },
{ "type": "Feature", "properties": { "도로번호": null, "명칭": null, "도로구분": "미분류", "시점": null, "종점": null, "포장재질": "포장", "분리대유무": "무", "차로수": 8, "도로폭": 44.0, "일방통행": "양방통행", "자동차전용": "일반", "기타": null, "UFID": "1000037607086A00210000000000000043", "region": "cheongna", "region_name": "청라국제업무지구", "base_year": 2023 }, "geometry": { "type": "LineString", "coordinates": [ [ 126.632110055484148, 37.550000538543223 ], [ 126.632100069156849, 37.549962367684721 ], [ 126.632089425240423, 37.549924312587734 ] ] } },
{ "type": "Feature", "properties": { "도로번호": null, "명칭": null, "도로구분": "미분류", "시점": null, "종점": null, "포장재질": "포장", "분리대유무": "무", "차로수": 2, "도로폭": 11.5, "일방통행": "양방통행", "자동차전용": "일반", "기타": null, "UFID": "1000037607086A00210000000000000044", "region": "cheongna", "region_name": "청라국제업무지구", "base_year": 2023 }, "geometry": { "type": "LineString", "coordinates": [ [ 126.63130485830861, 37.525263896549198 ], [ 126.631424617316725, 37.525000505696433 ] ] } },
{ "type": "Feature", "properties": { "도로번호": null, "명칭": null, "도로구분": "미분류", "시점": null, "종점": null, "포장재질": "포장", "분리대유무": "무", "차로수": 2, "도로폭": 13.2, "일방통행": "양방통행", "자동차전용": "일반", "기타": null, "UFID": "1000037607086A00210000000000000046", "region": "cheongna", "region_name": "청라국제업무지구", "base_year": 2023 }, "geometry": { "type": "LineString", "coordinates": [ [ 126.634747705909049, 37.549443784473176 ], [ 126.634718742263587, 37.549451777690969 ], [ 126.634700582377832, 37.54945791043707 ], [ 126.63468585994795, 37.549465063829423 ], [ 126.63464435119171, 37.549494569987196 ], [ 126.634629786216095, 37.54950702080221 ], [ 126.634584912085657, 37.549547156360781 ], [ 126.634553214086665, 37.549563546446649 ], [ 126.63447588819551, 37.549582526197632 ], [ 126.633840918147769, 37.549727473995027 ], [ 126.633648973198191, 37.549770352463085 ], [ 126.632790596216523, 37.549969561850695 ], [ 126.632653825279505, 37.550000562009252 ] ] } },
{ "type": "Feature", "properties": { "도로번호": null, "명칭": null, "도로구분": "미분류", "시점": null, "종점": null, "포장재질": "포장", "분리대유무": "무", "차로수": 4, "도로폭": 20.0, "일방통행": "양방통행", "자동차전용": "일반", "기타": null, "UFID": "1000037607086A00210000000000000047", "region": "cheongna", "region_name": "청라국제업무지구", "base_year": 2023 }, "geometry": { "type": "LineString", "coordinates": [ [ 126.646926548222922, 37.534213078052481 ], [ 126.64929011197799, 37.53422079664724 ] ] } },
{ "type": "Feature", "properties": { "도로번호": null, "명칭": null, "도로구분": "미분류", "시점": null, "종점": null, "포장재질": "포장", "분리대유무": "무", "차로수": 7, "도로폭": 40.0, "일방통행": "양방통행", "자동차전용": "일반", "기타": null, "UFID": "1000037607086A00210000000000000048", "region": "cheongna", "region_name": "청라국제업무지구", "base_year": 2023 }, "geometry": { "type": "LineString", "coordinates": [ [ 126.644829333474135, 37.529897879673484 ], [ 126.646236047578242, 37.529906678919545 ], [ 126.647463670662049, 37.52991306277827 ], [ 126.649154503360791, 37.529916196872428 ] ] } },
{ "type": "Feature", "properties": { "도로번호": null, "명칭": null, "도로구분": "미분류", "시점": null, "종점": null, "포장재질": "포장", "분리대유무": "무", "차로수": 3, "도로폭": 11.5, "일방통행": "일방통행", "자동차전용": "일반", "기타": null, "UFID": "1000037607086A00210000000000000049", "region": "cheongna", "region_name": "청라국제업무지구", "base_year": 2023 }, "geometry": { "type": "LineString", "coordinates": [ [ 126.645811104875676, 37.525937340741706 ], [ 126.645895659098656, 37.525965354927358 ], [ 126.646047825236039, 37.525985073493317 ], [ 126.646157498742227, 37.52599102525808 ], [ 126.646453108488373, 37.52599919962114 ], [ 126.64702692305957, 37.526005293916349 ], [ 126.648668145026406, 37.526009755136187 ], [ 126.648792113204578, 37.526007845227454 ] ] } },
{ "type": "Feature", "properties": { "도로번호": null, "명칭": null, "도로구분": "미분류", "시점": null, "종점": null, "포장재질": "포장", "분리대유무": "유", "차로수": 8, "도로폭": 40.0, "일방통행": "양방통행", "자동차전용": "일반", "기타": null, "UFID": "1000037607086A00210000000000000053", "region": "cheongna", "region_name": "청라국제업무지구", "base_year": 2023 }, "geometry": { "type": "LineString", "coordinates": [ [ 126.647659142239249, 37.540800005803916 ], [ 126.64831269260749, 37.5405345196383 ], [ 126.648543143585968, 37.540450368004038 ], [ 126.648719033242074, 37.540402607013036 ], [ 126.648923511541355, 37.540362967637698 ], [ 126.649113391796106, 37.540330888934193 ], [ 126.649249370463011, 37.540319868281003 ], [ 126.649490969142192, 37.54031024311702 ], [ 126.649622119172989, 37.540312856883858 ] ] } },
{ "type": "Feature", "properties": { "도로번호": null, "명칭": null, "도로구분": "미분류", "시점": null, "종점": null, "포장재질": "포장", "분리대유무": "무", "차로수": 4, "도로폭": 20.0, "일방통행": "양방통행", "자동차전용": "일반", "기타": null, "UFID": "1000037607086A00210000000000000054", "region": "cheongna", "region_name": "청라국제업무지구", "base_year": 2023 }, "geometry": { "type": "LineString", "coordinates": [ [ 126.647772422946957, 37.531762913617555 ], [ 126.649192987036514, 37.531774995044259 ] ] } },
{ "type": "Feature", "properties": { "도로번호": null, "명칭": null, "도로구분": "미분류", "시점": null, "종점": null, "포장재질": "포장", "분리대유무": "무", "차로수": 3, "도로폭": 11.5, "일방통행": "일방통행", "자동차전용": "일반", "기타": null, "UFID": "1000037607086A00210000000000000055", "region": "cheongna", "region_name": "청라국제업무지구", "base_year": 2023 }, "geometry": { "type": "LineString", "coordinates": [ [ 126.648798395181217, 37.525683045204993 ], [ 126.648664357561941, 37.525681195937402 ], [ 126.647932914321103, 37.525679639452029 ], [ 126.646960320451015, 37.525677258714857 ], [ 126.64643733256095, 37.525669648523589 ], [ 126.646001198304447, 37.525656124546131 ], [ 126.645931730761248, 37.525662411598688 ], [ 126.645858659218604, 37.525677258093801 ] ] } },
{ "type": "Feature", "properties": { "도로번호": null, "명칭": null, "도로구분": "미분류", "시점": null, "종점": null, "포장재질": "포장", "분리대유무": "무", "차로수": 4, "도로폭": 22.0, "일방통행": "양방통행", "자동차전용": "일반", "기타": null, "UFID": "1000037607086A00210000000000000057", "region": "cheongna", "region_name": "청라국제업무지구", "base_year": 2023 }, "geometry": { "type": "LineString", "coordinates": [ [ 126.647198665360634, 37.5385921467687 ], [ 126.647308161244609, 37.538551585755997 ], [ 126.647683426293696, 37.538416737569619 ], [ 126.647953158170012, 37.538334542262795 ], [ 126.648201179268881, 37.538288141296256 ], [ 126.648482799504905, 37.538252479687159 ], [ 126.648728500666579, 37.538235227832907 ], [ 126.649546423537487, 37.538228818336009 ] ] } },
{ "type": "Feature", "properties": { "도로번호": null, "명칭": null, "도로구분": "미분류", "시점": null, "종점": null, "포장재질": "포장", "분리대유무": "무", "차로수": 6, "도로폭": 35.0, "일방통행": "양방통행", "자동차전용": "일반", "기타": null, "UFID": "1000037607086A00210000000000000058", "region": "cheongna", "region_name": "청라국제업무지구", "base_year": 2023 }, "geometry": { "type": "LineString", "coordinates": [ [ 126.649405523369353, 37.536070389313728 ], [ 126.648844562781974, 37.536078256930161 ], [ 126.648670965628867, 37.536076790047566 ], [ 126.647223935462378, 37.536074214224804 ], [ 126.64608743013649, 37.536071147044566 ], [ 126.645997661981042, 37.536072603389904 ], [ 126.64478131563439, 37.53607842307796 ] ] } },
{ "type": "Feature", "properties": { "도로번호": null, "명칭": null, "도로구분": "미분류", "시점": null, "종점": null, "포장재질": "포장", "분리대유무": "무", "차로수": 1, "도로폭": 11.5, "일방통행": "양방통행", "자동차전용": "일반", "기타": null, "UFID": "1000037607086A00210000000000000059", "region": "cheongna", "region_name": "청라국제업무지구", "base_year": 2023 }, "geometry": { "type": "LineString", "coordinates": [ [ 126.647697384132144, 37.540993031134583 ], [ 126.647801799893941, 37.541168857412821 ], [ 126.648047437756588, 37.541551801032902 ], [ 126.648138952476188, 37.541704251867756 ], [ 126.648150381046605, 37.541740082465289 ], [ 126.648151944775151, 37.541821474031629 ], [ 126.648151691806248, 37.541902031268151 ], [ 126.648157777376269, 37.542208018386397 ] ] } },
{ "type": "Feature", "properties": { "도로번호": null, "명칭": null, "도로구분": "미분류", "시점": null, "종점": null, "포장재질": "포장", "분리대유무": "무", "차로수": 4, "도로폭": 20.0, "일방통행": "양방통행", "자동차전용": "일반", "기타": null, "UFID": "1000037607086A00210000000000000060", "region": "cheongna", "region_name": "청라국제업무지구", "base_year": 2023 }, "geometry": { "type": "LineString", "coordinates": [ [ 126.636603907357255, 37.529659049482973 ], [ 126.636604104556255, 37.529532352809589 ], [ 126.636614484786975, 37.529206754553826 ], [ 126.636636452104668, 37.528890221722001 ], [ 126.636664759982452, 37.528637891800216 ] ] } },
{ "type": "Feature", "properties": { "도로번호": null, "명칭": null, "도로구분": "미분류", "시점": null, "종점": null, "포장재질": "포장", "분리대유무": "무", "차로수": 6, "도로폭": 35.0, "일방통행": "양방통행", "자동차전용": "일반", "기타": null, "UFID": "1000037607086A00210000000000000061", "region": "cheongna", "region_name": "청라국제업무지구", "base_year": 2023 }, "geometry": { "type": "LineString", "coordinates": [ [ 126.640599924771294, 37.53162633280192 ], [ 126.640622806804515, 37.530160832054598 ], [ 126.640619757339323, 37.530091609093887 ] ] } },
{ "type": "Feature", "properties": { "도로번호": null, "명칭": null, "도로구분": "미분류", "시점": null, "종점": null, "포장재질": "포장", "분리대유무": "유", "차로수": 8, "도로폭": 40.0, "일방통행": "양방통행", "자동차전용": "일반", "기타": null, "UFID": "1000037607086A00210000000000000062", "region": "cheongna", "region_name": "청라국제업무지구", "base_year": 2023 }, "geometry": { "type": "LineString", "coordinates": [ [ 126.644819405787288, 37.541822353476071 ], [ 126.644893667789304, 37.541817297888308 ], [ 126.645116623937483, 37.541786036878008 ], [ 126.645384537078741, 37.541711382480216 ], [ 126.645527449539117, 37.541665905855318 ], [ 126.647522795184102, 37.540855396647821 ] ] } },
{ "type": "Feature", "properties": { "도로번호": null, "명칭": null, "도로구분": "미분류", "시점": null, "종점": null, "포장재질": "포장", "분리대유무": "무", "차로수": 4, "도로폭": 20.0, "일방통행": "양방통행", "자동차전용": "일반", "기타": null, "UFID": "1000037607086A00210000000000000064", "region": "cheongna", "region_name": "청라국제업무지구", "base_year": 2023 }, "geometry": { "type": "LineString", "coordinates": [ [ 126.640352619968127, 37.531751026594101 ], [ 126.639982433440593, 37.53174916885375 ] ] } },
{ "type": "Feature", "properties": { "도로번호": null, "명칭": null, "도로구분": "미분류", "시점": null, "종점": null, "포장재질": "포장", "분리대유무": "무", "차로수": 1, "도로폭": 10.0, "일방통행": "양방통행", "자동차전용": "일반", "기타": null, "UFID": "1000037607086A00210000000000000065", "region": "cheongna", "region_name": "청라국제업무지구", "base_year": 2023 }, "geometry": { "type": "LineString", "coordinates": [ [ 126.644250051883063, 37.537077204228218 ], [ 126.644343791963948, 37.537077324404578 ] ] } },
{ "type": "Feature", "properties": { "도로번호": null, "명칭": null, "도로구분": "미분류", "시점": null, "종점": null, "포장재질": "포장", "분리대유무": "무", "차로수": 1, "도로폭": 10.0, "일방통행": "양방통행", "자동차전용": "일반", "기타": null, "UFID": "1000037607086A00210000000000000066", "region": "cheongna", "region_name": "청라국제업무지구", "base_year": 2023 }, "geometry": { "type": "LineString", "coordinates": [ [ 126.641122891162482, 37.528844356322118 ], [ 126.6411225782103, 37.528888188880401 ] ] } },
{ "type": "Feature", "properties": { "도로번호": null, "명칭": null, "도로구분": "미분류", "시점": null, "종점": null, "포장재질": "포장", "분리대유무": "무", "차로수": 6, "도로폭": 35.0, "일방통행": "양방통행", "자동차전용": "일반", "기타": null, "UFID": "1000037607086A00210000000000000067", "region": "cheongna", "region_name": "청라국제업무지구", "base_year": 2023 }, "geometry": { "type": "LineString", "coordinates": [ [ 126.641651417643828, 37.525262624228752 ], [ 126.641779381023966, 37.525055619025331 ] ] } },
{ "type": "Feature", "properties": { "도로번호": null, "명칭": null, "도로구분": "미분류", "시점": null, "종점": null, "포장재질": "포장", "분리대유무": "무", "차로수": 4, "도로폭": 20.0, "일방통행": "양방통행", "자동차전용": "일반", "기타": null, "UFID": "1000037607086A00210000000000000068", "region": "cheongna", "region_name": "청라국제업무지구", "base_year": 2023 }, "geometry": { "type": "LineString", "coordinates": [ [ 126.644593593841577, 37.536079319680553 ], [ 126.644592518963961, 37.536247634227053 ] ] } },
{ "type": "Feature", "properties": { "도로번호": null, "명칭": null, "도로구분": "미분류", "시점": null, "종점": null, "포장재질": "포장", "분리대유무": "무", "차로수": 1, "도로폭": 9.0, "일방통행": "일방통행", "자동차전용": "일반", "기타": null, "UFID": "1000037607086A00210000000000000069", "region": "cheongna", "region_name": "청라국제업무지구", "base_year": 2023 }, "geometry": { "type": "LineString", "coordinates": [ [ 126.636603515166058, 37.52988446957972 ], [ 126.636756033080118, 37.52978401813094 ], [ 126.636910176611423, 37.52971197991188 ] ] } },
{ "type": "Feature", "properties": { "도로번호": null, "명칭": null, "도로구분": "미분류", "시점": null, "종점": null, "포장재질": "포장", "분리대유무": "무", "차로수": 4, "도로폭": 20.0, "일방통행": "양방통행", "자동차전용": "일반", "기타": null, "UFID": "1000037607086A00210000000000000070", "region": "cheongna", "region_name": "청라국제업무지구", "base_year": 2023 }, "geometry": { "type": "LineString", "coordinates": [ [ 126.637679107344354, 37.525163935102306 ], [ 126.637818188787577, 37.525224133876435 ] ] } },
{ "type": "Feature", "properties": { "도로번호": null, "명칭": null, "도로구분": "미분류", "시점": null, "종점": null, "포장재질": "포장", "분리대유무": "무", "차로수": 8, "도로폭": 40.0, "일방통행": "양방통행", "자동차전용": "일반", "기타": null, "UFID": "1000037607086A00210000000000000071", "region": "cheongna", "region_name": "청라국제업무지구", "base_year": 2023 }, "geometry": { "type": "LineString", "coordinates": [ [ 126.644432656230038, 37.529897038328002 ], [ 126.644630631647829, 37.529896633211592 ] ] } },
{ "type": "Feature", "properties": { "도로번호": null, "명칭": null, "도로구분": "미분류", "시점": null, "종점": null, "포장재질": "포장", "분리대유무": "무", "차로수": 1, "도로폭": 8.0, "일방통행": "양방통행", "자동차전용": "일반", "기타": null, "UFID": "1000037607086A00210000000000000072", "region": "cheongna", "region_name": "청라국제업무지구", "base_year": 2023 }, "geometry": { "type": "LineString", "coordinates": [ [ 126.644050244543706, 37.539801415929468 ], [ 126.64405050282312, 37.539744704445958 ] ] } },
{ "type": "Feature", "properties": { "도로번호": null, "명칭": null, "도로구분": "미분류", "시점": null, "종점": null, "포장재질": "포장", "분리대유무": "유", "차로수": 8, "도로폭": 40.0, "일방통행": "양방통행", "자동차전용": "일반", "기타": null, "UFID": "1000037607086A00210000000000000073", "region": "cheongna", "region_name": "청라국제업무지구", "base_year": 2023 }, "geometry": { "type": "LineString", "coordinates": [ [ 126.640796763177946, 37.54183007144205 ], [ 126.644355890939096, 37.541838410675005 ] ] } },
{ "type": "Feature", "properties": { "도로번호": null, "명칭": null, "도로구분": "미분류", "시점": null, "종점": null, "포장재질": "포장", "분리대유무": "무", "차로수": 4, "도로폭": 20.0, "일방통행": "양방통행", "자동차전용": "일반", "기타": null, "UFID": "1000037607086A00210000000000000074", "region": "cheongna", "region_name": "청라국제업무지구", "base_year": 2023 }, "geometry": { "type": "LineString", "coordinates": [ [ 126.644630327456269, 37.528055644580292 ], [ 126.644630211230705, 37.528098267710632 ] ] } },
{ "type": "Feature", "properties": { "도로번호": null, "명칭": null, "도로구분": "미분류", "시점": null, "종점": null, "포장재질": "포장", "분리대유무": "무", "차로수": 6, "도로폭": 35.0, "일방통행": "양방통행", "자동차전용": "일반", "기타": null, "UFID": "1000037607086A00210000000000000075", "region": "cheongna", "region_name": "청라국제업무지구", "base_year": 2023 }, "geometry": { "type": "LineString", "coordinates": [ [ 126.640617300207708, 37.528891825002958 ], [ 126.640619253474654, 37.528803037682884 ] ] } },
{ "type": "Feature", "properties": { "도로번호": null, "명칭": null, "도로구분": "미분류", "시점": null, "종점": null, "포장재질": "포장", "분리대유무": "무", "차로수": 4, "도로폭": 20.0, "일방통행": "양방통행", "자동차전용": "일반", "기타": null, "UFID": "1000037607086A00210000000000000076", "region": "cheongna", "region_name": "청라국제업무지구", "base_year": 2023 }, "geometry": { "type": "LineString", "coordinates": [ [ 126.641071649864358, 37.526576094014054 ], [ 126.641315501674839, 37.526646337803633 ] ] } },
{ "type": "Feature", "properties": { "도로번호": null, "명칭": null, "도로구분": "미분류", "시점": null, "종점": null, "포장재질": "포장", "분리대유무": "무", "차로수": 1, "도로폭": 10.0, "일방통행": "양방통행", "자동차전용": "일반", "기타": null, "UFID": "1000037607086A00210000000000000077", "region": "cheongna", "region_name": "청라국제업무지구", "base_year": 2023 }, "geometry": { "type": "LineString", "coordinates": [ [ 126.640772878859707, 37.538027789134553 ], [ 126.640994065839081, 37.538028181564378 ] ] } },
{ "type": "Feature", "properties": { "도로번호": null, "명칭": null, "도로구분": "미분류", "시점": null, "종점": null, "포장재질": "포장", "분리대유무": "무", "차로수": 1, "도로폭": 10.0, "일방통행": "양방통행", "자동차전용": "일반", "기타": null, "UFID": "1000037607086A00210000000000000079", "region": "cheongna", "region_name": "청라국제업무지구", "base_year": 2023 }, "geometry": { "type": "LineString", "coordinates": [ [ 126.642991245633283, 37.528895528391267 ], [ 126.643045651000151, 37.528895792853646 ] ] } },
{ "type": "Feature", "properties": { "도로번호": null, "명칭": null, "도로구분": "미분류", "시점": null, "종점": null, "포장재질": "포장", "분리대유무": "무", "차로수": 1, "도로폭": 10.0, "일방통행": "양방통행", "자동차전용": "일반", "기타": null, "UFID": "1000037607086A00210000000000000080", "region": "cheongna", "region_name": "청라국제업무지구", "base_year": 2023 }, "geometry": { "type": "LineString", "coordinates": [ [ 126.643053210702348, 37.537581358800338 ], [ 126.643001220759118, 37.537581244888884 ] ] } },
{ "type": "Feature", "properties": { "도로번호": null, "명칭": null, "도로구분": "미분류", "시점": null, "종점": null, "포장재질": "포장", "분리대유무": "무", "차로수": 4, "도로폭": 20.0, "일방통행": "양방통행", "자동차전용": "일반", "기타": null, "UFID": "1000037607086A00210000000000000081", "region": "cheongna", "region_name": "청라국제업무지구", "base_year": 2023 }, "geometry": { "type": "LineString", "coordinates": [ [ 126.644629466541161, 37.528370421613154 ], [ 126.64462923691562, 37.528451971085744 ] ] } },
{ "type": "Feature", "properties": { "도로번호": null, "명칭": null, "도로구분": "미분류", "시점": null, "종점": null, "포장재질": "포장", "분리대유무": "무", "차로수": 1, "도로폭": 9.0, "일방통행": "양방통행", "자동차전용": "일반", "기타": null, "UFID": "1000037607086A00210000000000000082", "region": "cheongna", "region_name": "청라국제업무지구", "base_year": 2023 }, "geometry": { "type": "LineString", "coordinates": [ [ 126.646773659370837, 37.534124466458792 ], [ 126.646778139423247, 37.533695371273971 ], [ 126.646768663186691, 37.53365091569276 ], [ 126.646731912722998, 37.533618134728286 ], [ 126.646656768672074, 37.533605422106874 ], [ 126.645441413464937, 37.533599869357737 ], [ 126.645372507458319, 37.533612636808968 ], [ 126.645330386722549, 37.533645829166886 ], [ 126.645314124534778, 37.533703769360649 ], [ 126.645308801026616, 37.534118310846331 ] ] } },
{ "type": "Feature", "properties": { "도로번호": null, "명칭": null, "도로구분": "미분류", "시점": null, "종점": null, "포장재질": "포장", "분리대유무": "무", "차로수": 1, "도로폭": 10.0, "일방통행": "양방통행", "자동차전용": "일반", "기타": null, "UFID": "1000037607086A00210000000000000083", "region": "cheongna", "region_name": "청라국제업무지구", "base_year": 2023 }, "geometry": { "type": "LineString", "coordinates": [ [ 126.6411225782103, 37.528888188880401 ], [ 126.641122270364832, 37.528931427696776 ] ] } },
{ "type": "Feature", "properties": { "도로번호": null, "명칭": null, "도로구분": "미분류", "시점": null, "종점": null, "포장재질": "포장", "분리대유무": "무", "차로수": 6, "도로폭": 35.0, "일방통행": "양방통행", "자동차전용": "일반", "기타": null, "UFID": "1000037607086A00210000000000000084", "region": "cheongna", "region_name": "청라국제업무지구", "base_year": 2023 }, "geometry": { "type": "LineString", "coordinates": [ [ 126.64057608623385, 37.53896535112564 ], [ 126.640580178770804, 37.53809599290738 ] ] } },
{ "type": "Feature", "properties": { "도로번호": null, "명칭": null, "도로구분": "미분류", "시점": null, "종점": null, "포장재질": "포장", "분리대유무": "무", "차로수": 2, "도로폭": 15.0, "일방통행": "양방통행", "자동차전용": "일반", "기타": null, "UFID": "1000037607086A00210000000000000085", "region": "cheongna", "region_name": "청라국제업무지구", "base_year": 2023 }, "geometry": { "type": "LineString", "coordinates": [ [ 126.646785097052231, 37.531899580517482 ], [ 126.646785925809979, 37.531741836476243 ] ] } },
{ "type": "Feature", "properties": { "도로번호": null, "명칭": null, "도로구분": "미분류", "시점": null, "종점": null, "포장재질": "포장", "분리대유무": "유", "차로수": 8, "도로폭": 40.0, "일방통행": "양방통행", "자동차전용": "일반", "기타": null, "UFID": "1000037607086A00210000000000000086", "region": "cheongna", "region_name": "청라국제업무지구", "base_year": 2023 }, "geometry": { "type": "LineString", "coordinates": [ [ 126.644355890939096, 37.541838410675005 ], [ 126.644576174384198, 37.541838921638814 ] ] } },
{ "type": "Feature", "properties": { "도로번호": null, "명칭": null, "도로구분": "미분류", "시점": null, "종점": null, "포장재질": "포장", "분리대유무": "무", "차로수": 1, "도로폭": 8.0, "일방통행": "양방통행", "자동차전용": "일반", "기타": null, "UFID": "1000037607086A00210000000000000087", "region": "cheongna", "region_name": "청라국제업무지구", "base_year": 2023 }, "geometry": { "type": "LineString", "coordinates": [ [ 126.643179502384783, 37.539070725092728 ], [ 126.64317966467884, 37.539156338184902 ] ] } },
{ "type": "Feature", "properties": { "도로번호": null, "명칭": null, "도로구분": "미분류", "시점": null, "종점": null, "포장재질": "포장", "분리대유무": "무", "차로수": 1, "도로폭": 10.0, "일방통행": "양방통행", "자동차전용": "일반", "기타": null, "UFID": "1000037607086A00210000000000000088", "region": "cheongna", "region_name": "청라국제업무지구", "base_year": 2023 }, "geometry": { "type": "LineString", "coordinates": [ [ 126.64447231139053, 37.538033145437737 ], [ 126.644587438045875, 37.538033357739693 ] ] } },
{ "type": "Feature", "properties": { "도로번호": null, "명칭": null, "도로구분": "미분류", "시점": null, "종점": null, "포장재질": "포장", "분리대유무": "무", "차로수": 4, "도로폭": 24.0, "일방통행": "양방통행", "자동차전용": "일반", "기타": null, "UFID": "1000037607086A00210000000000000089", "region": "cheongna", "region_name": "청라국제업무지구", "base_year": 2023 }, "geometry": { "type": "LineString", "coordinates": [ [ 126.644592877319212, 37.539979476061902 ], [ 126.64459250640725, 37.541063095830154 ], [ 126.644580294886907, 37.541643092815939 ] ] } },
{ "type": "Feature", "properties": { "도로번호": null, "명칭": null, "도로구분": "미분류", "시점": null, "종점": null, "포장재질": "포장", "분리대유무": "유", "차로수": 8, "도로폭": 40.0, "일방통행": "양방통행", "자동차전용": "일반", "기타": null, "UFID": "1000037607086A00210000000000000090", "region": "cheongna", "region_name": "청라국제업무지구", "base_year": 2023 }, "geometry": { "type": "LineString", "coordinates": [ [ 126.640304782994789, 37.541828915347047 ], [ 126.640553476250929, 37.541829501428602 ] ] } },
{ "type": "Feature", "properties": { "도로번호": null, "명칭": null, "도로구분": "미분류", "시점": null, "종점": null, "포장재질": "포장", "분리대유무": "무", "차로수": 4, "도로폭": 20.0, "일방통행": "양방통행", "자동차전용": "일반", "기타": null, "UFID": "1000037607086A00210000000000000091", "region": "cheongna", "region_name": "청라국제업무지구", "base_year": 2023 }, "geometry": { "type": "LineString", "coordinates": [ [ 126.644629941704011, 37.529734442656135 ], [ 126.644630631647829, 37.529896633211592 ] ] } },
{ "type": "Feature", "properties": { "도로번호": null, "명칭": null, "도로구분": "미분류", "시점": null, "종점": null, "포장재질": "포장", "분리대유무": "무", "차로수": 1, "도로폭": 10.0, "일방통행": "양방통행", "자동차전용": "일반", "기타": null, "UFID": "1000037607086A00210000000000000093", "region": "cheongna", "region_name": "청라국제업무지구", "base_year": 2023 }, "geometry": { "type": "LineString", "coordinates": [ [ 126.642328032487185, 37.537155624482011 ], [ 126.642329405619577, 37.537074466030944 ] ] } },
{ "type": "Feature", "properties": { "도로번호": null, "명칭": null, "도로구분": "미분류", "시점": null, "종점": null, "포장재질": "포장", "분리대유무": "무", "차로수": 4, "도로폭": 22.0, "일방통행": "양방통행", "자동차전용": "일반", "기타": null, "UFID": "1000037607086A00210000000000000095", "region": "cheongna", "region_name": "청라국제업무지구", "base_year": 2023 }, "geometry": { "type": "LineString", "coordinates": [ [ 126.642064362859543, 37.539064347269971 ], [ 126.642125835464256, 37.539064496641153 ] ] } },
{ "type": "Feature", "properties": { "도로번호": null, "명칭": null, "도로구분": "미분류", "시점": null, "종점": null, "포장재질": "포장", "분리대유무": "무", "차로수": 4, "도로폭": 20.0, "일방통행": "양방통행", "자동차전용": "일반", "기타": null, "UFID": "1000037607086A00210000000000000096", "region": "cheongna", "region_name": "청라국제업무지구", "base_year": 2023 }, "geometry": { "type": "LineString", "coordinates": [ [ 126.6453076552433, 37.534207587138972 ], [ 126.645459294130063, 37.534208104653779 ] ] } },
{ "type": "Feature", "properties": { "도로번호": null, "명칭": null, "도로구분": "미분류", "시점": null, "종점": null, "포장재질": "포장", "분리대유무": "무", "차로수": 4, "도로폭": 24.0, "일방통행": "양방통행", "자동차전용": "일반", "기타": null, "UFID": "1000037607086A00210000000000000097", "region": "cheongna", "region_name": "청라국제업무지구", "base_year": 2023 }, "geometry": { "type": "LineString", "coordinates": [ [ 126.644593151144747, 37.539177791756451 ], [ 126.644592937372764, 37.539803055914646 ] ] } },
{ "type": "Feature", "properties": { "도로번호": null, "명칭": null, "도로구분": "미분류", "시점": null, "종점": null, "포장재질": "포장", "분리대유무": "무", "차로수": 2, "도로폭": 14.5, "일방통행": "양방통행", "자동차전용": "일반", "기타": null, "UFID": "1000037607086A00210000000000000098", "region": "cheongna", "region_name": "청라국제업무지구", "base_year": 2023 }, "geometry": { "type": "LineString", "coordinates": [ [ 126.642964594210895, 37.547532190136707 ], [ 126.643046829559722, 37.547499277036572 ] ] } },
{ "type": "Feature", "properties": { "도로번호": null, "명칭": null, "도로구분": "미분류", "시점": null, "종점": null, "포장재질": "포장", "분리대유무": "무", "차로수": 4, "도로폭": 20.0, "일방통행": "양방통행", "자동차전용": "일반", "기타": null, "UFID": "1000037607086A00210000000000000099", "region": "cheongna", "region_name": "청라국제업무지구", "base_year": 2023 }, "geometry": { "type": "LineString", "coordinates": [ [ 126.641315501674839, 37.526646337803633 ], [ 126.642117920610474, 37.526877480371184 ], [ 126.642591387404764, 37.526994585111346 ], [ 126.642907348609711, 37.52706533123412 ], [ 126.643395951646568, 37.527164052216847 ], [ 126.643767571682176, 37.52723060506068 ], [ 126.644567353037857, 37.527350567885719 ], [ 126.644609824249457, 37.527371589827723 ], [ 126.644630835740159, 37.527416467764233 ], [ 126.644630395541029, 37.528000275796579 ] ] } },
{ "type": "Feature", "properties": { "도로번호": null, "명칭": null, "도로구분": "미분류", "시점": null, "종점": null, "포장재질": "포장", "분리대유무": "무", "차로수": 4, "도로폭": 20.0, "일방통행": "양방통행", "자동차전용": "일반", "기타": null, "UFID": "1000037607086A00210000000000000100", "region": "cheongna", "region_name": "청라국제업무지구", "base_year": 2023 }, "geometry": { "type": "LineString", "coordinates": [ [ 126.636672027718646, 37.528579789038723 ], [ 126.636678403470739, 37.528540214338307 ] ] } },
{ "type": "Feature", "properties": { "도로번호": null, "명칭": null, "도로구분": "미분류", "시점": null, "종점": null, "포장재질": "포장", "분리대유무": "무", "차로수": 1, "도로폭": 10.0, "일방통행": "양방통행", "자동차전용": "일반", "기타": null, "UFID": "1000037607086A00210000000000000101", "region": "cheongna", "region_name": "청라국제업무지구", "base_year": 2023 }, "geometry": { "type": "LineString", "coordinates": [ [ 126.643000559858393, 37.537660540434132 ], [ 126.642997980098443, 37.537968836276242 ], [ 126.643007939560675, 37.53800887870559 ], [ 126.643039990290674, 37.538026022432142 ], [ 126.643094649671227, 37.538033494718519 ], [ 126.644145206594771, 37.538032799892562 ] ] } },
{ "type": "Feature", "properties": { "도로번호": null, "명칭": null, "도로구분": "미분류", "시점": null, "종점": null, "포장재질": "포장", "분리대유무": "무", "차로수": 1, "도로폭": 10.0, "일방통행": "양방통행", "자동차전용": "일반", "기타": null, "UFID": "1000037607086A00210000000000000102", "region": "cheongna", "region_name": "청라국제업무지구", "base_year": 2023 }, "geometry": { "type": "LineString", "coordinates": [ [ 126.644250051883063, 37.537077204228218 ], [ 126.64425018019989, 37.537038047331258 ] ] } },
{ "type": "Feature", "properties": { "도로번호": null, "명칭": null, "도로구분": "미분류", "시점": null, "종점": null, "포장재질": "포장", "분리대유무": "유", "차로수": 8, "도로폭": 40.0, "일방통행": "양방통행", "자동차전용": "일반", "기타": null, "UFID": "1000037607086A00210000000000000104", "region": "cheongna", "region_name": "청라국제업무지구", "base_year": 2023 }, "geometry": { "type": "LineString", "coordinates": [ [ 126.647522795184102, 37.540855396647821 ], [ 126.647597606400439, 37.54082500500369 ] ] } },
{ "type": "Feature", "properties": { "도로번호": null, "명칭": null, "도로구분": "미분류", "시점": null, "종점": null, "포장재질": "포장", "분리대유무": "유", "차로수": 8, "도로폭": 40.0, "일방통행": "양방통행", "자동차전용": "일반", "기타": null, "UFID": "1000037607086A00210000000000000105", "region": "cheongna", "region_name": "청라국제업무지구", "base_year": 2023 }, "geometry": { "type": "LineString", "coordinates": [ [ 126.644576174384198, 37.541838921638814 ], [ 126.644819405787288, 37.541822353476071 ] ] } },
{ "type": "Feature", "properties": { "도로번호": null, "명칭": null, "도로구분": "미분류", "시점": null, "종점": null, "포장재질": "포장", "분리대유무": "무", "차로수": 1, "도로폭": 8.0, "일방통행": "양방통행", "자동차전용": "일반", "기타": null, "UFID": "1000037607086A00210000000000000106", "region": "cheongna", "region_name": "청라국제업무지구", "base_year": 2023 }, "geometry": { "type": "LineString", "coordinates": [ [ 126.641255988493455, 37.53940624934701 ], [ 126.641254332396954, 37.539675158131111 ] ] } },
{ "type": "Feature", "properties": { "도로번호": null, "명칭": null, "도로구분": "미분류", "시점": null, "종점": null, "포장재질": "포장", "분리대유무": "무", "차로수": 1, "도로폭": 9.5, "일방통행": "일방통행", "자동차전용": "일반", "기타": null, "UFID": "1000037607086A00210000000000000107", "region": "cheongna", "region_name": "청라국제업무지구", "base_year": 2023 }, "geometry": { "type": "LineString", "coordinates": [ [ 126.63923599047537, 37.53605918535375 ], [ 126.639080380376697, 37.536151548494452 ], [ 126.638986280522317, 37.536193210333145 ] ] } },
{ "type": "Feature", "properties": { "도로번호": null, "명칭": null, "도로구분": "미분류", "시점": null, "종점": null, "포장재질": "포장", "분리대유무": "무", "차로수": 1, "도로폭": 10.0, "일방통행": "양방통행", "자동차전용": "일반", "기타": null, "UFID": "1000037607086A00210000000000000108", "region": "cheongna", "region_name": "청라국제업무지구", "base_year": 2023 }, "geometry": { "type": "LineString", "coordinates": [ [ 126.642268069547555, 37.537578982075892 ], [ 126.641165801995939, 37.537579044489732 ], [ 126.641115244241348, 37.537591730041882 ], [ 126.641087845539815, 37.537623928549735 ], [ 126.641078297032635, 37.537661489072029 ], [ 126.641078981723624, 37.537801911341539 ], [ 126.641078732835112, 37.537983669354844 ] ] } },
{ "type": "Feature", "properties": { "도로번호": null, "명칭": null, "도로구분": "미분류", "시점": null, "종점": null, "포장재질": "포장", "분리대유무": "무", "차로수": 4, "도로폭": 20.0, "일방통행": "양방통행", "자동차전용": "일반", "기타": null, "UFID": "1000037607086A00210000000000000110", "region": "cheongna", "region_name": "청라국제업무지구", "base_year": 2023 }, "geometry": { "type": "LineString", "coordinates": [ [ 126.644630631647829, 37.529896633211592 ], [ 126.644629242240754, 37.530075026441907 ] ] } },
{ "type": "Feature", "properties": { "도로번호": null, "명칭": null, "도로구분": "미분류", "시점": null, "종점": null, "포장재질": "포장", "분리대유무": "무", "차로수": 1, "도로폭": 10.0, "일방통행": "양방통행", "자동차전용": "일반", "기타": null, "UFID": "1000037607086A00210000000000000111", "region": "cheongna", "region_name": "청라국제업무지구", "base_year": 2023 }, "geometry": { "type": "LineString", "coordinates": [ [ 126.643045651000151, 37.528895792853646 ], [ 126.643101809844779, 37.52889583643973 ] ] } },
{ "type": "Feature", "properties": { "도로번호": null, "명칭": null, "도로구분": "미분류", "시점": null, "종점": null, "포장재질": "포장", "분리대유무": "유", "차로수": 8, "도로폭": 40.0, "일방통행": "양방통행", "자동차전용": "일반", "기타": null, "UFID": "1000037607086A00210000000000000113", "region": "cheongna", "region_name": "청라국제업무지구", "base_year": 2023 }, "geometry": { "type": "LineString", "coordinates": [ [ 126.636541362171386, 37.541819959637102 ], [ 126.636753621845045, 37.541820469506938 ] ] } },
{ "type": "Feature", "properties": { "도로번호": null, "명칭": null, "도로구분": "미분류", "시점": null, "종점": null, "포장재질": "포장", "분리대유무": "무", "차로수": 2, "도로폭": 15.0, "일방통행": "양방통행", "자동차전용": "일반", "기타": null, "UFID": "1000037607086A00210000000000000114", "region": "cheongna", "region_name": "청라국제업무지구", "base_year": 2023 }, "geometry": { "type": "LineString", "coordinates": [ [ 126.645317766964013, 37.531864323626429 ], [ 126.645316796999253, 37.53227939188492 ], [ 126.645337255529881, 37.532350388796495 ], [ 126.645387028770472, 37.532373702888322 ], [ 126.6454583742495, 37.5323855039168 ], [ 126.646656267483394, 37.532387894866453 ], [ 126.646721578988121, 37.532381341795258 ], [ 126.646760331675594, 37.53236848336293 ], [ 126.64677857452611, 37.532341030498266 ], [ 126.646783057192877, 37.532287741840364 ], [ 126.646785097052231, 37.531899580517482 ] ] } },
{ "type": "Feature", "properties": { "도로번호": null, "명칭": null, "도로구분": "미분류", "시점": null, "종점": null, "포장재질": "포장", "분리대유무": "무", "차로수": 6, "도로폭": 35.0, "일방통행": "양방통행", "자동차전용": "일반", "기타": null, "UFID": "1000037607086A00210000000000000115", "region": "cheongna", "region_name": "청라국제업무지구", "base_year": 2023 }, "geometry": { "type": "LineString", "coordinates": [ [ 126.64061683971552, 37.528968705682871 ], [ 126.640617300207708, 37.528891825002958 ] ] } },
{ "type": "Feature", "properties": { "도로번호": null, "명칭": null, "도로구분": "미분류", "시점": null, "종점": null, "포장재질": "포장", "분리대유무": "유", "차로수": 6, "도로폭": 35.0, "일방통행": "양방통행", "자동차전용": "일반", "기타": null, "UFID": "1000037607086A00210000000000000116", "region": "cheongna", "region_name": "청라국제업무지구", "base_year": 2023 }, "geometry": { "type": "LineString", "coordinates": [ [ 126.639397047184914, 37.536059577252111 ], [ 126.63923599047537, 37.53605918535375 ] ] } },
{ "type": "Feature", "properties": { "도로번호": null, "명칭": null, "도로구분": "미분류", "시점": null, "종점": null, "포장재질": "포장", "분리대유무": "무", "차로수": 4, "도로폭": 34.5, "일방통행": "양방통행", "자동차전용": "일반", "기타": null, "UFID": "1000037607086A00210000000000000117", "region": "cheongna", "region_name": "청라국제업무지구", "base_year": 2023 }, "geometry": { "type": "LineString", "coordinates": [ [ 126.647680814446005, 37.531761542041338 ], [ 126.646865888375231, 37.531743597391866 ] ] } },
{ "type": "Feature", "properties": { "도로번호": null, "명칭": null, "도로구분": "미분류", "시점": null, "종점": null, "포장재질": "포장", "분리대유무": "무", "차로수": 1, "도로폭": 10.0, "일방통행": "양방통행", "자동차전용": "일반", "기타": null, "UFID": "1000037607086A00210000000000000119", "region": "cheongna", "region_name": "청라국제업무지구", "base_year": 2023 }, "geometry": { "type": "LineString", "coordinates": [ [ 126.642272847563405, 37.528892219274532 ], [ 126.642364754985763, 37.528892542678435 ] ] } },
{ "type": "Feature", "properties": { "도로번호": null, "명칭": null, "도로구분": "미분류", "시점": null, "종점": null, "포장재질": "포장", "분리대유무": "무", "차로수": 4, "도로폭": 34.5, "일방통행": "양방통행", "자동차전용": "일반", "기타": null, "UFID": "1000037607086A00210000000000000120", "region": "cheongna", "region_name": "청라국제업무지구", "base_year": 2023 }, "geometry": { "type": "LineString", "coordinates": [ [ 126.646865888375231, 37.531743597391866 ], [ 126.646785925809979, 37.531741836476243 ] ] } },
{ "type": "Feature", "properties": { "도로번호": null, "명칭": null, "도로구분": "미분류", "시점": null, "종점": null, "포장재질": "포장", "분리대유무": "무", "차로수": 4, "도로폭": 20.0, "일방통행": "양방통행", "자동차전용": "일반", "기타": null, "UFID": "1000037607086A00210000000000000121", "region": "cheongna", "region_name": "청라국제업무지구", "base_year": 2023 }, "geometry": { "type": "LineString", "coordinates": [ [ 126.636541362171386, 37.541819959637102 ], [ 126.636542235400796, 37.5416377450901 ] ] } },
{ "type": "Feature", "properties": { "도로번호": null, "명칭": null, "도로구분": "미분류", "시점": null, "종점": null, "포장재질": "포장", "분리대유무": "무", "차로수": 6, "도로폭": 35.0, "일방통행": "양방통행", "자동차전용": "일반", "기타": null, "UFID": "1000037607086A00210000000000000123", "region": "cheongna", "region_name": "청라국제업무지구", "base_year": 2023 }, "geometry": { "type": "LineString", "coordinates": [ [ 126.641039911255859, 37.526659718234825 ], [ 126.641071649864358, 37.526576094014054 ] ] } },
{ "type": "Feature", "properties": { "도로번호": null, "명칭": null, "도로구분": "미분류", "시점": null, "종점": null, "포장재질": "포장", "분리대유무": "무", "차로수": 6, "도로폭": 35.0, "일방통행": "양방통행", "자동차전용": "일반", "기타": null, "UFID": "1000037607086A00210000000000000124", "region": "cheongna", "region_name": "청라국제업무지구", "base_year": 2023 }, "geometry": { "type": "LineString", "coordinates": [ [ 126.640619757339323, 37.530091609093887 ], [ 126.640611697317411, 37.529908700211443 ] ] } },
{ "type": "Feature", "properties": { "도로번호": null, "명칭": null, "도로구분": "미분류", "시점": null, "종점": null, "포장재질": "포장", "분리대유무": "무", "차로수": 4, "도로폭": 20.0, "일방통행": "양방통행", "자동차전용": "일반", "기타": null, "UFID": "1000037607086A00210000000000000126", "region": "cheongna", "region_name": "청라국제업무지구", "base_year": 2023 }, "geometry": { "type": "LineString", "coordinates": [ [ 126.636546855774824, 37.540624624535837 ], [ 126.636548880080468, 37.540135798504529 ], [ 126.636553037591256, 37.539486743280627 ], [ 126.636554009274704, 37.539279561480967 ] ] } },
{ "type": "Feature", "properties": { "도로번호": null, "명칭": null, "도로구분": "미분류", "시점": null, "종점": null, "포장재질": "포장", "분리대유무": "무", "차로수": 1, "도로폭": 10.0, "일방통행": "양방통행", "자동차전용": "일반", "기타": null, "UFID": "1000037607086A00210000000000000127", "region": "cheongna", "region_name": "청라국제업무지구", "base_year": 2023 }, "geometry": { "type": "LineString", "coordinates": [ [ 126.643101809844779, 37.52889583643973 ], [ 126.644234058518251, 37.528896783941249 ] ] } },
{ "type": "Feature", "properties": { "도로번호": null, "명칭": null, "도로구분": "미분류", "시점": null, "종점": null, "포장재질": "포장", "분리대유무": "무", "차로수": 4, "도로폭": 20.0, "일방통행": "양방통행", "자동차전용": "일반", "기타": null, "UFID": "1000037607086A00210000000000000128", "region": "cheongna", "region_name": "청라국제업무지구", "base_year": 2023 }, "geometry": { "type": "LineString", "coordinates": [ [ 126.636542235400796, 37.5416377450901 ], [ 126.636545754933522, 37.540890800350901 ] ] } },
{ "type": "Feature", "properties": { "도로번호": null, "명칭": null, "도로구분": "미분류", "시점": null, "종점": null, "포장재질": "포장", "분리대유무": "무", "차로수": 4, "도로폭": 22.0, "일방통행": "양방통행", "자동차전용": "일반", "기타": null, "UFID": "1000037607086A00210000000000000129", "region": "cheongna", "region_name": "청라국제업무지구", "base_year": 2023 }, "geometry": { "type": "LineString", "coordinates": [ [ 126.644387700869217, 37.539078982738481 ], [ 126.644593182379168, 37.539080386113675 ] ] } },
{ "type": "Feature", "properties": { "도로번호": null, "명칭": null, "도로구분": "미분류", "시점": null, "종점": null, "포장재질": "포장", "분리대유무": "무", "차로수": 1, "도로폭": 10.0, "일방통행": "양방통행", "자동차전용": "일반", "기타": null, "UFID": "1000037607086A00210000000000000130", "region": "cheongna", "region_name": "청라국제업무지구", "base_year": 2023 }, "geometry": { "type": "LineString", "coordinates": [ [ 126.641122270364832, 37.528931427696776 ], [ 126.641121537144258, 37.529034643695255 ], [ 126.641122686176885, 37.529269680379919 ], [ 126.641125706679489, 37.529316703584179 ], [ 126.641139178130942, 37.529331440682455 ], [ 126.641173020315776, 37.529337688311486 ], [ 126.642329198468985, 37.529342249692327 ], [ 126.642356994730704, 37.529335503412938 ], [ 126.642366277597262, 37.529315304139892 ], [ 126.642366627528574, 37.529005055860132 ], [ 126.642365468088926, 37.528935117853379 ] ] } },
{ "type": "Feature", "properties": { "도로번호": null, "명칭": null, "도로구분": "미분류", "시점": null, "종점": null, "포장재질": "포장", "분리대유무": "무", "차로수": 1, "도로폭": 9.5, "일방통행": "일방통행", "자동차전용": "일반", "기타": null, "UFID": "1000037607086A00210000000000000132", "region": "cheongna", "region_name": "청라국제업무지구", "base_year": 2023 }, "geometry": { "type": "LineString", "coordinates": [ [ 126.636866175876335, 37.536227381871136 ], [ 126.636813553671772, 37.536210857960306 ], [ 126.636774323138738, 37.536190842411919 ], [ 126.636675327940267, 37.536131406423259 ], [ 126.636570752188902, 37.536051318569314 ] ] } },
{ "type": "Feature", "properties": { "도로번호": null, "명칭": null, "도로구분": "미분류", "시점": null, "종점": null, "포장재질": "포장", "분리대유무": "무", "차로수": 3, "도로폭": 11.5, "일방통행": "일방통행", "자동차전용": "일반", "기타": null, "UFID": "1000037607086A00210000000000000133", "region": "cheongna", "region_name": "청라국제업무지구", "base_year": 2023 }, "geometry": { "type": "LineString", "coordinates": [ [ 126.645497474739756, 37.525794681829602 ], [ 126.645693106329247, 37.525890495327253 ], [ 126.645811104875676, 37.525937340741706 ] ] } },
{ "type": "Feature", "properties": { "도로번호": null, "명칭": null, "도로구분": "미분류", "시점": null, "종점": null, "포장재질": "포장", "분리대유무": "무", "차로수": 4, "도로폭": 20.0, "일방통행": "양방통행", "자동차전용": "일반", "기타": null, "UFID": "1000037607086A00210000000000000134", "region": "cheongna", "region_name": "청라국제업무지구", "base_year": 2023 }, "geometry": { "type": "LineString", "coordinates": [ [ 126.644615118976759, 37.531928604805373 ], [ 126.644609855414245, 37.532765358084305 ] ] } },
{ "type": "Feature", "properties": { "도로번호": null, "명칭": null, "도로구분": "미분류", "시점": null, "종점": null, "포장재질": "포장", "분리대유무": "무", "차로수": 1, "도로폭": 6.0, "일방통행": "양방통행", "자동차전용": "일반", "기타": null, "UFID": "1000037607086A00210000000000000135", "region": "cheongna", "region_name": "청라국제업무지구", "base_year": 2023 }, "geometry": { "type": "LineString", "coordinates": [ [ 126.643221928760923, 37.539740065928491 ], [ 126.643590713143041, 37.539740073134482 ], [ 126.643634377236737, 37.539742476321599 ], [ 126.644004788376137, 37.539744459422856 ] ] } },
{ "type": "Feature", "properties": { "도로번호": null, "명칭": null, "도로구분": "미분류", "시점": null, "종점": null, "포장재질": "포장", "분리대유무": "무", "차로수": 4, "도로폭": 20.0, "일방통행": "양방통행", "자동차전용": "일반", "기타": null, "UFID": "1000037607086A00210000000000000136", "region": "cheongna", "region_name": "청라국제업무지구", "base_year": 2023 }, "geometry": { "type": "LineString", "coordinates": [ [ 126.644616408310284, 37.531723397666582 ], [ 126.644615118976759, 37.531928604805373 ] ] } },
{ "type": "Feature", "properties": { "도로번호": null, "명칭": null, "도로구분": "미분류", "시점": null, "종점": null, "포장재질": "포장", "분리대유무": "무", "차로수": 6, "도로폭": 35.0, "일방통행": "양방통행", "자동차전용": "일반", "기타": null, "UFID": "1000037607086A00210000000000000137", "region": "cheongna", "region_name": "청라국제업무지구", "base_year": 2023 }, "geometry": { "type": "LineString", "coordinates": [ [ 126.640580968791099, 37.537954972366258 ], [ 126.640586355885475, 37.537131974174912 ] ] } },
{ "type": "Feature", "properties": { "도로번호": null, "명칭": null, "도로구분": "미분류", "시점": null, "종점": null, "포장재질": "포장", "분리대유무": "무", "차로수": 1, "도로폭": 10.0, "일방통행": "양방통행", "자동차전용": "일반", "기타": null, "UFID": "1000037607086A00210000000000000138", "region": "cheongna", "region_name": "청라국제업무지구", "base_year": 2023 }, "geometry": { "type": "LineString", "coordinates": [ [ 126.64107867720989, 37.538028322533329 ], [ 126.641172983484466, 37.538028355949599 ] ] } },
{ "type": "Feature", "properties": { "도로번호": null, "명칭": null, "도로구분": "미분류", "시점": null, "종점": null, "포장재질": "포장", "분리대유무": "무", "차로수": 4, "도로폭": 22.0, "일방통행": "양방통행", "자동차전용": "일반", "기타": null, "UFID": "1000037607086A00210000000000000140", "region": "cheongna", "region_name": "청라국제업무지구", "base_year": 2023 }, "geometry": { "type": "LineString", "coordinates": [ [ 126.636555077453679, 37.539052730161586 ], [ 126.636676833705053, 37.539052969682125 ] ] } },
{ "type": "Feature", "properties": { "도로번호": null, "명칭": null, "도로구분": "미분류", "시점": null, "종점": null, "포장재질": "포장", "분리대유무": "무", "차로수": 4, "도로폭": 22.0, "일방통행": "양방통행", "자동차전용": "일반", "기타": null, "UFID": "1000037607086A00210000000000000141", "region": "cheongna", "region_name": "청라국제업무지구", "base_year": 2023 }, "geometry": { "type": "LineString", "coordinates": [ [ 126.640575639853878, 37.539060703026749 ], [ 126.640826326483477, 37.539061321611378 ] ] } },
{ "type": "Feature", "properties": { "도로번호": null, "명칭": null, "도로구분": "미분류", "시점": null, "종점": null, "포장재질": "포장", "분리대유무": "무", "차로수": 4, "도로폭": 20.0, "일방통행": "양방통행", "자동차전용": "일반", "기타": null, "UFID": "1000037607086A00210000000000000143", "region": "cheongna", "region_name": "청라국제업무지구", "base_year": 2023 }, "geometry": { "type": "LineString", "coordinates": [ [ 126.636690871810117, 37.534202853315591 ], [ 126.636578649045433, 37.534202787324368 ] ] } },
{ "type": "Feature", "properties": { "도로번호": null, "명칭": null, "도로구분": "미분류", "시점": null, "종점": null, "포장재질": "포장", "분리대유무": "무", "차로수": 4, "도로폭": 20.0, "일방통행": "양방통행", "자동차전용": "일반", "기타": null, "UFID": "1000037607086A00210000000000000146", "region": "cheongna", "region_name": "청라국제업무지구", "base_year": 2023 }, "geometry": { "type": "LineString", "coordinates": [ [ 126.637139230657439, 37.531731150822353 ], [ 126.636709459691701, 37.531728351902721 ] ] } },
{ "type": "Feature", "properties": { "도로번호": null, "명칭": null, "도로구분": "미분류", "시점": null, "종점": null, "포장재질": "포장", "분리대유무": "무", "차로수": 4, "도로폭": 20.0, "일방통행": "양방통행", "자동차전용": "일반", "기타": null, "UFID": "1000037607086A00210000000000000147", "region": "cheongna", "region_name": "청라국제업무지구", "base_year": 2023 }, "geometry": { "type": "LineString", "coordinates": [ [ 126.63968410983459, 37.531747663478946 ], [ 126.639318400378897, 37.531745293837645 ] ] } },
{ "type": "Feature", "properties": { "도로번호": null, "명칭": null, "도로구분": "미분류", "시점": null, "종점": null, "포장재질": "포장", "분리대유무": "무", "차로수": 1, "도로폭": 8.0, "일방통행": "양방통행", "자동차전용": "일반", "기타": null, "UFID": "1000037607086A00210000000000000148", "region": "cheongna", "region_name": "청라국제업무지구", "base_year": 2023 }, "geometry": { "type": "LineString", "coordinates": [ [ 126.644050791022522, 37.539681460834487 ], [ 126.644052000739876, 37.539416272657398 ] ] } },
{ "type": "Feature", "properties": { "도로번호": null, "명칭": null, "도로구분": "미분류", "시점": null, "종점": null, "포장재질": "포장", "분리대유무": "무", "차로수": 6, "도로폭": 35.0, "일방통행": "양방통행", "자동차전용": "일반", "기타": null, "UFID": "1000037607086A00210000000000000149", "region": "cheongna", "region_name": "청라국제업무지구", "base_year": 2023 }, "geometry": { "type": "LineString", "coordinates": [ [ 126.64478131563439, 37.53607842307796 ], [ 126.644593593841577, 37.536079319680553 ] ] } },
{ "type": "Feature", "properties": { "도로번호": null, "명칭": null, "도로구분": "미분류", "시점": null, "종점": null, "포장재질": "포장", "분리대유무": "무", "차로수": 1, "도로폭": 10.0, "일방통행": "양방통행", "자동차전용": "일반", "기타": null, "UFID": "1000037607086A00210000000000000150", "region": "cheongna", "region_name": "청라국제업무지구", "base_year": 2023 }, "geometry": { "type": "LineString", "coordinates": [ [ 126.641080944584729, 37.537026493288778 ], [ 126.641080597112406, 37.537070425691795 ] ] } },
{ "type": "Feature", "properties": { "도로번호": null, "명칭": null, "도로구분": "미분류", "시점": null, "종점": null, "포장재질": "포장", "분리대유무": "무", "차로수": 4, "도로폭": 20.0, "일방통행": "양방통행", "자동차전용": "일반", "기타": null, "UFID": "1000037607086A00210000000000000151", "region": "cheongna", "region_name": "청라국제업무지구", "base_year": 2023 }, "geometry": { "type": "LineString", "coordinates": [ [ 126.644600807711285, 37.534205190825638 ], [ 126.644714173972829, 37.534205577893175 ] ] } },
{ "type": "Feature", "properties": { "도로번호": null, "명칭": null, "도로구분": "미분류", "시점": null, "종점": null, "포장재질": "포장", "분리대유무": "무", "차로수": 4, "도로폭": 24.0, "일방통행": "양방통행", "자동차전용": "일반", "기타": null, "UFID": "1000037607086A00210000000000000152", "region": "cheongna", "region_name": "청라국제업무지구", "base_year": 2023 }, "geometry": { "type": "LineString", "coordinates": [ [ 126.644593182379168, 37.539080386113675 ], [ 126.644593151144747, 37.539177791756451 ] ] } },
{ "type": "Feature", "properties": { "도로번호": null, "명칭": null, "도로구분": "미분류", "시점": null, "종점": null, "포장재질": "포장", "분리대유무": "무", "차로수": 4, "도로폭": 20.0, "일방통행": "양방통행", "자동차전용": "일반", "기타": null, "UFID": "1000037607086A00210000000000000153", "region": "cheongna", "region_name": "청라국제업무지구", "base_year": 2023 }, "geometry": { "type": "LineString", "coordinates": [ [ 126.636588932153899, 37.531598579946234 ], [ 126.636602300030134, 37.53009552434559 ] ] } },
{ "type": "Feature", "properties": { "도로번호": null, "명칭": null, "도로구분": "미분류", "시점": null, "종점": null, "포장재질": "포장", "분리대유무": "무", "차로수": 1, "도로폭": 10.0, "일방통행": "양방통행", "자동차전용": "일반", "기타": null, "UFID": "1000037607086A00210000000000000154", "region": "cheongna", "region_name": "청라국제업무지구", "base_year": 2023 }, "geometry": { "type": "LineString", "coordinates": [ [ 126.642322416105642, 37.537500021243176 ], [ 126.642328032487185, 37.537155624482011 ] ] } },
{ "type": "Feature", "properties": { "도로번호": null, "명칭": null, "도로구분": "미분류", "시점": null, "종점": null, "포장재질": "포장", "분리대유무": "무", "차로수": 2, "도로폭": 15.0, "일방통행": "양방통행", "자동차전용": "일반", "기타": null, "UFID": "1000037607086A00210000000000000155", "region": "cheongna", "region_name": "청라국제업무지구", "base_year": 2023 }, "geometry": { "type": "LineString", "coordinates": [ [ 126.639820796713138, 37.53410134892804 ], [ 126.639820347176894, 37.534206583921105 ] ] } },
{ "type": "Feature", "properties": { "도로번호": null, "명칭": null, "도로구분": "미분류", "시점": null, "종점": null, "포장재질": "포장", "분리대유무": "무", "차로수": 1, "도로폭": 6.0, "일방통행": "양방통행", "자동차전용": "일반", "기타": null, "UFID": "1000037607086A00210000000000000156", "region": "cheongna", "region_name": "청라국제업무지구", "base_year": 2023 }, "geometry": { "type": "LineString", "coordinates": [ [ 126.641253977731793, 37.539732888337731 ], [ 126.641298647363485, 37.539733223153583 ] ] } },
{ "type": "Feature", "properties": { "도로번호": null, "명칭": null, "도로구분": "미분류", "시점": null, "종점": null, "포장재질": "포장", "분리대유무": "무", "차로수": 4, "도로폭": 20.0, "일방통행": "양방통행", "자동차전용": "일반", "기타": null, "UFID": "1000037607086A00210000000000000157", "region": "cheongna", "region_name": "청라국제업무지구", "base_year": 2023 }, "geometry": { "type": "LineString", "coordinates": [ [ 126.644617944638142, 37.531526220046331 ], [ 126.644616408310284, 37.531723397666582 ] ] } },
{ "type": "Feature", "properties": { "도로번호": null, "명칭": null, "도로구분": "미분류", "시점": null, "종점": null, "포장재질": "포장", "분리대유무": "무", "차로수": 6, "도로폭": 35.0, "일방통행": "양방통행", "자동차전용": "일반", "기타": null, "UFID": "1000037607086A00210000000000000160", "region": "cheongna", "region_name": "청라국제업무지구", "base_year": 2023 }, "geometry": { "type": "LineString", "coordinates": [ [ 126.644593593841577, 37.536079319680553 ], [ 126.644400350551635, 37.536079282144442 ] ] } },
{ "type": "Feature", "properties": { "도로번호": null, "명칭": null, "도로구분": "미분류", "시점": null, "종점": null, "포장재질": "포장", "분리대유무": "무", "차로수": 4, "도로폭": 20.0, "일방통행": "양방통행", "자동차전용": "일반", "기타": null, "UFID": "1000037607086A00210000000000000161", "region": "cheongna", "region_name": "청라국제업무지구", "base_year": 2023 }, "geometry": { "type": "LineString", "coordinates": [ [ 126.644599788324982, 37.534362781933993 ], [ 126.644601646722577, 37.534464216289976 ], [ 126.64460141721365, 37.534483731180039 ], [ 126.644618231137471, 37.535030676622142 ], [ 126.644615669822088, 37.535446439028469 ], [ 126.644600013574262, 37.535895275406524 ] ] } },
{ "type": "Feature", "properties": { "도로번호": null, "명칭": null, "도로구분": "미분류", "시점": null, "종점": null, "포장재질": "포장", "분리대유무": "무", "차로수": 2, "도로폭": 14.5, "일방통행": "양방통행", "자동차전용": "일반", "기타": null, "UFID": "1000037607086A00210000000000000162", "region": "cheongna", "region_name": "청라국제업무지구", "base_year": 2023 }, "geometry": { "type": "LineString", "coordinates": [ [ 126.643046829559722, 37.547499277036572 ], [ 126.643114005478523, 37.547472395299131 ], [ 126.643338054278814, 37.547384162510333 ] ] } },
{ "type": "Feature", "properties": { "도로번호": null, "명칭": null, "도로구분": "미분류", "시점": null, "종점": null, "포장재질": "포장", "분리대유무": "무", "차로수": 1, "도로폭": 10.0, "일방통행": "양방통행", "자동차전용": "일반", "기타": null, "UFID": "1000037607086A00210000000000000163", "region": "cheongna", "region_name": "청라국제업무지구", "base_year": 2023 }, "geometry": { "type": "LineString", "coordinates": [ [ 126.644191025774973, 37.52934869357918 ], [ 126.643098727004016, 37.529343172193002 ], [ 126.643064007674539, 37.529333641934052 ], [ 126.643042587746308, 37.529303574891841 ], [ 126.643045085283177, 37.528971537072863 ] ] } },
{ "type": "Feature", "properties": { "도로번호": null, "명칭": null, "도로구분": "미분류", "시점": null, "종점": null, "포장재질": "포장", "분리대유무": "무", "차로수": 4, "도로폭": 20.0, "일방통행": "양방통행", "자동차전용": "일반", "기타": null, "UFID": "1000037607086A00210000000000000164", "region": "cheongna", "region_name": "청라국제업무지구", "base_year": 2023 }, "geometry": { "type": "LineString", "coordinates": [ [ 126.644589434637439, 37.537157361508406 ], [ 126.644587610475952, 37.537956502415504 ] ] } },
{ "type": "Feature", "properties": { "도로번호": null, "명칭": null, "도로구분": "미분류", "시점": null, "종점": null, "포장재질": "포장", "분리대유무": "무", "차로수": 4, "도로폭": 20.0, "일방통행": "양방통행", "자동차전용": "일반", "기타": null, "UFID": "1000037607086A00210000000000000166", "region": "cheongna", "region_name": "청라국제업무지구", "base_year": 2023 }, "geometry": { "type": "LineString", "coordinates": [ [ 126.636566837430323, 37.536308001147447 ], [ 126.636570752188902, 37.536051318569314 ] ] } },
{ "type": "Feature", "properties": { "도로번호": null, "명칭": null, "도로구분": "미분류", "시점": null, "종점": null, "포장재질": "포장", "분리대유무": "무", "차로수": 4, "도로폭": 20.0, "일방통행": "양방통행", "자동차전용": "일반", "기타": null, "UFID": "1000037607086A00210000000000000167", "region": "cheongna", "region_name": "청라국제업무지구", "base_year": 2023 }, "geometry": { "type": "LineString", "coordinates": [ [ 126.639673641559853, 37.534205775087067 ], [ 126.639419907741399, 37.534204370829841 ], [ 126.637427109995144, 37.534203268971687 ] ] } },
{ "type": "Feature", "properties": { "도로번호": null, "명칭": null, "도로구분": "미분류", "시점": null, "종점": null, "포장재질": "포장", "분리대유무": "무", "차로수": 2, "도로폭": 15.0, "일방통행": "양방통행", "자동차전용": "일반", "기타": null, "UFID": "1000037607086A00210000000000000168", "region": "cheongna", "region_name": "청라국제업무지구", "base_year": 2023 }, "geometry": { "type": "LineString", "coordinates": [ [ 126.63729350998571, 37.531839987613012 ], [ 126.637288256566521, 37.532244951396002 ], [ 126.637290260798821, 37.532295764743694 ], [ 126.637306185556838, 37.532327411599198 ], [ 126.637338840862142, 37.532352343347931 ], [ 126.637389526795445, 37.532359318630917 ], [ 126.639702830565298, 37.532364570787664 ], [ 126.639776235034404, 37.532357622780914 ], [ 126.639813475824241, 37.532332382326487 ], [ 126.639827491466065, 37.532300124346342 ], [ 126.639832297456778, 37.532265090237765 ], [ 126.639835455455881, 37.531848586265234 ] ] } },
{ "type": "Feature", "properties": { "도로번호": null, "명칭": null, "도로구분": "미분류", "시점": null, "종점": null, "포장재질": "포장", "분리대유무": "무", "차로수": 1, "도로폭": 8.0, "일방통행": "양방통행", "자동차전용": "일반", "기타": null, "UFID": "1000037607086A00210000000000000169", "region": "cheongna", "region_name": "청라국제업무지구", "base_year": 2023 }, "geometry": { "type": "LineString", "coordinates": [ [ 126.641254332396954, 37.539675158131111 ], [ 126.641253977731793, 37.539732888337731 ] ] } },
{ "type": "Feature", "properties": { "도로번호": null, "명칭": null, "도로구분": "미분류", "시점": null, "종점": null, "포장재질": "포장", "분리대유무": "무", "차로수": 4, "도로폭": 20.0, "일방통행": "양방통행", "자동차전용": "일반", "기타": null, "UFID": "1000037607086A00210000000000000170", "region": "cheongna", "region_name": "청라국제업무지구", "base_year": 2023 }, "geometry": { "type": "LineString", "coordinates": [ [ 126.64516720464529, 37.534207111156 ], [ 126.6453076552433, 37.534207587138972 ] ] } },
{ "type": "Feature", "properties": { "도로번호": null, "명칭": null, "도로구분": "미분류", "시점": null, "종점": null, "포장재질": "포장", "분리대유무": "무", "차로수": 4, "도로폭": 20.0, "일방통행": "양방통행", "자동차전용": "일반", "기타": null, "UFID": "1000037607086A00210000000000000171", "region": "cheongna", "region_name": "청라국제업무지구", "base_year": 2023 }, "geometry": { "type": "LineString", "coordinates": [ [ 126.636545754933522, 37.540890800350901 ], [ 126.63654623334368, 37.540774995112713 ] ] } },
{ "type": "Feature", "properties": { "도로번호": null, "명칭": null, "도로구분": "미분류", "시점": null, "종점": null, "포장재질": "포장", "분리대유무": "무", "차로수": 1, "도로폭": 10.0, "일방통행": "양방통행", "자동차전용": "일반", "기타": null, "UFID": "1000037607086A00210000000000000172", "region": "cheongna", "region_name": "청라국제업무지구", "base_year": 2023 }, "geometry": { "type": "LineString", "coordinates": [ [ 126.644514957705084, 37.5293519026472 ], [ 126.644410305309989, 37.529350371245577 ], [ 126.644377756901903, 37.529350120971351 ] ] } },
{ "type": "Feature", "properties": { "도로번호": null, "명칭": null, "도로구분": "미분류", "시점": null, "종점": null, "포장재질": "포장", "분리대유무": "무", "차로수": 1, "도로폭": 10.0, "일방통행": "양방통행", "자동차전용": "일반", "기타": null, "UFID": "1000037607086A00210000000000000173", "region": "cheongna", "region_name": "청라국제업무지구", "base_year": 2023 }, "geometry": { "type": "LineString", "coordinates": [ [ 126.644289489763594, 37.528490186707906 ], [ 126.644289652462319, 37.528448777364389 ] ] } },
{ "type": "Feature", "properties": { "도로번호": null, "명칭": null, "도로구분": "미분류", "시점": null, "종점": null, "포장재질": "포장", "분리대유무": "무", "차로수": 4, "도로폭": 20.0, "일방통행": "양방통행", "자동차전용": "일반", "기타": null, "UFID": "1000037607086A00210000000000000174", "region": "cheongna", "region_name": "청라국제업무지구", "base_year": 2023 }, "geometry": { "type": "LineString", "coordinates": [ [ 126.637444147702141, 37.531733132465043 ], [ 126.637294913492099, 37.531732159753808 ] ] } },
{ "type": "Feature", "properties": { "도로번호": null, "명칭": null, "도로구분": "미분류", "시점": null, "종점": null, "포장재질": "포장", "분리대유무": "유", "차로수": 8, "도로폭": 40.0, "일방통행": "양방통행", "자동차전용": "일반", "기타": null, "UFID": "1000037607086A00210000000000000175", "region": "cheongna", "region_name": "청라국제업무지구", "base_year": 2023 }, "geometry": { "type": "LineString", "coordinates": [ [ 126.640553476250929, 37.541829501428602 ], [ 126.640796763177946, 37.54183007144205 ] ] } },
{ "type": "Feature", "properties": { "도로번호": null, "명칭": null, "도로구분": "미분류", "시점": null, "종점": null, "포장재질": "포장", "분리대유무": "유", "차로수": 6, "도로폭": 35.0, "일방통행": "양방통행", "자동차전용": "일반", "기타": null, "UFID": "1000037607086A00210000000000000176", "region": "cheongna", "region_name": "청라국제업무지구", "base_year": 2023 }, "geometry": { "type": "LineString", "coordinates": [ [ 126.640292335435561, 37.53606550712675 ], [ 126.639893933546816, 37.536060787148891 ], [ 126.639397047184914, 37.536059577252111 ] ] } },
{ "type": "Feature", "properties": { "도로번호": null, "명칭": null, "도로구분": "미분류", "시점": null, "종점": null, "포장재질": "포장", "분리대유무": "무", "차로수": 4, "도로폭": 20.0, "일방통행": "양방통행", "자동차전용": "일반", "기타": null, "UFID": "1000037607086A00210000000000000177", "region": "cheongna", "region_name": "청라국제업무지구", "base_year": 2023 }, "geometry": { "type": "LineString", "coordinates": [ [ 126.640828180962089, 37.526494273068231 ], [ 126.641071649864358, 37.526576094014054 ] ] } },
{ "type": "Feature", "properties": { "도로번호": null, "명칭": null, "도로구분": "미분류", "시점": null, "종점": null, "포장재질": "포장", "분리대유무": "무", "차로수": 1, "도로폭": 9.0, "일방통행": "양방통행", "자동차전용": "일반", "기타": null, "UFID": "1000037607086A00210000000000000178", "region": "cheongna", "region_name": "청라국제업무지구", "base_year": 2023 }, "geometry": { "type": "LineString", "coordinates": [ [ 126.646772747220993, 37.534212554152717 ], [ 126.646773659370837, 37.534124466458792 ] ] } },
{ "type": "Feature", "properties": { "도로번호": null, "명칭": null, "도로구분": "미분류", "시점": null, "종점": null, "포장재질": "포장", "분리대유무": "무", "차로수": 4, "도로폭": 22.0, "일방통행": "양방통행", "자동차전용": "일반", "기타": null, "UFID": "1000037607086A00210000000000000179", "region": "cheongna", "region_name": "청라국제업무지구", "base_year": 2023 }, "geometry": { "type": "LineString", "coordinates": [ [ 126.636676833705053, 37.539052969682125 ], [ 126.638264620694144, 37.539056139463533 ] ] } },
{ "type": "Feature", "properties": { "도로번호": null, "명칭": null, "도로구분": "미분류", "시점": null, "종점": null, "포장재질": "포장", "분리대유무": "무", "차로수": 4, "도로폭": 22.0, "일방통행": "양방통행", "자동차전용": "일반", "기타": null, "UFID": "1000037607086A00210000000000000181", "region": "cheongna", "region_name": "청라국제업무지구", "base_year": 2023 }, "geometry": { "type": "LineString", "coordinates": [ [ 126.642186650684678, 37.5390646448894 ], [ 126.642348862320802, 37.539065040779839 ], [ 126.643100309266529, 37.539070183039357 ] ] } },
{ "type": "Feature", "properties": { "도로번호": null, "명칭": null, "도로구분": "미분류", "시점": null, "종점": null, "포장재질": "포장", "분리대유무": "무", "차로수": 4, "도로폭": 20.0, "일방통행": "양방통행", "자동차전용": "일반", "기타": null, "UFID": "1000037607086A00210000000000000182", "region": "cheongna", "region_name": "청라국제업무지구", "base_year": 2023 }, "geometry": { "type": "LineString", "coordinates": [ [ 126.645459294130063, 37.534208104653779 ], [ 126.646621276837351, 37.534212047838679 ] ] } },
{ "type": "Feature", "properties": { "도로번호": null, "명칭": null, "도로구분": "미분류", "시점": null, "종점": null, "포장재질": "포장", "분리대유무": "무", "차로수": 1, "도로폭": 10.0, "일방통행": "양방통행", "자동차전용": "일반", "기타": null, "UFID": "1000037607086A00210000000000000183", "region": "cheongna", "region_name": "청라국제업무지구", "base_year": 2023 }, "geometry": { "type": "LineString", "coordinates": [ [ 126.64425018019989, 37.537038047331258 ], [ 126.644251267654241, 37.536704582989721 ], [ 126.644244986041898, 37.536671442552468 ], [ 126.644221879394777, 37.536643641184639 ], [ 126.644167172457585, 37.53663207965603 ], [ 126.643112951952745, 37.536624545663095 ], [ 126.643066077976158, 37.536626558276119 ], [ 126.643027922703411, 37.536634308639613 ], [ 126.643009140681869, 37.536658055275502 ], [ 126.643007049933885, 37.536695521377347 ], [ 126.643006348341743, 37.53699933508716 ] ] } },
{ "type": "Feature", "properties": { "도로번호": null, "명칭": null, "도로구분": "미분류", "시점": null, "종점": null, "포장재질": "포장", "분리대유무": "무", "차로수": 4, "도로폭": 20.0, "일방통행": "양방통행", "자동차전용": "일반", "기타": null, "UFID": "1000037607086A00210000000000000184", "region": "cheongna", "region_name": "청라국제업무지구", "base_year": 2023 }, "geometry": { "type": "LineString", "coordinates": [ [ 126.636586320462129, 37.531922326098446 ], [ 126.636587784764345, 37.531727563083571 ] ] } },
{ "type": "Feature", "properties": { "도로번호": null, "명칭": null, "도로구분": "미분류", "시점": null, "종점": null, "포장재질": "포장", "분리대유무": "무", "차로수": 6, "도로폭": 35.0, "일방통행": "양방통행", "자동차전용": "일반", "기타": null, "UFID": "1000037607086A00210000000000000185", "region": "cheongna", "region_name": "청라국제업무지구", "base_year": 2023 }, "geometry": { "type": "LineString", "coordinates": [ [ 126.641071649864358, 37.526576094014054 ], [ 126.641111449437332, 37.5264859701566 ] ] } },
{ "type": "Feature", "properties": { "도로번호": null, "명칭": null, "도로구분": "미분류", "시점": null, "종점": null, "포장재질": "포장", "분리대유무": "무", "차로수": 1, "도로폭": 9.0, "일방통행": "일방통행", "자동차전용": "일반", "기타": null, "UFID": "1000037607086A00210000000000000186", "region": "cheongna", "region_name": "청라국제업무지구", "base_year": 2023 }, "geometry": { "type": "LineString", "coordinates": [ [ 126.639091290776307, 37.52989384544054 ], [ 126.638961886720196, 37.529959817342693 ], [ 126.638842598115204, 37.530004367300762 ], [ 126.638769044171141, 37.530021657721583 ] ] } },
{ "type": "Feature", "properties": { "도로번호": null, "명칭": null, "도로구분": "미분류", "시점": null, "종점": null, "포장재질": "포장", "분리대유무": "무", "차로수": 1, "도로폭": 10.0, "일방통행": "양방통행", "자동차전용": "일반", "기타": null, "UFID": "1000037607086A00210000000000000187", "region": "cheongna", "region_name": "청라국제업무지구", "base_year": 2023 }, "geometry": { "type": "LineString", "coordinates": [ [ 126.642364754985763, 37.528892542678435 ], [ 126.642364042691923, 37.528849798118209 ] ] } },
{ "type": "Feature", "properties": { "도로번호": null, "명칭": null, "도로구분": "미분류", "시점": null, "종점": null, "포장재질": "포장", "분리대유무": "무", "차로수": 1, "도로폭": 10.0, "일방통행": "양방통행", "자동차전용": "일반", "기타": null, "UFID": "1000037607086A00210000000000000189", "region": "cheongna", "region_name": "청라국제업무지구", "base_year": 2023 }, "geometry": { "type": "LineString", "coordinates": [ [ 126.642321167734664, 37.537578980735425 ], [ 126.642268069547555, 37.537578982075892 ] ] } },
{ "type": "Feature", "properties": { "도로번호": null, "명칭": null, "도로구분": "미분류", "시점": null, "종점": null, "포장재질": "포장", "분리대유무": "무", "차로수": 6, "도로폭": 35.0, "일방통행": "양방통행", "자동차전용": "일반", "기타": null, "UFID": "1000037607086A00210000000000000190", "region": "cheongna", "region_name": "청라국제업무지구", "base_year": 2023 }, "geometry": { "type": "LineString", "coordinates": [ [ 126.640587922179961, 37.534106541375536 ], [ 126.640590543672417, 37.533442164559439 ], [ 126.640591567478765, 37.533207838329865 ] ] } },
{ "type": "Feature", "properties": { "도로번호": null, "명칭": null, "도로구분": "미분류", "시점": null, "종점": null, "포장재질": "포장", "분리대유무": "무", "차로수": 1, "도로폭": 10.0, "일방통행": "양방통행", "자동차전용": "일반", "기타": null, "UFID": "1000037607086A00210000000000000191", "region": "cheongna", "region_name": "청라국제업무지구", "base_year": 2023 }, "geometry": { "type": "LineString", "coordinates": [ [ 126.642328818752745, 37.537003088259816 ], [ 126.642326278058206, 37.536694074102243 ], [ 126.642323075096598, 37.536646663905223 ], [ 126.642299916118191, 37.536629969482348 ], [ 126.642247279588375, 37.536625369024961 ], [ 126.641828056915855, 37.536620934867209 ], [ 126.64115082378305, 37.53661759945863 ], [ 126.641106129548064, 37.53662774399946 ], [ 126.641083882456996, 37.536654319736172 ], [ 126.641080944584729, 37.537026493288778 ] ] } },
{ "type": "Feature", "properties": { "도로번호": null, "명칭": null, "도로구분": "미분류", "시점": null, "종점": null, "포장재질": "포장", "분리대유무": "무", "차로수": 1, "도로폭": 10.0, "일방통행": "양방통행", "자동차전용": "일반", "기타": null, "UFID": "1000037607086A00210000000000000192", "region": "cheongna", "region_name": "청라국제업무지구", "base_year": 2023 }, "geometry": { "type": "LineString", "coordinates": [ [ 126.641080597112406, 37.537070425691795 ], [ 126.641175253802075, 37.537070749388384 ] ] } },
{ "type": "Feature", "properties": { "도로번호": null, "명칭": null, "도로구분": "미분류", "시점": null, "종점": null, "포장재질": "포장", "분리대유무": "유", "차로수": 4, "도로폭": 23.5, "일방통행": "양방통행", "자동차전용": "일반", "기타": null, "UFID": "1000037607086A00210000000000000194", "region": "cheongna", "region_name": "청라국제업무지구", "base_year": 2023 }, "geometry": { "type": "LineString", "coordinates": [ [ 126.6459944928542, 37.525818517393127 ], [ 126.645850718521686, 37.525813716513859 ], [ 126.645497474739756, 37.525794681829602 ] ] } },
{ "type": "Feature", "properties": { "도로번호": null, "명칭": null, "도로구분": "미분류", "시점": null, "종점": null, "포장재질": "포장", "분리대유무": "무", "차로수": 4, "도로폭": 22.0, "일방통행": "양방통행", "자동차전용": "일반", "기타": null, "UFID": "1000037607086A00210000000000000195", "region": "cheongna", "region_name": "청라국제업무지구", "base_year": 2023 }, "geometry": { "type": "LineString", "coordinates": [ [ 126.640826326483477, 37.539061321611378 ], [ 126.642064362859543, 37.539064347269971 ] ] } },
{ "type": "Feature", "properties": { "도로번호": null, "명칭": null, "도로구분": "미분류", "시점": null, "종점": null, "포장재질": "포장", "분리대유무": "무", "차로수": 4, "도로폭": 22.0, "일방통행": "양방통행", "자동차전용": "일반", "기타": null, "UFID": "1000037607086A00210000000000000196", "region": "cheongna", "region_name": "청라국제업무지구", "base_year": 2023 }, "geometry": { "type": "LineString", "coordinates": [ [ 126.646982351594247, 37.538672275487286 ], [ 126.64707408990644, 37.538638292935481 ] ] } },
{ "type": "Feature", "properties": { "도로번호": null, "명칭": null, "도로구분": "미분류", "시점": null, "종점": null, "포장재질": "포장", "분리대유무": "무", "차로수": 1, "도로폭": 10.0, "일방통행": "양방통행", "자동차전용": "일반", "기타": null, "UFID": "1000037607086A00210000000000000197", "region": "cheongna", "region_name": "청라국제업무지구", "base_year": 2023 }, "geometry": { "type": "LineString", "coordinates": [ [ 126.644343791963948, 37.537077324404578 ], [ 126.644478524197154, 37.537077505754837 ] ] } },
{ "type": "Feature", "properties": { "도로번호": null, "명칭": null, "도로구분": "미분류", "시점": null, "종점": null, "포장재질": "포장", "분리대유무": "무", "차로수": 1, "도로폭": 10.0, "일방통행": "양방통행", "자동차전용": "일반", "기타": null, "UFID": "1000037607086A00210000000000000198", "region": "cheongna", "region_name": "청라국제업무지구", "base_year": 2023 }, "geometry": { "type": "LineString", "coordinates": [ [ 126.643045085283177, 37.528971537072863 ], [ 126.643045651000151, 37.528895792853646 ] ] } },
{ "type": "Feature", "properties": { "도로번호": null, "명칭": null, "도로구분": "미분류", "시점": null, "종점": null, "포장재질": "포장", "분리대유무": "무", "차로수": 2, "도로폭": 15.0, "일방통행": "양방통행", "자동차전용": "일반", "기타": null, "UFID": "1000037607086A00210000000000000199", "region": "cheongna", "region_name": "청라국제업무지구", "base_year": 2023 }, "geometry": { "type": "LineString", "coordinates": [ [ 126.639835455455881, 37.531848586265234 ], [ 126.639836218725364, 37.531748442817857 ] ] } },
{ "type": "Feature", "properties": { "도로번호": null, "명칭": null, "도로구분": "미분류", "시점": null, "종점": null, "포장재질": "포장", "분리대유무": "유", "차로수": 8, "도로폭": 40.0, "일방통행": "양방통행", "자동차전용": "일반", "기타": null, "UFID": "1000037607086A00210000000000000200", "region": "cheongna", "region_name": "청라국제업무지구", "base_year": 2023 }, "geometry": { "type": "LineString", "coordinates": [ [ 126.636308090369425, 37.541819403593266 ], [ 126.636541362171386, 37.541819959637102 ] ] } },
{ "type": "Feature", "properties": { "도로번호": null, "명칭": null, "도로구분": "미분류", "시점": null, "종점": null, "포장재질": "포장", "분리대유무": "무", "차로수": 4, "도로폭": 20.0, "일방통행": "양방통행", "자동차전용": "일반", "기타": null, "UFID": "1000037607086A00210000000000000201", "region": "cheongna", "region_name": "청라국제업무지구", "base_year": 2023 }, "geometry": { "type": "LineString", "coordinates": [ [ 126.6365800086391, 37.534356277106113 ], [ 126.636578649045433, 37.534202787324368 ] ] } },
{ "type": "Feature", "properties": { "도로번호": null, "명칭": null, "도로구분": "미분류", "시점": null, "종점": null, "포장재질": "포장", "분리대유무": "무", "차로수": 1, "도로폭": 9.0, "일방통행": "일방통행", "자동차전용": "일반", "기타": null, "UFID": "1000037607086A00210000000000000202", "region": "cheongna", "region_name": "청라국제업무지구", "base_year": 2023 }, "geometry": { "type": "LineString", "coordinates": [ [ 126.638798737980508, 37.52975290999148 ], [ 126.63889564454395, 37.529781659819669 ], [ 126.638992218201921, 37.529825743518096 ], [ 126.639091290776307, 37.52989384544054 ] ] } },
{ "type": "Feature", "properties": { "도로번호": null, "명칭": null, "도로구분": "미분류", "시점": null, "종점": null, "포장재질": "포장", "분리대유무": "무", "차로수": 1, "도로폭": 8.0, "일방통행": "양방통행", "자동차전용": "일반", "기타": null, "UFID": "1000037607086A00210000000000000203", "region": "cheongna", "region_name": "청라국제업무지구", "base_year": 2023 }, "geometry": { "type": "LineString", "coordinates": [ [ 126.642125680327197, 37.539676024363779 ], [ 126.64212710899659, 37.53940622378704 ], [ 126.642128169110066, 37.539294262987539 ], [ 126.642126754824247, 37.539155044076345 ] ] } },
{ "type": "Feature", "properties": { "도로번호": null, "명칭": null, "도로구분": "미분류", "시점": null, "종점": null, "포장재질": "포장", "분리대유무": "무", "차로수": 6, "도로폭": 35.0, "일방통행": "양방통행", "자동차전용": "일반", "기타": null, "UFID": "1000037607086A00210000000000000204", "region": "cheongna", "region_name": "청라국제업무지구", "base_year": 2023 }, "geometry": { "type": "LineString", "coordinates": [ [ 126.640552920742778, 37.541631741217003 ], [ 126.64055030393321, 37.540692184446954 ], [ 126.640574131648819, 37.53915780773476 ] ] } },
{ "type": "Feature", "properties": { "도로번호": null, "명칭": null, "도로구분": "미분류", "시점": null, "종점": null, "포장재질": "포장", "분리대유무": "무", "차로수": 8, "도로폭": 40.0, "일방통행": "양방통행", "자동차전용": "일반", "기타": null, "UFID": "1000037607086A00210000000000000205", "region": "cheongna", "region_name": "청라국제업무지구", "base_year": 2023 }, "geometry": { "type": "LineString", "coordinates": [ [ 126.64089229635205, 37.529907705829622 ], [ 126.643197908072025, 37.52989954923725 ], [ 126.644432656230038, 37.529897038328002 ] ] } },
{ "type": "Feature", "properties": { "도로번호": null, "명칭": null, "도로구분": "미분류", "시점": null, "종점": null, "포장재질": "포장", "분리대유무": "무", "차로수": 4, "도로폭": 20.0, "일방통행": "양방통행", "자동차전용": "일반", "기타": null, "UFID": "1000037607086A00210000000000000206", "region": "cheongna", "region_name": "청라국제업무지구", "base_year": 2023 }, "geometry": { "type": "LineString", "coordinates": [ [ 126.645166866332545, 37.531728081104326 ], [ 126.645318077969492, 37.531729363353648 ] ] } },
{ "type": "Feature", "properties": { "도로번호": null, "명칭": null, "도로구분": "미분류", "시점": null, "종점": null, "포장재질": "포장", "분리대유무": "유", "차로수": 8, "도로폭": 45.0, "일방통행": "양방통행", "자동차전용": "일반", "기타": null, "UFID": "1000037607086A00210000000000000207", "region": "cheongna", "region_name": "청라국제업무지구", "base_year": 2023 }, "geometry": { "type": "LineString", "coordinates": [ [ 126.645345230726619, 37.525782206342569 ], [ 126.645222511916685, 37.52577214302864 ], [ 126.644945971161732, 37.525745777712885 ], [ 126.644661655990717, 37.525712593935658 ], [ 126.644394378962716, 37.525677326313421 ], [ 126.644264928721029, 37.525657628091395 ], [ 126.643911435915072, 37.525598881848516 ], [ 126.642736055207976, 37.525355954197828 ], [ 126.642466304913413, 37.525281860653628 ], [ 126.642048393056712, 37.5251442197656 ] ] } },
{ "type": "Feature", "properties": { "도로번호": null, "명칭": null, "도로구분": "미분류", "시점": null, "종점": null, "포장재질": "포장", "분리대유무": "무", "차로수": 4, "도로폭": 20.0, "일방통행": "양방통행", "자동차전용": "일반", "기타": null, "UFID": "1000037607086A00210000000000000208", "region": "cheongna", "region_name": "청라국제업무지구", "base_year": 2023 }, "geometry": { "type": "LineString", "coordinates": [ [ 126.644592518963961, 37.536247634227053 ], [ 126.644589879307745, 37.537003833137817 ] ] } },
{ "type": "Feature", "properties": { "도로번호": null, "명칭": null, "도로구분": "미분류", "시점": null, "종점": null, "포장재질": "포장", "분리대유무": "무", "차로수": 3, "도로폭": 11.5, "일방통행": "일방통행", "자동차전용": "일반", "기타": null, "UFID": "1000037607086A00210000000000000209", "region": "cheongna", "region_name": "청라국제업무지구", "base_year": 2023 }, "geometry": { "type": "LineString", "coordinates": [ [ 126.645858659218604, 37.525677258093801 ], [ 126.645717246887145, 37.525716315693543 ], [ 126.645497474739756, 37.525794681829602 ] ] } },
{ "type": "Feature", "properties": { "도로번호": null, "명칭": null, "도로구분": "미분류", "시점": null, "종점": null, "포장재질": "포장", "분리대유무": "무", "차로수": 1, "도로폭": 8.0, "일방통행": "양방통행", "자동차전용": "일반", "기타": null, "UFID": "1000037607086A00210000000000000211", "region": "cheongna", "region_name": "청라국제업무지구", "base_year": 2023 }, "geometry": { "type": "LineString", "coordinates": [ [ 126.643178485876774, 37.539682935889182 ], [ 126.643178196662731, 37.539740064437417 ] ] } },
{ "type": "Feature", "properties": { "도로번호": null, "명칭": null, "도로구분": "미분류", "시점": null, "종점": null, "포장재질": "포장", "분리대유무": "무", "차로수": 4, "도로폭": 20.0, "일방통행": "양방통행", "자동차전용": "일반", "기타": null, "UFID": "1000037607086A00210000000000000212", "region": "cheongna", "region_name": "청라국제업무지구", "base_year": 2023 }, "geometry": { "type": "LineString", "coordinates": [ [ 126.636664759982452, 37.528637891800216 ], [ 126.636669560695125, 37.528595102903623 ], [ 126.636672027718646, 37.528579789038723 ] ] } },
{ "type": "Feature", "properties": { "도로번호": null, "명칭": null, "도로구분": "미분류", "시점": null, "종점": null, "포장재질": "포장", "분리대유무": "무", "차로수": 4, "도로폭": 20.0, "일방통행": "양방통행", "자동차전용": "일반", "기타": null, "UFID": "1000037607086A00210000000000000213", "region": "cheongna", "region_name": "청라국제업무지구", "base_year": 2023 }, "geometry": { "type": "LineString", "coordinates": [ [ 126.636587784764345, 37.531727563083571 ], [ 126.636588932153899, 37.531598579946234 ] ] } },
{ "type": "Feature", "properties": { "도로번호": null, "명칭": null, "도로구분": "미분류", "시점": null, "종점": null, "포장재질": "포장", "분리대유무": "무", "차로수": 1, "도로폭": 10.0, "일방통행": "양방통행", "자동차전용": "일반", "기타": null, "UFID": "1000037607086A00210000000000000215", "region": "cheongna", "region_name": "청라국제업무지구", "base_year": 2023 }, "geometry": { "type": "LineString", "coordinates": [ [ 126.644234058518251, 37.528896783941249 ], [ 126.644287910588318, 37.528896828123273 ] ] } },
{ "type": "Feature", "properties": { "도로번호": null, "명칭": null, "도로구분": "미분류", "시점": null, "종점": null, "포장재질": "포장", "분리대유무": "무", "차로수": 1, "도로폭": 8.0, "일방통행": "양방통행", "자동차전용": "일반", "기타": null, "UFID": "1000037607086A00210000000000000216", "region": "cheongna", "region_name": "청라국제업무지구", "base_year": 2023 }, "geometry": { "type": "LineString", "coordinates": [ [ 126.642125041190639, 37.53979649182903 ], [ 126.64212536108019, 37.539736190973535 ] ] } },
{ "type": "Feature", "properties": { "도로번호": null, "명칭": null, "도로구분": "미분류", "시점": null, "종점": null, "포장재질": "포장", "분리대유무": "무", "차로수": 6, "도로폭": 35.0, "일방통행": "양방통행", "자동차전용": "일반", "기타": null, "UFID": "1000037607086A00210000000000000217", "region": "cheongna", "region_name": "청라국제업무지구", "base_year": 2023 }, "geometry": { "type": "LineString", "coordinates": [ [ 126.644400350551635, 37.536079282144442 ], [ 126.642067659859308, 37.536086298533768 ], [ 126.641404969228631, 37.53608109945899 ], [ 126.640860913022777, 37.536073076096969 ] ] } },
{ "type": "Feature", "properties": { "도로번호": null, "명칭": null, "도로구분": "미분류", "시점": null, "종점": null, "포장재질": "포장", "분리대유무": "무", "차로수": 1, "도로폭": 9.0, "일방통행": "양방통행", "자동차전용": "일반", "기타": null, "UFID": "1000037607086A00210000000000000218", "region": "cheongna", "region_name": "청라국제업무지구", "base_year": 2023 }, "geometry": { "type": "LineString", "coordinates": [ [ 126.645308801026616, 37.534118310846331 ], [ 126.6453076552433, 37.534207587138972 ] ] } },
{ "type": "Feature", "properties": { "도로번호": null, "명칭": null, "도로구분": "미분류", "시점": null, "종점": null, "포장재질": "포장", "분리대유무": "무", "차로수": 4, "도로폭": 20.0, "일방통행": "양방통행", "자동차전용": "일반", "기타": null, "UFID": "1000037607086A00210000000000000220", "region": "cheongna", "region_name": "청라국제업무지구", "base_year": 2023 }, "geometry": { "type": "LineString", "coordinates": [ [ 126.63657630002642, 37.534019806690075 ], [ 126.636573633901548, 37.533821037818207 ], [ 126.63657729311754, 37.53320731203587 ] ] } },
{ "type": "Feature", "properties": { "도로번호": null, "명칭": null, "도로구분": "미분류", "시점": null, "종점": null, "포장재질": "포장", "분리대유무": "무", "차로수": 4, "도로폭": 20.0, "일방통행": "양방통행", "자동차전용": "일반", "기타": null, "UFID": "1000037607086A00210000000000000221", "region": "cheongna", "region_name": "청라국제업무지구", "base_year": 2023 }, "geometry": { "type": "LineString", "coordinates": [ [ 126.645463725740754, 37.531730602577397 ], [ 126.64662964464766, 37.531740512105465 ] ] } },
{ "type": "Feature", "properties": { "도로번호": null, "명칭": null, "도로구분": "미분류", "시점": null, "종점": null, "포장재질": "포장", "분리대유무": "무", "차로수": 1, "도로폭": 10.0, "일방통행": "양방통행", "자동차전용": "일반", "기타": null, "UFID": "1000037607086A00210000000000000222", "region": "cheongna", "region_name": "청라국제업무지구", "base_year": 2023 }, "geometry": { "type": "LineString", "coordinates": [ [ 126.644248036981296, 37.537994088492461 ], [ 126.644251156785643, 37.537649628267118 ], [ 126.644237062959533, 37.537610411409766 ], [ 126.644207247336112, 37.53758933648799 ], [ 126.644165071934424, 37.537583686306206 ], [ 126.643053210702348, 37.537581358800338 ] ] } },
{ "type": "Feature", "properties": { "도로번호": null, "명칭": null, "도로구분": "미분류", "시점": null, "종점": null, "포장재질": "포장", "분리대유무": "무", "차로수": 4, "도로폭": 34.5, "일방통행": "양방통행", "자동차전용": "일반", "기타": null, "UFID": "1000037607086A00210000000000000223", "region": "cheongna", "region_name": "청라국제업무지구", "base_year": 2023 }, "geometry": { "type": "LineString", "coordinates": [ [ 126.647724639182016, 37.531762507099081 ], [ 126.647680814446005, 37.531761542041338 ] ] } },
{ "type": "Feature", "properties": { "도로번호": null, "명칭": null, "도로구분": "미분류", "시점": null, "종점": null, "포장재질": "포장", "분리대유무": "무", "차로수": 1, "도로폭": 10.0, "일방통행": "양방통행", "자동차전용": "일반", "기타": null, "UFID": "1000037607086A00210000000000000224", "region": "cheongna", "region_name": "청라국제업무지구", "base_year": 2023 }, "geometry": { "type": "LineString", "coordinates": [ [ 126.644335314831991, 37.53803289598936 ], [ 126.64447231139053, 37.538033145437737 ] ] } },
{ "type": "Feature", "properties": { "도로번호": null, "명칭": null, "도로구분": "미분류", "시점": null, "종점": null, "포장재질": "포장", "분리대유무": "무", "차로수": 1, "도로폭": 9.0, "일방통행": "일방통행", "자동차전용": "일반", "기타": null, "UFID": "1000037607086A00210000000000000225", "region": "cheongna", "region_name": "청라국제업무지구", "base_year": 2023 }, "geometry": { "type": "LineString", "coordinates": [ [ 126.638769044171141, 37.530021657721583 ], [ 126.63870653558017, 37.530036351877698 ], [ 126.638612513553653, 37.530042568499269 ], [ 126.637749070991831, 37.530040436732477 ], [ 126.637213094570399, 37.530047927590012 ], [ 126.636987002517785, 37.530053251499858 ], [ 126.636903211670855, 37.530049309736505 ] ] } },
{ "type": "Feature", "properties": { "도로번호": null, "명칭": null, "도로구분": "미분류", "시점": null, "종점": null, "포장재질": "포장", "분리대유무": "무", "차로수": 4, "도로폭": 20.0, "일방통행": "양방통행", "자동차전용": "일반", "기타": null, "UFID": "1000037607086A00210000000000000226", "region": "cheongna", "region_name": "청라국제업무지구", "base_year": 2023 }, "geometry": { "type": "LineString", "coordinates": [ [ 126.640335542219503, 37.534209423615259 ], [ 126.639953793087955, 37.534207314305462 ] ] } },
{ "type": "Feature", "properties": { "도로번호": null, "명칭": null, "도로구분": "미분류", "시점": null, "종점": null, "포장재질": "포장", "분리대유무": "무", "차로수": 4, "도로폭": 20.0, "일방통행": "양방통행", "자동차전용": "일반", "기타": null, "UFID": "1000037607086A00210000000000000228", "region": "cheongna", "region_name": "청라국제업무지구", "base_year": 2023 }, "geometry": { "type": "LineString", "coordinates": [ [ 126.644623963232917, 37.530753222503954 ], [ 126.644623536387442, 37.530807896414672 ] ] } },
{ "type": "Feature", "properties": { "도로번호": null, "명칭": null, "도로구분": "미분류", "시점": null, "종점": null, "포장재질": "포장", "분리대유무": "무", "차로수": 1, "도로폭": 10.0, "일방통행": "양방통행", "자동차전용": "일반", "기타": null, "UFID": "1000037607086A00210000000000000229", "region": "cheongna", "region_name": "청라국제업무지구", "base_year": 2023 }, "geometry": { "type": "LineString", "coordinates": [ [ 126.640580497985667, 37.538027365938049 ], [ 126.640772878859707, 37.538027789134553 ] ] } },
{ "type": "Feature", "properties": { "도로번호": null, "명칭": null, "도로구분": "미분류", "시점": null, "종점": null, "포장재질": "포장", "분리대유무": "무", "차로수": 1, "도로폭": 10.0, "일방통행": "양방통행", "자동차전용": "일반", "기타": null, "UFID": "1000037607086A00210000000000000230", "region": "cheongna", "region_name": "청라국제업무지구", "base_year": 2023 }, "geometry": { "type": "LineString", "coordinates": [ [ 126.643006348341743, 37.53699933508716 ], [ 126.64300617730558, 37.537075559725139 ] ] } },
{ "type": "Feature", "properties": { "도로번호": null, "명칭": null, "도로구분": "미분류", "시점": null, "종점": null, "포장재질": "포장", "분리대유무": "무", "차로수": 2, "도로폭": 15.0, "일방통행": "양방통행", "자동차전용": "일반", "기타": null, "UFID": "1000037607086A00210000000000000231", "region": "cheongna", "region_name": "청라국제업무지구", "base_year": 2023 }, "geometry": { "type": "LineString", "coordinates": [ [ 126.637294913492099, 37.531732159753808 ], [ 126.63729350998571, 37.531839987613012 ] ] } },
{ "type": "Feature", "properties": { "도로번호": null, "명칭": null, "도로구분": "미분류", "시점": null, "종점": null, "포장재질": "포장", "분리대유무": "무", "차로수": 4, "도로폭": 20.0, "일방통행": "양방통행", "자동차전용": "일반", "기타": null, "UFID": "1000037607086A00210000000000000232", "region": "cheongna", "region_name": "청라국제업무지구", "base_year": 2023 }, "geometry": { "type": "LineString", "coordinates": [ [ 126.63654623334368, 37.540774995112713 ], [ 126.636546855774824, 37.540624624535837 ] ] } },
{ "type": "Feature", "properties": { "도로번호": null, "명칭": null, "도로구분": "미분류", "시점": null, "종점": null, "포장재질": "포장", "분리대유무": "무", "차로수": 1, "도로폭": 6.0, "일방통행": "양방통행", "자동차전용": "일반", "기타": null, "UFID": "1000037607086A00210000000000000233", "region": "cheongna", "region_name": "청라국제업무지구", "base_year": 2023 }, "geometry": { "type": "LineString", "coordinates": [ [ 126.643178196662731, 37.539740064437417 ], [ 126.643221928760923, 37.539740065928491 ] ] } },
{ "type": "Feature", "properties": { "도로번호": null, "명칭": null, "도로구분": "미분류", "시점": null, "종점": null, "포장재질": "포장", "분리대유무": "무", "차로수": 1, "도로폭": 10.0, "일방통행": "양방통행", "자동차전용": "일반", "기타": null, "UFID": "1000037607086A00210000000000000235", "region": "cheongna", "region_name": "청라국제업무지구", "base_year": 2023 }, "geometry": { "type": "LineString", "coordinates": [ [ 126.641172983484466, 37.538028355949599 ], [ 126.641324373213294, 37.538028402307297 ], [ 126.642266394006739, 37.538031557088651 ], [ 126.642299799383068, 37.538016394511097 ], [ 126.642319040408935, 37.537989054411931 ], [ 126.642320767429823, 37.537655681295782 ] ] } },
{ "type": "Feature", "properties": { "도로번호": null, "명칭": null, "도로구분": "미분류", "시점": null, "종점": null, "포장재질": "포장", "분리대유무": "무", "차로수": 1, "도로폭": 10.0, "일방통행": "양방통행", "자동차전용": "일반", "기타": null, "UFID": "1000037607086A00210000000000000236", "region": "cheongna", "region_name": "청라국제업무지구", "base_year": 2023 }, "geometry": { "type": "LineString", "coordinates": [ [ 126.641175253802075, 37.537070749388384 ], [ 126.64227290186092, 37.537074285870375 ] ] } },
{ "type": "Feature", "properties": { "도로번호": null, "명칭": null, "도로구분": "미분류", "시점": null, "종점": null, "포장재질": "포장", "분리대유무": "무", "차로수": 1, "도로폭": 10.0, "일방통행": "양방통행", "자동차전용": "일반", "기타": null, "UFID": "1000037607086A00210000000000000237", "region": "cheongna", "region_name": "청라국제업무지구", "base_year": 2023 }, "geometry": { "type": "LineString", "coordinates": [ [ 126.641078732835112, 37.537983669354844 ], [ 126.64107867720989, 37.538028322533329 ] ] } },
{ "type": "Feature", "properties": { "도로번호": null, "명칭": null, "도로구분": "미분류", "시점": null, "종점": null, "포장재질": "포장", "분리대유무": "무", "차로수": 1, "도로폭": 9.0, "일방통행": "일방통행", "자동차전용": "일반", "기타": null, "UFID": "1000037607086A00210000000000000238", "region": "cheongna", "region_name": "청라국제업무지구", "base_year": 2023 }, "geometry": { "type": "LineString", "coordinates": [ [ 126.636910176611423, 37.52971197991188 ], [ 126.636968062894965, 37.529708202490312 ], [ 126.637104737059204, 37.529708559473271 ], [ 126.637766377674595, 37.529715617376922 ], [ 126.638223887224896, 37.529728364219181 ], [ 126.63862684278287, 37.52972911948951 ], [ 126.638784106945025, 37.529748567486777 ], [ 126.638798737980508, 37.52975290999148 ] ] } },
{ "type": "Feature", "properties": { "도로번호": null, "명칭": null, "도로구분": "미분류", "시점": null, "종점": null, "포장재질": "포장", "분리대유무": "무", "차로수": 4, "도로폭": 20.0, "일방통행": "양방통행", "자동차전용": "일반", "기타": null, "UFID": "1000037607086A00210000000000000239", "region": "cheongna", "region_name": "청라국제업무지구", "base_year": 2023 }, "geometry": { "type": "LineString", "coordinates": [ [ 126.636555077453679, 37.539052730161586 ], [ 126.636555864691147, 37.538885642978244 ] ] } },
{ "type": "Feature", "properties": { "도로번호": null, "명칭": null, "도로구분": "미분류", "시점": null, "종점": null, "포장재질": "포장", "분리대유무": "유", "차로수": 6, "도로폭": 25.0, "일방통행": "양방통행", "자동차전용": "일반", "기타": null, "UFID": "1000037607086A00210000000000000240", "region": "cheongna", "region_name": "청라국제업무지구", "base_year": 2023 }, "geometry": { "type": "LineString", "coordinates": [ [ 126.63923599047537, 37.53605918535375 ], [ 126.638830883959741, 37.536058189450358 ] ] } },
{ "type": "Feature", "properties": { "도로번호": null, "명칭": null, "도로구분": "미분류", "시점": null, "종점": null, "포장재질": "포장", "분리대유무": "무", "차로수": 4, "도로폭": 20.0, "일방통행": "양방통행", "자동차전용": "일반", "기타": null, "UFID": "1000037607086A00210000000000000243", "region": "cheongna", "region_name": "청라국제업무지구", "base_year": 2023 }, "geometry": { "type": "LineString", "coordinates": [ [ 126.637277924279445, 37.534203181155931 ], [ 126.637134008627058, 37.53420309943413 ] ] } },
{ "type": "Feature", "properties": { "도로번호": null, "명칭": null, "도로구분": "미분류", "시점": null, "종점": null, "포장재질": "포장", "분리대유무": "무", "차로수": 6, "도로폭": 35.0, "일방통행": "양방통행", "자동차전용": "일반", "기타": null, "UFID": "1000037607086A00210000000000000244", "region": "cheongna", "region_name": "청라국제업무지구", "base_year": 2023 }, "geometry": { "type": "LineString", "coordinates": [ [ 126.640553476250929, 37.541829501428602 ], [ 126.640552920742778, 37.541631741217003 ] ] } },
{ "type": "Feature", "properties": { "도로번호": null, "명칭": null, "도로구분": "미분류", "시점": null, "종점": null, "포장재질": "포장", "분리대유무": "무", "차로수": 1, "도로폭": 10.0, "일방통행": "양방통행", "자동차전용": "일반", "기타": null, "UFID": "1000037607086A00210000000000000245", "region": "cheongna", "region_name": "청라국제업무지구", "base_year": 2023 }, "geometry": { "type": "LineString", "coordinates": [ [ 126.641024350156258, 37.528887377680277 ], [ 126.6411225782103, 37.528888188880401 ] ] } },
{ "type": "Feature", "properties": { "도로번호": null, "명칭": null, "도로구분": "미분류", "시점": null, "종점": null, "포장재질": "포장", "분리대유무": "무", "차로수": 4, "도로폭": 20.0, "일방통행": "양방통행", "자동차전용": "일반", "기타": null, "UFID": "1000037607086A00210000000000000246", "region": "cheongna", "region_name": "청라국제업무지구", "base_year": 2023 }, "geometry": { "type": "LineString", "coordinates": [ [ 126.636555864691147, 37.538885642978244 ], [ 126.636565737652376, 37.536784065032975 ], [ 126.636566837430323, 37.536308001147447 ] ] } },
{ "type": "Feature", "properties": { "도로번호": null, "명칭": null, "도로구분": "미분류", "시점": null, "종점": null, "포장재질": "포장", "분리대유무": "무", "차로수": 1, "도로폭": 10.0, "일방통행": "양방통행", "자동차전용": "일반", "기타": null, "UFID": "1000037607086A00210000000000000247", "region": "cheongna", "region_name": "청라국제업무지구", "base_year": 2023 }, "geometry": { "type": "LineString", "coordinates": [ [ 126.644289652462319, 37.528448777364389 ], [ 126.644388337520169, 37.528449010585305 ] ] } },
{ "type": "Feature", "properties": { "도로번호": null, "명칭": null, "도로구분": "미분류", "시점": null, "종점": null, "포장재질": "포장", "분리대유무": "무", "차로수": 4, "도로폭": 20.0, "일방통행": "양방통행", "자동차전용": "일반", "기타": null, "UFID": "1000037607086A00210000000000000248", "region": "cheongna", "region_name": "청라국제업무지구", "base_year": 2023 }, "geometry": { "type": "LineString", "coordinates": [ [ 126.637134008627058, 37.53420309943413 ], [ 126.636690871810117, 37.534202853315591 ] ] } },
{ "type": "Feature", "properties": { "도로번호": null, "명칭": null, "도로구분": "미분류", "시점": null, "종점": null, "포장재질": "포장", "분리대유무": "무", "차로수": 1, "도로폭": 8.0, "일방통행": "양방통행", "자동차전용": "일반", "기타": null, "UFID": "1000037607086A00210000000000000249", "region": "cheongna", "region_name": "청라국제업무지구", "base_year": 2023 }, "geometry": { "type": "LineString", "coordinates": [ [ 126.64317966467884, 37.539156338184902 ], [ 126.643179930282741, 37.539296252789278 ], [ 126.643179853569947, 37.539413263049113 ], [ 126.643178485876774, 37.539682935889182 ] ] } },
{ "type": "Feature", "properties": { "도로번호": null, "명칭": null, "도로구분": "미분류", "시점": null, "종점": null, "포장재질": "포장", "분리대유무": "무", "차로수": 4, "도로폭": 20.0, "일방통행": "양방통행", "자동차전용": "일반", "기타": null, "UFID": "1000037607086A00210000000000000250", "region": "cheongna", "region_name": "청라국제업무지구", "base_year": 2023 }, "geometry": { "type": "LineString", "coordinates": [ [ 126.644600013574262, 37.535895275406524 ], [ 126.644593593841577, 37.536079319680553 ] ] } },
{ "type": "Feature", "properties": { "도로번호": null, "명칭": null, "도로구분": "미분류", "시점": null, "종점": null, "포장재질": "포장", "분리대유무": "무", "차로수": 6, "도로폭": 35.0, "일방통행": "양방통행", "자동차전용": "일반", "기타": null, "UFID": "1000037607086A00210000000000000252", "region": "cheongna", "region_name": "청라국제업무지구", "base_year": 2023 }, "geometry": { "type": "LineString", "coordinates": [ [ 126.640585946602798, 37.536990939148673 ], [ 126.640578401266112, 37.536266930830962 ] ] } },
{ "type": "Feature", "properties": { "도로번호": null, "명칭": null, "도로구분": "미분류", "시점": null, "종점": null, "포장재질": "포장", "분리대유무": "무", "차로수": 1, "도로폭": 8.0, "일방통행": "양방통행", "자동차전용": "일반", "기타": null, "UFID": "1000037607086A00210000000000000253", "region": "cheongna", "region_name": "청라국제업무지구", "base_year": 2023 }, "geometry": { "type": "LineString", "coordinates": [ [ 126.643178196662731, 37.539740064437417 ], [ 126.643177908763761, 37.539796679421634 ] ] } },
{ "type": "Feature", "properties": { "도로번호": null, "명칭": null, "도로구분": "미분류", "시점": null, "종점": null, "포장재질": "포장", "분리대유무": "무", "차로수": 1, "도로폭": 10.0, "일방통행": "양방통행", "자동차전용": "일반", "기타": null, "UFID": "1000037607086A00210000000000000254", "region": "cheongna", "region_name": "청라국제업무지구", "base_year": 2023 }, "geometry": { "type": "LineString", "coordinates": [ [ 126.644195131524953, 37.528448600755354 ], [ 126.644289652462319, 37.528448777364389 ] ] } },
{ "type": "Feature", "properties": { "도로번호": null, "명칭": null, "도로구분": "미분류", "시점": null, "종점": null, "포장재질": "포장", "분리대유무": "무", "차로수": 2, "도로폭": 15.0, "일방통행": "양방통행", "자동차전용": "일반", "기타": null, "UFID": "1000037607086A00210000000000000255", "region": "cheongna", "region_name": "청라국제업무지구", "base_year": 2023 }, "geometry": { "type": "LineString", "coordinates": [ [ 126.645318077969492, 37.531729363353648 ], [ 126.645317766964013, 37.531864323626429 ] ] } },
{ "type": "Feature", "properties": { "도로번호": null, "명칭": null, "도로구분": "미분류", "시점": null, "종점": null, "포장재질": "포장", "분리대유무": "무", "차로수": 1, "도로폭": 10.0, "일방통행": "양방통행", "자동차전용": "일반", "기타": null, "UFID": "1000037607086A00210000000000000256", "region": "cheongna", "region_name": "청라국제업무지구", "base_year": 2023 }, "geometry": { "type": "LineString", "coordinates": [ [ 126.644628298148419, 37.529353560110209 ], [ 126.644514957705084, 37.5293519026472 ] ] } },
{ "type": "Feature", "properties": { "도로번호": null, "명칭": null, "도로구분": "미분류", "시점": null, "종점": null, "포장재질": "포장", "분리대유무": "무", "차로수": 4, "도로폭": 20.0, "일방통행": "양방통행", "자동차전용": "일반", "기타": null, "UFID": "1000037607086A00210000000000000257", "region": "cheongna", "region_name": "청라국제업무지구", "base_year": 2023 }, "geometry": { "type": "LineString", "coordinates": [ [ 126.647724639182016, 37.531762507099081 ], [ 126.647772422946957, 37.531762913617555 ] ] } },
{ "type": "Feature", "properties": { "도로번호": null, "명칭": null, "도로구분": "미분류", "시점": null, "종점": null, "포장재질": "포장", "분리대유무": "무", "차로수": 4, "도로폭": 20.0, "일방통행": "양방통행", "자동차전용": "일반", "기타": null, "UFID": "1000037607086A00210000000000000258", "region": "cheongna", "region_name": "청라국제업무지구", "base_year": 2023 }, "geometry": { "type": "LineString", "coordinates": [ [ 126.646772747220993, 37.534212554152717 ], [ 126.646926548222922, 37.534213078052481 ] ] } },
{ "type": "Feature", "properties": { "도로번호": null, "명칭": null, "도로구분": "미분류", "시점": null, "종점": null, "포장재질": "포장", "분리대유무": "무", "차로수": 2, "도로폭": 15.0, "일방통행": "양방통행", "자동차전용": "일반", "기타": null, "UFID": "1000037607086A00210000000000000259", "region": "cheongna", "region_name": "청라국제업무지구", "base_year": 2023 }, "geometry": { "type": "LineString", "coordinates": [ [ 126.637277924279445, 37.534203181155931 ], [ 126.637278974235457, 37.534098523760896 ] ] } },
{ "type": "Feature", "properties": { "도로번호": null, "명칭": null, "도로구분": "미분류", "시점": null, "종점": null, "포장재질": "포장", "분리대유무": "무", "차로수": 4, "도로폭": 22.0, "일방통행": "양방통행", "자동차전용": "일반", "기타": null, "UFID": "1000037607086A00210000000000000260", "region": "cheongna", "region_name": "청라국제업무지구", "base_year": 2023 }, "geometry": { "type": "LineString", "coordinates": [ [ 126.643255870294695, 37.539071246845211 ], [ 126.644387700869217, 37.539078982738481 ] ] } },
{ "type": "Feature", "properties": { "도로번호": null, "명칭": null, "도로구분": "미분류", "시점": null, "종점": null, "포장재질": "포장", "분리대유무": "무", "차로수": 4, "도로폭": 22.0, "일방통행": "양방통행", "자동차전용": "일반", "기타": null, "UFID": "1000037607086A00210000000000000261", "region": "cheongna", "region_name": "청라국제업무지구", "base_year": 2023 }, "geometry": { "type": "LineString", "coordinates": [ [ 126.640301201950777, 37.539060163834101 ], [ 126.640575639853878, 37.539060703026749 ] ] } },
{ "type": "Feature", "properties": { "도로번호": null, "명칭": null, "도로구분": "미분류", "시점": null, "종점": null, "포장재질": "포장", "분리대유무": "무", "차로수": 4, "도로폭": 20.0, "일방통행": "양방통행", "자동차전용": "일반", "기타": null, "UFID": "1000037607086A00210000000000000262", "region": "cheongna", "region_name": "청라국제업무지구", "base_year": 2023 }, "geometry": { "type": "LineString", "coordinates": [ [ 126.644587802027885, 37.538099464896554 ], [ 126.644592612452115, 37.538976616729677 ] ] } },
{ "type": "Feature", "properties": { "도로번호": null, "명칭": null, "도로구분": "미분류", "시점": null, "종점": null, "포장재질": "포장", "분리대유무": "무", "차로수": 1, "도로폭": 10.0, "일방통행": "양방통행", "자동차전용": "일반", "기타": null, "UFID": "1000037607086A00210000000000000263", "region": "cheongna", "region_name": "청라국제업무지구", "base_year": 2023 }, "geometry": { "type": "LineString", "coordinates": [ [ 126.643059738687001, 37.537075630630738 ], [ 126.644144952119845, 37.537077067766646 ] ] } },
{ "type": "Feature", "properties": { "도로번호": null, "명칭": null, "도로구분": "미분류", "시점": null, "종점": null, "포장재질": "포장", "분리대유무": "무", "차로수": 1, "도로폭": 10.0, "일방통행": "양방통행", "자동차전용": "일반", "기타": null, "UFID": "1000037607086A00210000000000000264", "region": "cheongna", "region_name": "청라국제업무지구", "base_year": 2023 }, "geometry": { "type": "LineString", "coordinates": [ [ 126.643005403284008, 37.537154853133259 ], [ 126.643001944182743, 37.53750758345852 ] ] } },
{ "type": "Feature", "properties": { "도로번호": null, "명칭": null, "도로구분": "미분류", "시점": null, "종점": null, "포장재질": "포장", "분리대유무": "무", "차로수": 4, "도로폭": 20.0, "일방통행": "양방통행", "자동차전용": "일반", "기타": null, "UFID": "1000037607086A00210000000000000265", "region": "cheongna", "region_name": "청라국제업무지구", "base_year": 2023 }, "geometry": { "type": "LineString", "coordinates": [ [ 126.637427109995144, 37.534203268971687 ], [ 126.637277924279445, 37.534203181155931 ] ] } },
{ "type": "Feature", "properties": { "도로번호": null, "명칭": null, "도로구분": "미분류", "시점": null, "종점": null, "포장재질": "포장", "분리대유무": "무", "차로수": 1, "도로폭": 8.0, "일방통행": "양방통행", "자동차전용": "일반", "기타": null, "UFID": "1000037607086A00210000000000000266", "region": "cheongna", "region_name": "청라국제업무지구", "base_year": 2023 }, "geometry": { "type": "LineString", "coordinates": [ [ 126.64405050282312, 37.539744704445958 ], [ 126.644050791022522, 37.539681460834487 ] ] } },
{ "type": "Feature", "properties": { "도로번호": null, "명칭": null, "도로구분": "미분류", "시점": null, "종점": null, "포장재질": "포장", "분리대유무": "무", "차로수": 4, "도로폭": 20.0, "일방통행": "양방통행", "자동차전용": "일반", "기타": null, "UFID": "1000037607086A00210000000000000267", "region": "cheongna", "region_name": "청라국제업무지구", "base_year": 2023 }, "geometry": { "type": "LineString", "coordinates": [ [ 126.636678403470739, 37.528540214338307 ], [ 126.636719800161217, 37.528283269201317 ], [ 126.63681005091658, 37.527843211469126 ], [ 126.636835676730684, 37.527745099601702 ], [ 126.636973867072285, 37.527257005576367 ] ] } },
{ "type": "Feature", "properties": { "도로번호": null, "명칭": null, "도로구분": "미분류", "시점": null, "종점": null, "포장재질": "포장", "분리대유무": "무", "차로수": 1, "도로폭": 8.0, "일방통행": "양방통행", "자동차전용": "일반", "기타": null, "UFID": "1000037607086A00210000000000000268", "region": "cheongna", "region_name": "청라국제업무지구", "base_year": 2023 }, "geometry": { "type": "LineString", "coordinates": [ [ 126.642126754824247, 37.539155044076345 ], [ 126.642125835464256, 37.539064496641153 ] ] } },
{ "type": "Feature", "properties": { "도로번호": null, "명칭": null, "도로구분": "미분류", "시점": null, "종점": null, "포장재질": "포장", "분리대유무": "무", "차로수": 4, "도로폭": 20.0, "일방통행": "양방통행", "자동차전용": "일반", "기타": null, "UFID": "1000037607086A00210000000000000269", "region": "cheongna", "region_name": "청라국제업무지구", "base_year": 2023 }, "geometry": { "type": "LineString", "coordinates": [ [ 126.644628388022625, 37.529262838979683 ], [ 126.644628298148419, 37.529353560110209 ] ] } },
{ "type": "Feature", "properties": { "도로번호": null, "명칭": null, "도로구분": "미분류", "시점": null, "종점": null, "포장재질": "포장", "분리대유무": "무", "차로수": 4, "도로폭": 20.0, "일방통행": "양방통행", "자동차전용": "일반", "기타": null, "UFID": "1000037607086A00210000000000000270", "region": "cheongna", "region_name": "청라국제업무지구", "base_year": 2023 }, "geometry": { "type": "LineString", "coordinates": [ [ 126.639820347176894, 37.534206583921105 ], [ 126.639673641559853, 37.534205775087067 ] ] } },
{ "type": "Feature", "properties": { "도로번호": null, "명칭": null, "도로구분": "미분류", "시점": null, "종점": null, "포장재질": "포장", "분리대유무": "무", "차로수": 4, "도로폭": 22.0, "일방통행": "양방통행", "자동차전용": "일반", "기타": null, "UFID": "1000037607086A00210000000000000271", "region": "cheongna", "region_name": "청라국제업무지구", "base_year": 2023 }, "geometry": { "type": "LineString", "coordinates": [ [ 126.644593182379168, 37.539080386113675 ], [ 126.644797397468807, 37.539083999969314 ] ] } },
{ "type": "Feature", "properties": { "도로번호": null, "명칭": null, "도로구분": "미분류", "시점": null, "종점": null, "포장재질": "포장", "분리대유무": "무", "차로수": 6, "도로폭": 35.0, "일방통행": "양방통행", "자동차전용": "일반", "기타": null, "UFID": "1000037607086A00210000000000000273", "region": "cheongna", "region_name": "청라국제업무지구", "base_year": 2023 }, "geometry": { "type": "LineString", "coordinates": [ [ 126.640580497985667, 37.538027365938049 ], [ 126.640580968791099, 37.537954972366258 ] ] } },
{ "type": "Feature", "properties": { "도로번호": null, "명칭": null, "도로구분": "미분류", "시점": null, "종점": null, "포장재질": "포장", "분리대유무": "무", "차로수": 4, "도로폭": 20.0, "일방통행": "양방통행", "자동차전용": "일반", "기타": null, "UFID": "1000037607086A00210000000000000274", "region": "cheongna", "region_name": "청라국제업무지구", "base_year": 2023 }, "geometry": { "type": "LineString", "coordinates": [ [ 126.644592612452115, 37.538976616729677 ], [ 126.644593182379168, 37.539080386113675 ] ] } },
{ "type": "Feature", "properties": { "도로번호": null, "명칭": null, "도로구분": "미분류", "시점": null, "종점": null, "포장재질": "포장", "분리대유무": "무", "차로수": 4, "도로폭": 20.0, "일방통행": "양방통행", "자동차전용": "일반", "기타": null, "UFID": "1000037607086A00210000000000000275", "region": "cheongna", "region_name": "청라국제업무지구", "base_year": 2023 }, "geometry": { "type": "LineString", "coordinates": [ [ 126.639982433440593, 37.53174916885375 ], [ 126.639836218725364, 37.531748442817857 ] ] } },
{ "type": "Feature", "properties": { "도로번호": null, "명칭": null, "도로구분": "미분류", "시점": null, "종점": null, "포장재질": "포장", "분리대유무": "무", "차로수": 6, "도로폭": 35.0, "일방통행": "양방통행", "자동차전용": "일반", "기타": null, "UFID": "1000037607086A00210000000000000276", "region": "cheongna", "region_name": "청라국제업무지구", "base_year": 2023 }, "geometry": { "type": "LineString", "coordinates": [ [ 126.640574131648819, 37.53915780773476 ], [ 126.640575639853878, 37.539060703026749 ] ] } },
{ "type": "Feature", "properties": { "도로번호": null, "명칭": null, "도로구분": "미분류", "시점": null, "종점": null, "포장재질": "포장", "분리대유무": "무", "차로수": 1, "도로폭": 10.0, "일방통행": "양방통행", "자동차전용": "일반", "기타": null, "UFID": "1000037607086A00210000000000000280", "region": "cheongna", "region_name": "청라국제업무지구", "base_year": 2023 }, "geometry": { "type": "LineString", "coordinates": [ [ 126.644144952119845, 37.537077067766646 ], [ 126.644250051883063, 37.537077204228218 ] ] } },
{ "type": "Feature", "properties": { "도로번호": null, "명칭": null, "도로구분": "미분류", "시점": null, "종점": null, "포장재질": "포장", "분리대유무": "무", "차로수": 4, "도로폭": 20.0, "일방통행": "양방통행", "자동차전용": "일반", "기타": null, "UFID": "1000037607086A00210000000000000282", "region": "cheongna", "region_name": "청라국제업무지구", "base_year": 2023 }, "geometry": { "type": "LineString", "coordinates": [ [ 126.636602300030134, 37.53009552434559 ], [ 126.636603515166058, 37.52988446957972 ] ] } },
{ "type": "Feature", "properties": { "도로번호": null, "명칭": null, "도로구분": "미분류", "시점": null, "종점": null, "포장재질": "포장", "분리대유무": "무", "차로수": 4, "도로폭": 20.0, "일방통행": "양방통행", "자동차전용": "일반", "기타": null, "UFID": "1000037607086A00210000000000000283", "region": "cheongna", "region_name": "청라국제업무지구", "base_year": 2023 }, "geometry": { "type": "LineString", "coordinates": [ [ 126.637777551113331, 37.525315650611994 ], [ 126.637818188787577, 37.525224133876435 ] ] } },
{ "type": "Feature", "properties": { "도로번호": null, "명칭": null, "도로구분": "미분류", "시점": null, "종점": null, "포장재질": "포장", "분리대유무": "무", "차로수": 6, "도로폭": 35.0, "일방통행": "양방통행", "자동차전용": "일반", "기타": null, "UFID": "1000037607086A00210000000000000284", "region": "cheongna", "region_name": "청라국제업무지구", "base_year": 2023 }, "geometry": { "type": "LineString", "coordinates": [ [ 126.640579972251246, 37.535864171481066 ], [ 126.640590949845105, 37.535245941385142 ], [ 126.640588099926589, 37.534361604952153 ] ] } },
{ "type": "Feature", "properties": { "도로번호": null, "명칭": null, "도로구분": "미분류", "시점": null, "종점": null, "포장재질": "포장", "분리대유무": "무", "차로수": 1, "도로폭": 9.5, "일방통행": "일방통행", "자동차전용": "일반", "기타": null, "UFID": "1000037607086A00210000000000000285", "region": "cheongna", "region_name": "청라국제업무지구", "base_year": 2023 }, "geometry": { "type": "LineString", "coordinates": [ [ 126.638986280522317, 37.536193210333145 ], [ 126.638921208064531, 37.536208257137055 ], [ 126.638837252869337, 37.536215829158543 ], [ 126.637710564963498, 37.536216432490974 ], [ 126.636958588183248, 37.536225999161736 ], [ 126.636866175876335, 37.536227381871136 ] ] } },
{ "type": "Feature", "properties": { "도로번호": null, "명칭": null, "도로구분": "미분류", "시점": null, "종점": null, "포장재질": "포장", "분리대유무": "무", "차로수": 4, "도로폭": 20.0, "일방통행": "양방통행", "자동차전용": "일반", "기타": null, "UFID": "1000037607086A00210000000000000286", "region": "cheongna", "region_name": "청라국제업무지구", "base_year": 2023 }, "geometry": { "type": "LineString", "coordinates": [ [ 126.639836218725364, 37.531748442817857 ], [ 126.63968410983459, 37.531747663478946 ] ] } },
{ "type": "Feature", "properties": { "도로번호": null, "명칭": null, "도로구분": "미분류", "시점": null, "종점": null, "포장재질": "포장", "분리대유무": "무", "차로수": 6, "도로폭": 35.0, "일방통행": "양방통행", "자동차전용": "일반", "기타": null, "UFID": "1000037607086A00210000000000000287", "region": "cheongna", "region_name": "청라국제업무지구", "base_year": 2023 }, "geometry": { "type": "LineString", "coordinates": [ [ 126.640578401266112, 37.536266930830962 ], [ 126.640576343346595, 37.536068876640975 ] ] } },
{ "type": "Feature", "properties": { "도로번호": null, "명칭": null, "도로구분": "미분류", "시점": null, "종점": null, "포장재질": "포장", "분리대유무": "무", "차로수": 8, "도로폭": 45.0, "일방통행": "양방통행", "자동차전용": "일반", "기타": null, "UFID": "1000037607086A00210000000000000288", "region": "cheongna", "region_name": "청라국제업무지구", "base_year": 2023 }, "geometry": { "type": "LineString", "coordinates": [ [ 126.639091290776307, 37.52989384544054 ], [ 126.639199774714442, 37.529896042881454 ] ] } },
{ "type": "Feature", "properties": { "도로번호": null, "명칭": null, "도로구분": "미분류", "시점": null, "종점": null, "포장재질": "포장", "분리대유무": "무", "차로수": 1, "도로폭": 9.5, "일방통행": "일방통행", "자동차전용": "일반", "기타": null, "UFID": "1000037607086A00210000000000000289", "region": "cheongna", "region_name": "청라국제업무지구", "base_year": 2023 }, "geometry": { "type": "LineString", "coordinates": [ [ 126.636865797202091, 37.535885714050728 ], [ 126.636899420461816, 37.535881411567615 ], [ 126.636936938795955, 37.535879300559181 ], [ 126.637477166858758, 37.535885636372107 ], [ 126.637931843255473, 37.535904304269522 ], [ 126.638842200482131, 37.535905243955135 ], [ 126.6389264169689, 37.535920845443464 ], [ 126.638973791713994, 37.535932469874737 ] ] } },
{ "type": "Feature", "properties": { "도로번호": null, "명칭": null, "도로구분": "미분류", "시점": null, "종점": null, "포장재질": "포장", "분리대유무": "무", "차로수": 4, "도로폭": 22.0, "일방통행": "양방통행", "자동차전용": "일반", "기타": null, "UFID": "1000037607086A00210000000000000290", "region": "cheongna", "region_name": "청라국제업무지구", "base_year": 2023 }, "geometry": { "type": "LineString", "coordinates": [ [ 126.642125835464256, 37.539064496641153 ], [ 126.642186650684678, 37.5390646448894 ] ] } },
{ "type": "Feature", "properties": { "도로번호": null, "명칭": null, "도로구분": "미분류", "시점": null, "종점": null, "포장재질": "포장", "분리대유무": "무", "차로수": 1, "도로폭": 10.0, "일방통행": "양방통행", "자동차전용": "일반", "기타": null, "UFID": "1000037607086A00210000000000000293", "region": "cheongna", "region_name": "청라국제업무지구", "base_year": 2023 }, "geometry": { "type": "LineString", "coordinates": [ [ 126.644287443374679, 37.528978538150028 ], [ 126.644287910588318, 37.528896828123273 ] ] } },
{ "type": "Feature", "properties": { "도로번호": null, "명칭": null, "도로구분": "미분류", "시점": null, "종점": null, "포장재질": "포장", "분리대유무": "무", "차로수": 6, "도로폭": 35.0, "일방통행": "양방통행", "자동차전용": "일반", "기타": null, "UFID": "1000037607086A00210000000000000294", "region": "cheongna", "region_name": "청라국제업무지구", "base_year": 2023 }, "geometry": { "type": "LineString", "coordinates": [ [ 126.640586768150712, 37.53706988780641 ], [ 126.640585946602798, 37.536990939148673 ] ] } },
{ "type": "Feature", "properties": { "도로번호": null, "명칭": null, "도로구분": "미분류", "시점": null, "종점": null, "포장재질": "포장", "분리대유무": "유", "차로수": 8, "도로폭": 45.0, "일방통행": "양방통행", "자동차전용": "일반", "기타": null, "UFID": "1000037607086A00210000000000000296", "region": "cheongna", "region_name": "청라국제업무지구", "base_year": 2023 }, "geometry": { "type": "LineString", "coordinates": [ [ 126.645497474739756, 37.525794681829602 ], [ 126.645345230726619, 37.525782206342569 ] ] } },
{ "type": "Feature", "properties": { "도로번호": null, "명칭": null, "도로구분": "미분류", "시점": null, "종점": null, "포장재질": "포장", "분리대유무": "무", "차로수": 4, "도로폭": 20.0, "일방통행": "양방통행", "자동차전용": "일반", "기타": null, "UFID": "1000037607086A00210000000000000297", "region": "cheongna", "region_name": "청라국제업무지구", "base_year": 2023 }, "geometry": { "type": "LineString", "coordinates": [ [ 126.639318400378897, 37.531745293837645 ], [ 126.639258866181706, 37.531744907471712 ] ] } },
{ "type": "Feature", "properties": { "도로번호": null, "명칭": null, "도로구분": "미분류", "시점": null, "종점": null, "포장재질": "포장", "분리대유무": "무", "차로수": 1, "도로폭": 10.0, "일방통행": "양방통행", "자동차전용": "일반", "기타": null, "UFID": "1000037607086A00210000000000000298", "region": "cheongna", "region_name": "청라국제업무지구", "base_year": 2023 }, "geometry": { "type": "LineString", "coordinates": [ [ 126.644285286213517, 37.529349409106537 ], [ 126.644285547148101, 37.529303991528749 ] ] } },
{ "type": "Feature", "properties": { "도로번호": null, "명칭": null, "도로구분": "미분류", "시점": null, "종점": null, "포장재질": "포장", "분리대유무": "무", "차로수": 1, "도로폭": 10.0, "일방통행": "양방통행", "자동차전용": "일반", "기타": null, "UFID": "1000037607086A00210000000000000299", "region": "cheongna", "region_name": "청라국제업무지구", "base_year": 2023 }, "geometry": { "type": "LineString", "coordinates": [ [ 126.641219905721513, 37.528888529645528 ], [ 126.642272847563405, 37.528892219274532 ] ] } },
{ "type": "Feature", "properties": { "도로번호": null, "명칭": null, "도로구분": "미분류", "시점": null, "종점": null, "포장재질": "포장", "분리대유무": "무", "차로수": 1, "도로폭": 8.0, "일방통행": "양방통행", "자동차전용": "일반", "기타": null, "UFID": "1000037607086A00210000000000000300", "region": "cheongna", "region_name": "청라국제업무지구", "base_year": 2023 }, "geometry": { "type": "LineString", "coordinates": [ [ 126.641253977731793, 37.539732888337731 ], [ 126.641253611258009, 37.539792374547993 ] ] } },
{ "type": "Feature", "properties": { "도로번호": null, "명칭": null, "도로구분": "미분류", "시점": null, "종점": null, "포장재질": "포장", "분리대유무": "무", "차로수": 1, "도로폭": 10.0, "일방통행": "양방통행", "자동차전용": "일반", "기타": null, "UFID": "1000037607086A00210000000000000301", "region": "cheongna", "region_name": "청라국제업무지구", "base_year": 2023 }, "geometry": { "type": "LineString", "coordinates": [ [ 126.642364754985763, 37.528892542678435 ], [ 126.642462985831372, 37.528893011294258 ] ] } },
{ "type": "Feature", "properties": { "도로번호": null, "명칭": null, "도로구분": "미분류", "시점": null, "종점": null, "포장재질": "포장", "분리대유무": "무", "차로수": 4, "도로폭": 20.0, "일방통행": "양방통행", "자동차전용": "일반", "기타": null, "UFID": "1000037607086A00210000000000000302", "region": "cheongna", "region_name": "청라국제업무지구", "base_year": 2023 }, "geometry": { "type": "LineString", "coordinates": [ [ 126.64462923691562, 37.528451971085744 ], [ 126.644629172045001, 37.528518346457318 ] ] } },
{ "type": "Feature", "properties": { "도로번호": null, "명칭": null, "도로구분": "미분류", "시점": null, "종점": null, "포장재질": "포장", "분리대유무": "무", "차로수": 7, "도로폭": 40.0, "일방통행": "양방통행", "자동차전용": "일반", "기타": null, "UFID": "1000037607086A00210000000000000303", "region": "cheongna", "region_name": "청라국제업무지구", "base_year": 2023 }, "geometry": { "type": "LineString", "coordinates": [ [ 126.644630631647829, 37.529896633211592 ], [ 126.644829333474135, 37.529897879673484 ] ] } },
{ "type": "Feature", "properties": { "도로번호": null, "명칭": null, "도로구분": "미분류", "시점": null, "종점": null, "포장재질": "포장", "분리대유무": "유", "차로수": 8, "도로폭": 40.0, "일방통행": "양방통행", "자동차전용": "일반", "기타": null, "UFID": "1000037607086A00210000000000000304", "region": "cheongna", "region_name": "청라국제업무지구", "base_year": 2023 }, "geometry": { "type": "LineString", "coordinates": [ [ 126.647597606400439, 37.54082500500369 ], [ 126.647659142239249, 37.540800005803916 ] ] } },
{ "type": "Feature", "properties": { "도로번호": null, "명칭": null, "도로구분": "미분류", "시점": null, "종점": null, "포장재질": "포장", "분리대유무": "무", "차로수": 1, "도로폭": 10.0, "일방통행": "양방통행", "자동차전용": "일반", "기타": null, "UFID": "1000037607086A00210000000000000305", "region": "cheongna", "region_name": "청라국제업무지구", "base_year": 2023 }, "geometry": { "type": "LineString", "coordinates": [ [ 126.642320767429823, 37.537655681295782 ], [ 126.642321167734664, 37.537578980735425 ] ] } },
{ "type": "Feature", "properties": { "도로번호": null, "명칭": null, "도로구분": "미분류", "시점": null, "종점": null, "포장재질": "포장", "분리대유무": "무", "차로수": 1, "도로폭": 10.0, "일방통행": "양방통행", "자동차전용": "일반", "기타": null, "UFID": "1000037607086A00210000000000000306", "region": "cheongna", "region_name": "청라국제업무지구", "base_year": 2023 }, "geometry": { "type": "LineString", "coordinates": [ [ 126.644377756901903, 37.529350120971351 ], [ 126.644285286213517, 37.529349409106537 ] ] } },
{ "type": "Feature", "properties": { "도로번호": null, "명칭": null, "도로구분": "미분류", "시점": null, "종점": null, "포장재질": "포장", "분리대유무": "무", "차로수": 4, "도로폭": 20.0, "일방통행": "양방통행", "자동차전용": "일반", "기타": null, "UFID": "1000037607086A00210000000000000307", "region": "cheongna", "region_name": "청라국제업무지구", "base_year": 2023 }, "geometry": { "type": "LineString", "coordinates": [ [ 126.644629242240754, 37.530075026441907 ], [ 126.644624468104908, 37.530688302690578 ] ] } },
{ "type": "Feature", "properties": { "도로번호": null, "명칭": null, "도로구분": "미분류", "시점": null, "종점": null, "포장재질": "포장", "분리대유무": "무", "차로수": 1, "도로폭": 10.0, "일방통행": "양방통행", "자동차전용": "일반", "기타": null, "UFID": "1000037607086A00210000000000000308", "region": "cheongna", "region_name": "청라국제업무지구", "base_year": 2023 }, "geometry": { "type": "LineString", "coordinates": [ [ 126.64424768367634, 37.53803273113769 ], [ 126.644248036981296, 37.537994088492461 ] ] } },
{ "type": "Feature", "properties": { "도로번호": null, "명칭": null, "도로구분": "미분류", "시점": null, "종점": null, "포장재질": "포장", "분리대유무": "무", "차로수": 4, "도로폭": 20.0, "일방통행": "양방통행", "자동차전용": "일반", "기타": null, "UFID": "1000037607086A00210000000000000309", "region": "cheongna", "region_name": "청라국제업무지구", "base_year": 2023 }, "geometry": { "type": "LineString", "coordinates": [ [ 126.644714173972829, 37.534205577893175 ], [ 126.64516720464529, 37.534207111156 ] ] } },
{ "type": "Feature", "properties": { "도로번호": null, "명칭": null, "도로구분": "미분류", "시점": null, "종점": null, "포장재질": "포장", "분리대유무": "무", "차로수": 4, "도로폭": 20.0, "일방통행": "양방통행", "자동차전용": "일반", "기타": null, "UFID": "1000037607086A00210000000000000310", "region": "cheongna", "region_name": "청라국제업무지구", "base_year": 2023 }, "geometry": { "type": "LineString", "coordinates": [ [ 126.637818188787577, 37.525224133876435 ], [ 126.638006502040668, 37.525310134795632 ] ] } },
{ "type": "Feature", "properties": { "도로번호": null, "명칭": null, "도로구분": "미분류", "시점": null, "종점": null, "포장재질": "포장", "분리대유무": "무", "차로수": 1, "도로폭": 10.0, "일방통행": "양방통행", "자동차전용": "일반", "기타": null, "UFID": "1000037607086A00210000000000000311", "region": "cheongna", "region_name": "청라국제업무지구", "base_year": 2023 }, "geometry": { "type": "LineString", "coordinates": [ [ 126.640777293957427, 37.537069691766384 ], [ 126.640987403920903, 37.537069754980223 ] ] } },
{ "type": "Feature", "properties": { "도로번호": null, "명칭": null, "도로구분": "미분류", "시점": null, "종점": null, "포장재질": "포장", "분리대유무": "무", "차로수": 4, "도로폭": 20.0, "일방통행": "양방통행", "자동차전용": "일반", "기타": null, "UFID": "1000037607086A00210000000000000312", "region": "cheongna", "region_name": "청라국제업무지구", "base_year": 2023 }, "geometry": { "type": "LineString", "coordinates": [ [ 126.644628298148419, 37.529353560110209 ], [ 126.644628606408077, 37.529424270390564 ] ] } },
{ "type": "Feature", "properties": { "도로번호": null, "명칭": null, "도로구분": "미분류", "시점": null, "종점": null, "포장재질": "포장", "분리대유무": "무", "차로수": 1, "도로폭": 10.0, "일방통행": "양방통행", "자동차전용": "일반", "기타": null, "UFID": "1000037607086A00210000000000000313", "region": "cheongna", "region_name": "청라국제업무지구", "base_year": 2023 }, "geometry": { "type": "LineString", "coordinates": [ [ 126.64300617730558, 37.537075559725139 ], [ 126.643005403284008, 37.537154853133259 ] ] } },
{ "type": "Feature", "properties": { "도로번호": null, "명칭": null, "도로구분": "미분류", "시점": null, "종점": null, "포장재질": "포장", "분리대유무": "무", "차로수": 4, "도로폭": 20.0, "일방통행": "양방통행", "자동차전용": "일반", "기타": null, "UFID": "1000037607086A00210000000000000314", "region": "cheongna", "region_name": "청라국제업무지구", "base_year": 2023 }, "geometry": { "type": "LineString", "coordinates": [ [ 126.644589620607405, 37.537077650957428 ], [ 126.644589434637439, 37.537157361508406 ] ] } },
{ "type": "Feature", "properties": { "도로번호": null, "명칭": null, "도로구분": "미분류", "시점": null, "종점": null, "포장재질": "포장", "분리대유무": "무", "차로수": 1, "도로폭": 11.5, "일방통행": "양방통행", "자동차전용": "일반", "기타": null, "UFID": "1000037607086A00210000000000000315", "region": "cheongna", "region_name": "청라국제업무지구", "base_year": 2023 }, "geometry": { "type": "LineString", "coordinates": [ [ 126.647597606400439, 37.54082500500369 ], [ 126.647697384132144, 37.540993031134583 ] ] } },
{ "type": "Feature", "properties": { "도로번호": null, "명칭": null, "도로구분": "미분류", "시점": null, "종점": null, "포장재질": "포장", "분리대유무": "무", "차로수": 4, "도로폭": 20.0, "일방통행": "양방통행", "자동차전용": "일반", "기타": null, "UFID": "1000037607086A00210000000000000316", "region": "cheongna", "region_name": "청라국제업무지구", "base_year": 2023 }, "geometry": { "type": "LineString", "coordinates": [ [ 126.636973867072285, 37.527257005576367 ], [ 126.636984495423619, 37.527219466660576 ] ] } },
{ "type": "Feature", "properties": { "도로번호": null, "명칭": null, "도로구분": "미분류", "시점": null, "종점": null, "포장재질": "포장", "분리대유무": "무", "차로수": 4, "도로폭": 20.0, "일방통행": "양방통행", "자동차전용": "일반", "기타": null, "UFID": "1000037607086A00210000000000000317", "region": "cheongna", "region_name": "청라국제업무지구", "base_year": 2023 }, "geometry": { "type": "LineString", "coordinates": [ [ 126.644628523584231, 37.529134110321351 ], [ 126.644628473960339, 37.529181293590909 ] ] } },
{ "type": "Feature", "properties": { "도로번호": null, "명칭": null, "도로구분": "미분류", "시점": null, "종점": null, "포장재질": "포장", "분리대유무": "무", "차로수": 8, "도로폭": 45.0, "일방통행": "양방통행", "자동차전용": "일반", "기타": null, "UFID": "1000037607086A00210000000000000318", "region": "cheongna", "region_name": "청라국제업무지구", "base_year": 2023 }, "geometry": { "type": "LineString", "coordinates": [ [ 126.639199774714442, 37.529896042881454 ], [ 126.639877406218389, 37.529909743022216 ], [ 126.640317398225974, 37.529909119713103 ] ] } },
{ "type": "Feature", "properties": { "도로번호": null, "명칭": null, "도로구분": "미분류", "시점": null, "종점": null, "포장재질": "포장", "분리대유무": "무", "차로수": 8, "도로폭": 45.0, "일방통행": "양방통행", "자동차전용": "일반", "기타": null, "UFID": "1000037607086A00210000000000000320", "region": "cheongna", "region_name": "청라국제업무지구", "base_year": 2023 }, "geometry": { "type": "LineString", "coordinates": [ [ 126.640317398225974, 37.529909119713103 ], [ 126.640611697317411, 37.529908700211443 ] ] } },
{ "type": "Feature", "properties": { "도로번호": null, "명칭": null, "도로구분": "미분류", "시점": null, "종점": null, "포장재질": "포장", "분리대유무": "무", "차로수": 4, "도로폭": 20.0, "일방통행": "양방통행", "자동차전용": "일반", "기타": null, "UFID": "1000037607086A00210000000000000321", "region": "cheongna", "region_name": "청라국제업무지구", "base_year": 2023 }, "geometry": { "type": "LineString", "coordinates": [ [ 126.644777453380129, 37.531724766060833 ], [ 126.645166866332545, 37.531728081104326 ] ] } },
{ "type": "Feature", "properties": { "도로번호": null, "명칭": null, "도로구분": "미분류", "시점": null, "종점": null, "포장재질": "포장", "분리대유무": "유", "차로수": 6, "도로폭": 35.0, "일방통행": "양방통행", "자동차전용": "일반", "기타": null, "UFID": "1000037607086A00210000000000000322", "region": "cheongna", "region_name": "청라국제업무지구", "base_year": 2023 }, "geometry": { "type": "LineString", "coordinates": [ [ 126.640576343346595, 37.536068876640975 ], [ 126.640292335435561, 37.53606550712675 ] ] } },
{ "type": "Feature", "properties": { "도로번호": null, "명칭": null, "도로구분": "미분류", "시점": null, "종점": null, "포장재질": "포장", "분리대유무": "무", "차로수": 1, "도로폭": 10.0, "일방통행": "양방통행", "자동차전용": "일반", "기타": null, "UFID": "1000037607086A00210000000000000323", "region": "cheongna", "region_name": "청라국제업무지구", "base_year": 2023 }, "geometry": { "type": "LineString", "coordinates": [ [ 126.642329405619577, 37.537074466030944 ], [ 126.642328818752745, 37.537003088259816 ] ] } },
{ "type": "Feature", "properties": { "도로번호": null, "명칭": null, "도로구분": "미분류", "시점": null, "종점": null, "포장재질": "포장", "분리대유무": "무", "차로수": 6, "도로폭": 35.0, "일방통행": "양방통행", "자동차전용": "일반", "기타": null, "UFID": "1000037607086A00210000000000000325", "region": "cheongna", "region_name": "청라국제업무지구", "base_year": 2023 }, "geometry": { "type": "LineString", "coordinates": [ [ 126.640597962913134, 37.531752251026141 ], [ 126.640599924771294, 37.53162633280192 ] ] } },
{ "type": "Feature", "properties": { "도로번호": null, "명칭": null, "도로구분": "미분류", "시점": null, "종점": null, "포장재질": "포장", "분리대유무": "무", "차로수": 6, "도로폭": 35.0, "일방통행": "양방통행", "자동차전용": "일반", "기타": null, "UFID": "1000037607086A00210000000000000326", "region": "cheongna", "region_name": "청라국제업무지구", "base_year": 2023 }, "geometry": { "type": "LineString", "coordinates": [ [ 126.640860913022777, 37.536073076096969 ], [ 126.640576343346595, 37.536068876640975 ] ] } },
{ "type": "Feature", "properties": { "도로번호": null, "명칭": null, "도로구분": "미분류", "시점": null, "종점": null, "포장재질": "포장", "분리대유무": "무", "차로수": 1, "도로폭": 10.0, "일방통행": "양방통행", "자동차전용": "일반", "기타": null, "UFID": "1000037607086A00210000000000000327", "region": "cheongna", "region_name": "청라국제업무지구", "base_year": 2023 }, "geometry": { "type": "LineString", "coordinates": [ [ 126.6411225782103, 37.528888188880401 ], [ 126.641219905721513, 37.528888529645528 ] ] } },
{ "type": "Feature", "properties": { "도로번호": null, "명칭": null, "도로구분": "미분류", "시점": null, "종점": null, "포장재질": "포장", "분리대유무": "무", "차로수": 4, "도로폭": 20.0, "일방통행": "양방통행", "자동차전용": "일반", "기타": null, "UFID": "1000037607086A00210000000000000330", "region": "cheongna", "region_name": "청라국제업무지구", "base_year": 2023 }, "geometry": { "type": "LineString", "coordinates": [ [ 126.644623536387442, 37.530807896414672 ], [ 126.644617944638142, 37.531526220046331 ] ] } },
{ "type": "Feature", "properties": { "도로번호": null, "명칭": null, "도로구분": "미분류", "시점": null, "종점": null, "포장재질": "포장", "분리대유무": "무", "차로수": 1, "도로폭": 9.0, "일방통행": "일방통행", "자동차전용": "일반", "기타": null, "UFID": "1000037607086A00210000000000000332", "region": "cheongna", "region_name": "청라국제업무지구", "base_year": 2023 }, "geometry": { "type": "LineString", "coordinates": [ [ 126.636903211670855, 37.530049309736505 ], [ 126.636763655281044, 37.529980612055354 ], [ 126.636603515166058, 37.52988446957972 ] ] } },
{ "type": "Feature", "properties": { "도로번호": null, "명칭": null, "도로구분": "미분류", "시점": null, "종점": null, "포장재질": "포장", "분리대유무": "유", "차로수": 8, "도로폭": 45.0, "일방통행": "양방통행", "자동차전용": "일반", "기타": null, "UFID": "1000037607086A00210000000000000333", "region": "cheongna", "region_name": "청라국제업무지구", "base_year": 2023 }, "geometry": { "type": "LineString", "coordinates": [ [ 126.642048393056712, 37.5251442197656 ], [ 126.641779381023966, 37.525055619025331 ] ] } },
{ "type": "Feature", "properties": { "도로번호": null, "명칭": null, "도로구분": "미분류", "시점": null, "종점": null, "포장재질": "포장", "분리대유무": "무", "차로수": 1, "도로폭": 9.5, "일방통행": "일방통행", "자동차전용": "일반", "기타": null, "UFID": "1000037607086A00210000000000000334", "region": "cheongna", "region_name": "청라국제업무지구", "base_year": 2023 }, "geometry": { "type": "LineString", "coordinates": [ [ 126.638973791713994, 37.535932469874737 ], [ 126.63923599047537, 37.53605918535375 ] ] } },
{ "type": "Feature", "properties": { "도로번호": null, "명칭": null, "도로구분": "미분류", "시점": null, "종점": null, "포장재질": "포장", "분리대유무": "무", "차로수": 4, "도로폭": 20.0, "일방통행": "양방통행", "자동차전용": "일반", "기타": null, "UFID": "1000037607086A00210000000000000335", "region": "cheongna", "region_name": "청라국제업무지구", "base_year": 2023 }, "geometry": { "type": "LineString", "coordinates": [ [ 126.637000250322259, 37.527163819940888 ], [ 126.637015773845249, 37.527108990612902 ], [ 126.637194936976286, 37.526625615477549 ], [ 126.637250542921933, 37.526487402099221 ], [ 126.637446657383904, 37.526051280944145 ], [ 126.637636963426758, 37.52563231641971 ], [ 126.637777551113331, 37.525315650611994 ] ] } },
{ "type": "Feature", "properties": { "도로번호": null, "명칭": null, "도로구분": "미분류", "시점": null, "종점": null, "포장재질": "포장", "분리대유무": "무", "차로수": 4, "도로폭": 20.0, "일방통행": "양방통행", "자동차전용": "일반", "기타": null, "UFID": "1000037607086A00210000000000000336", "region": "cheongna", "region_name": "청라국제업무지구", "base_year": 2023 }, "geometry": { "type": "LineString", "coordinates": [ [ 126.644629172045001, 37.528518346457318 ], [ 126.644628581778022, 37.529078682052187 ] ] } },
{ "type": "Feature", "properties": { "도로번호": null, "명칭": null, "도로구분": "미분류", "시점": null, "종점": null, "포장재질": "포장", "분리대유무": "무", "차로수": 4, "도로폭": 20.0, "일방통행": "양방통행", "자동차전용": "일반", "기타": null, "UFID": "1000037607086A00210000000000000337", "region": "cheongna", "region_name": "청라국제업무지구", "base_year": 2023 }, "geometry": { "type": "LineString", "coordinates": [ [ 126.644624468104908, 37.530688302690578 ], [ 126.644623963232917, 37.530753222503954 ] ] } },
{ "type": "Feature", "properties": { "도로번호": null, "명칭": null, "도로구분": "미분류", "시점": null, "종점": null, "포장재질": "포장", "분리대유무": "무", "차로수": 4, "도로폭": 20.0, "일방통행": "양방통행", "자동차전용": "일반", "기타": null, "UFID": "1000037607086A00210000000000000338", "region": "cheongna", "region_name": "청라국제업무지구", "base_year": 2023 }, "geometry": { "type": "LineString", "coordinates": [ [ 126.644587438045875, 37.538033357739693 ], [ 126.644587802027885, 37.538099464896554 ] ] } },
{ "type": "Feature", "properties": { "도로번호": null, "명칭": null, "도로구분": "미분류", "시점": null, "종점": null, "포장재질": "포장", "분리대유무": "무", "차로수": 4, "도로폭": 22.0, "일방통행": "양방통행", "자동차전용": "일반", "기타": null, "UFID": "1000037607086A00210000000000000340", "region": "cheongna", "region_name": "청라국제업무지구", "base_year": 2023 }, "geometry": { "type": "LineString", "coordinates": [ [ 126.638520207115647, 37.539056647308669 ], [ 126.640301201950777, 37.539060163834101 ] ] } },
{ "type": "Feature", "properties": { "도로번호": null, "명칭": null, "도로구분": "미분류", "시점": null, "종점": null, "포장재질": "포장", "분리대유무": "무", "차로수": 4, "도로폭": 20.0, "일방통행": "양방통행", "자동차전용": "일반", "기타": null, "UFID": "1000037607086A00210000000000000341", "region": "cheongna", "region_name": "청라국제업무지구", "base_year": 2023 }, "geometry": { "type": "LineString", "coordinates": [ [ 126.64662964464766, 37.531740512105465 ], [ 126.646785925809979, 37.531741836476243 ] ] } },
{ "type": "Feature", "properties": { "도로번호": null, "명칭": null, "도로구분": "미분류", "시점": null, "종점": null, "포장재질": "포장", "분리대유무": "무", "차로수": 1, "도로폭": 10.0, "일방통행": "양방통행", "자동차전용": "일반", "기타": null, "UFID": "1000037607086A00210000000000000342", "region": "cheongna", "region_name": "청라국제업무지구", "base_year": 2023 }, "geometry": { "type": "LineString", "coordinates": [ [ 126.642364042691923, 37.528849798118209 ], [ 126.642362388848184, 37.528750718562435 ], [ 126.642367456392861, 37.528487858971921 ], [ 126.642363509206774, 37.528461321661396 ], [ 126.642348480263081, 37.52844839188915 ], [ 126.642318525755755, 37.528443058269254 ], [ 126.641209249548979, 37.528439332177896 ], [ 126.641167994611152, 37.528447883440208 ], [ 126.641141948193365, 37.528462769861747 ], [ 126.64112533938814, 37.528503364276389 ], [ 126.641122891162482, 37.528844356322118 ] ] } },
{ "type": "Feature", "properties": { "도로번호": null, "명칭": null, "도로구분": "미분류", "시점": null, "종점": null, "포장재질": "포장", "분리대유무": "무", "차로수": 1, "도로폭": 10.0, "일방통행": "양방통행", "자동차전용": "일반", "기타": null, "UFID": "1000037607086A00210000000000000343", "region": "cheongna", "region_name": "청라국제업무지구", "base_year": 2023 }, "geometry": { "type": "LineString", "coordinates": [ [ 126.642321167734664, 37.537578980735425 ], [ 126.642322416105642, 37.537500021243176 ] ] } },
{ "type": "Feature", "properties": { "도로번호": null, "명칭": null, "도로구분": "미분류", "시점": null, "종점": null, "포장재질": "포장", "분리대유무": "무", "차로수": 6, "도로폭": 35.0, "일방통행": "양방통행", "자동차전용": "일반", "기타": null, "UFID": "1000037607086A00210000000000000344", "region": "cheongna", "region_name": "청라국제업무지구", "base_year": 2023 }, "geometry": { "type": "LineString", "coordinates": [ [ 126.640586355885475, 37.537131974174912 ], [ 126.640586768150712, 37.53706988780641 ] ] } },
{ "type": "Feature", "properties": { "도로번호": null, "명칭": null, "도로구분": "미분류", "시점": null, "종점": null, "포장재질": "포장", "분리대유무": "무", "차로수": 1, "도로폭": 10.0, "일방통행": "양방통행", "자동차전용": "일반", "기타": null, "UFID": "1000037607086A00210000000000000345", "region": "cheongna", "region_name": "청라국제업무지구", "base_year": 2023 }, "geometry": { "type": "LineString", "coordinates": [ [ 126.644285286213517, 37.529349409106537 ], [ 126.644191025774973, 37.52934869357918 ] ] } },
{ "type": "Feature", "properties": { "도로번호": null, "명칭": null, "도로구분": "미분류", "시점": null, "종점": null, "포장재질": "포장", "분리대유무": "무", "차로수": 1, "도로폭": 8.0, "일방통행": "양방통행", "자동차전용": "일반", "기타": null, "UFID": "1000037607086A00210000000000000346", "region": "cheongna", "region_name": "청라국제업무지구", "base_year": 2023 }, "geometry": { "type": "LineString", "coordinates": [ [ 126.64212536108019, 37.539736190973535 ], [ 126.642125680327197, 37.539676024363779 ] ] } },
{ "type": "Feature", "properties": { "도로번호": null, "명칭": null, "도로구분": "미분류", "시점": null, "종점": null, "포장재질": "포장", "분리대유무": "무", "차로수": 1, "도로폭": 10.0, "일방통행": "양방통행", "자동차전용": "일반", "기타": null, "UFID": "1000037607086A00210000000000000347", "region": "cheongna", "region_name": "청라국제업무지구", "base_year": 2023 }, "geometry": { "type": "LineString", "coordinates": [ [ 126.643045651000151, 37.528895792853646 ], [ 126.643046039129544, 37.528823840393763 ] ] } },
{ "type": "Feature", "properties": { "도로번호": null, "명칭": null, "도로구분": "미분류", "시점": null, "종점": null, "포장재질": "포장", "분리대유무": "무", "차로수": 1, "도로폭": 10.0, "일방통행": "양방통행", "자동차전용": "일반", "기타": null, "UFID": "1000037607086A00210000000000000348", "region": "cheongna", "region_name": "청라국제업무지구", "base_year": 2023 }, "geometry": { "type": "LineString", "coordinates": [ [ 126.642462985831372, 37.528893011294258 ], [ 126.642991245633283, 37.528895528391267 ] ] } },
{ "type": "Feature", "properties": { "도로번호": null, "명칭": null, "도로구분": "미분류", "시점": null, "종점": null, "포장재질": "포장", "분리대유무": "무", "차로수": 4, "도로폭": 24.0, "일방통행": "양방통행", "자동차전용": "일반", "기타": null, "UFID": "1000037607086A00210000000000000349", "region": "cheongna", "region_name": "청라국제업무지구", "base_year": 2023 }, "geometry": { "type": "LineString", "coordinates": [ [ 126.644592906857937, 37.539894587056928 ], [ 126.644592877319212, 37.539979476061902 ] ] } },
{ "type": "Feature", "properties": { "도로번호": null, "명칭": null, "도로구분": "미분류", "시점": null, "종점": null, "포장재질": "포장", "분리대유무": "무", "차로수": 1, "도로폭": 10.0, "일방통행": "양방통행", "자동차전용": "일반", "기타": null, "UFID": "1000037607086A00210000000000000350", "region": "cheongna", "region_name": "청라국제업무지구", "base_year": 2023 }, "geometry": { "type": "LineString", "coordinates": [ [ 126.644285547148101, 37.529303991528749 ], [ 126.644287443374679, 37.528978538150028 ] ] } },
{ "type": "Feature", "properties": { "도로번호": null, "명칭": null, "도로구분": "미분류", "시점": null, "종점": null, "포장재질": "포장", "분리대유무": "무", "차로수": 4, "도로폭": 22.0, "일방통행": "양방통행", "자동차전용": "일반", "기타": null, "UFID": "1000037607086A00210000000000000351", "region": "cheongna", "region_name": "청라국제업무지구", "base_year": 2023 }, "geometry": { "type": "LineString", "coordinates": [ [ 126.638264620694144, 37.539056139463533 ], [ 126.638385830452535, 37.539056380052877 ] ] } },
{ "type": "Feature", "properties": { "도로번호": null, "명칭": null, "도로구분": "미분류", "시점": null, "종점": null, "포장재질": "포장", "분리대유무": "무", "차로수": 6, "도로폭": 35.0, "일방통행": "양방통행", "자동차전용": "일반", "기타": null, "UFID": "1000037607086A00210000000000000352", "region": "cheongna", "region_name": "청라국제업무지구", "base_year": 2023 }, "geometry": { "type": "LineString", "coordinates": [ [ 126.640588099926589, 37.534361604952153 ], [ 126.640587614114892, 37.534210812738259 ] ] } },
{ "type": "Feature", "properties": { "도로번호": null, "명칭": null, "도로구분": "미분류", "시점": null, "종점": null, "포장재질": "포장", "분리대유무": "무", "차로수": 1, "도로폭": 10.0, "일방통행": "양방통행", "자동차전용": "일반", "기타": null, "UFID": "1000037607086A00210000000000000353", "region": "cheongna", "region_name": "청라국제업무지구", "base_year": 2023 }, "geometry": { "type": "LineString", "coordinates": [ [ 126.643001220759118, 37.537581244888884 ], [ 126.643000559858393, 37.537660540434132 ] ] } },
{ "type": "Feature", "properties": { "도로번호": null, "명칭": null, "도로구분": "미분류", "시점": null, "종점": null, "포장재질": "포장", "분리대유무": "무", "차로수": 4, "도로폭": 20.0, "일방통행": "양방통행", "자동차전용": "일반", "기타": null, "UFID": "1000037607086A00210000000000000354", "region": "cheongna", "region_name": "청라국제업무지구", "base_year": 2023 }, "geometry": { "type": "LineString", "coordinates": [ [ 126.639953793087955, 37.534207314305462 ], [ 126.639820347176894, 37.534206583921105 ] ] } },
{ "type": "Feature", "properties": { "도로번호": null, "명칭": null, "도로구분": "미분류", "시점": null, "종점": null, "포장재질": "포장", "분리대유무": "무", "차로수": 1, "도로폭": 10.0, "일방통행": "양방통행", "자동차전용": "일반", "기타": null, "UFID": "1000037607086A00210000000000000355", "region": "cheongna", "region_name": "청라국제업무지구", "base_year": 2023 }, "geometry": { "type": "LineString", "coordinates": [ [ 126.640994065839081, 37.538028181564378 ], [ 126.64107867720989, 37.538028322533329 ] ] } },
{ "type": "Feature", "properties": { "도로번호": null, "명칭": null, "도로구분": "미분류", "시점": null, "종점": null, "포장재질": "포장", "분리대유무": "무", "차로수": 1, "도로폭": 6.0, "일방통행": "양방통행", "자동차전용": "일반", "기타": null, "UFID": "1000037607086A00210000000000000356", "region": "cheongna", "region_name": "청라국제업무지구", "base_year": 2023 }, "geometry": { "type": "LineString", "coordinates": [ [ 126.642081892823455, 37.539736147529261 ], [ 126.64212536108019, 37.539736190973535 ] ] } },
{ "type": "Feature", "properties": { "도로번호": null, "명칭": null, "도로구분": "미분류", "시점": null, "종점": null, "포장재질": "포장", "분리대유무": "무", "차로수": 6, "도로폭": 35.0, "일방통행": "양방통행", "자동차전용": "일반", "기타": null, "UFID": "1000037607086A00210000000000000357", "region": "cheongna", "region_name": "청라국제업무지구", "base_year": 2023 }, "geometry": { "type": "LineString", "coordinates": [ [ 126.640580178770804, 37.53809599290738 ], [ 126.640580497985667, 37.538027365938049 ] ] } },
{ "type": "Feature", "properties": { "도로번호": null, "명칭": null, "도로구분": "미분류", "시점": null, "종점": null, "포장재질": "포장", "분리대유무": "무", "차로수": 1, "도로폭": 10.0, "일방통행": "양방통행", "자동차전용": "일반", "기타": null, "UFID": "1000037607086A00210000000000000358", "region": "cheongna", "region_name": "청라국제업무지구", "base_year": 2023 }, "geometry": { "type": "LineString", "coordinates": [ [ 126.64424768367634, 37.53803273113769 ], [ 126.644335314831991, 37.53803289598936 ] ] } },
{ "type": "Feature", "properties": { "도로번호": null, "명칭": null, "도로구분": "미분류", "시점": null, "종점": null, "포장재질": "포장", "분리대유무": "무", "차로수": 6, "도로폭": 35.0, "일방통행": "양방통행", "자동차전용": "일반", "기타": null, "UFID": "1000037607086A00210000000000000359", "region": "cheongna", "region_name": "청라국제업무지구", "base_year": 2023 }, "geometry": { "type": "LineString", "coordinates": [ [ 126.640619253474654, 37.528803037682884 ], [ 126.640621987647009, 37.528678581360751 ], [ 126.640629686796871, 37.528429930478787 ], [ 126.64064808958878, 37.528185221581744 ], [ 126.640698189725612, 37.527837363835182 ], [ 126.640750905217558, 37.527595371273229 ], [ 126.640790177345593, 37.527424338180502 ], [ 126.640855719387204, 37.527144966144917 ], [ 126.641039911255859, 37.526659718234825 ] ] } },
{ "type": "Feature", "properties": { "도로번호": null, "명칭": null, "도로구분": "미분류", "시점": null, "종점": null, "포장재질": "포장", "분리대유무": "무", "차로수": 1, "도로폭": 10.0, "일방통행": "양방통행", "자동차전용": "일반", "기타": null, "UFID": "1000037607086A00210000000000000360", "region": "cheongna", "region_name": "청라국제업무지구", "base_year": 2023 }, "geometry": { "type": "LineString", "coordinates": [ [ 126.644287910588318, 37.528896828123273 ], [ 126.644288196758495, 37.528822271467803 ] ] } },
{ "type": "Feature", "properties": { "도로번호": null, "명칭": null, "도로구분": "미분류", "시점": null, "종점": null, "포장재질": "포장", "분리대유무": "무", "차로수": 4, "도로폭": 20.0, "일방통행": "양방통행", "자동차전용": "일반", "기타": null, "UFID": "1000037607086A00210000000000000361", "region": "cheongna", "region_name": "청라국제업무지구", "base_year": 2023 }, "geometry": { "type": "LineString", "coordinates": [ [ 126.636571255492697, 37.535814718591446 ], [ 126.636585468794877, 37.534975080015045 ], [ 126.6365800086391, 37.534356277106113 ] ] } },
{ "type": "Feature", "properties": { "도로번호": null, "명칭": null, "도로구분": "미분류", "시점": null, "종점": null, "포장재질": "포장", "분리대유무": "무", "차로수": 4, "도로폭": 22.0, "일방통행": "양방통행", "자동차전용": "일반", "기타": null, "UFID": "1000037607086A00210000000000000362", "region": "cheongna", "region_name": "청라국제업무지구", "base_year": 2023 }, "geometry": { "type": "LineString", "coordinates": [ [ 126.643100309266529, 37.539070183039357 ], [ 126.643179502384783, 37.539070725092728 ] ] } },
{ "type": "Feature", "properties": { "도로번호": null, "명칭": null, "도로구분": "미분류", "시점": null, "종점": null, "포장재질": "포장", "분리대유무": "무", "차로수": 4, "도로폭": 20.0, "일방통행": "양방통행", "자동차전용": "일반", "기타": null, "UFID": "1000037607086A00210000000000000364", "region": "cheongna", "region_name": "청라국제업무지구", "base_year": 2023 }, "geometry": { "type": "LineString", "coordinates": [ [ 126.636603515166058, 37.52988446957972 ], [ 126.636603907357255, 37.529659049482973 ] ] } },
{ "type": "Feature", "properties": { "도로번호": null, "명칭": null, "도로구분": "미분류", "시점": null, "종점": null, "포장재질": "포장", "분리대유무": "무", "차로수": 4, "도로폭": 20.0, "일방통행": "양방통행", "자동차전용": "일반", "기타": null, "UFID": "1000037607086A00210000000000000365", "region": "cheongna", "region_name": "청라국제업무지구", "base_year": 2023 }, "geometry": { "type": "LineString", "coordinates": [ [ 126.644600807711285, 37.534205190825638 ], [ 126.644599788324982, 37.534362781933993 ] ] } },
{ "type": "Feature", "properties": { "도로번호": null, "명칭": null, "도로구분": "미분류", "시점": null, "종점": null, "포장재질": "포장", "분리대유무": "무", "차로수": 4, "도로폭": 20.0, "일방통행": "양방통행", "자동차전용": "일반", "기타": null, "UFID": "1000037607086A00210000000000000366", "region": "cheongna", "region_name": "청라국제업무지구", "base_year": 2023 }, "geometry": { "type": "LineString", "coordinates": [ [ 126.644616408310284, 37.531723397666582 ], [ 126.644777453380129, 37.531724766060833 ] ] } },
{ "type": "Feature", "properties": { "도로번호": null, "명칭": null, "도로구분": "미분류", "시점": null, "종점": null, "포장재질": "포장", "분리대유무": "무", "차로수": 1, "도로폭": 10.0, "일방통행": "양방통행", "자동차전용": "일반", "기타": null, "UFID": "1000037607086A00210000000000000367", "region": "cheongna", "region_name": "청라국제업무지구", "base_year": 2023 }, "geometry": { "type": "LineString", "coordinates": [ [ 126.640617300207708, 37.528891825002958 ], [ 126.640801061690951, 37.528889203534355 ] ] } },
{ "type": "Feature", "properties": { "도로번호": null, "명칭": null, "도로구분": "미분류", "시점": null, "종점": null, "포장재질": "포장", "분리대유무": "무", "차로수": 1, "도로폭": 10.0, "일방통행": "양방통행", "자동차전용": "일반", "기타": null, "UFID": "1000037607086A00210000000000000368", "region": "cheongna", "region_name": "청라국제업무지구", "base_year": 2023 }, "geometry": { "type": "LineString", "coordinates": [ [ 126.644145206594771, 37.538032799892562 ], [ 126.64424768367634, 37.53803273113769 ] ] } },
{ "type": "Feature", "properties": { "도로번호": null, "명칭": null, "도로구분": "미분류", "시점": null, "종점": null, "포장재질": "포장", "분리대유무": "무", "차로수": 4, "도로폭": 22.0, "일방통행": "양방통행", "자동차전용": "일반", "기타": null, "UFID": "1000037607086A00210000000000000369", "region": "cheongna", "region_name": "청라국제업무지구", "base_year": 2023 }, "geometry": { "type": "LineString", "coordinates": [ [ 126.638385830452535, 37.539056380052877 ], [ 126.638520207115647, 37.539056647308669 ] ] } },
{ "type": "Feature", "properties": { "도로번호": null, "명칭": null, "도로구분": "미분류", "시점": null, "종점": null, "포장재질": "포장", "분리대유무": "무", "차로수": 4, "도로폭": 24.0, "일방통행": "양방통행", "자동차전용": "일반", "기타": null, "UFID": "1000037607086A00210000000000000370", "region": "cheongna", "region_name": "청라국제업무지구", "base_year": 2023 }, "geometry": { "type": "LineString", "coordinates": [ [ 126.644592937372764, 37.539803055914646 ], [ 126.644592906857937, 37.539894587056928 ] ] } },
{ "type": "Feature", "properties": { "도로번호": null, "명칭": null, "도로구분": "미분류", "시점": null, "종점": null, "포장재질": "포장", "분리대유무": "무", "차로수": 1, "도로폭": 10.0, "일방통행": "양방통행", "자동차전용": "일반", "기타": null, "UFID": "1000037607086A00210000000000000371", "region": "cheongna", "region_name": "청라국제업무지구", "base_year": 2023 }, "geometry": { "type": "LineString", "coordinates": [ [ 126.640987403920903, 37.537069754980223 ], [ 126.641007702058587, 37.537069770736814 ], [ 126.641080597112406, 37.537070425691795 ] ] } },
{ "type": "Feature", "properties": { "도로번호": null, "명칭": null, "도로구분": "미분류", "시점": null, "종점": null, "포장재질": "포장", "분리대유무": "무", "차로수": 1, "도로폭": 10.0, "일방통행": "양방통행", "자동차전용": "일반", "기타": null, "UFID": "1000037607086A00210000000000000372", "region": "cheongna", "region_name": "청라국제업무지구", "base_year": 2023 }, "geometry": { "type": "LineString", "coordinates": [ [ 126.644288196758495, 37.528822271467803 ], [ 126.644289489763594, 37.528490186707906 ] ] } },
{ "type": "Feature", "properties": { "도로번호": null, "명칭": null, "도로구분": "미분류", "시점": null, "종점": null, "포장재질": "포장", "분리대유무": "무", "차로수": 4, "도로폭": 20.0, "일방통행": "양방통행", "자동차전용": "일반", "기타": null, "UFID": "1000037607086A00210000000000000373", "region": "cheongna", "region_name": "청라국제업무지구", "base_year": 2023 }, "geometry": { "type": "LineString", "coordinates": [ [ 126.639258866181706, 37.531744907471712 ], [ 126.639184792072939, 37.531744427999719 ] ] } },
{ "type": "Feature", "properties": { "도로번호": null, "명칭": null, "도로구분": "미분류", "시점": null, "종점": null, "포장재질": "포장", "분리대유무": "무", "차로수": 4, "도로폭": 20.0, "일방통행": "양방통행", "자동차전용": "일반", "기타": null, "UFID": "1000037607086A00210000000000000375", "region": "cheongna", "region_name": "청라국제업무지구", "base_year": 2023 }, "geometry": { "type": "LineString", "coordinates": [ [ 126.638006502040668, 37.525310134795632 ], [ 126.638737347175564, 37.525643912683549 ], [ 126.639792745382408, 37.52610103272027 ], [ 126.640284070734964, 37.52629502832859 ], [ 126.640694700251885, 37.526449410936834 ], [ 126.640828180962089, 37.526494273068231 ] ] } },
{ "type": "Feature", "properties": { "도로번호": null, "명칭": null, "도로구분": "미분류", "시점": null, "종점": null, "포장재질": "포장", "분리대유무": "무", "차로수": 6, "도로폭": 25.0, "일방통행": "양방통행", "자동차전용": "일반", "기타": null, "UFID": "1000037607086A00210000000000000377", "region": "cheongna", "region_name": "청라국제업무지구", "base_year": 2023 }, "geometry": { "type": "LineString", "coordinates": [ [ 126.638619981828725, 37.529889621003875 ], [ 126.639091290776307, 37.52989384544054 ] ] } },
{ "type": "Feature", "properties": { "도로번호": null, "명칭": null, "도로구분": "미분류", "시점": null, "종점": null, "포장재질": "포장", "분리대유무": "무", "차로수": 2, "도로폭": 15.0, "일방통행": "양방통행", "자동차전용": "일반", "기타": null, "UFID": "1000037607086A00210000000000000378", "region": "cheongna", "region_name": "청라국제업무지구", "base_year": 2023 }, "geometry": { "type": "LineString", "coordinates": [ [ 126.637278974235457, 37.534098523760896 ], [ 126.637283374310201, 37.533659562895195 ], [ 126.637290532843551, 37.533624951485706 ], [ 126.637316562403115, 37.533597955589244 ], [ 126.637346603512796, 37.533581082085298 ], [ 126.637386815399495, 37.533575755437376 ], [ 126.639683363774779, 37.533579756478794 ], [ 126.63976072671565, 37.533586994136854 ], [ 126.639791417639373, 37.53360426885277 ], [ 126.639813815340361, 37.533626267418548 ], [ 126.639822520695986, 37.533693707416809 ], [ 126.639820796713138, 37.53410134892804 ] ] } },
{ "type": "Feature", "properties": { "도로번호": null, "명칭": null, "도로구분": "미분류", "시점": null, "종점": null, "포장재질": "포장", "분리대유무": "무", "차로수": 4, "도로폭": 22.0, "일방통행": "양방통행", "자동차전용": "일반", "기타": null, "UFID": "1000037607086A00210000000000000379", "region": "cheongna", "region_name": "청라국제업무지구", "base_year": 2023 }, "geometry": { "type": "LineString", "coordinates": [ [ 126.644797397468807, 37.539083999969314 ], [ 126.64499563996003, 37.539087515328248 ], [ 126.645236064188026, 37.539085752011985 ], [ 126.645429952540411, 37.539071872453682 ], [ 126.645616063106914, 37.539054150816369 ], [ 126.645864476098723, 37.539016846092942 ], [ 126.64610697522123, 37.538966243347865 ], [ 126.646297878559579, 37.538918287670974 ], [ 126.646448390291454, 37.538870067503005 ], [ 126.646982351594247, 37.538672275487286 ] ] } },
{ "type": "Feature", "properties": { "도로번호": null, "명칭": null, "도로구분": "미분류", "시점": null, "종점": null, "포장재질": "포장", "분리대유무": "무", "차로수": 4, "도로폭": 20.0, "일방통행": "양방통행", "자동차전용": "일반", "기타": null, "UFID": "1000037607086A00210000000000000380", "region": "cheongna", "region_name": "청라국제업무지구", "base_year": 2023 }, "geometry": { "type": "LineString", "coordinates": [ [ 126.644628606408077, 37.529424270390564 ], [ 126.644629941704011, 37.529734442656135 ] ] } },
{ "type": "Feature", "properties": { "도로번호": null, "명칭": null, "도로구분": "미분류", "시점": null, "종점": null, "포장재질": "포장", "분리대유무": "무", "차로수": 4, "도로폭": 20.0, "일방통행": "양방통행", "자동차전용": "일반", "기타": null, "UFID": "1000037607086A00210000000000000381", "region": "cheongna", "region_name": "청라국제업무지구", "base_year": 2023 }, "geometry": { "type": "LineString", "coordinates": [ [ 126.645318077969492, 37.531729363353648 ], [ 126.645463725740754, 37.531730602577397 ] ] } },
{ "type": "Feature", "properties": { "도로번호": null, "명칭": null, "도로구분": "미분류", "시점": null, "종점": null, "포장재질": "포장", "분리대유무": "무", "차로수": 4, "도로폭": 20.0, "일방통행": "양방통행", "자동차전용": "일반", "기타": null, "UFID": "1000037607086A00210000000000000384", "region": "cheongna", "region_name": "청라국제업무지구", "base_year": 2023 }, "geometry": { "type": "LineString", "coordinates": [ [ 126.644630211230705, 37.528098267710632 ], [ 126.644629466541161, 37.528370421613154 ] ] } },
{ "type": "Feature", "properties": { "도로번호": null, "명칭": null, "도로구분": "미분류", "시점": null, "종점": null, "포장재질": "포장", "분리대유무": "무", "차로수": 4, "도로폭": 24.0, "일방통행": "양방통행", "자동차전용": "일반", "기타": null, "UFID": "1000037607086A00210000000000000385", "region": "cheongna", "region_name": "청라국제업무지구", "base_year": 2023 }, "geometry": { "type": "LineString", "coordinates": [ [ 126.644580294886907, 37.541643092815939 ], [ 126.644576174384198, 37.541838921638814 ] ] } },
{ "type": "Feature", "properties": { "도로번호": null, "명칭": null, "도로구분": "미분류", "시점": null, "종점": null, "포장재질": "포장", "분리대유무": "유", "차로수": 8, "도로폭": 40.0, "일방통행": "양방통행", "자동차전용": "일반", "기타": null, "UFID": "1000037607086A00210000000000000386", "region": "cheongna", "region_name": "청라국제업무지구", "base_year": 2023 }, "geometry": { "type": "LineString", "coordinates": [ [ 126.636753621845045, 37.541820469506938 ], [ 126.640304782994789, 37.541828915347047 ] ] } },
{ "type": "Feature", "properties": { "도로번호": null, "명칭": null, "도로구분": "미분류", "시점": null, "종점": null, "포장재질": "포장", "분리대유무": "무", "차로수": 6, "도로폭": 35.0, "일방통행": "양방통행", "자동차전용": "일반", "기타": null, "UFID": "1000037607086A00210000000000000387", "region": "cheongna", "region_name": "청라국제업무지구", "base_year": 2023 }, "geometry": { "type": "LineString", "coordinates": [ [ 126.640611697317411, 37.529908700211443 ], [ 126.640612615744075, 37.529688984988596 ] ] } },
{ "type": "Feature", "properties": { "도로번호": null, "명칭": null, "도로구분": "미분류", "시점": null, "종점": null, "포장재질": "포장", "분리대유무": "무", "차로수": 6, "도로폭": 35.0, "일방통행": "양방통행", "자동차전용": "일반", "기타": null, "UFID": "1000037607086A00210000000000000388", "region": "cheongna", "region_name": "청라국제업무지구", "base_year": 2023 }, "geometry": { "type": "LineString", "coordinates": [ [ 126.640587614114892, 37.534210812738259 ], [ 126.640587922179961, 37.534106541375536 ] ] } },
{ "type": "Feature", "properties": { "도로번호": null, "명칭": null, "도로구분": "미분류", "시점": null, "종점": null, "포장재질": "포장", "분리대유무": "무", "차로수": 4, "도로폭": 22.0, "일방통행": "양방통행", "자동차전용": "일반", "기타": null, "UFID": "1000037607086A00210000000000000389", "region": "cheongna", "region_name": "청라국제업무지구", "base_year": 2023 }, "geometry": { "type": "LineString", "coordinates": [ [ 126.64707408990644, 37.538638292935481 ], [ 126.647198665360634, 37.5385921467687 ] ] } },
{ "type": "Feature", "properties": { "도로번호": null, "명칭": null, "도로구분": "미분류", "시점": null, "종점": null, "포장재질": "포장", "분리대유무": "무", "차로수": 6, "도로폭": 35.0, "일방통행": "양방통행", "자동차전용": "일반", "기타": null, "UFID": "1000037607086A00210000000000000390", "region": "cheongna", "region_name": "청라국제업무지구", "base_year": 2023 }, "geometry": { "type": "LineString", "coordinates": [ [ 126.640597491182604, 37.531853152204974 ], [ 126.640597962913134, 37.531752251026141 ] ] } },
{ "type": "Feature", "properties": { "도로번호": null, "명칭": null, "도로구분": "미분류", "시점": null, "종점": null, "포장재질": "포장", "분리대유무": "무", "차로수": 1, "도로폭": 10.0, "일방통행": "양방통행", "자동차전용": "일반", "기타": null, "UFID": "1000037607086A00210000000000000392", "region": "cheongna", "region_name": "청라국제업무지구", "base_year": 2023 }, "geometry": { "type": "LineString", "coordinates": [ [ 126.644522956825384, 37.528450407858614 ], [ 126.64462923691562, 37.528451971085744 ] ] } },
{ "type": "Feature", "properties": { "도로번호": null, "명칭": null, "도로구분": "미분류", "시점": null, "종점": null, "포장재질": "포장", "분리대유무": "무", "차로수": 4, "도로폭": 20.0, "일방통행": "양방통행", "자동차전용": "일반", "기타": null, "UFID": "1000037607086A00210000000000000393", "region": "cheongna", "region_name": "청라국제업무지구", "base_year": 2023 }, "geometry": { "type": "LineString", "coordinates": [ [ 126.644630395541029, 37.528000275796579 ], [ 126.644630327456269, 37.528055644580292 ] ] } },
{ "type": "Feature", "properties": { "도로번호": null, "명칭": null, "도로구분": "미분류", "시점": null, "종점": null, "포장재질": "포장", "분리대유무": "무", "차로수": 1, "도로폭": 10.0, "일방통행": "양방통행", "자동차전용": "일반", "기타": null, "UFID": "1000037607086A00210000000000000394", "region": "cheongna", "region_name": "청라국제업무지구", "base_year": 2023 }, "geometry": { "type": "LineString", "coordinates": [ [ 126.644478524197154, 37.537077505754837 ], [ 126.644589620607405, 37.537077650957428 ] ] } },
{ "type": "Feature", "properties": { "도로번호": null, "명칭": null, "도로구분": "미분류", "시점": null, "종점": null, "포장재질": "포장", "분리대유무": "무", "차로수": 1, "도로폭": 10.0, "일방통행": "양방통행", "자동차전용": "일반", "기타": null, "UFID": "1000037607086A00210000000000000395", "region": "cheongna", "region_name": "청라국제업무지구", "base_year": 2023 }, "geometry": { "type": "LineString", "coordinates": [ [ 126.643001944182743, 37.53750758345852 ], [ 126.643001220759118, 37.537581244888884 ] ] } },
{ "type": "Feature", "properties": { "도로번호": null, "명칭": null, "도로구분": "미분류", "시점": null, "종점": null, "포장재질": "포장", "분리대유무": "무", "차로수": 6, "도로폭": 35.0, "일방통행": "양방통행", "자동차전용": "일반", "기타": null, "UFID": "1000037607086A00210000000000000396", "region": "cheongna", "region_name": "청라국제업무지구", "base_year": 2023 }, "geometry": { "type": "LineString", "coordinates": [ [ 126.640612615744075, 37.529688984988596 ], [ 126.64061683971552, 37.528968705682871 ] ] } },
{ "type": "Feature", "properties": { "도로번호": null, "명칭": null, "도로구분": "미분류", "시점": null, "종점": null, "포장재질": "포장", "분리대유무": "무", "차로수": 4, "도로폭": 20.0, "일방통행": "양방통행", "자동차전용": "일반", "기타": null, "UFID": "1000037607086A00210000000000000397", "region": "cheongna", "region_name": "청라국제업무지구", "base_year": 2023 }, "geometry": { "type": "LineString", "coordinates": [ [ 126.646621276837351, 37.534212047838679 ], [ 126.646772747220993, 37.534212554152717 ] ] } },
{ "type": "Feature", "properties": { "도로번호": null, "명칭": null, "도로구분": "미분류", "시점": null, "종점": null, "포장재질": "포장", "분리대유무": "무", "차로수": 4, "도로폭": 22.0, "일방통행": "양방통행", "자동차전용": "일반", "기타": null, "UFID": "1000037607086A00210000000000000399", "region": "cheongna", "region_name": "청라국제업무지구", "base_year": 2023 }, "geometry": { "type": "LineString", "coordinates": [ [ 126.643179502384783, 37.539070725092728 ], [ 126.643255870294695, 37.539071246845211 ] ] } },
{ "type": "Feature", "properties": { "도로번호": null, "명칭": null, "도로구분": "미분류", "시점": null, "종점": null, "포장재질": "포장", "분리대유무": "무", "차로수": 1, "도로폭": 10.0, "일방통행": "양방통행", "자동차전용": "일반", "기타": null, "UFID": "1000037607086A00210000000000000400", "region": "cheongna", "region_name": "청라국제업무지구", "base_year": 2023 }, "geometry": { "type": "LineString", "coordinates": [ [ 126.640801061690951, 37.528889203534355 ], [ 126.640964447676183, 37.528886880236747 ], [ 126.641024350156258, 37.528887377680277 ] ] } },
{ "type": "Feature", "properties": { "도로번호": null, "명칭": null, "도로구분": "미분류", "시점": null, "종점": null, "포장재질": "포장", "분리대유무": "무", "차로수": 4, "도로폭": 20.0, "일방통행": "양방통행", "자동차전용": "일반", "기타": null, "UFID": "1000037607086A00210000000000000401", "region": "cheongna", "region_name": "청라국제업무지구", "base_year": 2023 }, "geometry": { "type": "LineString", "coordinates": [ [ 126.644628581778022, 37.529078682052187 ], [ 126.644628523584231, 37.529134110321351 ] ] } },
{ "type": "Feature", "properties": { "도로번호": null, "명칭": null, "도로구분": "미분류", "시점": null, "종점": null, "포장재질": "포장", "분리대유무": "무", "차로수": 4, "도로폭": 20.0, "일방통행": "양방통행", "자동차전용": "일반", "기타": null, "UFID": "1000037607086A00210000000000000402", "region": "cheongna", "region_name": "청라국제업무지구", "base_year": 2023 }, "geometry": { "type": "LineString", "coordinates": [ [ 126.640587614114892, 37.534210812738259 ], [ 126.640335542219503, 37.534209423615259 ] ] } },
{ "type": "Feature", "properties": { "도로번호": null, "명칭": null, "도로구분": "미분류", "시점": null, "종점": null, "포장재질": "포장", "분리대유무": "무", "차로수": 4, "도로폭": 20.0, "일방통행": "양방통행", "자동차전용": "일반", "기타": null, "UFID": "1000037607086A00210000000000000403", "region": "cheongna", "region_name": "청라국제업무지구", "base_year": 2023 }, "geometry": { "type": "LineString", "coordinates": [ [ 126.644587610475952, 37.537956502415504 ], [ 126.644587438045875, 37.538033357739693 ] ] } },
{ "type": "Feature", "properties": { "도로번호": null, "명칭": null, "도로구분": "미분류", "시점": null, "종점": null, "포장재질": "포장", "분리대유무": "무", "차로수": 4, "도로폭": 20.0, "일방통행": "양방통행", "자동차전용": "일반", "기타": null, "UFID": "1000037607086A00210000000000000404", "region": "cheongna", "region_name": "청라국제업무지구", "base_year": 2023 }, "geometry": { "type": "LineString", "coordinates": [ [ 126.640597962913134, 37.531752251026141 ], [ 126.640352619968127, 37.531751026594101 ] ] } },
{ "type": "Feature", "properties": { "도로번호": null, "명칭": null, "도로구분": "미분류", "시점": null, "종점": null, "포장재질": "포장", "분리대유무": "무", "차로수": 1, "도로폭": 10.0, "일방통행": "양방통행", "자동차전용": "일반", "기타": null, "UFID": "1000037607086A00210000000000000405", "region": "cheongna", "region_name": "청라국제업무지구", "base_year": 2023 }, "geometry": { "type": "LineString", "coordinates": [ [ 126.64227290186092, 37.537074285870375 ], [ 126.642329405619577, 37.537074466030944 ] ] } },
{ "type": "Feature", "properties": { "도로번호": null, "명칭": null, "도로구분": "미분류", "시점": null, "종점": null, "포장재질": "포장", "분리대유무": "무", "차로수": 4, "도로폭": 20.0, "일방통행": "양방통행", "자동차전용": "일반", "기타": null, "UFID": "1000037607086A00210000000000000406", "region": "cheongna", "region_name": "청라국제업무지구", "base_year": 2023 }, "geometry": { "type": "LineString", "coordinates": [ [ 126.637294913492099, 37.531732159753808 ], [ 126.637139230657439, 37.531731150822353 ] ] } },
{ "type": "Feature", "properties": { "도로번호": null, "명칭": null, "도로구분": "미분류", "시점": null, "종점": null, "포장재질": "포장", "분리대유무": "무", "차로수": 8, "도로폭": 40.0, "일방통행": "양방통행", "자동차전용": "일반", "기타": null, "UFID": "1000037607086A00210000000000000407", "region": "cheongna", "region_name": "청라국제업무지구", "base_year": 2023 }, "geometry": { "type": "LineString", "coordinates": [ [ 126.640611697317411, 37.529908700211443 ], [ 126.64089229635205, 37.529907705829622 ] ] } },
{ "type": "Feature", "properties": { "도로번호": null, "명칭": null, "도로구분": "미분류", "시점": null, "종점": null, "포장재질": "포장", "분리대유무": "무", "차로수": 4, "도로폭": 20.0, "일방통행": "양방통행", "자동차전용": "일반", "기타": null, "UFID": "1000037607086A00210000000000000408", "region": "cheongna", "region_name": "청라국제업무지구", "base_year": 2023 }, "geometry": { "type": "LineString", "coordinates": [ [ 126.636554009274704, 37.539279561480967 ], [ 126.636555077453679, 37.539052730161586 ] ] } },
{ "type": "Feature", "properties": { "도로번호": null, "명칭": null, "도로구분": "미분류", "시점": null, "종점": null, "포장재질": "포장", "분리대유무": "무", "차로수": 1, "도로폭": 6.0, "일방통행": "양방통행", "자동차전용": "일반", "기타": null, "UFID": "1000037607086A00210000000000000409", "region": "cheongna", "region_name": "청라국제업무지구", "base_year": 2023 }, "geometry": { "type": "LineString", "coordinates": [ [ 126.644004788376137, 37.539744459422856 ], [ 126.64405050282312, 37.539744704445958 ] ] } },
{ "type": "Feature", "properties": { "도로번호": null, "명칭": null, "도로구분": "미분류", "시점": null, "종점": null, "포장재질": "포장", "분리대유무": "무", "차로수": 4, "도로폭": 20.0, "일방통행": "양방통행", "자동차전용": "일반", "기타": null, "UFID": "1000037607086A00210000000000000411", "region": "cheongna", "region_name": "청라국제업무지구", "base_year": 2023 }, "geometry": { "type": "LineString", "coordinates": [ [ 126.644601766539765, 37.534051061159005 ], [ 126.644600807711285, 37.534205190825638 ] ] } },
{ "type": "Feature", "properties": { "도로번호": null, "명칭": null, "도로구분": "미분류", "시점": null, "종점": null, "포장재질": "포장", "분리대유무": "무", "차로수": 1, "도로폭": 8.0, "일방통행": "양방통행", "자동차전용": "일반", "기타": null, "UFID": "1000037607086A00210000000000000412", "region": "cheongna", "region_name": "청라국제업무지구", "base_year": 2023 }, "geometry": { "type": "LineString", "coordinates": [ [ 126.641253611258009, 37.539792374547993 ], [ 126.641252011265365, 37.540052165411417 ], [ 126.641251015392811, 37.540296859218302 ], [ 126.641252140569492, 37.540333366463855 ], [ 126.641251514080651, 37.540465539677918 ], [ 126.641249182604156, 37.540581378069987 ], [ 126.641247819381221, 37.540839681173708 ], [ 126.641246822327403, 37.54095827074697 ], [ 126.641246774480962, 37.5412254256035 ], [ 126.641262283003613, 37.5412724199754 ], [ 126.641321679795723, 37.54128417729121 ], [ 126.641658518163482, 37.54128623968046 ], [ 126.641703226935405, 37.541288047591145 ], [ 126.642043233065493, 37.541288322811084 ], [ 126.642103571274475, 37.54127549082348 ], [ 126.642118189737786, 37.541228290541568 ], [ 126.642118107502682, 37.540959292748603 ], [ 126.642120725450809, 37.54084242447351 ], [ 126.642119513793261, 37.540641165476003 ], [ 126.642120115972915, 37.540570100392245 ], [ 126.642122786904963, 37.5404807297475 ], [ 126.642123843259782, 37.540171178864838 ], [ 126.642123683835365, 37.540052786682573 ], [ 126.642125041190639, 37.53979649182903 ] ] } },
{ "type": "Feature", "properties": { "도로번호": null, "명칭": null, "도로구분": "미분류", "시점": null, "종점": null, "포장재질": "포장", "분리대유무": "무", "차로수": 1, "도로폭": 9.5, "일방통행": "일방통행", "자동차전용": "일반", "기타": null, "UFID": "1000037607086A00210000000000000413", "region": "cheongna", "region_name": "청라국제업무지구", "base_year": 2023 }, "geometry": { "type": "LineString", "coordinates": [ [ 126.636570752188902, 37.536051318569314 ], [ 126.636785779705832, 37.535923580096778 ], [ 126.636865797202091, 37.535885714050728 ] ] } },
{ "type": "Feature", "properties": { "도로번호": null, "명칭": null, "도로구분": "미분류", "시점": null, "종점": null, "포장재질": "포장", "분리대유무": "무", "차로수": 4, "도로폭": 20.0, "일방통행": "양방통행", "자동차전용": "일반", "기타": null, "UFID": "1000037607086A00210000000000000415", "region": "cheongna", "region_name": "청라국제업무지구", "base_year": 2023 }, "geometry": { "type": "LineString", "coordinates": [ [ 126.636578649045433, 37.534202787324368 ], [ 126.63657630002642, 37.534019806690075 ] ] } },
{ "type": "Feature", "properties": { "도로번호": null, "명칭": null, "도로구분": "미분류", "시점": null, "종점": null, "포장재질": "포장", "분리대유무": "무", "차로수": 6, "도로폭": 35.0, "일방통행": "양방통행", "자동차전용": "일반", "기타": null, "UFID": "1000037607086A00210000000000000416", "region": "cheongna", "region_name": "청라국제업무지구", "base_year": 2023 }, "geometry": { "type": "LineString", "coordinates": [ [ 126.640576343346595, 37.536068876640975 ], [ 126.640579972251246, 37.535864171481066 ] ] } },
{ "type": "Feature", "properties": { "도로번호": null, "명칭": null, "도로구분": "미분류", "시점": null, "종점": null, "포장재질": "포장", "분리대유무": "무", "차로수": 4, "도로폭": 20.0, "일방통행": "양방통행", "자동차전용": "일반", "기타": null, "UFID": "1000037607086A00210000000000000417", "region": "cheongna", "region_name": "청라국제업무지구", "base_year": 2023 }, "geometry": { "type": "LineString", "coordinates": [ [ 126.636984495423619, 37.527219466660576 ], [ 126.637000250322259, 37.527163819940888 ] ] } },
{ "type": "Feature", "properties": { "도로번호": null, "명칭": null, "도로구분": "미분류", "시점": null, "종점": null, "포장재질": "포장", "분리대유무": "무", "차로수": 1, "도로폭": 8.0, "일방통행": "양방통행", "자동차전용": "일반", "기타": null, "UFID": "1000037607086A00210000000000000418", "region": "cheongna", "region_name": "청라국제업무지구", "base_year": 2023 }, "geometry": { "type": "LineString", "coordinates": [ [ 126.643177908763761, 37.539796679421634 ], [ 126.64317659027013, 37.540056735167369 ], [ 126.643175578117123, 37.54030094151593 ], [ 126.643176100160403, 37.540338604701716 ], [ 126.643174519727609, 37.540469372200732 ], [ 126.643174456237332, 37.540485543975144 ], [ 126.64317488508523, 37.540560570255593 ], [ 126.643174564521502, 37.540641844475452 ], [ 126.643172858423341, 37.540845513823918 ], [ 126.64317272552239, 37.540962673448483 ], [ 126.643171132591789, 37.541230439932072 ], [ 126.643178541363383, 37.541261384477174 ], [ 126.643198489149498, 37.541283633562209 ], [ 126.643258324015946, 37.541290195188438 ], [ 126.643585454465708, 37.541291941642335 ], [ 126.643629138892408, 37.541292640210976 ], [ 126.643960618683451, 37.541293957263612 ], [ 126.644019727730623, 37.541287554597552 ], [ 126.644036141260401, 37.541265702682722 ], [ 126.644042802709905, 37.541235427697266 ], [ 126.644043622562478, 37.540965631625681 ], [ 126.644044451650259, 37.540849310219578 ], [ 126.644044073014896, 37.540590029638942 ], [ 126.644045391874897, 37.540473265511025 ], [ 126.644045448123038, 37.540340999552413 ], [ 126.644046910424564, 37.54030711662093 ], [ 126.644046104618397, 37.540176960894428 ], [ 126.64404907241672, 37.540058453797478 ], [ 126.644050244543706, 37.539801415929468 ] ] } },
{ "type": "Feature", "properties": { "도로번호": null, "명칭": null, "도로구분": "미분류", "시점": null, "종점": null, "포장재질": "포장", "분리대유무": "무", "차로수": 1, "도로폭": 10.0, "일방통행": "양방통행", "자동차전용": "일반", "기타": null, "UFID": "1000037607086A00210000000000000419", "region": "cheongna", "region_name": "청라국제업무지구", "base_year": 2023 }, "geometry": { "type": "LineString", "coordinates": [ [ 126.642365468088926, 37.528935117853379 ], [ 126.642364754985763, 37.528892542678435 ] ] } },
{ "type": "Feature", "properties": { "도로번호": null, "명칭": null, "도로구분": "미분류", "시점": null, "종점": null, "포장재질": "포장", "분리대유무": "무", "차로수": 1, "도로폭": 10.0, "일방통행": "양방통행", "자동차전용": "일반", "기타": null, "UFID": "1000037607086A00210000000000000420", "region": "cheongna", "region_name": "청라국제업무지구", "base_year": 2023 }, "geometry": { "type": "LineString", "coordinates": [ [ 126.644388337520169, 37.528449010585305 ], [ 126.644435930464823, 37.52844912685287 ], [ 126.644522956825384, 37.528450407858614 ] ] } },
{ "type": "Feature", "properties": { "도로번호": null, "명칭": null, "도로구분": "미분류", "시점": null, "종점": null, "포장재질": "포장", "분리대유무": "무", "차로수": 1, "도로폭": 6.0, "일방통행": "양방통행", "자동차전용": "일반", "기타": null, "UFID": "1000037607086A00210000000000000421", "region": "cheongna", "region_name": "청라국제업무지구", "base_year": 2023 }, "geometry": { "type": "LineString", "coordinates": [ [ 126.641298647363485, 37.539733223153583 ], [ 126.641668789823896, 37.539735995731206 ], [ 126.641712477712431, 37.539735776903264 ], [ 126.642081892823455, 37.539736147529261 ] ] } },
{ "type": "Feature", "properties": { "도로번호": null, "명칭": null, "도로구분": "미분류", "시점": null, "종점": null, "포장재질": "포장", "분리대유무": "무", "차로수": 4, "도로폭": 20.0, "일방통행": "양방통행", "자동차전용": "일반", "기타": null, "UFID": "1000037607086A00210000000000000422", "region": "cheongna", "region_name": "청라국제업무지구", "base_year": 2023 }, "geometry": { "type": "LineString", "coordinates": [ [ 126.636570752188902, 37.536051318569314 ], [ 126.636571255492697, 37.535814718591446 ] ] } },
{ "type": "Feature", "properties": { "도로번호": null, "명칭": null, "도로구분": "미분류", "시점": null, "종점": null, "포장재질": "포장", "분리대유무": "무", "차로수": 1, "도로폭": 10.0, "일방통행": "양방통행", "자동차전용": "일반", "기타": null, "UFID": "1000037607086A00210000000000000423", "region": "cheongna", "region_name": "청라국제업무지구", "base_year": 2023 }, "geometry": { "type": "LineString", "coordinates": [ [ 126.64300617730558, 37.537075559725139 ], [ 126.643059738687001, 37.537075630630738 ] ] } },
{ "type": "Feature", "properties": { "도로번호": null, "명칭": null, "도로구분": "미분류", "시점": null, "종점": null, "포장재질": "포장", "분리대유무": "무", "차로수": 1, "도로폭": 10.0, "일방통행": "양방통행", "자동차전용": "일반", "기타": null, "UFID": "1000037607086A00210000000000000424", "region": "cheongna", "region_name": "청라국제업무지구", "base_year": 2023 }, "geometry": { "type": "LineString", "coordinates": [ [ 126.643046039129544, 37.528823840393763 ], [ 126.643046304089339, 37.528775123376796 ], [ 126.643052213264966, 37.528513437593055 ], [ 126.643062810830585, 37.528480809374848 ], [ 126.643081509199376, 37.528459934819544 ], [ 126.643106568994313, 37.528452352075334 ], [ 126.643148309189087, 37.528446621722914 ], [ 126.644195131524953, 37.528448600755354 ] ] } },
{ "type": "Feature", "properties": { "도로번호": null, "명칭": null, "도로구분": "미분류", "시점": null, "종점": null, "포장재질": "포장", "분리대유무": "무", "차로수": 4, "도로폭": 20.0, "일방통행": "양방통행", "자동차전용": "일반", "기타": null, "UFID": "1000037607086A00210000000000000425", "region": "cheongna", "region_name": "청라국제업무지구", "base_year": 2023 }, "geometry": { "type": "LineString", "coordinates": [ [ 126.644589879307745, 37.537003833137817 ], [ 126.644589620607405, 37.537077650957428 ] ] } },
{ "type": "Feature", "properties": { "도로번호": null, "명칭": null, "도로구분": "미분류", "시점": null, "종점": null, "포장재질": "포장", "분리대유무": "무", "차로수": 4, "도로폭": 20.0, "일방통행": "양방통행", "자동차전용": "일반", "기타": null, "UFID": "1000037607086A00210000000000000426", "region": "cheongna", "region_name": "청라국제업무지구", "base_year": 2023 }, "geometry": { "type": "LineString", "coordinates": [ [ 126.639184792072939, 37.531744427999719 ], [ 126.637444147702141, 37.531733132465043 ] ] } },
{ "type": "Feature", "properties": { "도로번호": null, "명칭": null, "도로구분": "미분류", "시점": null, "종점": null, "포장재질": "포장", "분리대유무": "무", "차로수": 4, "도로폭": 20.0, "일방통행": "양방통행", "자동차전용": "일반", "기타": null, "UFID": "1000037607086A00210000000000000427", "region": "cheongna", "region_name": "청라국제업무지구", "base_year": 2023 }, "geometry": { "type": "LineString", "coordinates": [ [ 126.644628473960339, 37.529181293590909 ], [ 126.644628388022625, 37.529262838979683 ] ] } },
{ "type": "Feature", "properties": { "도로번호": null, "명칭": null, "도로구분": "미분류", "시점": null, "종점": null, "포장재질": "포장", "분리대유무": "무", "차로수": 4, "도로폭": 20.0, "일방통행": "양방통행", "자동차전용": "일반", "기타": null, "UFID": "1000037607086A00210000000000000428", "region": "cheongna", "region_name": "청라국제업무지구", "base_year": 2023 }, "geometry": { "type": "LineString", "coordinates": [ [ 126.636709459691701, 37.531728351902721 ], [ 126.636587784764345, 37.531727563083571 ] ] } },
{ "type": "Feature", "properties": { "도로번호": null, "명칭": null, "도로구분": "미분류", "시점": null, "종점": null, "포장재질": "포장", "분리대유무": "무", "차로수": 6, "도로폭": 35.0, "일방통행": "양방통행", "자동차전용": "일반", "기타": null, "UFID": "1000037607086A00210000000000000429", "region": "cheongna", "region_name": "청라국제업무지구", "base_year": 2023 }, "geometry": { "type": "LineString", "coordinates": [ [ 126.640575639853878, 37.539060703026749 ], [ 126.64057608623385, 37.53896535112564 ] ] } },
{ "type": "Feature", "properties": { "도로번호": null, "명칭": null, "도로구분": "미분류", "시점": null, "종점": null, "포장재질": "포장", "분리대유무": "무", "차로수": 1, "도로폭": 10.0, "일방통행": "양방통행", "자동차전용": "일반", "기타": null, "UFID": "1000037607086A00210000000000000430", "region": "cheongna", "region_name": "청라국제업무지구", "base_year": 2023 }, "geometry": { "type": "LineString", "coordinates": [ [ 126.640586768150712, 37.53706988780641 ], [ 126.640777293957427, 37.537069691766384 ] ] } },
{ "type": "Feature", "properties": { "도로번호": null, "명칭": null, "도로구분": "미분류", "시점": null, "종점": null, "포장재질": "포장", "분리대유무": "무", "차로수": 6, "도로폭": 35.0, "일방통행": "양방통행", "자동차전용": "일반", "기타": null, "UFID": "1000037607086A00210000000000000431", "region": "cheongna", "region_name": "청라국제업무지구", "base_year": 2023 }, "geometry": { "type": "LineString", "coordinates": [ [ 126.641125250141172, 37.526454703973002 ], [ 126.641577216592225, 37.525430735855061 ] ] } },
{ "type": "Feature", "properties": { "도로번호": null, "명칭": null, "도로구분": "미분류", "시점": null, "종점": null, "포장재질": "포장", "분리대유무": "무", "차로수": 6, "도로폭": 35.0, "일방통행": "양방통행", "자동차전용": "일반", "기타": null, "UFID": "1000037607086A00210000000000000432", "region": "cheongna", "region_name": "청라국제업무지구", "base_year": 2023 }, "geometry": { "type": "LineString", "coordinates": [ [ 126.641111449437332, 37.5264859701566 ], [ 126.641125250141172, 37.526454703973002 ] ] } },
{ "type": "Feature", "properties": { "도로번호": null, "명칭": null, "도로구분": "미분류", "시점": null, "종점": null, "포장재질": "포장", "분리대유무": "무", "차로수": 6, "도로폭": 35.0, "일방통행": "양방통행", "자동차전용": "일반", "기타": null, "UFID": "1000037607086A00210000000000000433", "region": "cheongna", "region_name": "청라국제업무지구", "base_year": 2023 }, "geometry": { "type": "LineString", "coordinates": [ [ 126.641577216592225, 37.525430735855061 ], [ 126.641651417643828, 37.525262624228752 ] ] } },
{ "type": "Feature", "properties": { "도로번호": null, "명칭": null, "도로구분": "미분류", "시점": null, "종점": null, "포장재질": "포장", "분리대유무": "유", "차로수": 8, "도로폭": 40.0, "일방통행": "양방통행", "자동차전용": "일반", "기타": null, "UFID": "1000037607086A00210000000000000434", "region": "cheongna", "region_name": "청라국제업무지구", "base_year": 2023 }, "geometry": { "type": "LineString", "coordinates": [ [ 126.634242052366091, 37.541814436895002 ], [ 126.634661932424535, 37.541815449265229 ] ] } },
{ "type": "Feature", "properties": { "도로번호": null, "명칭": null, "도로구분": "미분류", "시점": null, "종점": null, "포장재질": "포장", "분리대유무": "유", "차로수": 8, "도로폭": 40.0, "일방통행": "양방통행", "자동차전용": "일반", "기타": null, "UFID": "1000037607086A00210000000000000435", "region": "cheongna", "region_name": "청라국제업무지구", "base_year": 2023 }, "geometry": { "type": "LineString", "coordinates": [ [ 126.634661932424535, 37.541815449265229 ], [ 126.636308090369425, 37.541819403593266 ] ] } },
{ "type": "Feature", "properties": { "도로번호": null, "명칭": null, "도로구분": "미분류", "시점": null, "종점": null, "포장재질": "포장", "분리대유무": "무", "차로수": 4, "도로폭": 20.0, "일방통행": "양방통행", "자동차전용": "일반", "기타": null, "UFID": "1000037607086A00210000000000000436", "region": "cheongna", "region_name": "청라국제업무지구", "base_year": 2023 }, "geometry": { "type": "LineString", "coordinates": [ [ 126.644609855414245, 37.532765358084305 ], [ 126.644607024765634, 37.533215256796026 ] ] } },
{ "type": "Feature", "properties": { "도로번호": null, "명칭": null, "도로구분": "미분류", "시점": null, "종점": null, "포장재질": "포장", "분리대유무": "무", "차로수": 4, "도로폭": 20.0, "일방통행": "양방통행", "자동차전용": "일반", "기타": null, "UFID": "1000037607086A00210000000000000437", "region": "cheongna", "region_name": "청라국제업무지구", "base_year": 2023 }, "geometry": { "type": "LineString", "coordinates": [ [ 126.644607024765634, 37.533215256796026 ], [ 126.644601766539765, 37.534051061159005 ] ] } },
{ "type": "Feature", "properties": { "도로번호": null, "명칭": null, "도로구분": "미분류", "시점": null, "종점": null, "포장재질": "포장", "분리대유무": "무", "차로수": 6, "도로폭": 35.0, "일방통행": "양방통행", "자동차전용": "일반", "기타": null, "UFID": "1000037607086A00210000000000000438", "region": "cheongna", "region_name": "청라국제업무지구", "base_year": 2023 }, "geometry": { "type": "LineString", "coordinates": [ [ 126.640593592674193, 37.532744792675786 ], [ 126.640597491182604, 37.531853152204974 ] ] } },
{ "type": "Feature", "properties": { "도로번호": null, "명칭": null, "도로구분": "미분류", "시점": null, "종점": null, "포장재질": "포장", "분리대유무": "무", "차로수": 6, "도로폭": 35.0, "일방통행": "양방통행", "자동차전용": "일반", "기타": null, "UFID": "1000037607086A00210000000000000439", "region": "cheongna", "region_name": "청라국제업무지구", "base_year": 2023 }, "geometry": { "type": "LineString", "coordinates": [ [ 126.640591567478765, 37.533207838329865 ], [ 126.640593592674193, 37.532744792675786 ] ] } },
{ "type": "Feature", "properties": { "도로번호": null, "명칭": null, "도로구분": "미분류", "시점": null, "종점": null, "포장재질": "포장", "분리대유무": "무", "차로수": 4, "도로폭": 20.0, "일방통행": "양방통행", "자동차전용": "일반", "기타": null, "UFID": "1000037607086A00210000000000000440", "region": "cheongna", "region_name": "청라국제업무지구", "base_year": 2023 }, "geometry": { "type": "LineString", "coordinates": [ [ 126.636581002725535, 37.532726809476159 ], [ 126.636582249995627, 37.532472092616175 ], [ 126.636586320462129, 37.531922326098446 ] ] } },
{ "type": "Feature", "properties": { "도로번호": null, "명칭": null, "도로구분": "미분류", "시점": null, "종점": null, "포장재질": "포장", "분리대유무": "무", "차로수": 4, "도로폭": 20.0, "일방통행": "양방통행", "자동차전용": "일반", "기타": null, "UFID": "1000037607086A00210000000000000441", "region": "cheongna", "region_name": "청라국제업무지구", "base_year": 2023 }, "geometry": { "type": "LineString", "coordinates": [ [ 126.63657729311754, 37.53320731203587 ], [ 126.636581002725535, 37.532726809476159 ] ] } },
{ "type": "Feature", "properties": { "도로번호": null, "명칭": null, "도로구분": "미분류", "시점": null, "종점": null, "포장재질": "포장", "분리대유무": "무", "차로수": 1, "도로폭": 9.0, "일방통행": "양방통행", "자동차전용": "일반", "기타": null, "UFID": "1000037607086A00210000000000000442", "region": "cheongna", "region_name": "청라국제업무지구", "base_year": 2023 }, "geometry": { "type": "LineString", "coordinates": [ [ 126.648157777376269, 37.542208018386397 ], [ 126.648185407363869, 37.54237241430944 ], [ 126.648204503358841, 37.542392581414603 ], [ 126.648227789996653, 37.542404679073364 ], [ 126.648255312735557, 37.542413240325622 ], [ 126.64838881253462, 37.542437198035181 ], [ 126.648436140428771, 37.542445051468697 ], [ 126.648583411759645, 37.542471276317457 ], [ 126.648684092830848, 37.54249329979325 ], [ 126.648720745202908, 37.542502752152821 ], [ 126.648799397931455, 37.542522068280441 ], [ 126.648901456634817, 37.54255678978992 ], [ 126.649200693061232, 37.542670007095992 ], [ 126.649349942566346, 37.542725564259769 ], [ 126.649373766864358, 37.542731644641066 ], [ 126.649390069004255, 37.542734522170399 ], [ 126.649441556746879, 37.542741161297762 ], [ 126.6494747929124, 37.542743188992056 ], [ 126.649685630314551, 37.542743553368979 ] ] } },
{ "type": "Feature", "properties": { "도로번호": "제84호", "명칭": "강화-원주선", "도로구분": "지방도", "시점": "인천광역시강화군", "종점": "강원특별자치도원주시", "포장재질": "포장", "분리대유무": "유", "차로수": 6, "도로폭": 51.5, "일방통행": "양방통행", "자동차전용": "일반", "기타": null, "UFID": "1000037607086A00210000000000000444", "region": "cheongna", "region_name": "청라국제업무지구", "base_year": 2023 }, "geometry": { "type": "LineString", "coordinates": [ [ 126.649938973038815, 37.541022186314777 ], [ 126.649939921716481, 37.541061049962913 ] ] } },
{ "type": "Feature", "properties": { "도로번호": "제84호", "명칭": "강화-원주선", "도로구분": "지방도", "시점": "인천광역시강화군", "종점": "강원특별자치도원주시", "포장재질": "포장", "분리대유무": "유", "차로수": 6, "도로폭": 51.5, "일방통행": "양방통행", "자동차전용": "일반", "기타": null, "UFID": "1000037607086A00210000000000000446", "region": "cheongna", "region_name": "청라국제업무지구", "base_year": 2023 }, "geometry": { "type": "LineString", "coordinates": [ [ 126.649916460436373, 37.540069921349001 ], [ 126.649923750204209, 37.54031856368703 ] ] } },
{ "type": "Feature", "properties": { "도로번호": "제84호", "명칭": "강화-원주선", "도로구분": "지방도", "시점": "인천광역시강화군", "종점": "강원특별자치도원주시", "포장재질": "포장", "분리대유무": "유", "차로수": 6, "도로폭": 51.5, "일방통행": "양방통행", "자동차전용": "일반", "기타": null, "UFID": "1000037607086A00210000000000000450", "region": "cheongna", "region_name": "청라국제업무지구", "base_year": 2023 }, "geometry": { "type": "LineString", "coordinates": [ [ 126.649847697862128, 37.538429995316854 ], [ 126.649916460436373, 37.540069921349001 ] ] } },
{ "type": "Feature", "properties": { "도로번호": "제84호", "명칭": "강화-원주선", "도로구분": "지방도", "시점": "인천광역시강화군", "종점": "강원특별자치도원주시", "포장재질": "포장", "분리대유무": "무", "차로수": 3, "도로폭": 18.0, "일방통행": "일방통행", "자동차전용": "일반", "기타": null, "UFID": "1000037607086A00210000000000000451", "region": "cheongna", "region_name": "청라국제업무지구", "base_year": 2023 }, "geometry": { "type": "LineString", "coordinates": [ [ 126.649367594689153, 37.525839377404523 ], [ 126.649512266381464, 37.525561756201903 ], [ 126.649553401673643, 37.525467237456951 ], [ 126.64957896197555, 37.525342624206473 ] ] } },
{ "type": "Feature", "properties": { "도로번호": "제84호", "명칭": "강화-원주선", "도로구분": "지방도", "시점": "인천광역시강화군", "종점": "강원특별자치도원주시", "포장재질": "포장", "분리대유무": "유", "차로수": 6, "도로폭": 51.5, "일방통행": "양방통행", "자동차전용": "일반", "기타": null, "UFID": "1000037607086A00210000000000000452", "region": "cheongna", "region_name": "청라국제업무지구", "base_year": 2023 }, "geometry": { "type": "LineString", "coordinates": [ [ 126.649932450505361, 37.540560777087563 ], [ 126.649938973038815, 37.541022186314777 ] ] } },
{ "type": "Feature", "properties": { "도로번호": null, "명칭": null, "도로구분": "미분류", "시점": null, "종점": null, "포장재질": "포장", "분리대유무": "무", "차로수": 3, "도로폭": 12.0, "일방통행": "일방통행", "자동차전용": "일반", "기타": null, "UFID": "1000037607086A00210000000000000453", "region": "cheongna", "region_name": "청라국제업무지구", "base_year": 2023 }, "geometry": { "type": "LineString", "coordinates": [ [ 126.649965540666201, 37.526008688045032 ], [ 126.649889458616798, 37.526004300819352 ], [ 126.64974254176478, 37.525974889112057 ], [ 126.649623555677636, 37.525940549639039 ], [ 126.649367594689153, 37.525839377404523 ] ] } },
{ "type": "Feature", "properties": { "도로번호": "제84호", "명칭": "강화-원주선", "도로구분": "지방도", "시점": "인천광역시강화군", "종점": "강원특별자치도원주시", "포장재질": "포장", "분리대유무": "무", "차로수": 3, "도로폭": 16.0, "일방통행": "일방통행", "자동차전용": "일반", "기타": null, "UFID": "1000037607086A00210000000000000454", "region": "cheongna", "region_name": "청라국제업무지구", "base_year": 2023 }, "geometry": { "type": "LineString", "coordinates": [ [ 126.649722395251558, 37.529559844325313 ], [ 126.649708257662454, 37.529621862180036 ], [ 126.649681090776951, 37.529678482252734 ], [ 126.649500256633118, 37.529916839698821 ] ] } },
{ "type": "Feature", "properties": { "도로번호": null, "명칭": null, "도로구분": "미분류", "시점": null, "종점": null, "포장재질": "포장", "분리대유무": "유", "차로수": 7, "도로폭": 40.0, "일방통행": "양방통행", "자동차전용": "일반", "기타": null, "UFID": "1000037607086A00210000000000000455", "region": "cheongna", "region_name": "청라국제업무지구", "base_year": 2023 }, "geometry": { "type": "LineString", "coordinates": [ [ 126.649154503360791, 37.529916196872428 ], [ 126.649500256633118, 37.529916839698821 ] ] } },
{ "type": "Feature", "properties": { "도로번호": null, "명칭": null, "도로구분": "미분류", "시점": null, "종점": null, "포장재질": "포장", "분리대유무": "무", "차로수": 6, "도로폭": 35.0, "일방통행": "양방통행", "자동차전용": "일반", "기타": null, "UFID": "1000037607086A00210000000000000457", "region": "cheongna", "region_name": "청라국제업무지구", "base_year": 2023 }, "geometry": { "type": "LineString", "coordinates": [ [ 126.64974858252414, 37.536076902473546 ], [ 126.649405523369353, 37.536070389313728 ] ] } },
{ "type": "Feature", "properties": { "도로번호": "제84호", "명칭": "강화-원주선", "도로구분": "지방도", "시점": "인천광역시강화군", "종점": "강원특별자치도원주시", "포장재질": "포장", "분리대유무": "유", "차로수": 6, "도로폭": 51.5, "일방통행": "양방통행", "자동차전용": "일반", "기타": null, "UFID": "1000037607086A00210000000000000459", "region": "cheongna", "region_name": "청라국제업무지구", "base_year": 2023 }, "geometry": { "type": "LineString", "coordinates": [ [ 126.649983910568139, 37.542744158571942 ], [ 126.649982598534706, 37.542661748758817 ] ] } },
{ "type": "Feature", "properties": { "도로번호": null, "명칭": null, "도로구분": "미분류", "시점": null, "종점": null, "포장재질": "포장", "분리대유무": "무", "차로수": 4, "도로폭": 20.0, "일방통행": "양방통행", "자동차전용": "일반", "기타": null, "UFID": "1000037607086A00210000000000000461", "region": "cheongna", "region_name": "청라국제업무지구", "base_year": 2023 }, "geometry": { "type": "LineString", "coordinates": [ [ 126.64929011197799, 37.53422079664724 ], [ 126.649677346405383, 37.534235525821323 ] ] } },
{ "type": "Feature", "properties": { "도로번호": "제84호", "명칭": "강화-원주선", "도로구분": "지방도", "시점": "인천광역시강화군", "종점": "강원특별자치도원주시", "포장재질": "포장", "분리대유무": "유", "차로수": 6, "도로폭": 51.5, "일방통행": "양방통행", "자동차전용": "일반", "기타": null, "UFID": "1000037607086A00210000000000000462", "region": "cheongna", "region_name": "청라국제업무지구", "base_year": 2023 }, "geometry": { "type": "LineString", "coordinates": [ [ 126.649741546875262, 37.535855155440544 ], [ 126.64974858252414, 37.536076902473546 ] ] } },
{ "type": "Feature", "properties": { "도로번호": "제84호", "명칭": "강화-원주선", "도로구분": "지방도", "시점": "인천광역시강화군", "종점": "강원특별자치도원주시", "포장재질": "포장", "분리대유무": "유", "차로수": 6, "도로폭": 51.5, "일방통행": "양방통행", "자동차전용": "일반", "기타": null, "UFID": "1000037607086A00210000000000000463", "region": "cheongna", "region_name": "청라국제업무지구", "base_year": 2023 }, "geometry": { "type": "LineString", "coordinates": [ [ 126.649837723244957, 37.538024859962988 ], [ 126.649840666132789, 37.538227636919402 ] ] } },
{ "type": "Feature", "properties": { "도로번호": null, "명칭": null, "도로구분": "미분류", "시점": null, "종점": null, "포장재질": "포장", "분리대유무": "무", "차로수": 1, "도로폭": 9.0, "일방통행": "양방통행", "자동차전용": "일반", "기타": null, "UFID": "1000037607086A00210000000000000464", "region": "cheongna", "region_name": "청라국제업무지구", "base_year": 2023 }, "geometry": { "type": "LineString", "coordinates": [ [ 126.649685630314551, 37.542743553368979 ], [ 126.649983910568139, 37.542744158571942 ] ] } },
{ "type": "Feature", "properties": { "도로번호": null, "명칭": null, "도로구분": "미분류", "시점": null, "종점": null, "포장재질": "포장", "분리대유무": "유", "차로수": 8, "도로폭": 40.0, "일방통행": "양방통행", "자동차전용": "일반", "기타": null, "UFID": "1000037607086A00210000000000000465", "region": "cheongna", "region_name": "청라국제업무지구", "base_year": 2023 }, "geometry": { "type": "LineString", "coordinates": [ [ 126.649622119172989, 37.540312856883858 ], [ 126.649923750204209, 37.54031856368703 ] ] } },
{ "type": "Feature", "properties": { "도로번호": null, "명칭": null, "도로구분": "미분류", "시점": null, "종점": null, "포장재질": "포장", "분리대유무": "무", "차로수": 3, "도로폭": 11.5, "일방통행": "일방통행", "자동차전용": "일반", "기타": null, "UFID": "1000037607086A00210000000000000467", "region": "cheongna", "region_name": "청라국제업무지구", "base_year": 2023 }, "geometry": { "type": "LineString", "coordinates": [ [ 126.649976545097729, 37.525682208069739 ], [ 126.649841957844416, 37.525703793462753 ], [ 126.649674995840286, 37.525742014203864 ], [ 126.649367594689153, 37.525839377404523 ] ] } },
{ "type": "Feature", "properties": { "도로번호": "제84호", "명칭": "강화-원주선", "도로구분": "지방도", "시점": "인천광역시강화군", "종점": "강원특별자치도원주시", "포장재질": "포장", "분리대유무": "무", "차로수": 3, "도로폭": 12.5, "일방통행": "일방통행", "자동차전용": "일반", "기타": null, "UFID": "1000037607086A00210000000000000468", "region": "cheongna", "region_name": "청라국제업무지구", "base_year": 2023 }, "geometry": { "type": "LineString", "coordinates": [ [ 126.649138390329469, 37.525327801213557 ], [ 126.649171513685033, 37.525419666241888 ], [ 126.649244410653907, 37.525591477796702 ], [ 126.649367594689153, 37.525839377404523 ] ] } },
{ "type": "Feature", "properties": { "도로번호": "제84호", "명칭": "강화-원주선", "도로구분": "지방도", "시점": "인천광역시강화군", "종점": "강원특별자치도원주시", "포장재질": "포장", "분리대유무": "유", "차로수": 6, "도로폭": 51.5, "일방통행": "양방통행", "자동차전용": "일반", "기타": null, "UFID": "1000037607086A00210000000000000469", "region": "cheongna", "region_name": "청라국제업무지구", "base_year": 2023 }, "geometry": { "type": "LineString", "coordinates": [ [ 126.649672158669517, 37.534130362336789 ], [ 126.649677346405383, 37.534235525821323 ] ] } },
{ "type": "Feature", "properties": { "도로번호": "제84호", "명칭": "강화-원주선", "도로구분": "지방도", "시점": "인천광역시강화군", "종점": "강원특별자치도원주시", "포장재질": "포장", "분리대유무": "무", "차로수": 3, "도로폭": 16.0, "일방통행": "일방통행", "자동차전용": "일반", "기타": null, "UFID": "1000037607086A00210000000000000470", "region": "cheongna", "region_name": "청라국제업무지구", "base_year": 2023 }, "geometry": { "type": "LineString", "coordinates": [ [ 126.649500256633118, 37.529916839698821 ], [ 126.649324704934415, 37.529637770774535 ], [ 126.649311349427933, 37.529605403337328 ], [ 126.649295470226789, 37.529565721316793 ] ] } },
{ "type": "Feature", "properties": { "도로번호": null, "명칭": null, "도로구분": "미분류", "시점": null, "종점": null, "포장재질": "포장", "분리대유무": "무", "차로수": 4, "도로폭": 26.1, "일방통행": "양방통행", "자동차전용": "일반", "기타": null, "UFID": "1000037607086A00210000000000000472", "region": "cheongna", "region_name": "청라국제업무지구", "base_year": 2023 }, "geometry": { "type": "LineString", "coordinates": [ [ 126.649580859329191, 37.531781020977419 ], [ 126.649969963244132, 37.531783039851021 ] ] } },
{ "type": "Feature", "properties": { "도로번호": "제84호", "명칭": "강화-원주선", "도로구분": "지방도", "시점": "인천광역시강화군", "종점": "강원특별자치도원주시", "포장재질": "포장", "분리대유무": "유", "차로수": 6, "도로폭": 51.5, "일방통행": "양방통행", "자동차전용": "일반", "기타": null, "UFID": "1000037607086A00210000000000000473", "region": "cheongna", "region_name": "청라국제업무지구", "base_year": 2023 }, "geometry": { "type": "LineString", "coordinates": [ [ 126.64974858252414, 37.536076902473546 ], [ 126.649761019853926, 37.536355950856148 ] ] } },
{ "type": "Feature", "properties": { "도로번호": "제84호", "명칭": "강화-원주선", "도로구분": "지방도", "시점": "인천광역시강화군", "종점": "강원특별자치도원주시", "포장재질": "포장", "분리대유무": "유", "차로수": 6, "도로폭": 51.5, "일방통행": "양방통행", "자동차전용": "일반", "기타": null, "UFID": "1000037607086A00210000000000000474", "region": "cheongna", "region_name": "청라국제업무지구", "base_year": 2023 }, "geometry": { "type": "LineString", "coordinates": [ [ 126.649580859329191, 37.531781020977419 ], [ 126.649585878416786, 37.531881065443557 ] ] } },
{ "type": "Feature", "properties": { "도로번호": "제84호", "명칭": "강화-원주선", "도로구분": "지방도", "시점": "인천광역시강화군", "종점": "강원특별자치도원주시", "포장재질": "포장", "분리대유무": "유", "차로수": 6, "도로폭": 51.5, "일방통행": "양방통행", "자동차전용": "일반", "기타": null, "UFID": "1000037607086A00210000000000000475", "region": "cheongna", "region_name": "청라국제업무지구", "base_year": 2023 }, "geometry": { "type": "LineString", "coordinates": [ [ 126.649923750204209, 37.54031856368703 ], [ 126.649932450505361, 37.540560777087563 ] ] } },
{ "type": "Feature", "properties": { "도로번호": "제84호", "명칭": "강화-원주선", "도로구분": "지방도", "시점": "인천광역시강화군", "종점": "강원특별자치도원주시", "포장재질": "포장", "분리대유무": "유", "차로수": 6, "도로폭": 51.5, "일방통행": "양방통행", "자동차전용": "일반", "기타": null, "UFID": "1000037607086A00210000000000000476", "region": "cheongna", "region_name": "청라국제업무지구", "base_year": 2023 }, "geometry": { "type": "LineString", "coordinates": [ [ 126.649683697893167, 37.534432705219814 ], [ 126.649741546875262, 37.535855155440544 ] ] } },
{ "type": "Feature", "properties": { "도로번호": "제84호", "명칭": "강화-원주선", "도로구분": "지방도", "시점": "인천광역시강화군", "종점": "강원특별자치도원주시", "포장재질": "포장", "분리대유무": "유", "차로수": 6, "도로폭": 51.5, "일방통행": "양방통행", "자동차전용": "일반", "기타": null, "UFID": "1000037607086A00210000000000000477", "region": "cheongna", "region_name": "청라국제업무지구", "base_year": 2023 }, "geometry": { "type": "LineString", "coordinates": [ [ 126.649840666132789, 37.538227636919402 ], [ 126.649847697862128, 37.538429995316854 ] ] } },
{ "type": "Feature", "properties": { "도로번호": "제84호", "명칭": "강화-원주선", "도로구분": "지방도", "시점": "인천광역시강화군", "종점": "강원특별자치도원주시", "포장재질": "포장", "분리대유무": "무", "차로수": 3, "도로폭": 16.0, "일방통행": "일방통행", "자동차전용": "일반", "기타": null, "UFID": "1000037607086A00210000000000000479", "region": "cheongna", "region_name": "청라국제업무지구", "base_year": 2023 }, "geometry": { "type": "LineString", "coordinates": [ [ 126.649580689244857, 37.526361829912169 ], [ 126.649595571246593, 37.526457143761661 ], [ 126.649596728594915, 37.526485433116854 ] ] } },
{ "type": "Feature", "properties": { "도로번호": "제84호", "명칭": "강화-원주선", "도로구분": "지방도", "시점": "인천광역시강화군", "종점": "강원특별자치도원주시", "포장재질": "포장", "분리대유무": "무", "차로수": 3, "도로폭": 16.0, "일방통행": "일방통행", "자동차전용": "일반", "기타": null, "UFID": "1000037607086A00210000000000000480", "region": "cheongna", "region_name": "청라국제업무지구", "base_year": 2023 }, "geometry": { "type": "LineString", "coordinates": [ [ 126.649295470226789, 37.529565721316793 ], [ 126.649282784678846, 37.52949151355481 ], [ 126.649202155134645, 37.527386731617248 ] ] } },
{ "type": "Feature", "properties": { "도로번호": "제84호", "명칭": "강화-원주선", "도로구분": "지방도", "시점": "인천광역시강화군", "종점": "강원특별자치도원주시", "포장재질": "포장", "분리대유무": "유", "차로수": 6, "도로폭": 51.5, "일방통행": "양방통행", "자동차전용": "일반", "기타": null, "UFID": "1000037607086A00210000000000000481", "region": "cheongna", "region_name": "청라국제업무지구", "base_year": 2023 }, "geometry": { "type": "LineString", "coordinates": [ [ 126.649941316787093, 37.541103904542005 ], [ 126.649946105269166, 37.541311815328164 ], [ 126.649982598534706, 37.542661748758817 ] ] } },
{ "type": "Feature", "properties": { "도로번호": "제84호", "명칭": "강화-원주선", "도로구분": "지방도", "시점": "인천광역시강화군", "종점": "강원특별자치도원주시", "포장재질": "포장", "분리대유무": "무", "차로수": 3, "도로폭": 16.0, "일방통행": "일방통행", "자동차전용": "일반", "기타": null, "UFID": "1000037607086A00210000000000000482", "region": "cheongna", "region_name": "청라국제업무지구", "base_year": 2023 }, "geometry": { "type": "LineString", "coordinates": [ [ 126.649367594689153, 37.525839377404523 ], [ 126.649552307441795, 37.526283726504246 ], [ 126.649580689244857, 37.526361829912169 ] ] } },
{ "type": "Feature", "properties": { "도로번호": null, "명칭": null, "도로구분": "미분류", "시점": null, "종점": null, "포장재질": "포장", "분리대유무": "무", "차로수": 3, "도로폭": 11.5, "일방통행": "일방통행", "자동차전용": "일반", "기타": null, "UFID": "1000037607086A00210000000000000483", "region": "cheongna", "region_name": "청라국제업무지구", "base_year": 2023 }, "geometry": { "type": "LineString", "coordinates": [ [ 126.649367594689153, 37.525839377404523 ], [ 126.648893006980202, 37.525701715877226 ], [ 126.648798395181217, 37.525683045204993 ] ] } },
{ "type": "Feature", "properties": { "도로번호": "제84호", "명칭": "강화-원주선", "도로구분": "지방도", "시점": "인천광역시강화군", "종점": "강원특별자치도원주시", "포장재질": "포장", "분리대유무": "유", "차로수": 6, "도로폭": 51.5, "일방통행": "양방통행", "자동차전용": "일반", "기타": null, "UFID": "1000037607086A00210000000000000484", "region": "cheongna", "region_name": "청라국제업무지구", "base_year": 2023 }, "geometry": { "type": "LineString", "coordinates": [ [ 126.649500256633118, 37.529916839698821 ], [ 126.649515228349372, 37.530139380871219 ] ] } },
{ "type": "Feature", "properties": { "도로번호": null, "명칭": null, "도로구분": "미분류", "시점": null, "종점": null, "포장재질": "포장", "분리대유무": "무", "차로수": 3, "도로폭": 11.5, "일방통행": "일방통행", "자동차전용": "일반", "기타": null, "UFID": "1000037607086A00210000000000000485", "region": "cheongna", "region_name": "청라국제업무지구", "base_year": 2023 }, "geometry": { "type": "LineString", "coordinates": [ [ 126.648792113204578, 37.526007845227454 ], [ 126.648943457052425, 37.525977742354691 ], [ 126.649367594689153, 37.525839377404523 ] ] } },
{ "type": "Feature", "properties": { "도로번호": null, "명칭": null, "도로구분": "미분류", "시점": null, "종점": null, "포장재질": "포장", "분리대유무": "유", "차로수": 8, "도로폭": 52.7, "일방통행": "양방통행", "자동차전용": "일반", "기타": null, "UFID": "1000037607086A00210000000000000487", "region": "cheongna", "region_name": "청라국제업무지구", "base_year": 2023 }, "geometry": { "type": "LineString", "coordinates": [ [ 126.649500256633118, 37.529916839698821 ], [ 126.649843333491177, 37.529913781291143 ] ] } },
{ "type": "Feature", "properties": { "도로번호": "제84호", "명칭": "강화-원주선", "도로구분": "지방도", "시점": "인천광역시강화군", "종점": "강원특별자치도원주시", "포장재질": "포장", "분리대유무": "유", "차로수": 6, "도로폭": 51.5, "일방통행": "양방통행", "자동차전용": "일반", "기타": null, "UFID": "1000037607086A00210000000000000488", "region": "cheongna", "region_name": "청라국제업무지구", "base_year": 2023 }, "geometry": { "type": "LineString", "coordinates": [ [ 126.649677346405383, 37.534235525821323 ], [ 126.649683697893167, 37.534432705219814 ] ] } },
{ "type": "Feature", "properties": { "도로번호": null, "명칭": null, "도로구분": "미분류", "시점": null, "종점": null, "포장재질": "포장", "분리대유무": "무", "차로수": 4, "도로폭": 20.0, "일방통행": "양방통행", "자동차전용": "일반", "기타": null, "UFID": "1000037607086A00210000000000000489", "region": "cheongna", "region_name": "청라국제업무지구", "base_year": 2023 }, "geometry": { "type": "LineString", "coordinates": [ [ 126.649192987036514, 37.531774995044259 ], [ 126.649580859329191, 37.531781020977419 ] ] } },
{ "type": "Feature", "properties": { "도로번호": "제84호", "명칭": "강화-원주선", "도로구분": "지방도", "시점": "인천광역시강화군", "종점": "강원특별자치도원주시", "포장재질": "포장", "분리대유무": "유", "차로수": 6, "도로폭": 51.5, "일방통행": "양방통행", "자동차전용": "일반", "기타": null, "UFID": "1000037607086A00210000000000000490", "region": "cheongna", "region_name": "청라국제업무지구", "base_year": 2023 }, "geometry": { "type": "LineString", "coordinates": [ [ 126.649939921716481, 37.541061049962913 ], [ 126.649941316787093, 37.541103904542005 ] ] } },
{ "type": "Feature", "properties": { "도로번호": "제84호", "명칭": "강화-원주선", "도로구분": "지방도", "시점": "인천광역시강화군", "종점": "강원특별자치도원주시", "포장재질": "포장", "분리대유무": "유", "차로수": 6, "도로폭": 51.5, "일방통행": "양방통행", "자동차전용": "일반", "기타": null, "UFID": "1000037607086A00210000000000000492", "region": "cheongna", "region_name": "청라국제업무지구", "base_year": 2023 }, "geometry": { "type": "LineString", "coordinates": [ [ 126.649761019853926, 37.536355950856148 ], [ 126.649837723244957, 37.538024859962988 ] ] } },
{ "type": "Feature", "properties": { "도로번호": "제84호", "명칭": "강화-원주선", "도로구분": "지방도", "시점": "인천광역시강화군", "종점": "강원특별자치도원주시", "포장재질": "포장", "분리대유무": "무", "차로수": 3, "도로폭": 16.0, "일방통행": "일방통행", "자동차전용": "일반", "기타": null, "UFID": "1000037607086A00210000000000000494", "region": "cheongna", "region_name": "청라국제업무지구", "base_year": 2023 }, "geometry": { "type": "LineString", "coordinates": [ [ 126.6491764748571, 37.526362655328718 ], [ 126.649194883941007, 37.526282287857768 ], [ 126.649367594689153, 37.525839377404523 ] ] } },
{ "type": "Feature", "properties": { "도로번호": "제84호", "명칭": "강화-원주선", "도로구분": "지방도", "시점": "인천광역시강화군", "종점": "강원특별자치도원주시", "포장재질": "포장", "분리대유무": "유", "차로수": 6, "도로폭": 51.5, "일방통행": "양방통행", "자동차전용": "일반", "기타": null, "UFID": "1000037607086A00210000000000000495", "region": "cheongna", "region_name": "청라국제업무지구", "base_year": 2023 }, "geometry": { "type": "LineString", "coordinates": [ [ 126.649515228349372, 37.530139380871219 ], [ 126.649509015666524, 37.530463946639145 ], [ 126.649529662285488, 37.531126321816423 ], [ 126.649574684160314, 37.531676830295275 ] ] } },
{ "type": "Feature", "properties": { "도로번호": null, "명칭": null, "도로구분": "미분류", "시점": null, "종점": null, "포장재질": "포장", "분리대유무": "무", "차로수": 4, "도로폭": 22.0, "일방통행": "양방통행", "자동차전용": "일반", "기타": null, "UFID": "1000037607086A00210000000000000496", "region": "cheongna", "region_name": "청라국제업무지구", "base_year": 2023 }, "geometry": { "type": "LineString", "coordinates": [ [ 126.649546423537487, 37.538228818336009 ], [ 126.649840666132789, 37.538227636919402 ] ] } },
{ "type": "Feature", "properties": { "도로번호": "제84호", "명칭": "강화-원주선", "도로구분": "지방도", "시점": "인천광역시강화군", "종점": "강원특별자치도원주시", "포장재질": "포장", "분리대유무": "유", "차로수": 6, "도로폭": 51.5, "일방통행": "양방통행", "자동차전용": "일반", "기타": null, "UFID": "1000037607086A00210000000000000497", "region": "cheongna", "region_name": "청라국제업무지구", "base_year": 2023 }, "geometry": { "type": "LineString", "coordinates": [ [ 126.649574684160314, 37.531676830295275 ], [ 126.649580859329191, 37.531781020977419 ] ] } },
{ "type": "Feature", "properties": { "도로번호": "제84호", "명칭": "강화-원주선", "도로구분": "지방도", "시점": "인천광역시강화군", "종점": "강원특별자치도원주시", "포장재질": "포장", "분리대유무": "유", "차로수": 6, "도로폭": 51.5, "일방통행": "양방통행", "자동차전용": "일반", "기타": null, "UFID": "1000037607086A00210000000000000498", "region": "cheongna", "region_name": "청라국제업무지구", "base_year": 2023 }, "geometry": { "type": "LineString", "coordinates": [ [ 126.649987379336451, 37.542822932954046 ], [ 126.649983910568139, 37.542744158571942 ] ] } },
{ "type": "Feature", "properties": { "도로번호": "제84호", "명칭": "강화-원주선", "도로구분": "지방도", "시점": "인천광역시강화군", "종점": "강원특별자치도원주시", "포장재질": "포장", "분리대유무": "무", "차로수": 3, "도로폭": 16.0, "일방통행": "일방통행", "자동차전용": "일반", "기타": null, "UFID": "1000037607086A00210000000000000502", "region": "cheongna", "region_name": "청라국제업무지구", "base_year": 2023 }, "geometry": { "type": "LineString", "coordinates": [ [ 126.649167660241986, 37.52648625413574 ], [ 126.649165785266035, 37.52643730817411 ], [ 126.6491764748571, 37.526362655328718 ] ] } },
{ "type": "Feature", "properties": { "도로번호": "제84호", "명칭": "강화-원주선", "도로구분": "지방도", "시점": "인천광역시강화군", "종점": "강원특별자치도원주시", "포장재질": "포장", "분리대유무": "무", "차로수": 3, "도로폭": 16.0, "일방통행": "일방통행", "자동차전용": "일반", "기타": null, "UFID": "1000037607086A00210000000000000503", "region": "cheongna", "region_name": "청라국제업무지구", "base_year": 2023 }, "geometry": { "type": "LineString", "coordinates": [ [ 126.649202155134645, 37.527386731617248 ], [ 126.649167660241986, 37.52648625413574 ] ] } },
{ "type": "Feature", "properties": { "도로번호": "제84호", "명칭": "강화-원주선", "도로구분": "지방도", "시점": "인천광역시강화군", "종점": "강원특별자치도원주시", "포장재질": "포장", "분리대유무": "무", "차로수": 3, "도로폭": 16.0, "일방통행": "일방통행", "자동차전용": "일반", "기타": null, "UFID": "1000037607086A00210000000000000504", "region": "cheongna", "region_name": "청라국제업무지구", "base_year": 2023 }, "geometry": { "type": "LineString", "coordinates": [ [ 126.649596728594915, 37.526485433116854 ], [ 126.649633622477864, 37.527388089004994 ] ] } },
{ "type": "Feature", "properties": { "도로번호": "제84호", "명칭": "강화-원주선", "도로구분": "지방도", "시점": "인천광역시강화군", "종점": "강원특별자치도원주시", "포장재질": "포장", "분리대유무": "무", "차로수": 3, "도로폭": 16.0, "일방통행": "일방통행", "자동차전용": "일반", "기타": null, "UFID": "1000037607086A00210000000000000505", "region": "cheongna", "region_name": "청라국제업무지구", "base_year": 2023 }, "geometry": { "type": "LineString", "coordinates": [ [ 126.649633622477864, 37.527388089004994 ], [ 126.649722395251558, 37.529559844325313 ] ] } },
{ "type": "Feature", "properties": { "도로번호": "제84호", "명칭": "강화-원주선", "도로구분": "지방도", "시점": "인천광역시강화군", "종점": "강원특별자치도원주시", "포장재질": "포장", "분리대유무": "유", "차로수": 6, "도로폭": 51.5, "일방통행": "양방통행", "자동차전용": "일반", "기타": null, "UFID": "1000037607086A00210000000000000506", "region": "cheongna", "region_name": "청라국제업무지구", "base_year": 2023 }, "geometry": { "type": "LineString", "coordinates": [ [ 126.649640564539311, 37.533306728246757 ], [ 126.649672158669517, 37.534130362336789 ] ] } },
{ "type": "Feature", "properties": { "도로번호": "제84호", "명칭": "강화-원주선", "도로구분": "지방도", "시점": "인천광역시강화군", "종점": "강원특별자치도원주시", "포장재질": "포장", "분리대유무": "유", "차로수": 6, "도로폭": 51.5, "일방통행": "양방통행", "자동차전용": "일반", "기타": null, "UFID": "1000037607086A00210000000000000507", "region": "cheongna", "region_name": "청라국제업무지구", "base_year": 2023 }, "geometry": { "type": "LineString", "coordinates": [ [ 126.649617734033498, 37.532711544760879 ], [ 126.649640564539311, 37.533306728246757 ] ] } },
{ "type": "Feature", "properties": { "도로번호": "제84호", "명칭": "강화-원주선", "도로구분": "지방도", "시점": "인천광역시강화군", "종점": "강원특별자치도원주시", "포장재질": "포장", "분리대유무": "유", "차로수": 6, "도로폭": 51.5, "일방통행": "양방통행", "자동차전용": "일반", "기타": null, "UFID": "1000037607086A00210000000000000508", "region": "cheongna", "region_name": "청라국제업무지구", "base_year": 2023 }, "geometry": { "type": "LineString", "coordinates": [ [ 126.649585878416786, 37.531881065443557 ], [ 126.649617734033498, 37.532711544760879 ] ] } },
{ "type": "Feature", "properties": { "도로번호": null, "명칭": null, "도로구분": "미분류", "시점": null, "종점": null, "포장재질": "포장", "분리대유무": "무", "차로수": 1, "도로폭": 10.0, "일방통행": "양방통행", "자동차전용": "일반", "기타": null, "UFID": "1000037607086A00210000000000000509", "region": "cheongna", "region_name": "청라국제업무지구", "base_year": 2023 }, "geometry": { "type": "LineString", "coordinates": [ [ 126.629181634830729, 37.539684253379633 ], [ 126.629309210344275, 37.539684916111376 ], [ 126.62945391594404, 37.53968479813723 ], [ 126.62956448996286, 37.539685180192521 ], [ 126.629712986208901, 37.53968525939689 ], [ 126.630112537791135, 37.539687295455913 ], [ 126.63025829486736, 37.539687571722489 ], [ 126.630516045400881, 37.539688350545376 ], [ 126.630853017955914, 37.539689886446261 ], [ 126.630996174612889, 37.539690676250231 ], [ 126.631098665483819, 37.539690560389765 ], [ 126.631152712039153, 37.53969840299245 ], [ 126.631176226130478, 37.539722628513523 ], [ 126.631169545059464, 37.54025868354492 ], [ 126.631166382409504, 37.540767492614954 ], [ 126.631165210633156, 37.540855143157373 ], [ 126.631149249772321, 37.540876468509616 ], [ 126.631092041020452, 37.540881239867446 ], [ 126.630992080099276, 37.540880815819435 ], [ 126.630844776039382, 37.540879421987661 ], [ 126.630508228463938, 37.540878959565667 ], [ 126.6303626415325, 37.54087927428688 ], [ 126.630254123485415, 37.540878529103814 ], [ 126.630107458564154, 37.540876943540603 ], [ 126.629706551421464, 37.540875228459321 ], [ 126.629558786046701, 37.540876747196549 ], [ 126.62945026803979, 37.540875996769898 ], [ 126.629301504457317, 37.540874587423168 ], [ 126.628970755215775, 37.540874035206862 ], [ 126.6288242486511, 37.540874066734411 ], [ 126.628570062191628, 37.540872506148823 ], [ 126.628403327568762, 37.540872560022549 ] ] } },
{ "type": "Feature", "properties": { "도로번호": null, "명칭": null, "도로구분": "미분류", "시점": null, "종점": null, "포장재질": "포장", "분리대유무": "무", "차로수": 4, "도로폭": 20.0, "일방통행": "양방통행", "자동차전용": "일반", "기타": null, "UFID": "1000037607086A00210000000000000510", "region": "cheongna", "region_name": "청라국제업무지구", "base_year": 2023 }, "geometry": { "type": "LineString", "coordinates": [ [ 126.628392694183859, 37.53415553604772 ], [ 126.630670619420698, 37.534164799386637 ] ] } },
{ "type": "Feature", "properties": { "도로번호": null, "명칭": null, "도로구분": "미분류", "시점": null, "종점": null, "포장재질": "포장", "분리대유무": "무", "차로수": 2, "도로폭": 15.0, "일방통행": "양방통행", "자동차전용": "일반", "기타": null, "UFID": "1000037607086A00210000000000000511", "region": "cheongna", "region_name": "청라국제업무지구", "base_year": 2023 }, "geometry": { "type": "LineString", "coordinates": [ [ 126.628257918244216, 37.531814926654789 ], [ 126.628261551037767, 37.53224803799624 ], [ 126.628282555184299, 37.532294514427484 ], [ 126.628318511777863, 37.532319306786796 ], [ 126.628380847071469, 37.532331666406563 ], [ 126.6306841501534, 37.532345531320921 ], [ 126.630770379713752, 37.532339476857985 ], [ 126.630805134580683, 37.532319267146924 ], [ 126.630825876541778, 37.532281770353777 ], [ 126.630831166098019, 37.531821475960712 ] ] } },
{ "type": "Feature", "properties": { "도로번호": null, "명칭": null, "도로구분": "미분류", "시점": null, "종점": null, "포장재질": "포장", "분리대유무": "무", "차로수": 2, "도로폭": 15.0, "일방통행": "양방통행", "자동차전용": "일반", "기타": null, "UFID": "1000037607086A00210000000000000512", "region": "cheongna", "region_name": "청라국제업무지구", "base_year": 2023 }, "geometry": { "type": "LineString", "coordinates": [ [ 126.630820546044447, 37.534251196165897 ], [ 126.630818764310462, 37.534376465081031 ], [ 126.630814690384867, 37.534840023778749 ], [ 126.630812469123228, 37.534877722613103 ], [ 126.63080394156971, 37.53490229314226 ], [ 126.630782262383292, 37.534925263829969 ], [ 126.630722391946975, 37.534965720555633 ], [ 126.630697584307882, 37.534971949950759 ], [ 126.630646005651357, 37.534973698753298 ], [ 126.629663385212098, 37.534972505353267 ], [ 126.628542497453182, 37.534966560380781 ], [ 126.627664718729577, 37.534964490764828 ] ] } },
{ "type": "Feature", "properties": { "도로번호": null, "명칭": null, "도로구분": "미분류", "시점": null, "종점": null, "포장재질": "포장", "분리대유무": "무", "차로수": 2, "도로폭": 15.0, "일방통행": "양방통행", "자동차전용": "일반", "기타": null, "UFID": "1000037607086A00210000000000000513", "region": "cheongna", "region_name": "청라국제업무지구", "base_year": 2023 }, "geometry": { "type": "LineString", "coordinates": [ [ 126.630833152753766, 37.531638769110359 ], [ 126.630839462286772, 37.531022002694073 ], [ 126.630825254309656, 37.530954825030094 ], [ 126.630786063602685, 37.530925087658048 ], [ 126.63070461892606, 37.530917858391398 ], [ 126.627689503299933, 37.530911996405827 ] ] } },
{ "type": "Feature", "properties": { "도로번호": null, "명칭": null, "도로구분": "미분류", "시점": null, "종점": null, "포장재질": "포장", "분리대유무": "무", "차로수": 8, "도로폭": 45.0, "일방통행": "양방통행", "자동차전용": "일반", "기타": null, "UFID": "1000037607086A00210000000000000514", "region": "cheongna", "region_name": "청라국제업무지구", "base_year": 2023 }, "geometry": { "type": "LineString", "coordinates": [ [ 126.627921251115893, 37.529759433190563 ], [ 126.62803248472845, 37.529770982074993 ], [ 126.628669676884996, 37.529821118517596 ], [ 126.628739836126826, 37.529824934971714 ] ] } },
{ "type": "Feature", "properties": { "도로번호": null, "명칭": null, "도로구분": "미분류", "시점": null, "종점": null, "포장재질": "포장", "분리대유무": "무", "차로수": 2, "도로폭": 12.0, "일방통행": "양방통행", "자동차전용": "일반", "기타": null, "UFID": "1000037607086A00210000000000000515", "region": "cheongna", "region_name": "청라국제업무지구", "base_year": 2023 }, "geometry": { "type": "LineString", "coordinates": [ [ 126.628243999631962, 37.534065418956366 ], [ 126.628248448431549, 37.53364531654092 ], [ 126.628265490890797, 37.533590111199324 ], [ 126.628307706487504, 37.533557555939858 ], [ 126.628372315001997, 37.533544992157609 ], [ 126.629440351380467, 37.533552213566416 ], [ 126.63058080997132, 37.533554589189578 ], [ 126.630732038801725, 37.533555592847861 ], [ 126.630792292039175, 37.533572431645609 ], [ 126.630812269078689, 37.533600669149237 ], [ 126.630821894949236, 37.533640388120155 ], [ 126.630821786611406, 37.534073208277874 ] ] } },
{ "type": "Feature", "properties": { "도로번호": null, "명칭": null, "도로구분": "미분류", "시점": null, "종점": null, "포장재질": "포장", "분리대유무": "무", "차로수": 4, "도로폭": 20.0, "일방통행": "양방통행", "자동차전용": "일반", "기타": null, "UFID": "1000037607086A00210000000000000516", "region": "cheongna", "region_name": "청라국제업무지구", "base_year": 2023 }, "geometry": { "type": "LineString", "coordinates": [ [ 126.628406648093502, 37.531726006884199 ], [ 126.630688834768819, 37.531730697049916 ] ] } },
{ "type": "Feature", "properties": { "도로번호": null, "명칭": null, "도로구분": "미분류", "시점": null, "종점": null, "포장재질": "포장", "분리대유무": "무", "차로수": 4, "도로폭": 20.0, "일방통행": "양방통행", "자동차전용": "일반", "기타": null, "UFID": "1000037607086A00210000000000000517", "region": "cheongna", "region_name": "청라국제업무지구", "base_year": 2023 }, "geometry": { "type": "LineString", "coordinates": [ [ 126.628477510457117, 37.527683224509232 ], [ 126.628583797158996, 37.527713047547934 ] ] } },
{ "type": "Feature", "properties": { "도로번호": null, "명칭": null, "도로구분": "미분류", "시점": null, "종점": null, "포장재질": "포장", "분리대유무": "무", "차로수": 8, "도로폭": 40.0, "일방통행": "양방통행", "자동차전용": "일반", "기타": null, "UFID": "1000037607086A00210000000000000518", "region": "cheongna", "region_name": "청라국제업무지구", "base_year": 2023 }, "geometry": { "type": "LineString", "coordinates": [ [ 126.628284822163579, 37.541796610491197 ], [ 126.628478998789177, 37.541797355817437 ] ] } },
{ "type": "Feature", "properties": { "도로번호": null, "명칭": null, "도로구분": "미분류", "시점": null, "종점": null, "포장재질": "포장", "분리대유무": "무", "차로수": 4, "도로폭": 23.0, "일방통행": "양방통행", "자동차전용": "일반", "기타": null, "UFID": "1000037607086A00210000000000000519", "region": "cheongna", "region_name": "청라국제업무지구", "base_year": 2023 }, "geometry": { "type": "LineString", "coordinates": [ [ 126.628306063925081, 37.539019530510942 ], [ 126.628518684708183, 37.539015191829698 ] ] } },
{ "type": "Feature", "properties": { "도로번호": null, "명칭": null, "도로구분": "미분류", "시점": null, "종점": null, "포장재질": "포장", "분리대유무": "무", "차로수": 4, "도로폭": 20.0, "일방통행": "양방통행", "자동차전용": "일반", "기타": null, "UFID": "1000037607086A00210000000000000520", "region": "cheongna", "region_name": "청라국제업무지구", "base_year": 2023 }, "geometry": { "type": "LineString", "coordinates": [ [ 126.628517584682257, 37.527863008457828 ], [ 126.628583797158996, 37.527713047547934 ] ] } },
{ "type": "Feature", "properties": { "도로번호": null, "명칭": null, "도로구분": "미분류", "시점": null, "종점": null, "포장재질": "포장", "분리대유무": "무", "차로수": 6, "도로폭": 35.0, "일방통행": "양방통행", "자동차전용": "일반", "기타": null, "UFID": "1000037607086A00210000000000000521", "region": "cheongna", "region_name": "청라국제업무지구", "base_year": 2023 }, "geometry": { "type": "LineString", "coordinates": [ [ 126.62855525892013, 37.536061454536494 ], [ 126.628470832934369, 37.536070244861463 ] ] } },
{ "type": "Feature", "properties": { "도로번호": null, "명칭": null, "도로구분": "미분류", "시점": null, "종점": null, "포장재질": "포장", "분리대유무": "무", "차로수": 1, "도로폭": 10.0, "일방통행": "양방통행", "자동차전용": "일반", "기타": null, "UFID": "1000037607086A00210000000000000522", "region": "cheongna", "region_name": "청라국제업무지구", "base_year": 2023 }, "geometry": { "type": "LineString", "coordinates": [ [ 126.628409485827675, 37.539680698116264 ], [ 126.628570629221528, 37.539681815054223 ] ] } },
{ "type": "Feature", "properties": { "도로번호": null, "명칭": null, "도로구분": "미분류", "시점": null, "종점": null, "포장재질": "포장", "분리대유무": "무", "차로수": 4, "도로폭": 20.0, "일방통행": "양방통행", "자동차전용": "일반", "기타": null, "UFID": "1000037607086A00210000000000000523", "region": "cheongna", "region_name": "청라국제업무지구", "base_year": 2023 }, "geometry": { "type": "LineString", "coordinates": [ [ 126.627668232630498, 37.531724727192852 ], [ 126.62811644449485, 37.531725463705499 ] ] } },
{ "type": "Feature", "properties": { "도로번호": null, "명칭": null, "도로구분": "미분류", "시점": null, "종점": null, "포장재질": "포장", "분리대유무": "무", "차로수": 4, "도로폭": 20.0, "일방통행": "양방통행", "자동차전용": "일반", "기타": null, "UFID": "1000037607086A00210000000000000524", "region": "cheongna", "region_name": "청라국제업무지구", "base_year": 2023 }, "geometry": { "type": "LineString", "coordinates": [ [ 126.62754133949845, 37.534154456885119 ], [ 126.627653709141597, 37.534154541838561 ] ] } },
{ "type": "Feature", "properties": { "도로번호": null, "명칭": null, "도로구분": "미분류", "시점": null, "종점": null, "포장재질": "포장", "분리대유무": "무", "차로수": 4, "도로폭": 20.0, "일방통행": "양방통행", "자동차전용": "일반", "기타": null, "UFID": "1000037607086A00210000000000000525", "region": "cheongna", "region_name": "청라국제업무지구", "base_year": 2023 }, "geometry": { "type": "LineString", "coordinates": [ [ 126.628304804377422, 37.539113256178034 ], [ 126.628306063925081, 37.539019530510942 ] ] } },
{ "type": "Feature", "properties": { "도로번호": null, "명칭": null, "도로구분": "미분류", "시점": null, "종점": null, "포장재질": "포장", "분리대유무": "무", "차로수": 4, "도로폭": 20.0, "일방통행": "양방통행", "자동차전용": "일반", "기타": null, "UFID": "1000037607086A00210000000000000526", "region": "cheongna", "region_name": "청라국제업무지구", "base_year": 2023 }, "geometry": { "type": "LineString", "coordinates": [ [ 126.627542299797881, 37.534013688305429 ], [ 126.627547609962122, 37.533232795577874 ] ] } },
{ "type": "Feature", "properties": { "도로번호": null, "명칭": null, "도로구분": "미분류", "시점": null, "종점": null, "포장재질": "포장", "분리대유무": "무", "차로수": 6, "도로폭": 35.0, "일방통행": "양방통행", "자동차전용": "일반", "기타": null, "UFID": "1000037607086A00210000000000000527", "region": "cheongna", "region_name": "청라국제업무지구", "base_year": 2023 }, "geometry": { "type": "LineString", "coordinates": [ [ 126.628470832934369, 37.536070244861463 ], [ 126.627922923757993, 37.53612731788759 ] ] } },
{ "type": "Feature", "properties": { "도로번호": null, "명칭": null, "도로구분": "미분류", "시점": null, "종점": null, "포장재질": "포장", "분리대유무": "무", "차로수": 4, "도로폭": 20.0, "일방통행": "양방통행", "자동차전용": "일반", "기타": null, "UFID": "1000037607086A00210000000000000528", "region": "cheongna", "region_name": "청라국제업무지구", "base_year": 2023 }, "geometry": { "type": "LineString", "coordinates": [ [ 126.628298220355347, 37.539603073193391 ], [ 126.628304804377422, 37.539113256178034 ] ] } },
{ "type": "Feature", "properties": { "도로번호": null, "명칭": null, "도로구분": "미분류", "시점": null, "종점": null, "포장재질": "포장", "분리대유무": "무", "차로수": 1, "도로폭": 10.0, "일방통행": "양방통행", "자동차전용": "일반", "기타": null, "UFID": "1000037607086A00210000000000000529", "region": "cheongna", "region_name": "청라국제업무지구", "base_year": 2023 }, "geometry": { "type": "LineString", "coordinates": [ [ 126.627424734167974, 37.539678152080768 ], [ 126.627518793468241, 37.539677746931432 ] ] } },
{ "type": "Feature", "properties": { "도로번호": null, "명칭": null, "도로구분": "미분류", "시점": null, "종점": null, "포장재질": "포장", "분리대유무": "무", "차로수": 8, "도로폭": 40.0, "일방통행": "양방통행", "자동차전용": "일반", "기타": null, "UFID": "1000037607086A00210000000000000530", "region": "cheongna", "region_name": "청라국제업무지구", "base_year": 2023 }, "geometry": { "type": "LineString", "coordinates": [ [ 126.62505409742036, 37.541786297369612 ], [ 126.626832415832382, 37.541789028397389 ], [ 126.628081808808858, 37.541795547794813 ] ] } },
{ "type": "Feature", "properties": { "도로번호": null, "명칭": null, "도로구분": "미분류", "시점": null, "종점": null, "포장재질": "포장", "분리대유무": "무", "차로수": 4, "도로폭": 20.0, "일방통행": "양방통행", "자동차전용": "일반", "기타": null, "UFID": "1000037607086A00210000000000000531", "region": "cheongna", "region_name": "청라국제업무지구", "base_year": 2023 }, "geometry": { "type": "LineString", "coordinates": [ [ 126.628257173168933, 37.531725698643001 ], [ 126.628406648093502, 37.531726006884199 ] ] } },
{ "type": "Feature", "properties": { "도로번호": null, "명칭": null, "도로구분": "미분류", "시점": null, "종점": null, "포장재질": "포장", "분리대유무": "무", "차로수": 2, "도로폭": 15.0, "일방통행": "양방통행", "자동차전용": "일반", "기타": null, "UFID": "1000037607086A00210000000000000532", "region": "cheongna", "region_name": "청라국제업무지구", "base_year": 2023 }, "geometry": { "type": "LineString", "coordinates": [ [ 126.628257173168933, 37.531725698643001 ], [ 126.628257918244216, 37.531814926654789 ] ] } },
{ "type": "Feature", "properties": { "도로번호": null, "명칭": null, "도로구분": "미분류", "시점": null, "종점": null, "포장재질": "포장", "분리대유무": "무", "차로수": 4, "도로폭": 20.0, "일방통행": "양방통행", "자동차전용": "일반", "기타": null, "UFID": "1000037607086A00210000000000000533", "region": "cheongna", "region_name": "청라국제업무지구", "base_year": 2023 }, "geometry": { "type": "LineString", "coordinates": [ [ 126.627720523738276, 37.529972399878595 ], [ 126.627771143285926, 37.529743849554968 ] ] } },
{ "type": "Feature", "properties": { "도로번호": null, "명칭": null, "도로구분": "미분류", "시점": null, "종점": null, "포장재질": "포장", "분리대유무": "무", "차로수": 4, "도로폭": 20.0, "일방통행": "양방통행", "자동차전용": "일반", "기타": null, "UFID": "1000037607086A00210000000000000534", "region": "cheongna", "region_name": "청라국제업무지구", "base_year": 2023 }, "geometry": { "type": "LineString", "coordinates": [ [ 126.628291089405721, 37.540793132756924 ], [ 126.628292321258357, 37.540595823240906 ], [ 126.628294133755972, 37.539907063289355 ], [ 126.628296130973268, 37.539758426107106 ] ] } },
{ "type": "Feature", "properties": { "도로번호": null, "명칭": null, "도로구분": "미분류", "시점": null, "종점": null, "포장재질": "포장", "분리대유무": "무", "차로수": 1, "도로폭": 10.0, "일방통행": "양방통행", "자동차전용": "일반", "기타": null, "UFID": "1000037607086A00210000000000000535", "region": "cheongna", "region_name": "청라국제업무지구", "base_year": 2023 }, "geometry": { "type": "LineString", "coordinates": [ [ 126.627518793468241, 37.539677746931432 ], [ 126.627616999766985, 37.539677323249713 ] ] } },
{ "type": "Feature", "properties": { "도로번호": null, "명칭": null, "도로구분": "미분류", "시점": null, "종점": null, "포장재질": "포장", "분리대유무": "무", "차로수": 4, "도로폭": 20.0, "일방통행": "양방통행", "자동차전용": "일반", "기타": null, "UFID": "1000037607086A00210000000000000536", "region": "cheongna", "region_name": "청라국제업무지구", "base_year": 2023 }, "geometry": { "type": "LineString", "coordinates": [ [ 126.627555778051445, 37.531874189360231 ], [ 126.627556375102216, 37.531724544766732 ] ] } },
{ "type": "Feature", "properties": { "도로번호": null, "명칭": null, "도로구분": "미분류", "시점": null, "종점": null, "포장재질": "포장", "분리대유무": "무", "차로수": 4, "도로폭": 20.0, "일방통행": "양방통행", "자동차전용": "일반", "기타": null, "UFID": "1000037607086A00210000000000000537", "region": "cheongna", "region_name": "청라국제업무지구", "base_year": 2023 }, "geometry": { "type": "LineString", "coordinates": [ [ 126.628297187141825, 37.539679919419882 ], [ 126.628298220355347, 37.539603073193391 ] ] } },
{ "type": "Feature", "properties": { "도로번호": null, "명칭": null, "도로구분": "미분류", "시점": null, "종점": null, "포장재질": "포장", "분리대유무": "무", "차로수": 1, "도로폭": 10.0, "일방통행": "양방통행", "자동차전용": "일반", "기타": null, "UFID": "1000037607086A00210000000000000538", "region": "cheongna", "region_name": "청라국제업무지구", "base_year": 2023 }, "geometry": { "type": "LineString", "coordinates": [ [ 126.628290594204174, 37.540872597150667 ], [ 126.62817769451145, 37.540872633647453 ] ] } },
{ "type": "Feature", "properties": { "도로번호": null, "명칭": null, "도로구분": "미분류", "시점": null, "종점": null, "포장재질": "포장", "분리대유무": "무", "차로수": 4, "도로폭": 20.0, "일방통행": "양방통행", "자동차전용": "일반", "기타": null, "UFID": "1000037607086A00210000000000000539", "region": "cheongna", "region_name": "청라국제업무지구", "base_year": 2023 }, "geometry": { "type": "LineString", "coordinates": [ [ 126.62510829303487, 37.526713825806212 ], [ 126.625341669623438, 37.526781483432316 ] ] } },
{ "type": "Feature", "properties": { "도로번호": null, "명칭": null, "도로구분": "미분류", "시점": null, "종점": null, "포장재질": "포장", "분리대유무": "무", "차로수": 4, "도로폭": 20.0, "일방통행": "양방통행", "자동차전용": "일반", "기타": null, "UFID": "1000037607086A00210000000000000540", "region": "cheongna", "region_name": "청라국제업무지구", "base_year": 2023 }, "geometry": { "type": "LineString", "coordinates": [ [ 126.627840652492466, 37.529532136186475 ], [ 126.627957259516208, 37.529176981105344 ], [ 126.628028742986146, 37.528979842039341 ], [ 126.628073899451934, 37.528877631025814 ] ] } },
{ "type": "Feature", "properties": { "도로번호": null, "명칭": null, "도로구분": "미분류", "시점": null, "종점": null, "포장재질": "포장", "분리대유무": "무", "차로수": 4, "도로폭": 20.0, "일방통행": "양방통행", "자동차전용": "일반", "기타": null, "UFID": "1000037607086A00210000000000000541", "region": "cheongna", "region_name": "청라국제업무지구", "base_year": 2023 }, "geometry": { "type": "LineString", "coordinates": [ [ 126.627550333739279, 37.534964220164902 ], [ 126.627546602734242, 37.534845384166381 ] ] } },
{ "type": "Feature", "properties": { "도로번호": null, "명칭": null, "도로구분": "미분류", "시점": null, "종점": null, "포장재질": "포장", "분리대유무": "무", "차로수": 4, "도로폭": 20.0, "일방통행": "양방통행", "자동차전용": "일반", "기타": null, "UFID": "1000037607086A00210000000000000542", "region": "cheongna", "region_name": "청라국제업무지구", "base_year": 2023 }, "geometry": { "type": "LineString", "coordinates": [ [ 126.62511456973472, 37.539006046038082 ], [ 126.626510234263094, 37.539013270576113 ], [ 126.62741976685129, 37.539016444667439 ] ] } },
{ "type": "Feature", "properties": { "도로번호": null, "명칭": null, "도로구분": "미분류", "시점": null, "종점": null, "포장재질": "포장", "분리대유무": "무", "차로수": 1, "도로폭": 7.5, "일방통행": "양방통행", "자동차전용": "일반", "기타": null, "UFID": "1000037607086A00210000000000000543", "region": "cheongna", "region_name": "청라국제업무지구", "base_year": 2023 }, "geometry": { "type": "LineString", "coordinates": [ [ 126.627929145503245, 37.539635276543429 ], [ 126.627932588883112, 37.539352637107193 ], [ 126.627924653275599, 37.539324959661094 ], [ 126.62790112610692, 37.539307245845372 ], [ 126.627855704957199, 37.539304060953945 ], [ 126.62757277139626, 37.539301203005152 ] ] } },
{ "type": "Feature", "properties": { "도로번호": null, "명칭": null, "도로구분": "미분류", "시점": null, "종점": null, "포장재질": "포장", "분리대유무": "무", "차로수": 4, "도로폭": 20.0, "일방통행": "양방통행", "자동차전용": "일반", "기타": null, "UFID": "1000037607086A00210000000000000544", "region": "cheongna", "region_name": "청라국제업무지구", "base_year": 2023 }, "geometry": { "type": "LineString", "coordinates": [ [ 126.62754133949845, 37.534154456885119 ], [ 126.627542299797881, 37.534013688305429 ] ] } },
{ "type": "Feature", "properties": { "도로번호": null, "명칭": null, "도로구분": "미분류", "시점": null, "종점": null, "포장재질": "포장", "분리대유무": "무", "차로수": 4, "도로폭": 20.0, "일방통행": "양방통행", "자동차전용": "일반", "기타": null, "UFID": "1000037607086A00210000000000000545", "region": "cheongna", "region_name": "청라국제업무지구", "base_year": 2023 }, "geometry": { "type": "LineString", "coordinates": [ [ 126.625582625518419, 37.526851336930065 ], [ 126.626136791935394, 37.527011982420802 ], [ 126.626686557759285, 37.527170576049869 ], [ 126.628025798788329, 37.527556491091694 ], [ 126.628477510457117, 37.527683224509232 ] ] } },
{ "type": "Feature", "properties": { "도로번호": null, "명칭": null, "도로구분": "미분류", "시점": null, "종점": null, "포장재질": "포장", "분리대유무": "무", "차로수": 4, "도로폭": 20.0, "일방통행": "양방통행", "자동차전용": "일반", "기타": null, "UFID": "1000037607086A00210000000000000546", "region": "cheongna", "region_name": "청라국제업무지구", "base_year": 2023 }, "geometry": { "type": "LineString", "coordinates": [ [ 126.627615990193846, 37.539017128478157 ], [ 126.628118826612834, 37.539018878848765 ] ] } },
{ "type": "Feature", "properties": { "도로번호": null, "명칭": null, "도로구분": "미분류", "시점": null, "종점": null, "포장재질": "포장", "분리대유무": "무", "차로수": 4, "도로폭": 20.0, "일방통행": "양방통행", "자동차전용": "일반", "기타": null, "UFID": "1000037607086A00210000000000000547", "region": "cheongna", "region_name": "청라국제업무지구", "base_year": 2023 }, "geometry": { "type": "LineString", "coordinates": [ [ 126.625341669623438, 37.526781483432316 ], [ 126.625582625518419, 37.526851336930065 ] ] } },
{ "type": "Feature", "properties": { "도로번호": null, "명칭": null, "도로구분": "미분류", "시점": null, "종점": null, "포장재질": "포장", "분리대유무": "무", "차로수": 4, "도로폭": 20.0, "일방통행": "양방통행", "자동차전용": "일반", "기타": null, "UFID": "1000037607086A00210000000000000548", "region": "cheongna", "region_name": "청라국제업무지구", "base_year": 2023 }, "geometry": { "type": "LineString", "coordinates": [ [ 126.628121708019222, 37.528769414190542 ], [ 126.628271696980761, 37.528429908755633 ], [ 126.628423785891485, 37.528075483800173 ], [ 126.628517584682257, 37.527863008457828 ] ] } },
{ "type": "Feature", "properties": { "도로번호": null, "명칭": null, "도로구분": "미분류", "시점": null, "종점": null, "포장재질": "포장", "분리대유무": "무", "차로수": 4, "도로폭": 20.0, "일방통행": "양방통행", "자동차전용": "일반", "기타": null, "UFID": "1000037607086A00210000000000000549", "region": "cheongna", "region_name": "청라국제업무지구", "base_year": 2023 }, "geometry": { "type": "LineString", "coordinates": [ [ 126.627818661966714, 37.536336994303525 ], [ 126.627753879006804, 37.536144923093246 ] ] } },
{ "type": "Feature", "properties": { "도로번호": null, "명칭": null, "도로구분": "미분류", "시점": null, "종점": null, "포장재질": "포장", "분리대유무": "무", "차로수": 4, "도로폭": 20.0, "일방통행": "양방통행", "자동차전용": "일반", "기타": null, "UFID": "1000037607086A00210000000000000550", "region": "cheongna", "region_name": "청라국제업무지구", "base_year": 2023 }, "geometry": { "type": "LineString", "coordinates": [ [ 126.627536307217071, 37.534313205507203 ], [ 126.62754133949845, 37.534154456885119 ] ] } },
{ "type": "Feature", "properties": { "도로번호": null, "명칭": null, "도로구분": "미분류", "시점": null, "종점": null, "포장재질": "포장", "분리대유무": "무", "차로수": 4, "도로폭": 20.0, "일방통행": "양방통행", "자동차전용": "일반", "기타": null, "UFID": "1000037607086A00210000000000000551", "region": "cheongna", "region_name": "청라국제업무지구", "base_year": 2023 }, "geometry": { "type": "LineString", "coordinates": [ [ 126.627574988513715, 37.530911770483918 ], [ 126.627588181904869, 37.530770336725084 ] ] } },
{ "type": "Feature", "properties": { "도로번호": null, "명칭": null, "도로구분": "미분류", "시점": null, "종점": null, "포장재질": "포장", "분리대유무": "무", "차로수": 1, "도로폭": 10.0, "일방통행": "양방통행", "자동차전용": "일반", "기타": null, "UFID": "1000037607086A00210000000000000552", "region": "cheongna", "region_name": "청라국제업무지구", "base_year": 2023 }, "geometry": { "type": "LineString", "coordinates": [ [ 126.627517569205622, 37.539240575723788 ], [ 126.627517622276372, 37.539300646139957 ] ] } },
{ "type": "Feature", "properties": { "도로번호": null, "명칭": null, "도로구분": "미분류", "시점": null, "종점": null, "포장재질": "포장", "분리대유무": "무", "차로수": 8, "도로폭": 30.0, "일방통행": "양방통행", "자동차전용": "일반", "기타": null, "UFID": "1000037607086A00210000000000000553", "region": "cheongna", "region_name": "청라국제업무지구", "base_year": 2023 }, "geometry": { "type": "LineString", "coordinates": [ [ 126.625382656558159, 37.526693225641786 ], [ 126.625341669623438, 37.526781483432316 ] ] } },
{ "type": "Feature", "properties": { "도로번호": null, "명칭": null, "도로구분": "미분류", "시점": null, "종점": null, "포장재질": "포장", "분리대유무": "무", "차로수": 4, "도로폭": 20.0, "일방통행": "양방통행", "자동차전용": "일반", "기타": null, "UFID": "1000037607086A00210000000000000554", "region": "cheongna", "region_name": "청라국제업무지구", "base_year": 2023 }, "geometry": { "type": "LineString", "coordinates": [ [ 126.627686719440703, 37.53589887470784 ], [ 126.6276261765871, 37.535561872699652 ], [ 126.627574920455515, 37.535225657667468 ], [ 126.627561897252505, 37.535087215532918 ] ] } },
{ "type": "Feature", "properties": { "도로번호": null, "명칭": null, "도로구분": "미분류", "시점": null, "종점": null, "포장재질": "포장", "분리대유무": "무", "차로수": 1, "도로폭": 7.5, "일방통행": "양방통행", "자동차전용": "일반", "기타": null, "UFID": "1000037607086A00210000000000000555", "region": "cheongna", "region_name": "청라국제업무지구", "base_year": 2023 }, "geometry": { "type": "LineString", "coordinates": [ [ 126.627928633137302, 37.539677362213077 ], [ 126.627929145503245, 37.539635276543429 ] ] } },
{ "type": "Feature", "properties": { "도로번호": null, "명칭": null, "도로구분": "미분류", "시점": null, "종점": null, "포장재질": "포장", "분리대유무": "무", "차로수": 4, "도로폭": 20.0, "일방통행": "양방통행", "자동차전용": "일반", "기타": null, "UFID": "1000037607086A00210000000000000556", "region": "cheongna", "region_name": "청라국제업무지구", "base_year": 2023 }, "geometry": { "type": "LineString", "coordinates": [ [ 126.628284822163579, 37.541796610491197 ], [ 126.62828591144789, 37.541622558840587 ] ] } },
{ "type": "Feature", "properties": { "도로번호": null, "명칭": null, "도로구분": "미분류", "시점": null, "종점": null, "포장재질": "포장", "분리대유무": "무", "차로수": 4, "도로폭": 20.0, "일방통행": "양방통행", "자동차전용": "일반", "기타": null, "UFID": "1000037607086A00210000000000000557", "region": "cheongna", "region_name": "청라국제업무지구", "base_year": 2023 }, "geometry": { "type": "LineString", "coordinates": [ [ 126.627653709141597, 37.534154541838561 ], [ 126.628112820294902, 37.534154924432144 ] ] } },
{ "type": "Feature", "properties": { "도로번호": null, "명칭": null, "도로구분": "미분류", "시점": null, "종점": null, "포장재질": "포장", "분리대유무": "무", "차로수": 4, "도로폭": 20.0, "일방통행": "양방통행", "자동차전용": "일반", "기타": null, "UFID": "1000037607086A00210000000000000558", "region": "cheongna", "region_name": "청라국제업무지구", "base_year": 2023 }, "geometry": { "type": "LineString", "coordinates": [ [ 126.627569385505439, 37.531021547338817 ], [ 126.627574988513715, 37.530911770483918 ] ] } },
{ "type": "Feature", "properties": { "도로번호": null, "명칭": null, "도로구분": "미분류", "시점": null, "종점": null, "포장재질": "포장", "분리대유무": "무", "차로수": 1, "도로폭": 10.0, "일방통행": "양방통행", "자동차전용": "일반", "기타": null, "UFID": "1000037607086A00210000000000000559", "region": "cheongna", "region_name": "청라국제업무지구", "base_year": 2023 }, "geometry": { "type": "LineString", "coordinates": [ [ 126.627928633137302, 37.539677362213077 ], [ 126.628015988993269, 37.539677968987682 ] ] } },
{ "type": "Feature", "properties": { "도로번호": null, "명칭": null, "도로구분": "미분류", "시점": null, "종점": null, "포장재질": "포장", "분리대유무": "무", "차로수": 1, "도로폭": 10.0, "일방통행": "양방통행", "자동차전용": "일반", "기타": null, "UFID": "1000037607086A00210000000000000560", "region": "cheongna", "region_name": "청라국제업무지구", "base_year": 2023 }, "geometry": { "type": "LineString", "coordinates": [ [ 126.628297187141825, 37.539679919419882 ], [ 126.628409485827675, 37.539680698116264 ] ] } },
{ "type": "Feature", "properties": { "도로번호": null, "명칭": null, "도로구분": "미분류", "시점": null, "종점": null, "포장재질": "포장", "분리대유무": "무", "차로수": 1, "도로폭": 10.0, "일방통행": "양방통행", "자동차전용": "일반", "기타": null, "UFID": "1000037607086A00210000000000000561", "region": "cheongna", "region_name": "청라국제업무지구", "base_year": 2023 }, "geometry": { "type": "LineString", "coordinates": [ [ 126.627517622276372, 37.539300646139957 ], [ 126.627517831208621, 37.539368052048687 ] ] } },
{ "type": "Feature", "properties": { "도로번호": null, "명칭": null, "도로구분": "미분류", "시점": null, "종점": null, "포장재질": "포장", "분리대유무": "무", "차로수": 1, "도로폭": 10.0, "일방통행": "양방통행", "자동차전용": "일반", "기타": null, "UFID": "1000037607086A00210000000000000562", "region": "cheongna", "region_name": "청라국제업무지구", "base_year": 2023 }, "geometry": { "type": "LineString", "coordinates": [ [ 126.627518654344698, 37.539632928292917 ], [ 126.627518793468241, 37.539677746931432 ] ] } },
{ "type": "Feature", "properties": { "도로번호": null, "명칭": null, "도로구분": "미분류", "시점": null, "종점": null, "포장재질": "포장", "분리대유무": "무", "차로수": 4, "도로폭": 20.0, "일방통행": "양방통행", "자동차전용": "일반", "기타": null, "UFID": "1000037607086A00210000000000000563", "region": "cheongna", "region_name": "청라국제업무지구", "base_year": 2023 }, "geometry": { "type": "LineString", "coordinates": [ [ 126.628243046178312, 37.534154929904744 ], [ 126.628392694183859, 37.53415553604772 ] ] } },
{ "type": "Feature", "properties": { "도로번호": null, "명칭": null, "도로구분": "미분류", "시점": null, "종점": null, "포장재질": "포장", "분리대유무": "무", "차로수": 4, "도로폭": 20.0, "일방통행": "양방통행", "자동차전용": "일반", "기타": null, "UFID": "1000037607086A00210000000000000564", "region": "cheongna", "region_name": "청라국제업무지구", "base_year": 2023 }, "geometry": { "type": "LineString", "coordinates": [ [ 126.628290111511433, 37.540949769451643 ], [ 126.628290594204174, 37.540872597150667 ] ] } },
{ "type": "Feature", "properties": { "도로번호": null, "명칭": null, "도로구분": "미분류", "시점": null, "종점": null, "포장재질": "포장", "분리대유무": "무", "차로수": 4, "도로폭": 20.0, "일방통행": "양방통행", "자동차전용": "일반", "기타": null, "UFID": "1000037607086A00210000000000000565", "region": "cheongna", "region_name": "청라국제업무지구", "base_year": 2023 }, "geometry": { "type": "LineString", "coordinates": [ [ 126.62741976685129, 37.539016444667439 ], [ 126.627519636246802, 37.539016792157867 ] ] } },
{ "type": "Feature", "properties": { "도로번호": null, "명칭": null, "도로구분": "미분류", "시점": null, "종점": null, "포장재질": "포장", "분리대유무": "무", "차로수": 4, "도로폭": 20.0, "일방통행": "양방통행", "자동차전용": "일반", "기타": null, "UFID": "1000037607086A00210000000000000566", "region": "cheongna", "region_name": "청라국제업무지구", "base_year": 2023 }, "geometry": { "type": "LineString", "coordinates": [ [ 126.628073899451934, 37.528877631025814 ], [ 126.628097657297246, 37.528823854167051 ] ] } },
{ "type": "Feature", "properties": { "도로번호": null, "명칭": null, "도로구분": "미분류", "시점": null, "종점": null, "포장재질": "포장", "분리대유무": "무", "차로수": 1, "도로폭": 10.0, "일방통행": "양방통행", "자동차전용": "일반", "기타": null, "UFID": "1000037607086A00210000000000000567", "region": "cheongna", "region_name": "청라국제업무지구", "base_year": 2023 }, "geometry": { "type": "LineString", "coordinates": [ [ 126.627616999766985, 37.539677323249713 ], [ 126.62780573956563, 37.53967651002273 ], [ 126.627859293355243, 37.539676881527434 ] ] } },
{ "type": "Feature", "properties": { "도로번호": null, "명칭": null, "도로구분": "미분류", "시점": null, "종점": null, "포장재질": "포장", "분리대유무": "무", "차로수": 4, "도로폭": 20.0, "일방통행": "양방통행", "자동차전용": "일반", "기타": null, "UFID": "1000037607086A00210000000000000568", "region": "cheongna", "region_name": "청라국제업무지구", "base_year": 2023 }, "geometry": { "type": "LineString", "coordinates": [ [ 126.627556375102216, 37.531724544766732 ], [ 126.627557413972212, 37.531558854817973 ] ] } },
{ "type": "Feature", "properties": { "도로번호": null, "명칭": null, "도로구분": "미분류", "시점": null, "종점": null, "포장재질": "포장", "분리대유무": "무", "차로수": 4, "도로폭": 20.0, "일방통행": "양방통행", "자동차전용": "일반", "기타": null, "UFID": "1000037607086A00210000000000000569", "region": "cheongna", "region_name": "청라국제업무지구", "base_year": 2023 }, "geometry": { "type": "LineString", "coordinates": [ [ 126.627561897252505, 37.535087215532918 ], [ 126.627550333739279, 37.534964220164902 ] ] } },
{ "type": "Feature", "properties": { "도로번호": null, "명칭": null, "도로구분": "미분류", "시점": null, "종점": null, "포장재질": "포장", "분리대유무": "무", "차로수": 2, "도로폭": 15.0, "일방통행": "양방통행", "자동차전용": "일반", "기타": null, "UFID": "1000037607086A00210000000000000570", "region": "cheongna", "region_name": "청라국제업무지구", "base_year": 2023 }, "geometry": { "type": "LineString", "coordinates": [ [ 126.627689503299933, 37.530911996405827 ], [ 126.627574988513715, 37.530911770483918 ] ] } },
{ "type": "Feature", "properties": { "도로번호": null, "명칭": null, "도로구분": "미분류", "시점": null, "종점": null, "포장재질": "포장", "분리대유무": "무", "차로수": 4, "도로폭": 20.0, "일방통행": "양방통행", "자동차전용": "일반", "기타": null, "UFID": "1000037607086A00210000000000000571", "region": "cheongna", "region_name": "청라국제업무지구", "base_year": 2023 }, "geometry": { "type": "LineString", "coordinates": [ [ 126.627588181904869, 37.530770336725084 ], [ 126.627600299471837, 37.530640479175695 ], [ 126.627620449262352, 37.530504086793563 ], [ 126.62766259849711, 37.530265870068128 ], [ 126.627720523738276, 37.529972399878595 ] ] } },
{ "type": "Feature", "properties": { "도로번호": null, "명칭": null, "도로구분": "미분류", "시점": null, "종점": null, "포장재질": "포장", "분리대유무": "무", "차로수": 2, "도로폭": 15.0, "일방통행": "양방통행", "자동차전용": "일반", "기타": null, "UFID": "1000037607086A00210000000000000572", "region": "cheongna", "region_name": "청라국제업무지구", "base_year": 2023 }, "geometry": { "type": "LineString", "coordinates": [ [ 126.627664718729577, 37.534964490764828 ], [ 126.627550333739279, 37.534964220164902 ] ] } },
{ "type": "Feature", "properties": { "도로번호": null, "명칭": null, "도로구분": "미분류", "시점": null, "종점": null, "포장재질": "포장", "분리대유무": "무", "차로수": 4, "도로폭": 20.0, "일방통행": "양방통행", "자동차전용": "일반", "기타": null, "UFID": "1000037607086A00210000000000000573", "region": "cheongna", "region_name": "청라국제업무지구", "base_year": 2023 }, "geometry": { "type": "LineString", "coordinates": [ [ 126.628097657297246, 37.528823854167051 ], [ 126.628121708019222, 37.528769414190542 ] ] } },
{ "type": "Feature", "properties": { "도로번호": null, "명칭": null, "도로구분": "미분류", "시점": null, "종점": null, "포장재질": "포장", "분리대유무": "무", "차로수": 1, "도로폭": 10.0, "일방통행": "양방통행", "자동차전용": "일반", "기타": null, "UFID": "1000037607086A00210000000000000574", "region": "cheongna", "region_name": "청라국제업무지구", "base_year": 2023 }, "geometry": { "type": "LineString", "coordinates": [ [ 126.627859293355243, 37.539676881527434 ], [ 126.627928633137302, 37.539677362213077 ] ] } },
{ "type": "Feature", "properties": { "도로번호": null, "명칭": null, "도로구분": "미분류", "시점": null, "종점": null, "포장재질": "포장", "분리대유무": "무", "차로수": 2, "도로폭": 12.0, "일방통행": "양방통행", "자동차전용": "일반", "기타": null, "UFID": "1000037607086A00210000000000000575", "region": "cheongna", "region_name": "청라국제업무지구", "base_year": 2023 }, "geometry": { "type": "LineString", "coordinates": [ [ 126.628243046178312, 37.534154929904744 ], [ 126.628243999631962, 37.534065418956366 ] ] } },
{ "type": "Feature", "properties": { "도로번호": null, "명칭": null, "도로구분": "미분류", "시점": null, "종점": null, "포장재질": "포장", "분리대유무": "무", "차로수": 4, "도로폭": 20.0, "일방통행": "양방통행", "자동차전용": "일반", "기타": null, "UFID": "1000037607086A00210000000000000576", "region": "cheongna", "region_name": "청라국제업무지구", "base_year": 2023 }, "geometry": { "type": "LineString", "coordinates": [ [ 126.62811644449485, 37.531725463705499 ], [ 126.628257173168933, 37.531725698643001 ] ] } },
{ "type": "Feature", "properties": { "도로번호": null, "명칭": null, "도로구분": "미분류", "시점": null, "종점": null, "포장재질": "포장", "분리대유무": "무", "차로수": 4, "도로폭": 20.0, "일방통행": "양방통행", "자동차전용": "일반", "기타": null, "UFID": "1000037607086A00210000000000000577", "region": "cheongna", "region_name": "청라국제업무지구", "base_year": 2023 }, "geometry": { "type": "LineString", "coordinates": [ [ 126.627753879006804, 37.536144923093246 ], [ 126.627689240725658, 37.53591289313966 ], [ 126.627686719440703, 37.53589887470784 ] ] } },
{ "type": "Feature", "properties": { "도로번호": null, "명칭": null, "도로구분": "미분류", "시점": null, "종점": null, "포장재질": "포장", "분리대유무": "무", "차로수": 4, "도로폭": 20.0, "일방통행": "양방통행", "자동차전용": "일반", "기타": null, "UFID": "1000037607086A00210000000000000578", "region": "cheongna", "region_name": "청라국제업무지구", "base_year": 2023 }, "geometry": { "type": "LineString", "coordinates": [ [ 126.627546602734242, 37.534845384166381 ], [ 126.627534890786052, 37.534472659296014 ], [ 126.627535570196244, 37.534336277688197 ], [ 126.627536307217071, 37.534313205507203 ] ] } },
{ "type": "Feature", "properties": { "도로번호": null, "명칭": null, "도로구분": "미분류", "시점": null, "종점": null, "포장재질": "포장", "분리대유무": "무", "차로수": 4, "도로폭": 20.0, "일방통행": "양방통행", "자동차전용": "일반", "기타": null, "UFID": "1000037607086A00210000000000000579", "region": "cheongna", "region_name": "청라국제업무지구", "base_year": 2023 }, "geometry": { "type": "LineString", "coordinates": [ [ 126.627519636246802, 37.539016792157867 ], [ 126.627615990193846, 37.539017128478157 ] ] } },
{ "type": "Feature", "properties": { "도로번호": null, "명칭": null, "도로구분": "미분류", "시점": null, "종점": null, "포장재질": "포장", "분리대유무": "무", "차로수": 6, "도로폭": 33.5, "일방통행": "양방통행", "자동차전용": "일반", "기타": null, "UFID": "1000037607086A00210000000000000580", "region": "cheongna", "region_name": "청라국제업무지구", "base_year": 2023 }, "geometry": { "type": "LineString", "coordinates": [ [ 126.625341669623438, 37.526781483432316 ], [ 126.6253000765699, 37.526871027709809 ] ] } },
{ "type": "Feature", "properties": { "도로번호": null, "명칭": null, "도로구분": "미분류", "시점": null, "종점": null, "포장재질": "포장", "분리대유무": "무", "차로수": 6, "도로폭": 35.0, "일방통행": "양방통행", "자동차전용": "일반", "기타": null, "UFID": "1000037607086A00210000000000000581", "region": "cheongna", "region_name": "청라국제업무지구", "base_year": 2023 }, "geometry": { "type": "LineString", "coordinates": [ [ 126.627922923757993, 37.53612731788759 ], [ 126.627753879006804, 37.536144923093246 ] ] } },
{ "type": "Feature", "properties": { "도로번호": null, "명칭": null, "도로구분": "미분류", "시점": null, "종점": null, "포장재질": "포장", "분리대유무": "무", "차로수": 4, "도로폭": 20.0, "일방통행": "양방통행", "자동차전용": "일반", "기타": null, "UFID": "1000037607086A00210000000000000582", "region": "cheongna", "region_name": "청라국제업무지구", "base_year": 2023 }, "geometry": { "type": "LineString", "coordinates": [ [ 126.628296130973268, 37.539758426107106 ], [ 126.628297187141825, 37.539679919419882 ] ] } },
{ "type": "Feature", "properties": { "도로번호": null, "명칭": null, "도로구분": "미분류", "시점": null, "종점": null, "포장재질": "포장", "분리대유무": "무", "차로수": 8, "도로폭": 38.9, "일방통행": "양방통행", "자동차전용": "일반", "기타": null, "UFID": "1000037607086A00210000000000000583", "region": "cheongna", "region_name": "청라국제업무지구", "base_year": 2023 }, "geometry": { "type": "LineString", "coordinates": [ [ 126.627624006082598, 37.529727194800415 ], [ 126.627771143285926, 37.529743849554968 ] ] } },
{ "type": "Feature", "properties": { "도로번호": null, "명칭": null, "도로구분": "미분류", "시점": null, "종점": null, "포장재질": "포장", "분리대유무": "무", "차로수": 4, "도로폭": 20.0, "일방통행": "양방통행", "자동차전용": "일반", "기타": null, "UFID": "1000037607086A00210000000000000584", "region": "cheongna", "region_name": "청라국제업무지구", "base_year": 2023 }, "geometry": { "type": "LineString", "coordinates": [ [ 126.628118826612834, 37.539018878848765 ], [ 126.628306063925081, 37.539019530510942 ] ] } },
{ "type": "Feature", "properties": { "도로번호": null, "명칭": null, "도로구분": "미분류", "시점": null, "종점": null, "포장재질": "포장", "분리대유무": "무", "차로수": 1, "도로폭": 10.0, "일방통행": "양방통행", "자동차전용": "일반", "기타": null, "UFID": "1000037607086A00210000000000000585", "region": "cheongna", "region_name": "청라국제업무지구", "base_year": 2023 }, "geometry": { "type": "LineString", "coordinates": [ [ 126.627517831208621, 37.539368052048687 ], [ 126.627518654344698, 37.539632928292917 ] ] } },
{ "type": "Feature", "properties": { "도로번호": null, "명칭": null, "도로구분": "미분류", "시점": null, "종점": null, "포장재질": "포장", "분리대유무": "무", "차로수": 4, "도로폭": 20.0, "일방통행": "양방통행", "자동차전용": "일반", "기타": null, "UFID": "1000037607086A00210000000000000586", "region": "cheongna", "region_name": "청라국제업무지구", "base_year": 2023 }, "geometry": { "type": "LineString", "coordinates": [ [ 126.62828591144789, 37.541622558840587 ], [ 126.628290111511433, 37.540949769451643 ] ] } },
{ "type": "Feature", "properties": { "도로번호": null, "명칭": null, "도로구분": "미분류", "시점": null, "종점": null, "포장재질": "포장", "분리대유무": "무", "차로수": 1, "도로폭": 10.0, "일방통행": "양방통행", "자동차전용": "일반", "기타": null, "UFID": "1000037607086A00210000000000000587", "region": "cheongna", "region_name": "청라국제업무지구", "base_year": 2023 }, "geometry": { "type": "LineString", "coordinates": [ [ 126.628015988993269, 37.539677968987682 ], [ 126.628183256908855, 37.539679129172598 ] ] } },
{ "type": "Feature", "properties": { "도로번호": null, "명칭": null, "도로구분": "미분류", "시점": null, "종점": null, "포장재질": "포장", "분리대유무": "무", "차로수": 1, "도로폭": 10.0, "일방통행": "양방통행", "자동차전용": "일반", "기타": null, "UFID": "1000037607086A00210000000000000588", "region": "cheongna", "region_name": "청라국제업무지구", "base_year": 2023 }, "geometry": { "type": "LineString", "coordinates": [ [ 126.627519636246802, 37.539016792157867 ], [ 126.627518794598231, 37.539107968415202 ] ] } },
{ "type": "Feature", "properties": { "도로번호": null, "명칭": null, "도로구분": "미분류", "시점": null, "종점": null, "포장재질": "포장", "분리대유무": "무", "차로수": 8, "도로폭": 40.0, "일방통행": "양방통행", "자동차전용": "일반", "기타": null, "UFID": "1000037607086A00210000000000000589", "region": "cheongna", "region_name": "청라국제업무지구", "base_year": 2023 }, "geometry": { "type": "LineString", "coordinates": [ [ 126.628081808808858, 37.541795547794813 ], [ 126.628284822163579, 37.541796610491197 ] ] } },
{ "type": "Feature", "properties": { "도로번호": null, "명칭": null, "도로구분": "미분류", "시점": null, "종점": null, "포장재질": "포장", "분리대유무": "무", "차로수": 4, "도로폭": 20.0, "일방통행": "양방통행", "자동차전용": "일반", "기타": null, "UFID": "1000037607086A00210000000000000590", "region": "cheongna", "region_name": "청라국제업무지구", "base_year": 2023 }, "geometry": { "type": "LineString", "coordinates": [ [ 126.627771143285926, 37.529743849554968 ], [ 126.627840652492466, 37.529532136186475 ] ] } },
{ "type": "Feature", "properties": { "도로번호": null, "명칭": null, "도로구분": "미분류", "시점": null, "종점": null, "포장재질": "포장", "분리대유무": "무", "차로수": 4, "도로폭": 20.0, "일방통행": "양방통행", "자동차전용": "일반", "기타": null, "UFID": "1000037607086A00210000000000000591", "region": "cheongna", "region_name": "청라국제업무지구", "base_year": 2023 }, "geometry": { "type": "LineString", "coordinates": [ [ 126.628112820294902, 37.534154924432144 ], [ 126.628243046178312, 37.534154929904744 ] ] } },
{ "type": "Feature", "properties": { "도로번호": null, "명칭": null, "도로구분": "미분류", "시점": null, "종점": null, "포장재질": "포장", "분리대유무": "무", "차로수": 1, "도로폭": 10.0, "일방통행": "양방통행", "자동차전용": "일반", "기타": null, "UFID": "1000037607086A00210000000000000592", "region": "cheongna", "region_name": "청라국제업무지구", "base_year": 2023 }, "geometry": { "type": "LineString", "coordinates": [ [ 126.628403327568762, 37.540872560022549 ], [ 126.628290594204174, 37.540872597150667 ] ] } },
{ "type": "Feature", "properties": { "도로번호": null, "명칭": null, "도로구분": "미분류", "시점": null, "종점": null, "포장재질": "포장", "분리대유무": "무", "차로수": 4, "도로폭": 20.0, "일방통행": "양방통행", "자동차전용": "일반", "기타": null, "UFID": "1000037607086A00210000000000000593", "region": "cheongna", "region_name": "청라국제업무지구", "base_year": 2023 }, "geometry": { "type": "LineString", "coordinates": [ [ 126.628306063925081, 37.539019530510942 ], [ 126.628305001472697, 37.538920147392531 ] ] } },
{ "type": "Feature", "properties": { "도로번호": null, "명칭": null, "도로구분": "미분류", "시점": null, "종점": null, "포장재질": "포장", "분리대유무": "무", "차로수": 4, "도로폭": 20.0, "일방통행": "양방통행", "자동차전용": "일반", "기타": null, "UFID": "1000037607086A00210000000000000594", "region": "cheongna", "region_name": "청라국제업무지구", "base_year": 2023 }, "geometry": { "type": "LineString", "coordinates": [ [ 126.627556375102216, 37.531724544766732 ], [ 126.627668232630498, 37.531724727192852 ] ] } },
{ "type": "Feature", "properties": { "도로번호": null, "명칭": null, "도로구분": "미분류", "시점": null, "종점": null, "포장재질": "포장", "분리대유무": "무", "차로수": 1, "도로폭": 10.0, "일방통행": "양방통행", "자동차전용": "일반", "기타": null, "UFID": "1000037607086A00210000000000000595", "region": "cheongna", "region_name": "청라국제업무지구", "base_year": 2023 }, "geometry": { "type": "LineString", "coordinates": [ [ 126.62817769451145, 37.540872633647453 ], [ 126.628005773056017, 37.54087268864771 ], [ 126.627866269937257, 37.540871700399443 ], [ 126.627763512815022, 37.540870196226543 ], [ 126.627617541417408, 37.540870464905559 ], [ 126.62728769841803, 37.540870168517401 ], [ 126.627143574455104, 37.540869591902286 ], [ 126.627039383529407, 37.540867901472069 ], [ 126.626730735246539, 37.54086570089202 ], [ 126.626502756620269, 37.540865317909685 ], [ 126.626343736488124, 37.540866081635343 ], [ 126.626108099785384, 37.540863894193798 ], [ 126.625960536480306, 37.540864367517862 ], [ 126.625667351073872, 37.540863595262181 ], [ 126.625508605849618, 37.540862332397133 ], [ 126.625448786790585, 37.540860234369049 ], [ 126.625406630455515, 37.540846169465951 ], [ 126.625362801112431, 37.54080555142616 ], [ 126.625355316694254, 37.540409713411201 ], [ 126.625366214323165, 37.539706368226213 ], [ 126.625378686876076, 37.539681461944909 ], [ 126.625407002019088, 37.539672488659093 ], [ 126.625514074558424, 37.539671859691353 ], [ 126.625971272022653, 37.539673638456243 ], [ 126.626117031908748, 37.539674473054411 ], [ 126.626204895925198, 37.539674824192105 ], [ 126.626351234363099, 37.539675134151402 ], [ 126.626511637009415, 37.53967593800899 ], [ 126.626737621368818, 37.539677527401977 ], [ 126.627293547221342, 37.539677894877563 ], [ 126.627424734167974, 37.539678152080768 ] ] } },
{ "type": "Feature", "properties": { "도로번호": null, "명칭": null, "도로구분": "미분류", "시점": null, "종점": null, "포장재질": "포장", "분리대유무": "무", "차로수": 1, "도로폭": 7.5, "일방통행": "양방통행", "자동차전용": "일반", "기타": null, "UFID": "1000037607086A00210000000000000596", "region": "cheongna", "region_name": "청라국제업무지구", "base_year": 2023 }, "geometry": { "type": "LineString", "coordinates": [ [ 126.62757277139626, 37.539301203005152 ], [ 126.627517622276372, 37.539300646139957 ] ] } },
{ "type": "Feature", "properties": { "도로번호": null, "명칭": null, "도로구분": "미분류", "시점": null, "종점": null, "포장재질": "포장", "분리대유무": "무", "차로수": 4, "도로폭": 20.0, "일방통행": "양방통행", "자동차전용": "일반", "기타": null, "UFID": "1000037607086A00210000000000000597", "region": "cheongna", "region_name": "청라국제업무지구", "base_year": 2023 }, "geometry": { "type": "LineString", "coordinates": [ [ 126.627557413972212, 37.531558854817973 ], [ 126.627559559126297, 37.531214140372462 ], [ 126.627569385505439, 37.531021547338817 ] ] } },
{ "type": "Feature", "properties": { "도로번호": null, "명칭": null, "도로구분": "미분류", "시점": null, "종점": null, "포장재질": "포장", "분리대유무": "무", "차로수": 1, "도로폭": 10.0, "일방통행": "양방통행", "자동차전용": "일반", "기타": null, "UFID": "1000037607086A00210000000000000598", "region": "cheongna", "region_name": "청라국제업무지구", "base_year": 2023 }, "geometry": { "type": "LineString", "coordinates": [ [ 126.627518794598231, 37.539107968415202 ], [ 126.627517569205622, 37.539240575723788 ] ] } },
{ "type": "Feature", "properties": { "도로번호": null, "명칭": null, "도로구분": "미분류", "시점": null, "종점": null, "포장재질": "포장", "분리대유무": "무", "차로수": 6, "도로폭": 35.0, "일방통행": "양방통행", "자동차전용": "일반", "기타": null, "UFID": "1000037607086A00210000000000000599", "region": "cheongna", "region_name": "청라국제업무지구", "base_year": 2023 }, "geometry": { "type": "LineString", "coordinates": [ [ 126.627753879006804, 37.536144923093246 ], [ 126.627600062268556, 37.536162736456113 ] ] } },
{ "type": "Feature", "properties": { "도로번호": null, "명칭": null, "도로구분": "미분류", "시점": null, "종점": null, "포장재질": "포장", "분리대유무": "무", "차로수": 4, "도로폭": 20.0, "일방통행": "양방통행", "자동차전용": "일반", "기타": null, "UFID": "1000037607086A00210000000000000600", "region": "cheongna", "region_name": "청라국제업무지구", "base_year": 2023 }, "geometry": { "type": "LineString", "coordinates": [ [ 126.628290594204174, 37.540872597150667 ], [ 126.628291089405721, 37.540793132756924 ] ] } },
{ "type": "Feature", "properties": { "도로번호": null, "명칭": null, "도로구분": "미분류", "시점": null, "종점": null, "포장재질": "포장", "분리대유무": "무", "차로수": 8, "도로폭": 45.0, "일방통행": "양방통행", "자동차전용": "일반", "기타": null, "UFID": "1000037607086A00210000000000000601", "region": "cheongna", "region_name": "청라국제업무지구", "base_year": 2023 }, "geometry": { "type": "LineString", "coordinates": [ [ 126.627771143285926, 37.529743849554968 ], [ 126.627921251115893, 37.529759433190563 ] ] } },
{ "type": "Feature", "properties": { "도로번호": null, "명칭": null, "도로구분": "미분류", "시점": null, "종점": null, "포장재질": "포장", "분리대유무": "무", "차로수": 1, "도로폭": 10.0, "일방통행": "양방통행", "자동차전용": "일반", "기타": null, "UFID": "1000037607086A00210000000000000602", "region": "cheongna", "region_name": "청라국제업무지구", "base_year": 2023 }, "geometry": { "type": "LineString", "coordinates": [ [ 126.628183256908855, 37.539679129172598 ], [ 126.628297187141825, 37.539679919419882 ] ] } },
{ "type": "Feature", "properties": { "도로번호": null, "명칭": null, "도로구분": "미분류", "시점": null, "종점": null, "포장재질": "포장", "분리대유무": "무", "차로수": 4, "도로폭": 20.0, "일방통행": "양방통행", "자동차전용": "일반", "기타": null, "UFID": "1000037607086A00210000000000000603", "region": "cheongna", "region_name": "청라국제업무지구", "base_year": 2023 }, "geometry": { "type": "LineString", "coordinates": [ [ 126.62808543333152, 37.537122386966018 ], [ 126.628058740549022, 37.537035726540502 ] ] } },
{ "type": "Feature", "properties": { "도로번호": null, "명칭": null, "도로구분": "미분류", "시점": null, "종점": null, "포장재질": "포장", "분리대유무": "무", "차로수": 4, "도로폭": 20.0, "일방통행": "양방통행", "자동차전용": "일반", "기타": null, "UFID": "1000037607086A00210000000000000604", "region": "cheongna", "region_name": "청라국제업무지구", "base_year": 2023 }, "geometry": { "type": "LineString", "coordinates": [ [ 126.628305001472697, 37.538920147392531 ], [ 126.628300008579942, 37.53845235385014 ], [ 126.628289925672718, 37.538242957828231 ], [ 126.628267287149839, 37.537987255261498 ], [ 126.628237729675135, 37.537776267122673 ], [ 126.628189892008493, 37.537529837521859 ], [ 126.628118606463872, 37.537230086121774 ], [ 126.62808543333152, 37.537122386966018 ] ] } },
{ "type": "Feature", "properties": { "도로번호": null, "명칭": null, "도로구분": "미분류", "시점": null, "종점": null, "포장재질": "포장", "분리대유무": "무", "차로수": 4, "도로폭": 20.0, "일방통행": "양방통행", "자동차전용": "일반", "기타": null, "UFID": "1000037607086A00210000000000000605", "region": "cheongna", "region_name": "청라국제업무지구", "base_year": 2023 }, "geometry": { "type": "LineString", "coordinates": [ [ 126.628032183158268, 37.536949505472542 ], [ 126.628022366006348, 37.536917633113781 ], [ 126.627862047083894, 37.536465613003955 ], [ 126.627818661966714, 37.536336994303525 ] ] } },
{ "type": "Feature", "properties": { "도로번호": null, "명칭": null, "도로구분": "미분류", "시점": null, "종점": null, "포장재질": "포장", "분리대유무": "무", "차로수": 4, "도로폭": 20.0, "일방통행": "양방통행", "자동차전용": "일반", "기타": null, "UFID": "1000037607086A00210000000000000606", "region": "cheongna", "region_name": "청라국제업무지구", "base_year": 2023 }, "geometry": { "type": "LineString", "coordinates": [ [ 126.628058740549022, 37.537035726540502 ], [ 126.628032183158268, 37.536949505472542 ] ] } },
{ "type": "Feature", "properties": { "도로번호": null, "명칭": null, "도로구분": "미분류", "시점": null, "종점": null, "포장재질": "포장", "분리대유무": "무", "차로수": 4, "도로폭": 20.0, "일방통행": "양방통행", "자동차전용": "일반", "기타": null, "UFID": "1000037607086A00210000000000000607", "region": "cheongna", "region_name": "청라국제업무지구", "base_year": 2023 }, "geometry": { "type": "LineString", "coordinates": [ [ 126.627547609962122, 37.533232795577874 ], [ 126.627551640501196, 37.532639798763945 ] ] } },
{ "type": "Feature", "properties": { "도로번호": null, "명칭": null, "도로구분": "미분류", "시점": null, "종점": null, "포장재질": "포장", "분리대유무": "무", "차로수": 4, "도로폭": 20.0, "일방통행": "양방통행", "자동차전용": "일반", "기타": null, "UFID": "1000037607086A00210000000000000608", "region": "cheongna", "region_name": "청라국제업무지구", "base_year": 2023 }, "geometry": { "type": "LineString", "coordinates": [ [ 126.627551640501196, 37.532639798763945 ], [ 126.627554222068397, 37.532260127104159 ], [ 126.627555778051445, 37.531874189360231 ] ] } },
{ "type": "Feature", "properties": { "도로번호": null, "명칭": null, "도로구분": "미분류", "시점": null, "종점": null, "포장재질": "포장", "분리대유무": "무", "차로수": 1, "도로폭": 10.0, "일방통행": "양방통행", "자동차전용": "일반", "기타": null, "UFID": "1000037607086A00210000000000000609", "region": "cheongna", "region_name": "청라국제업무지구", "base_year": 2023 }, "geometry": { "type": "LineString", "coordinates": [ [ 126.628570629221528, 37.539681815054223 ], [ 126.628658863389788, 37.539682140302439 ] ] } },
{ "type": "Feature", "properties": { "도로번호": null, "명칭": null, "도로구분": "미분류", "시점": null, "종점": null, "포장재질": "포장", "분리대유무": "무", "차로수": 4, "도로폭": 20.0, "일방통행": "양방통행", "자동차전용": "일반", "기타": null, "UFID": "1000037607086A00210000000000000610", "region": "cheongna", "region_name": "청라국제업무지구", "base_year": 2023 }, "geometry": { "type": "LineString", "coordinates": [ [ 126.628583797158996, 37.527713047547934 ], [ 126.628649047186315, 37.527565255873959 ] ] } },
{ "type": "Feature", "properties": { "도로번호": null, "명칭": null, "도로구분": "미분류", "시점": null, "종점": null, "포장재질": "포장", "분리대유무": "유", "차로수": 6, "도로폭": 25.0, "일방통행": "양방통행", "자동차전용": "일반", "기타": null, "UFID": "1000037607086A00210000000000000611", "region": "cheongna", "region_name": "청라국제업무지구", "base_year": 2023 }, "geometry": { "type": "LineString", "coordinates": [ [ 126.629251869109311, 37.536050562034355 ], [ 126.62855525892013, 37.536061454536494 ] ] } },
{ "type": "Feature", "properties": { "도로번호": null, "명칭": null, "도로구분": "미분류", "시점": null, "종점": null, "포장재질": "포장", "분리대유무": "무", "차로수": 4, "도로폭": 23.0, "일방통행": "양방통행", "자동차전용": "일반", "기타": null, "UFID": "1000037607086A00210000000000000612", "region": "cheongna", "region_name": "청라국제업무지구", "base_year": 2023 }, "geometry": { "type": "LineString", "coordinates": [ [ 126.628518684708183, 37.539015191829698 ], [ 126.628817845212296, 37.539009085860933 ], [ 126.628993828484113, 37.539008891964016 ] ] } },
{ "type": "Feature", "properties": { "도로번호": null, "명칭": null, "도로구분": "미분류", "시점": null, "종점": null, "포장재질": "포장", "분리대유무": "무", "차로수": 1, "도로폭": 15.5, "일방통행": "일방통행", "자동차전용": "일반", "기타": null, "UFID": "1000037607086A00210000000000000613", "region": "cheongna", "region_name": "청라국제업무지구", "base_year": 2023 }, "geometry": { "type": "LineString", "coordinates": [ [ 126.629034748127509, 37.535908928417349 ], [ 126.628976462571359, 37.535928305926213 ], [ 126.62855525892013, 37.536061454536494 ] ] } },
{ "type": "Feature", "properties": { "도로번호": null, "명칭": null, "도로구분": "미분류", "시점": null, "종점": null, "포장재질": "포장", "분리대유무": "무", "차로수": 1, "도로폭": 15.5, "일방통행": "일방통행", "자동차전용": "일반", "기타": null, "UFID": "1000037607086A00210000000000000614", "region": "cheongna", "region_name": "청라국제업무지구", "base_year": 2023 }, "geometry": { "type": "LineString", "coordinates": [ [ 126.62855525892013, 37.536061454536494 ], [ 126.628898841801302, 37.53618036785447 ], [ 126.629058158689276, 37.536207907277635 ] ] } },
{ "type": "Feature", "properties": { "도로번호": null, "명칭": null, "도로구분": "미분류", "시점": null, "종점": null, "포장재질": "포장", "분리대유무": "무", "차로수": 8, "도로폭": 40.0, "일방통행": "양방통행", "자동차전용": "일반", "기타": null, "UFID": "1000037607086A00210000000000000615", "region": "cheongna", "region_name": "청라국제업무지구", "base_year": 2023 }, "geometry": { "type": "LineString", "coordinates": [ [ 126.628478998789177, 37.541797355817437 ], [ 126.631434725197877, 37.541808655279041 ], [ 126.631595773089472, 37.541808967716918 ] ] } },
{ "type": "Feature", "properties": { "도로번호": null, "명칭": null, "도로구분": "미분류", "시점": null, "종점": null, "포장재질": "포장", "분리대유무": "무", "차로수": 1, "도로폭": 14.0, "일방통행": "일방통행", "자동차전용": "일반", "기타": null, "UFID": "1000037607086A00210000000000000616", "region": "cheongna", "region_name": "청라국제업무지구", "base_year": 2023 }, "geometry": { "type": "LineString", "coordinates": [ [ 126.631551261605111, 37.530040940937774 ], [ 126.629992686139033, 37.530034851795193 ], [ 126.629482839391628, 37.530024802876241 ], [ 126.629283246237321, 37.530015751292879 ], [ 126.629169866764769, 37.529985519187797 ], [ 126.629157576923518, 37.529979362829877 ] ] } },
{ "type": "Feature", "properties": { "도로번호": null, "명칭": null, "도로구분": "미분류", "시점": null, "종점": null, "포장재질": "포장", "분리대유무": "무", "차로수": 4, "도로폭": 24.0, "일방통행": "양방통행", "자동차전용": "일반", "기타": null, "UFID": "1000037607086A00210000000000000617", "region": "cheongna", "region_name": "청라국제업무지구", "base_year": 2023 }, "geometry": { "type": "LineString", "coordinates": [ [ 126.628720043694983, 37.525262511436217 ], [ 126.628766284985701, 37.525276092467209 ] ] } },
{ "type": "Feature", "properties": { "도로번호": null, "명칭": null, "도로구분": "미분류", "시점": null, "종점": null, "포장재질": "포장", "분리대유무": "무", "차로수": 4, "도로폭": 20.0, "일방통행": "양방통행", "자동차전용": "일반", "기타": null, "UFID": "1000037607086A00210000000000000618", "region": "cheongna", "region_name": "청라국제업무지구", "base_year": 2023 }, "geometry": { "type": "LineString", "coordinates": [ [ 126.63165216373659, 37.539031412675634 ], [ 126.631886613359342, 37.539032269888644 ] ] } },
{ "type": "Feature", "properties": { "도로번호": null, "명칭": null, "도로구분": "미분류", "시점": null, "종점": null, "포장재질": "포장", "분리대유무": "유", "차로수": 8, "도로폭": 44.0, "일방통행": "양방통행", "자동차전용": "일반", "기타": null, "UFID": "1000037607086A00210000000000000619", "region": "cheongna", "region_name": "청라국제업무지구", "base_year": 2023 }, "geometry": { "type": "LineString", "coordinates": [ [ 126.631845476500217, 37.545464601405918 ], [ 126.631847555165251, 37.545318956744303 ] ] } },
{ "type": "Feature", "properties": { "도로번호": null, "명칭": null, "도로구분": "미분류", "시점": null, "종점": null, "포장재질": "포장", "분리대유무": "무", "차로수": 1, "도로폭": 14.0, "일방통행": "일방통행", "자동차전용": "일반", "기타": null, "UFID": "1000037607086A00210000000000000620", "region": "cheongna", "region_name": "청라국제업무지구", "base_year": 2023 }, "geometry": { "type": "LineString", "coordinates": [ [ 126.629157576923518, 37.529979362829877 ], [ 126.629051267126826, 37.529926095405607 ], [ 126.628859737138967, 37.529831465644037 ] ] } },
{ "type": "Feature", "properties": { "도로번호": null, "명칭": null, "도로구분": "미분류", "시점": null, "종점": null, "포장재질": "포장", "분리대유무": "무", "차로수": 2, "도로폭": 9.5, "일방통행": "양방통행", "자동차전용": "일반", "기타": null, "UFID": "1000037607086A00210000000000000621", "region": "cheongna", "region_name": "청라국제업무지구", "base_year": 2023 }, "geometry": { "type": "LineString", "coordinates": [ [ 126.632088163439903, 37.525795937419545 ], [ 126.632070843836701, 37.525793576010486 ] ] } },
{ "type": "Feature", "properties": { "도로번호": null, "명칭": null, "도로구분": "미분류", "시점": null, "종점": null, "포장재질": "포장", "분리대유무": "무", "차로수": 1, "도로폭": 15.5, "일방통행": "일방통행", "자동차전용": "일반", "기타": null, "UFID": "1000037607086A00210000000000000622", "region": "cheongna", "region_name": "청라국제업무지구", "base_year": 2023 }, "geometry": { "type": "LineString", "coordinates": [ [ 126.629058158689276, 37.536207907277635 ], [ 126.629110985499608, 37.536217038108823 ], [ 126.629256780554954, 37.536224046153905 ], [ 126.62970102494549, 37.536199707565181 ], [ 126.631530883516291, 37.536209395636639 ] ] } },
{ "type": "Feature", "properties": { "도로번호": null, "명칭": null, "도로구분": "미분류", "시점": null, "종점": null, "포장재질": "포장", "분리대유무": "무", "차로수": 8, "도로폭": 45.0, "일방통행": "양방통행", "자동차전용": "일반", "기타": null, "UFID": "1000037607086A00210000000000000623", "region": "cheongna", "region_name": "청라국제업무지구", "base_year": 2023 }, "geometry": { "type": "LineString", "coordinates": [ [ 126.628739836126826, 37.529824934971714 ], [ 126.628859737138967, 37.529831465644037 ] ] } },
{ "type": "Feature", "properties": { "도로번호": null, "명칭": null, "도로구분": "미분류", "시점": null, "종점": null, "포장재질": "포장", "분리대유무": "무", "차로수": 8, "도로폭": 40.0, "일방통행": "양방통행", "자동차전용": "일반", "기타": null, "UFID": "1000037607086A00210000000000000624", "region": "cheongna", "region_name": "청라국제업무지구", "base_year": 2023 }, "geometry": { "type": "LineString", "coordinates": [ [ 126.631889997919075, 37.534285985169056 ], [ 126.631889938954473, 37.534168921764447 ] ] } },
{ "type": "Feature", "properties": { "도로번호": null, "명칭": null, "도로구분": "미분류", "시점": null, "종점": null, "포장재질": "포장", "분리대유무": "무", "차로수": 2, "도로폭": 9.5, "일방통행": "양방통행", "자동차전용": "일반", "기타": null, "UFID": "1000037607086A00210000000000000625", "region": "cheongna", "region_name": "청라국제업무지구", "base_year": 2023 }, "geometry": { "type": "LineString", "coordinates": [ [ 126.630548701182832, 37.525092668630698 ], [ 126.630584059654737, 37.525103086643803 ] ] } },
{ "type": "Feature", "properties": { "도로번호": null, "명칭": null, "도로구분": "미분류", "시점": null, "종점": null, "포장재질": "포장", "분리대유무": "무", "차로수": 8, "도로폭": 44.0, "일방통행": "양방통행", "자동차전용": "일반", "기타": null, "UFID": "1000037607086A00210000000000000626", "region": "cheongna", "region_name": "청라국제업무지구", "base_year": 2023 }, "geometry": { "type": "LineString", "coordinates": [ [ 126.632089425240423, 37.549924312587734 ], [ 126.63197537034965, 37.549516221468295 ], [ 126.631929375686028, 37.54932621079147 ], [ 126.631893513261744, 37.54911952905605 ] ] } },
{ "type": "Feature", "properties": { "도로번호": null, "명칭": null, "도로구분": "미분류", "시점": null, "종점": null, "포장재질": "포장", "분리대유무": "무", "차로수": 1, "도로폭": 10.0, "일방통행": "양방통행", "자동차전용": "일반", "기타": null, "UFID": "1000037607086A00210000000000000627", "region": "cheongna", "region_name": "청라국제업무지구", "base_year": 2023 }, "geometry": { "type": "LineString", "coordinates": [ [ 126.632400886973301, 37.525124226535972 ], [ 126.632349581915548, 37.525108496700419 ] ] } },
{ "type": "Feature", "properties": { "도로번호": null, "명칭": null, "도로구분": "미분류", "시점": null, "종점": null, "포장재질": "포장", "분리대유무": "무", "차로수": 2, "도로폭": 9.5, "일방통행": "양방통행", "자동차전용": "일반", "기타": null, "UFID": "1000037607086A00210000000000000628", "region": "cheongna", "region_name": "청라국제업무지구", "base_year": 2023 }, "geometry": { "type": "LineString", "coordinates": [ [ 126.631182771789327, 37.525277625877436 ], [ 126.631285405907207, 37.525306688158395 ] ] } },
{ "type": "Feature", "properties": { "도로번호": null, "명칭": null, "도로구분": "미분류", "시점": null, "종점": null, "포장재질": "포장", "분리대유무": "무", "차로수": 2, "도로폭": 9.5, "일방통행": "양방통행", "자동차전용": "일반", "기타": null, "UFID": "1000037607086A00210000000000000629", "region": "cheongna", "region_name": "청라국제업무지구", "base_year": 2023 }, "geometry": { "type": "LineString", "coordinates": [ [ 126.631465320674693, 37.525357606452317 ], [ 126.631554250669538, 37.525382778477201 ] ] } },
{ "type": "Feature", "properties": { "도로번호": null, "명칭": null, "도로구분": "미분류", "시점": null, "종점": null, "포장재질": "포장", "분리대유무": "무", "차로수": 1, "도로폭": 3.5, "일방통행": "양방통행", "자동차전용": "일반", "기타": null, "UFID": "1000037607086A00210000000000000630", "region": "cheongna", "region_name": "청라국제업무지구", "base_year": 2023 }, "geometry": { "type": "LineString", "coordinates": [ [ 126.632096704688763, 37.525855582119462 ], [ 126.63199300530367, 37.526089446260428 ] ] } },
{ "type": "Feature", "properties": { "도로번호": null, "명칭": null, "도로구분": "미분류", "시점": null, "종점": null, "포장재질": "포장", "분리대유무": "무", "차로수": 8, "도로폭": 40.0, "일방통행": "양방통행", "자동차전용": "일반", "기타": null, "UFID": "1000037607086A00210000000000000631", "region": "cheongna", "region_name": "청라국제업무지구", "base_year": 2023 }, "geometry": { "type": "LineString", "coordinates": [ [ 126.631595773089472, 37.541808967716918 ], [ 126.631889988437536, 37.541809542866744 ] ] } },
{ "type": "Feature", "properties": { "도로번호": null, "명칭": null, "도로구분": "미분류", "시점": null, "종점": null, "포장재질": "포장", "분리대유무": "무", "차로수": 4, "도로폭": 20.0, "일방통행": "양방통행", "자동차전용": "일반", "기타": null, "UFID": "1000037607086A00210000000000000632", "region": "cheongna", "region_name": "청라국제업무지구", "base_year": 2023 }, "geometry": { "type": "LineString", "coordinates": [ [ 126.631592662125101, 37.53173291636849 ], [ 126.631889209649245, 37.53180223662828 ] ] } },
{ "type": "Feature", "properties": { "도로번호": null, "명칭": null, "도로구분": "미분류", "시점": null, "종점": null, "포장재질": "포장", "분리대유무": "무", "차로수": 2, "도로폭": 9.5, "일방통행": "양방통행", "자동차전용": "일반", "기타": null, "UFID": "1000037607086A00210000000000000633", "region": "cheongna", "region_name": "청라국제업무지구", "base_year": 2023 }, "geometry": { "type": "LineString", "coordinates": [ [ 126.632400886973301, 37.525124226535972 ], [ 126.632375305256701, 37.525178007636185 ] ] } },
{ "type": "Feature", "properties": { "도로번호": null, "명칭": null, "도로구분": "미분류", "시점": null, "종점": null, "포장재질": "포장", "분리대유무": "무", "차로수": 2, "도로폭": 11.5, "일방통행": "양방통행", "자동차전용": "일반", "기타": null, "UFID": "1000037607086A00210000000000000634", "region": "cheongna", "region_name": "청라국제업무지구", "base_year": 2023 }, "geometry": { "type": "LineString", "coordinates": [ [ 126.631055065124968, 37.525817148763977 ], [ 126.631267299277226, 37.525346807102466 ] ] } },
{ "type": "Feature", "properties": { "도로번호": null, "명칭": null, "도로구분": "미분류", "시점": null, "종점": null, "포장재질": "포장", "분리대유무": "무", "차로수": 4, "도로폭": 24.0, "일방통행": "양방통행", "자동차전용": "일반", "기타": null, "UFID": "1000037607086A00210000000000000635", "region": "cheongna", "region_name": "청라국제업무지구", "base_year": 2023 }, "geometry": { "type": "LineString", "coordinates": [ [ 126.631944295486321, 37.526199307140338 ], [ 126.631960755051111, 37.526204042718717 ] ] } },
{ "type": "Feature", "properties": { "도로번호": null, "명칭": null, "도로구분": "미분류", "시점": null, "종점": null, "포장재질": "포장", "분리대유무": "무", "차로수": 2, "도로폭": 15.0, "일방통행": "양방통행", "자동차전용": "일반", "기타": null, "UFID": "1000037607086A00210000000000000636", "region": "cheongna", "region_name": "청라국제업무지구", "base_year": 2023 }, "geometry": { "type": "LineString", "coordinates": [ [ 126.630832211709745, 37.531730992161229 ], [ 126.630833152753766, 37.531638769110359 ] ] } },
{ "type": "Feature", "properties": { "도로번호": null, "명칭": null, "도로구분": "미분류", "시점": null, "종점": null, "포장재질": "포장", "분리대유무": "무", "차로수": 4, "도로폭": 24.0, "일방통행": "양방통행", "자동차전용": "일반", "기타": null, "UFID": "1000037607086A00210000000000000637", "region": "cheongna", "region_name": "청라국제업무지구", "base_year": 2023 }, "geometry": { "type": "LineString", "coordinates": [ [ 126.629550505271354, 37.525506416219223 ], [ 126.629683861465409, 37.525545018702644 ] ] } },
{ "type": "Feature", "properties": { "도로번호": null, "명칭": null, "도로구분": "미분류", "시점": null, "종점": null, "포장재질": "포장", "분리대유무": "무", "차로수": 2, "도로폭": 9.5, "일방통행": "양방통행", "자동차전용": "일반", "기타": null, "UFID": "1000037607086A00210000000000000638", "region": "cheongna", "region_name": "청라국제업무지구", "base_year": 2023 }, "geometry": { "type": "LineString", "coordinates": [ [ 126.631107059574603, 37.525256179037314 ], [ 126.631182771789327, 37.525277625877436 ] ] } },
{ "type": "Feature", "properties": { "도로번호": null, "명칭": null, "도로구분": "미분류", "시점": null, "종점": null, "포장재질": "포장", "분리대유무": "무", "차로수": 2, "도로폭": 11.5, "일방통행": "양방통행", "자동차전용": "일반", "기타": null, "UFID": "1000037607086A00210000000000000639", "region": "cheongna", "region_name": "청라국제업무지구", "base_year": 2023 }, "geometry": { "type": "LineString", "coordinates": [ [ 126.631267299277226, 37.525346807102466 ], [ 126.631285405907207, 37.525306688158395 ] ] } },
{ "type": "Feature", "properties": { "도로번호": null, "명칭": null, "도로구분": "미분류", "시점": null, "종점": null, "포장재질": "포장", "분리대유무": "무", "차로수": 1, "도로폭": 10.0, "일방통행": "양방통행", "자동차전용": "일반", "기타": null, "UFID": "1000037607086A00210000000000000640", "region": "cheongna", "region_name": "청라국제업무지구", "base_year": 2023 }, "geometry": { "type": "LineString", "coordinates": [ [ 126.629089311222927, 37.539304570580008 ], [ 126.629089705690959, 37.539241154370281 ] ] } },
{ "type": "Feature", "properties": { "도로번호": null, "명칭": null, "도로구분": "미분류", "시점": null, "종점": null, "포장재질": "포장", "분리대유무": "무", "차로수": 8, "도로폭": 44.0, "일방통행": "양방통행", "자동차전용": "일반", "기타": null, "UFID": "1000037607086A00210000000000000641", "region": "cheongna", "region_name": "청라국제업무지구", "base_year": 2023 }, "geometry": { "type": "LineString", "coordinates": [ [ 126.631890217841132, 37.541995329627404 ], [ 126.631889988437536, 37.541809542866744 ] ] } },
{ "type": "Feature", "properties": { "도로번호": null, "명칭": null, "도로구분": "미분류", "시점": null, "종점": null, "포장재질": "포장", "분리대유무": "무", "차로수": 4, "도로폭": 24.0, "일방통행": "양방통행", "자동차전용": "일반", "기타": null, "UFID": "1000037607086A00210000000000000642", "region": "cheongna", "region_name": "청라국제업무지구", "base_year": 2023 }, "geometry": { "type": "LineString", "coordinates": [ [ 126.628802059160023, 37.525286599716559 ], [ 126.629398276952671, 37.525461708675124 ] ] } },
{ "type": "Feature", "properties": { "도로번호": null, "명칭": null, "도로구분": "미분류", "시점": null, "종점": null, "포장재질": "포장", "분리대유무": "무", "차로수": 2, "도로폭": 9.5, "일방통행": "양방통행", "자동차전용": "일반", "기타": null, "UFID": "1000037607086A00210000000000000643", "region": "cheongna", "region_name": "청라국제업무지구", "base_year": 2023 }, "geometry": { "type": "LineString", "coordinates": [ [ 126.632070843836701, 37.525793576010486 ], [ 126.63200935359113, 37.525785194366712 ], [ 126.631533209250364, 37.525640334109397 ], [ 126.631484343930381, 37.525625576478795 ], [ 126.631466062261495, 37.525609526730406 ], [ 126.631466182020475, 37.525585182155595 ], [ 126.631536549756291, 37.525423466356386 ] ] } },
{ "type": "Feature", "properties": { "도로번호": null, "명칭": null, "도로구분": "미분류", "시점": null, "종점": null, "포장재질": "포장", "분리대유무": "무", "차로수": 2, "도로폭": 9.5, "일방통행": "양방통행", "자동차전용": "일반", "기타": null, "UFID": "1000037607086A00210000000000000644", "region": "cheongna", "region_name": "청라국제업무지구", "base_year": 2023 }, "geometry": { "type": "LineString", "coordinates": [ [ 126.630065266818903, 37.525000849297712 ], [ 126.629988240452647, 37.525165435566429 ], [ 126.62998138513943, 37.525188074173037 ], [ 126.629984289790841, 37.525211528125972 ], [ 126.630000794254443, 37.52523459040475 ], [ 126.630039229892319, 37.525251856790952 ], [ 126.630389862462764, 37.525353515847833 ] ] } },
{ "type": "Feature", "properties": { "도로번호": null, "명칭": null, "도로구분": "미분류", "시점": null, "종점": null, "포장재질": "포장", "분리대유무": "무", "차로수": 8, "도로폭": 40.0, "일방통행": "양방통행", "자동차전용": "일반", "기타": null, "UFID": "1000037607086A00210000000000000645", "region": "cheongna", "region_name": "청라국제업무지구", "base_year": 2023 }, "geometry": { "type": "LineString", "coordinates": [ [ 126.631889938954473, 37.534168921764447 ], [ 126.631893002705567, 37.53407939843428 ] ] } },
{ "type": "Feature", "properties": { "도로번호": null, "명칭": null, "도로구분": "미분류", "시점": null, "종점": null, "포장재질": "포장", "분리대유무": "유", "차로수": 8, "도로폭": 44.0, "일방통행": "양방통행", "자동차전용": "일반", "기타": null, "UFID": "1000037607086A00210000000000000646", "region": "cheongna", "region_name": "청라국제업무지구", "base_year": 2023 }, "geometry": { "type": "LineString", "coordinates": [ [ 126.631886613359342, 37.539032269888644 ], [ 126.631888357701101, 37.538884358922878 ] ] } },
{ "type": "Feature", "properties": { "도로번호": null, "명칭": null, "도로구분": "미분류", "시점": null, "종점": null, "포장재질": "포장", "분리대유무": "무", "차로수": 2, "도로폭": 9.5, "일방통행": "양방통행", "자동차전용": "일반", "기타": null, "UFID": "1000037607086A00210000000000000647", "region": "cheongna", "region_name": "청라국제업무지구", "base_year": 2023 }, "geometry": { "type": "LineString", "coordinates": [ [ 126.631536549756291, 37.525423466356386 ], [ 126.631554250669538, 37.525382778477201 ] ] } },
{ "type": "Feature", "properties": { "도로번호": null, "명칭": null, "도로구분": "미분류", "시점": null, "종점": null, "포장재질": "포장", "분리대유무": "유", "차로수": 8, "도로폭": 44.0, "일방통행": "양방통행", "자동차전용": "일반", "기타": null, "UFID": "1000037607086A00210000000000000648", "region": "cheongna", "region_name": "청라국제업무지구", "base_year": 2023 }, "geometry": { "type": "LineString", "coordinates": [ [ 126.631888628607882, 37.540689134250016 ], [ 126.63188769127126, 37.539917528112937 ] ] } },
{ "type": "Feature", "properties": { "도로번호": null, "명칭": null, "도로구분": "미분류", "시점": null, "종점": null, "포장재질": "포장", "분리대유무": "무", "차로수": 2, "도로폭": 12.0, "일방통행": "양방통행", "자동차전용": "일반", "기타": null, "UFID": "1000037607086A00210000000000000649", "region": "cheongna", "region_name": "청라국제업무지구", "base_year": 2023 }, "geometry": { "type": "LineString", "coordinates": [ [ 126.630821786611406, 37.534073208277874 ], [ 126.630821762055476, 37.534165407125798 ] ] } },
{ "type": "Feature", "properties": { "도로번호": null, "명칭": null, "도로구분": "미분류", "시점": null, "종점": null, "포장재질": "포장", "분리대유무": "무", "차로수": 2, "도로폭": 9.5, "일방통행": "양방통행", "자동차전용": "일반", "기타": null, "UFID": "1000037607086A00210000000000000650", "region": "cheongna", "region_name": "청라국제업무지구", "base_year": 2023 }, "geometry": { "type": "LineString", "coordinates": [ [ 126.631642231798452, 37.525407677176503 ], [ 126.631664633777376, 37.525414017986634 ], [ 126.632147999661925, 37.525553214916449 ] ] } },
{ "type": "Feature", "properties": { "도로번호": null, "명칭": null, "도로구분": "미분류", "시점": null, "종점": null, "포장재질": "포장", "분리대유무": "무", "차로수": 2, "도로폭": 15.0, "일방통행": "양방통행", "자동차전용": "일반", "기타": null, "UFID": "1000037607086A00210000000000000651", "region": "cheongna", "region_name": "청라국제업무지구", "base_year": 2023 }, "geometry": { "type": "LineString", "coordinates": [ [ 126.630831166098019, 37.531821475960712 ], [ 126.630832211709745, 37.531730992161229 ] ] } },
{ "type": "Feature", "properties": { "도로번호": null, "명칭": null, "도로구분": "미분류", "시점": null, "종점": null, "포장재질": "포장", "분리대유무": "무", "차로수": 4, "도로폭": 24.0, "일방통행": "양방통행", "자동차전용": "일반", "기타": null, "UFID": "1000037607086A00210000000000000652", "region": "cheongna", "region_name": "청라국제업무지구", "base_year": 2023 }, "geometry": { "type": "LineString", "coordinates": [ [ 126.631924775749539, 37.526193660124207 ], [ 126.631944295486321, 37.526199307140338 ] ] } },
{ "type": "Feature", "properties": { "도로번호": null, "명칭": null, "도로구분": "미분류", "시점": null, "종점": null, "포장재질": "포장", "분리대유무": "무", "차로수": 4, "도로폭": 20.0, "일방통행": "양방통행", "자동차전용": "일반", "기타": null, "UFID": "1000037607086A00210000000000000653", "region": "cheongna", "region_name": "청라국제업무지구", "base_year": 2023 }, "geometry": { "type": "LineString", "coordinates": [ [ 126.628649047186315, 37.527565255873959 ], [ 126.628684002191278, 37.527486077143664 ], [ 126.629246691686021, 37.526200538104433 ] ] } },
{ "type": "Feature", "properties": { "도로번호": null, "명칭": null, "도로구분": "미분류", "시점": null, "종점": null, "포장재질": "포장", "분리대유무": "무", "차로수": 1, "도로폭": 15.5, "일방통행": "일방통행", "자동차전용": "일반", "기타": null, "UFID": "1000037607086A00210000000000000654", "region": "cheongna", "region_name": "청라국제업무지구", "base_year": 2023 }, "geometry": { "type": "LineString", "coordinates": [ [ 126.631524240017868, 37.535853147310362 ], [ 126.63151420512979, 37.535852962829388 ], [ 126.630766760673581, 37.535852619395214 ], [ 126.630221974292112, 37.535853069060821 ], [ 126.629599827652612, 37.535854389027939 ], [ 126.629298827903739, 37.535864788084048 ], [ 126.629154687108311, 37.535879832652363 ], [ 126.629059724880022, 37.535900626713563 ], [ 126.629034748127509, 37.535908928417349 ] ] } },
{ "type": "Feature", "properties": { "도로번호": null, "명칭": null, "도로구분": "미분류", "시점": null, "종점": null, "포장재질": "포장", "분리대유무": "무", "차로수": 2, "도로폭": 9.5, "일방통행": "양방통행", "자동차전용": "일반", "기타": null, "UFID": "1000037607086A00210000000000000655", "region": "cheongna", "region_name": "청라국제업무지구", "base_year": 2023 }, "geometry": { "type": "LineString", "coordinates": [ [ 126.630389862462764, 37.525353515847833 ], [ 126.630421199128364, 37.525362604965807 ] ] } },
{ "type": "Feature", "properties": { "도로번호": null, "명칭": null, "도로구분": "미분류", "시점": null, "종점": null, "포장재질": "포장", "분리대유무": "무", "차로수": 4, "도로폭": 24.0, "일방통행": "양방통행", "자동차전용": "일반", "기타": null, "UFID": "1000037607086A00210000000000000656", "region": "cheongna", "region_name": "청라국제업무지구", "base_year": 2023 }, "geometry": { "type": "LineString", "coordinates": [ [ 126.631005265621596, 37.5259275095124 ], [ 126.631117464554748, 37.52595998957117 ] ] } },
{ "type": "Feature", "properties": { "도로번호": null, "명칭": null, "도로구분": "미분류", "시점": null, "종점": null, "포장재질": "포장", "분리대유무": "무", "차로수": 1, "도로폭": 6.0, "일방통행": "양방통행", "자동차전용": "일반", "기타": null, "UFID": "1000037607086A00210000000000000657", "region": "cheongna", "region_name": "청라국제업무지구", "base_year": 2023 }, "geometry": { "type": "LineString", "coordinates": [ [ 126.630421199128364, 37.525362604965807 ], [ 126.630439836299487, 37.525322813072755 ] ] } },
{ "type": "Feature", "properties": { "도로번호": null, "명칭": null, "도로구분": "미분류", "시점": null, "종점": null, "포장재질": "포장", "분리대유무": "무", "차로수": 8, "도로폭": 44.0, "일방통행": "양방통행", "자동차전용": "일반", "기타": null, "UFID": "1000037607086A00210000000000000658", "region": "cheongna", "region_name": "청라국제업무지구", "base_year": 2023 }, "geometry": { "type": "LineString", "coordinates": [ [ 126.631889988437536, 37.541809542866744 ], [ 126.63188970793351, 37.541576382528632 ] ] } },
{ "type": "Feature", "properties": { "도로번호": null, "명칭": null, "도로구분": "미분류", "시점": null, "종점": null, "포장재질": "포장", "분리대유무": "무", "차로수": 4, "도로폭": 24.0, "일방통행": "양방통행", "자동차전용": "일반", "기타": null, "UFID": "1000037607086A00210000000000000659", "region": "cheongna", "region_name": "청라국제업무지구", "base_year": 2023 }, "geometry": { "type": "LineString", "coordinates": [ [ 126.630235883027083, 37.525704809349406 ], [ 126.630266643806678, 37.525713708396687 ] ] } },
{ "type": "Feature", "properties": { "도로번호": null, "명칭": null, "도로구분": "미분류", "시점": null, "종점": null, "포장재질": "포장", "분리대유무": "무", "차로수": 8, "도로폭": 44.0, "일방통행": "양방통행", "자동차전용": "일반", "기타": null, "UFID": "1000037607086A00210000000000000660", "region": "cheongna", "region_name": "청라국제업무지구", "base_year": 2023 }, "geometry": { "type": "LineString", "coordinates": [ [ 126.631878946661416, 37.543123921098598 ], [ 126.631890324370673, 37.542327852917893 ] ] } },
{ "type": "Feature", "properties": { "도로번호": null, "명칭": null, "도로구분": "미분류", "시점": null, "종점": null, "포장재질": "포장", "분리대유무": "무", "차로수": 8, "도로폭": 44.0, "일방통행": "양방통행", "자동차전용": "일반", "기타": null, "UFID": "1000037607086A00210000000000000661", "region": "cheongna", "region_name": "청라국제업무지구", "base_year": 2023 }, "geometry": { "type": "LineString", "coordinates": [ [ 126.63188769127126, 37.539917528112937 ], [ 126.631886813135083, 37.539198774443925 ] ] } },
{ "type": "Feature", "properties": { "도로번호": null, "명칭": null, "도로구분": "미분류", "시점": null, "종점": null, "포장재질": "포장", "분리대유무": "무", "차로수": 1, "도로폭": 7.5, "일방통행": "양방통행", "자동차전용": "일반", "기타": null, "UFID": "1000037607086A00210000000000000662", "region": "cheongna", "region_name": "청라국제업무지구", "base_year": 2023 }, "geometry": { "type": "LineString", "coordinates": [ [ 126.629089311222927, 37.539304570580008 ], [ 126.629034769800626, 37.539304905614358 ] ] } },
{ "type": "Feature", "properties": { "도로번호": null, "명칭": null, "도로구분": "미분류", "시점": null, "종점": null, "포장재질": "포장", "분리대유무": "무", "차로수": 2, "도로폭": 11.5, "일방통행": "양방통행", "자동차전용": "일반", "기타": null, "UFID": "1000037607086A00210000000000000663", "region": "cheongna", "region_name": "청라국제업무지구", "base_year": 2023 }, "geometry": { "type": "LineString", "coordinates": [ [ 126.631285405907207, 37.525306688158395 ], [ 126.63130485830861, 37.525263896549198 ] ] } },
{ "type": "Feature", "properties": { "도로번호": null, "명칭": null, "도로구분": "미분류", "시점": null, "종점": null, "포장재질": "포장", "분리대유무": "무", "차로수": 2, "도로폭": 9.5, "일방통행": "양방통행", "자동차전용": "일반", "기타": null, "UFID": "1000037607086A00210000000000000664", "region": "cheongna", "region_name": "청라국제업무지구", "base_year": 2023 }, "geometry": { "type": "LineString", "coordinates": [ [ 126.630996429982403, 37.525268186111767 ], [ 126.631012605730504, 37.525229430692434 ] ] } },
{ "type": "Feature", "properties": { "도로번호": null, "명칭": null, "도로구분": "미분류", "시점": null, "종점": null, "포장재질": "포장", "분리대유무": "무", "차로수": 1, "도로폭": 14.0, "일방통행": "일방통행", "자동차전용": "일반", "기타": null, "UFID": "1000037607086A00210000000000000665", "region": "cheongna", "region_name": "청라국제업무지구", "base_year": 2023 }, "geometry": { "type": "LineString", "coordinates": [ [ 126.631910682241511, 37.529870431766476 ], [ 126.631791933590165, 37.529948852852399 ], [ 126.631649929264228, 37.530017516471617 ], [ 126.631551261605111, 37.530040940937774 ] ] } },
{ "type": "Feature", "properties": { "도로번호": null, "명칭": null, "도로구분": "미분류", "시점": null, "종점": null, "포장재질": "포장", "분리대유무": "무", "차로수": 8, "도로폭": 40.0, "일방통행": "양방통행", "자동차전용": "일반", "기타": null, "UFID": "1000037607086A00210000000000000666", "region": "cheongna", "region_name": "청라국제업무지구", "base_year": 2023 }, "geometry": { "type": "LineString", "coordinates": [ [ 126.631889988437536, 37.541809542866744 ], [ 126.63224734211623, 37.541810233742702 ] ] } },
{ "type": "Feature", "properties": { "도로번호": null, "명칭": null, "도로구분": "미분류", "시점": null, "종점": null, "포장재질": "포장", "분리대유무": "무", "차로수": 1, "도로폭": 6.0, "일방통행": "양방통행", "자동차전용": "일반", "기타": null, "UFID": "1000037607086A00210000000000000667", "region": "cheongna", "region_name": "청라국제업무지구", "base_year": 2023 }, "geometry": { "type": "LineString", "coordinates": [ [ 126.630317043951294, 37.525605386091861 ], [ 126.630402101489722, 37.525422579557343 ], [ 126.630407387233205, 37.525405981707436 ] ] } },
{ "type": "Feature", "properties": { "도로번호": null, "명칭": null, "도로구분": "미분류", "시점": null, "종점": null, "포장재질": "포장", "분리대유무": "무", "차로수": 8, "도로폭": 40.0, "일방통행": "양방통행", "자동차전용": "일반", "기타": null, "UFID": "1000037607086A00210000000000000668", "region": "cheongna", "region_name": "청라국제업무지구", "base_year": 2023 }, "geometry": { "type": "LineString", "coordinates": [ [ 126.63224734211623, 37.541810233742702 ], [ 126.633108796120965, 37.541811696171131 ], [ 126.633780729718325, 37.5418133224439 ] ] } },
{ "type": "Feature", "properties": { "도로번호": null, "명칭": null, "도로구분": "미분류", "시점": null, "종점": null, "포장재질": "포장", "분리대유무": "무", "차로수": 1, "도로폭": 6.0, "일방통행": "양방통행", "자동차전용": "일반", "기타": null, "UFID": "1000037607086A00210000000000000669", "region": "cheongna", "region_name": "청라국제업무지구", "base_year": 2023 }, "geometry": { "type": "LineString", "coordinates": [ [ 126.630266643806678, 37.525713708396687 ], [ 126.630317043951294, 37.525605386091861 ] ] } },
{ "type": "Feature", "properties": { "도로번호": null, "명칭": null, "도로구분": "미분류", "시점": null, "종점": null, "포장재질": "포장", "분리대유무": "무", "차로수": 1, "도로폭": 6.0, "일방통행": "양방통행", "자동차전용": "일반", "기타": null, "UFID": "1000037607086A00210000000000000670", "region": "cheongna", "region_name": "청라국제업무지구", "base_year": 2023 }, "geometry": { "type": "LineString", "coordinates": [ [ 126.630407387233205, 37.525405981707436 ], [ 126.630421199128364, 37.525362604965807 ] ] } },
{ "type": "Feature", "properties": { "도로번호": null, "명칭": null, "도로구분": "미분류", "시점": null, "종점": null, "포장재질": "포장", "분리대유무": "무", "차로수": 1, "도로폭": 3.5, "일방통행": "양방통행", "자동차전용": "일반", "기타": null, "UFID": "1000037607086A00210000000000000671", "region": "cheongna", "region_name": "청라국제업무지구", "base_year": 2023 }, "geometry": { "type": "LineString", "coordinates": [ [ 126.632088163439903, 37.525795937419545 ], [ 126.632096946598566, 37.525829589099956 ], [ 126.632096946124136, 37.5258550251542 ], [ 126.632096704688763, 37.525855582119462 ] ] } },
{ "type": "Feature", "properties": { "도로번호": null, "명칭": null, "도로구분": "미분류", "시점": null, "종점": null, "포장재질": "포장", "분리대유무": "무", "차로수": 2, "도로폭": 9.5, "일방통행": "양방통행", "자동차전용": "일반", "기타": null, "UFID": "1000037607086A00210000000000000672", "region": "cheongna", "region_name": "청라국제업무지구", "base_year": 2023 }, "geometry": { "type": "LineString", "coordinates": [ [ 126.632231451553452, 37.525487089324045 ], [ 126.632195300458775, 37.525566831242813 ] ] } },
{ "type": "Feature", "properties": { "도로번호": null, "명칭": null, "도로구분": "미분류", "시점": null, "종점": null, "포장재질": "포장", "분리대유무": "무", "차로수": 4, "도로폭": 20.0, "일방통행": "양방통행", "자동차전용": "일반", "기타": null, "UFID": "1000037607086A00210000000000000673", "region": "cheongna", "region_name": "청라국제업무지구", "base_year": 2023 }, "geometry": { "type": "LineString", "coordinates": [ [ 126.629505699425508, 37.525608782134007 ], [ 126.629550505271354, 37.525506416219223 ] ] } },
{ "type": "Feature", "properties": { "도로번호": null, "명칭": null, "도로구분": "미분류", "시점": null, "종점": null, "포장재질": "포장", "분리대유무": "무", "차로수": 8, "도로폭": 44.0, "일방통행": "양방통행", "자동차전용": "일반", "기타": null, "UFID": "1000037607086A00210000000000000674", "region": "cheongna", "region_name": "청라국제업무지구", "base_year": 2023 }, "geometry": { "type": "LineString", "coordinates": [ [ 126.63188970793351, 37.541576382528632 ], [ 126.631888628607882, 37.540689134250016 ] ] } },
{ "type": "Feature", "properties": { "도로번호": null, "명칭": null, "도로구분": "미분류", "시점": null, "종점": null, "포장재질": "포장", "분리대유무": "유", "차로수": 8, "도로폭": 44.0, "일방통행": "양방통행", "자동차전용": "일반", "기타": null, "UFID": "1000037607086A00210000000000000675", "region": "cheongna", "region_name": "청라국제업무지구", "base_year": 2023 }, "geometry": { "type": "LineString", "coordinates": [ [ 126.631847555165251, 37.545318956744303 ], [ 126.631849673952331, 37.545170448995194 ] ] } },
{ "type": "Feature", "properties": { "도로번호": null, "명칭": null, "도로구분": "미분류", "시점": null, "종점": null, "포장재질": "포장", "분리대유무": "무", "차로수": 1, "도로폭": 6.0, "일방통행": "양방통행", "자동차전용": "일반", "기타": null, "UFID": "1000037607086A00210000000000000676", "region": "cheongna", "region_name": "청라국제업무지구", "base_year": 2023 }, "geometry": { "type": "LineString", "coordinates": [ [ 126.630439836299487, 37.525322813072755 ], [ 126.630529378923313, 37.525131702462723 ] ] } },
{ "type": "Feature", "properties": { "도로번호": null, "명칭": null, "도로구분": "미분류", "시점": null, "종점": null, "포장재질": "포장", "분리대유무": "무", "차로수": 1, "도로폭": 10.0, "일방통행": "양방통행", "자동차전용": "일반", "기타": null, "UFID": "1000037607086A00210000000000000677", "region": "cheongna", "region_name": "청라국제업무지구", "base_year": 2023 }, "geometry": { "type": "LineString", "coordinates": [ [ 126.629090499791985, 37.539113735417139 ], [ 126.629091151191787, 37.539009185074448 ] ] } },
{ "type": "Feature", "properties": { "도로번호": null, "명칭": null, "도로구분": "미분류", "시점": null, "종점": null, "포장재질": "포장", "분리대유무": "무", "차로수": 2, "도로폭": 9.5, "일방통행": "양방통행", "자동차전용": "일반", "기타": null, "UFID": "1000037607086A00210000000000000678", "region": "cheongna", "region_name": "청라국제업무지구", "base_year": 2023 }, "geometry": { "type": "LineString", "coordinates": [ [ 126.632375305256701, 37.525178007636185 ], [ 126.632231451553452, 37.525487089324045 ] ] } },
{ "type": "Feature", "properties": { "도로번호": null, "명칭": null, "도로구분": "미분류", "시점": null, "종점": null, "포장재질": "포장", "분리대유무": "무", "차로수": 2, "도로폭": 9.5, "일방통행": "양방통행", "자동차전용": "일반", "기타": null, "UFID": "1000037607086A00210000000000000679", "region": "cheongna", "region_name": "청라국제업무지구", "base_year": 2023 }, "geometry": { "type": "LineString", "coordinates": [ [ 126.630584059654737, 37.525103086643803 ], [ 126.630930176590908, 37.525205134522466 ] ] } },
{ "type": "Feature", "properties": { "도로번호": null, "명칭": null, "도로구분": "미분류", "시점": null, "종점": null, "포장재질": "포장", "분리대유무": "무", "차로수": 8, "도로폭": 40.0, "일방통행": "양방통행", "자동차전용": "일반", "기타": null, "UFID": "1000037607086A00210000000000000680", "region": "cheongna", "region_name": "청라국제업무지구", "base_year": 2023 }, "geometry": { "type": "LineString", "coordinates": [ [ 126.631877596955491, 37.535781872346774 ], [ 126.631889997919075, 37.534285985169056 ] ] } },
{ "type": "Feature", "properties": { "도로번호": null, "명칭": null, "도로구분": "미분류", "시점": null, "종점": null, "포장재질": "포장", "분리대유무": "무", "차로수": 4, "도로폭": 24.0, "일방통행": "양방통행", "자동차전용": "일반", "기타": null, "UFID": "1000037607086A00210000000000000681", "region": "cheongna", "region_name": "청라국제업무지구", "base_year": 2023 }, "geometry": { "type": "LineString", "coordinates": [ [ 126.629683861465409, 37.525545018702644 ], [ 126.630235883027083, 37.525704809349406 ] ] } },
{ "type": "Feature", "properties": { "도로번호": null, "명칭": null, "도로구분": "미분류", "시점": null, "종점": null, "포장재질": "포장", "분리대유무": "무", "차로수": 8, "도로폭": 40.0, "일방통행": "양방통행", "자동차전용": "일반", "기타": null, "UFID": "1000037607086A00210000000000000682", "region": "cheongna", "region_name": "청라국제업무지구", "base_year": 2023 }, "geometry": { "type": "LineString", "coordinates": [ [ 126.631910682241511, 37.529870431766476 ], [ 126.631927434076118, 37.529582857887924 ] ] } },
{ "type": "Feature", "properties": { "도로번호": null, "명칭": null, "도로구분": "미분류", "시점": null, "종점": null, "포장재질": "포장", "분리대유무": "무", "차로수": 4, "도로폭": 20.0, "일방통행": "양방통행", "자동차전용": "일반", "기타": null, "UFID": "1000037607086A00210000000000000683", "region": "cheongna", "region_name": "청라국제업무지구", "base_year": 2023 }, "geometry": { "type": "LineString", "coordinates": [ [ 126.629261335454345, 37.526167080492819 ], [ 126.629288428321928, 37.526105182335193 ] ] } },
{ "type": "Feature", "properties": { "도로번호": null, "명칭": null, "도로구분": "미분류", "시점": null, "종점": null, "포장재질": "포장", "분리대유무": "무", "차로수": 1, "도로폭": 10.0, "일방통행": "양방통행", "자동차전용": "일반", "기타": null, "UFID": "1000037607086A00210000000000000684", "region": "cheongna", "region_name": "청라국제업무지구", "base_year": 2023 }, "geometry": { "type": "LineString", "coordinates": [ [ 126.629087213024718, 37.539641345175099 ], [ 126.629088895553991, 37.53937135284049 ] ] } },
{ "type": "Feature", "properties": { "도로번호": null, "명칭": null, "도로구분": "미분류", "시점": null, "종점": null, "포장재질": "포장", "분리대유무": "무", "차로수": 8, "도로폭": 44.0, "일방통행": "양방통행", "자동차전용": "일반", "기타": null, "UFID": "1000037607086A00210000000000000685", "region": "cheongna", "region_name": "청라국제업무지구", "base_year": 2023 }, "geometry": { "type": "LineString", "coordinates": [ [ 126.631886813135083, 37.539198774443925 ], [ 126.631886613359342, 37.539032269888644 ] ] } },
{ "type": "Feature", "properties": { "도로번호": null, "명칭": null, "도로구분": "미분류", "시점": null, "종점": null, "포장재질": "포장", "분리대유무": "무", "차로수": 4, "도로폭": 20.0, "일방통행": "양방통행", "자동차전용": "일반", "기타": null, "UFID": "1000037607086A00210000000000000686", "region": "cheongna", "region_name": "청라국제업무지구", "base_year": 2023 }, "geometry": { "type": "LineString", "coordinates": [ [ 126.630670619420698, 37.534164799386637 ], [ 126.630821762055476, 37.534165407125798 ] ] } },
{ "type": "Feature", "properties": { "도로번호": null, "명칭": null, "도로구분": "미분류", "시점": null, "종점": null, "포장재질": "포장", "분리대유무": "유", "차로수": 8, "도로폭": 44.0, "일방통행": "양방통행", "자동차전용": "일반", "기타": null, "UFID": "1000037607086A00210000000000000687", "region": "cheongna", "region_name": "청라국제업무지구", "base_year": 2023 }, "geometry": { "type": "LineString", "coordinates": [ [ 126.631888357701101, 37.538884358922878 ], [ 126.631914752086473, 37.536647827958006 ], [ 126.631907999690853, 37.536233023622998 ] ] } },
{ "type": "Feature", "properties": { "도로번호": null, "명칭": null, "도로구분": "미분류", "시점": null, "종점": null, "포장재질": "포장", "분리대유무": "무", "차로수": 2, "도로폭": 15.0, "일방통행": "양방통행", "자동차전용": "일반", "기타": null, "UFID": "1000037607086A00210000000000000688", "region": "cheongna", "region_name": "청라국제업무지구", "base_year": 2023 }, "geometry": { "type": "LineString", "coordinates": [ [ 126.630821762055476, 37.534165407125798 ], [ 126.630820546044447, 37.534251196165897 ] ] } },
{ "type": "Feature", "properties": { "도로번호": null, "명칭": null, "도로구분": "소로", "시점": null, "종점": null, "포장재질": "비포장", "분리대유무": "무", "차로수": 1, "도로폭": 1.5, "일방통행": "양방통행", "자동차전용": "일반", "기타": null, "UFID": "1000037607086A00210000000000000689", "region": "cheongna", "region_name": "청라국제업무지구", "base_year": 2023 }, "geometry": { "type": "LineString", "coordinates": [ [ 126.632876743833407, 37.534359680097118 ], [ 126.632897897868261, 37.53436497163483 ], [ 126.632955870313253, 37.534388019111582 ], [ 126.632982836151157, 37.534396365054164 ], [ 126.633007737809848, 37.534401117710587 ], [ 126.633032569022447, 37.534402006671783 ] ] } },
{ "type": "Feature", "properties": { "도로번호": null, "명칭": null, "도로구분": "미분류", "시점": null, "종점": null, "포장재질": "포장", "분리대유무": "무", "차로수": 2, "도로폭": 11.5, "일방통행": "양방통행", "자동차전용": "일반", "기타": null, "UFID": "1000037607086A00210000000000000690", "region": "cheongna", "region_name": "청라국제업무지구", "base_year": 2023 }, "geometry": { "type": "LineString", "coordinates": [ [ 126.631005265621596, 37.5259275095124 ], [ 126.631055065124968, 37.525817148763977 ] ] } },
{ "type": "Feature", "properties": { "도로번호": null, "명칭": null, "도로구분": "미분류", "시점": null, "종점": null, "포장재질": "포장", "분리대유무": "유", "차로수": 6, "도로폭": 25.0, "일방통행": "양방통행", "자동차전용": "일반", "기타": null, "UFID": "1000037607086A00210000000000000691", "region": "cheongna", "region_name": "청라국제업무지구", "base_year": 2023 }, "geometry": { "type": "LineString", "coordinates": [ [ 126.628859737138967, 37.529831465644037 ], [ 126.62928794215749, 37.529839793281369 ] ] } },
{ "type": "Feature", "properties": { "도로번호": null, "명칭": null, "도로구분": "미분류", "시점": null, "종점": null, "포장재질": "포장", "분리대유무": "무", "차로수": 1, "도로폭": 15.5, "일방통행": "일방통행", "자동차전용": "일반", "기타": null, "UFID": "1000037607086A00210000000000000692", "region": "cheongna", "region_name": "청라국제업무지구", "base_year": 2023 }, "geometry": { "type": "LineString", "coordinates": [ [ 126.631530883516291, 37.536209395636639 ], [ 126.631629051414336, 37.536178589614629 ], [ 126.631772241116749, 37.536114921330338 ], [ 126.631893927724306, 37.536043645411901 ] ] } },
{ "type": "Feature", "properties": { "도로번호": null, "명칭": null, "도로구분": "미분류", "시점": null, "종점": null, "포장재질": "포장", "분리대유무": "무", "차로수": 4, "도로폭": 20.0, "일방통행": "양방통행", "자동차전용": "일반", "기타": null, "UFID": "1000037607086A00210000000000000693", "region": "cheongna", "region_name": "청라국제업무지구", "base_year": 2023 }, "geometry": { "type": "LineString", "coordinates": [ [ 126.630983915090425, 37.531731376186094 ], [ 126.631592662125101, 37.53173291636849 ] ] } },
{ "type": "Feature", "properties": { "도로번호": null, "명칭": null, "도로구분": "미분류", "시점": null, "종점": null, "포장재질": "포장", "분리대유무": "무", "차로수": 4, "도로폭": 20.0, "일방통행": "양방통행", "자동차전용": "일반", "기타": null, "UFID": "1000037607086A00210000000000000694", "region": "cheongna", "region_name": "청라국제업무지구", "base_year": 2023 }, "geometry": { "type": "LineString", "coordinates": [ [ 126.629288428321928, 37.526105182335193 ], [ 126.629505699425508, 37.525608782134007 ] ] } },
{ "type": "Feature", "properties": { "도로번호": null, "명칭": null, "도로구분": "미분류", "시점": null, "종점": null, "포장재질": "포장", "분리대유무": "유", "차로수": 8, "도로폭": 40.0, "일방통행": "양방통행", "자동차전용": "일반", "기타": null, "UFID": "1000037607086A00210000000000000695", "region": "cheongna", "region_name": "청라국제업무지구", "base_year": 2023 }, "geometry": { "type": "LineString", "coordinates": [ [ 126.632539925865629, 37.526365926335494 ], [ 126.632588647289325, 37.52624893024992 ] ] } },
{ "type": "Feature", "properties": { "도로번호": null, "명칭": null, "도로구분": "미분류", "시점": null, "종점": null, "포장재질": "포장", "분리대유무": "무", "차로수": 2, "도로폭": 9.5, "일방통행": "양방통행", "자동차전용": "일반", "기타": null, "UFID": "1000037607086A00210000000000000696", "region": "cheongna", "region_name": "청라국제업무지구", "base_year": 2023 }, "geometry": { "type": "LineString", "coordinates": [ [ 126.631384931240291, 37.525334856768922 ], [ 126.631465320674693, 37.525357606452317 ] ] } },
{ "type": "Feature", "properties": { "도로번호": null, "명칭": null, "도로구분": "미분류", "시점": null, "종점": null, "포장재질": "포장", "분리대유무": "무", "차로수": 8, "도로폭": 40.0, "일방통행": "양방통행", "자동차전용": "일반", "기타": null, "UFID": "1000037607086A00210000000000000697", "region": "cheongna", "region_name": "청라국제업무지구", "base_year": 2023 }, "geometry": { "type": "LineString", "coordinates": [ [ 126.631889209649245, 37.53180223662828 ], [ 126.631888430393133, 37.531719543450286 ] ] } },
{ "type": "Feature", "properties": { "도로번호": null, "명칭": null, "도로구분": "미분류", "시점": null, "종점": null, "포장재질": "포장", "분리대유무": "무", "차로수": 2, "도로폭": 9.5, "일방통행": "양방통행", "자동차전용": "일반", "기타": null, "UFID": "1000037607086A00210000000000000698", "region": "cheongna", "region_name": "청라국제업무지구", "base_year": 2023 }, "geometry": { "type": "LineString", "coordinates": [ [ 126.630463706710401, 37.52537521769068 ], [ 126.630810072458488, 37.525477959564519 ], [ 126.63085705677986, 37.525484342230357 ], [ 126.630885341148584, 37.525481538430839 ], [ 126.630903486480236, 37.525472187826566 ], [ 126.630915676942664, 37.525459359681257 ], [ 126.630926712484353, 37.525435256448517 ], [ 126.630996429982403, 37.525268186111767 ] ] } },
{ "type": "Feature", "properties": { "도로번호": null, "명칭": null, "도로구분": "미분류", "시점": null, "종점": null, "포장재질": "포장", "분리대유무": "무", "차로수": 1, "도로폭": 13.0, "일방통행": "일방통행", "자동차전용": "일반", "기타": null, "UFID": "1000037607086A00210000000000000699", "region": "cheongna", "region_name": "청라국제업무지구", "base_year": 2023 }, "geometry": { "type": "LineString", "coordinates": [ [ 126.631557988967401, 37.529687580205653 ], [ 126.631699841329777, 37.529707234621597 ], [ 126.631798064644641, 37.529766970642122 ], [ 126.631910682241511, 37.529870431766476 ] ] } },
{ "type": "Feature", "properties": { "도로번호": null, "명칭": null, "도로구분": "미분류", "시점": null, "종점": null, "포장재질": "포장", "분리대유무": "무", "차로수": 1, "도로폭": 10.0, "일방통행": "양방통행", "자동차전용": "일반", "기타": null, "UFID": "1000037607086A00210000000000000700", "region": "cheongna", "region_name": "청라국제업무지구", "base_year": 2023 }, "geometry": { "type": "LineString", "coordinates": [ [ 126.629089705690959, 37.539241154370281 ], [ 126.629090499791985, 37.539113735417139 ] ] } },
{ "type": "Feature", "properties": { "도로번호": null, "명칭": null, "도로구분": "미분류", "시점": null, "종점": null, "포장재질": "포장", "분리대유무": "무", "차로수": 1, "도로폭": 7.5, "일방통행": "양방통행", "자동차전용": "일반", "기타": null, "UFID": "1000037607086A00210000000000000701", "region": "cheongna", "region_name": "청라국제업무지구", "base_year": 2023 }, "geometry": { "type": "LineString", "coordinates": [ [ 126.62865908730582, 37.53963858690161 ], [ 126.628658863389788, 37.539682140302439 ] ] } },
{ "type": "Feature", "properties": { "도로번호": null, "명칭": null, "도로구분": "미분류", "시점": null, "종점": null, "포장재질": "포장", "분리대유무": "무", "차로수": 2, "도로폭": 9.5, "일방통행": "양방통행", "자동차전용": "일반", "기타": null, "UFID": "1000037607086A00210000000000000702", "region": "cheongna", "region_name": "청라국제업무지구", "base_year": 2023 }, "geometry": { "type": "LineString", "coordinates": [ [ 126.632161683082771, 37.52564178863571 ], [ 126.632119626500312, 37.525735596526403 ] ] } },
{ "type": "Feature", "properties": { "도로번호": null, "명칭": null, "도로구분": "미분류", "시점": null, "종점": null, "포장재질": "포장", "분리대유무": "무", "차로수": 4, "도로폭": 20.0, "일방통행": "양방통행", "자동차전용": "일반", "기타": null, "UFID": "1000037607086A00210000000000000703", "region": "cheongna", "region_name": "청라국제업무지구", "base_year": 2023 }, "geometry": { "type": "LineString", "coordinates": [ [ 126.630832211709745, 37.531730992161229 ], [ 126.630983915090425, 37.531731376186094 ] ] } },
{ "type": "Feature", "properties": { "도로번호": null, "명칭": null, "도로구분": "미분류", "시점": null, "종점": null, "포장재질": "포장", "분리대유무": "무", "차로수": 1, "도로폭": 13.0, "일방통행": "일방통행", "자동차전용": "일반", "기타": null, "UFID": "1000037607086A00210000000000000704", "region": "cheongna", "region_name": "청라국제업무지구", "base_year": 2023 }, "geometry": { "type": "LineString", "coordinates": [ [ 126.628859737138967, 37.529831465644037 ], [ 126.629119017336919, 37.529678452120393 ] ] } },
{ "type": "Feature", "properties": { "도로번호": null, "명칭": null, "도로구분": "미분류", "시점": null, "종점": null, "포장재질": "포장", "분리대유무": "무", "차로수": 4, "도로폭": 24.0, "일방통행": "양방통행", "자동차전용": "일반", "기타": null, "UFID": "1000037607086A00210000000000000705", "region": "cheongna", "region_name": "청라국제업무지구", "base_year": 2023 }, "geometry": { "type": "LineString", "coordinates": [ [ 126.631960755051111, 37.526204042718717 ], [ 126.632278627337229, 37.526295484883235 ] ] } },
{ "type": "Feature", "properties": { "도로번호": null, "명칭": null, "도로구분": "미분류", "시점": null, "종점": null, "포장재질": "포장", "분리대유무": "유", "차로수": 8, "도로폭": 44.0, "일방통행": "양방통행", "자동차전용": "일반", "기타": null, "UFID": "1000037607086A00210000000000000706", "region": "cheongna", "region_name": "청라국제업무지구", "base_year": 2023 }, "geometry": { "type": "LineString", "coordinates": [ [ 126.631849673952331, 37.545170448995194 ], [ 126.631878946661416, 37.543123921098598 ] ] } },
{ "type": "Feature", "properties": { "도로번호": null, "명칭": null, "도로구분": "미분류", "시점": null, "종점": null, "포장재질": "포장", "분리대유무": "무", "차로수": 1, "도로폭": 10.0, "일방통행": "양방통행", "자동차전용": "일반", "기타": null, "UFID": "1000037607086A00210000000000000707", "region": "cheongna", "region_name": "청라국제업무지구", "base_year": 2023 }, "geometry": { "type": "LineString", "coordinates": [ [ 126.629086949731303, 37.539683761397697 ], [ 126.629181634830729, 37.539684253379633 ] ] } },
{ "type": "Feature", "properties": { "도로번호": null, "명칭": null, "도로구분": "미분류", "시점": null, "종점": null, "포장재질": "포장", "분리대유무": "무", "차로수": 1, "도로폭": 10.0, "일방통행": "양방통행", "자동차전용": "일반", "기타": null, "UFID": "1000037607086A00210000000000000708", "region": "cheongna", "region_name": "청라국제업무지구", "base_year": 2023 }, "geometry": { "type": "LineString", "coordinates": [ [ 126.629086949731303, 37.539683761397697 ], [ 126.629087213024718, 37.539641345175099 ] ] } },
{ "type": "Feature", "properties": { "도로번호": null, "명칭": null, "도로구분": "미분류", "시점": null, "종점": null, "포장재질": "포장", "분리대유무": "무", "차로수": 8, "도로폭": 40.0, "일방통행": "양방통행", "자동차전용": "일반", "기타": null, "UFID": "1000037607086A00210000000000000709", "region": "cheongna", "region_name": "청라국제업무지구", "base_year": 2023 }, "geometry": { "type": "LineString", "coordinates": [ [ 126.631888430393133, 37.531719543450286 ], [ 126.63189919230544, 37.530115385965701 ] ] } },
{ "type": "Feature", "properties": { "도로번호": null, "명칭": null, "도로구분": "미분류", "시점": null, "종점": null, "포장재질": "포장", "분리대유무": "무", "차로수": 2, "도로폭": 15.0, "일방통행": "양방통행", "자동차전용": "일반", "기타": null, "UFID": "1000037607086A00210000000000000710", "region": "cheongna", "region_name": "청라국제업무지구", "base_year": 2023 }, "geometry": { "type": "LineString", "coordinates": [ [ 126.631847555165251, 37.545318956744303 ], [ 126.63156064410947, 37.545316503152002 ] ] } },
{ "type": "Feature", "properties": { "도로번호": null, "명칭": null, "도로구분": "미분류", "시점": null, "종점": null, "포장재질": "포장", "분리대유무": "무", "차로수": 8, "도로폭": 40.0, "일방통행": "양방통행", "자동차전용": "일반", "기타": null, "UFID": "1000037607086A00210000000000000711", "region": "cheongna", "region_name": "청라국제업무지구", "base_year": 2023 }, "geometry": { "type": "LineString", "coordinates": [ [ 126.632490325279079, 37.526496066113339 ], [ 126.632539925865629, 37.526365926335494 ] ] } },
{ "type": "Feature", "properties": { "도로번호": null, "명칭": null, "도로구분": "미분류", "시점": null, "종점": null, "포장재질": "포장", "분리대유무": "무", "차로수": 4, "도로폭": 24.0, "일방통행": "양방통행", "자동차전용": "일반", "기타": null, "UFID": "1000037607086A00210000000000000712", "region": "cheongna", "region_name": "청라국제업무지구", "base_year": 2023 }, "geometry": { "type": "LineString", "coordinates": [ [ 126.632278627337229, 37.526295484883235 ], [ 126.632539925865629, 37.526365926335494 ] ] } },
{ "type": "Feature", "properties": { "도로번호": null, "명칭": null, "도로구분": "미분류", "시점": null, "종점": null, "포장재질": "포장", "분리대유무": "무", "차로수": 4, "도로폭": 24.0, "일방통행": "양방통행", "자동차전용": "일반", "기타": null, "UFID": "1000037607086A00210000000000000713", "region": "cheongna", "region_name": "청라국제업무지구", "base_year": 2023 }, "geometry": { "type": "LineString", "coordinates": [ [ 126.630306950230818, 37.525725376348461 ], [ 126.630932571319832, 37.525906469330231 ] ] } },
{ "type": "Feature", "properties": { "도로번호": null, "명칭": null, "도로구분": "미분류", "시점": null, "종점": null, "포장재질": "포장", "분리대유무": "무", "차로수": 4, "도로폭": 20.0, "일방통행": "양방통행", "자동차전용": "일반", "기타": null, "UFID": "1000037607086A00210000000000000714", "region": "cheongna", "region_name": "청라국제업무지구", "base_year": 2023 }, "geometry": { "type": "LineString", "coordinates": [ [ 126.630688834768819, 37.531730697049916 ], [ 126.630832211709745, 37.531730992161229 ] ] } },
{ "type": "Feature", "properties": { "도로번호": null, "명칭": null, "도로구분": "미분류", "시점": null, "종점": null, "포장재질": "포장", "분리대유무": "무", "차로수": 4, "도로폭": 23.0, "일방통행": "양방통행", "자동차전용": "일반", "기타": null, "UFID": "1000037607086A00210000000000000715", "region": "cheongna", "region_name": "청라국제업무지구", "base_year": 2023 }, "geometry": { "type": "LineString", "coordinates": [ [ 126.628993828484113, 37.539008891964016 ], [ 126.629091151191787, 37.539009185074448 ] ] } },
{ "type": "Feature", "properties": { "도로번호": null, "명칭": null, "도로구분": "미분류", "시점": null, "종점": null, "포장재질": "포장", "분리대유무": "무", "차로수": 2, "도로폭": 11.4, "일방통행": "양방통행", "자동차전용": "일반", "기타": null, "UFID": "1000037607086A00210000000000000716", "region": "cheongna", "region_name": "청라국제업무지구", "base_year": 2023 }, "geometry": { "type": "LineString", "coordinates": [ [ 126.629550505271354, 37.525506416219223 ], [ 126.629595492794266, 37.525397482584623 ] ] } },
{ "type": "Feature", "properties": { "도로번호": null, "명칭": null, "도로구분": "미분류", "시점": null, "종점": null, "포장재질": "포장", "분리대유무": "무", "차로수": 1, "도로폭": 3.5, "일방통행": "양방통행", "자동차전용": "일반", "기타": null, "UFID": "1000037607086A00210000000000000717", "region": "cheongna", "region_name": "청라국제업무지구", "base_year": 2023 }, "geometry": { "type": "LineString", "coordinates": [ [ 126.63199300530367, 37.526089446260428 ], [ 126.631944295486321, 37.526199307140338 ] ] } },
{ "type": "Feature", "properties": { "도로번호": null, "명칭": null, "도로구분": "미분류", "시점": null, "종점": null, "포장재질": "포장", "분리대유무": "무", "차로수": 1, "도로폭": 7.5, "일방통행": "양방통행", "자동차전용": "일반", "기타": null, "UFID": "1000037607086A00210000000000000718", "region": "cheongna", "region_name": "청라국제업무지구", "base_year": 2023 }, "geometry": { "type": "LineString", "coordinates": [ [ 126.629034769800626, 37.539304905614358 ], [ 126.628734614301635, 37.539306753601295 ], [ 126.628688774980361, 37.539313504791494 ], [ 126.628667962403611, 37.539327208356106 ], [ 126.62866055591509, 37.539354089683229 ], [ 126.62865908730582, 37.53963858690161 ] ] } },
{ "type": "Feature", "properties": { "도로번호": null, "명칭": null, "도로구분": "미분류", "시점": null, "종점": null, "포장재질": "포장", "분리대유무": "무", "차로수": 8, "도로폭": 40.0, "일방통행": "양방통행", "자동차전용": "일반", "기타": null, "UFID": "1000037607086A00210000000000000719", "region": "cheongna", "region_name": "청라국제업무지구", "base_year": 2023 }, "geometry": { "type": "LineString", "coordinates": [ [ 126.63189919230544, 37.530115385965701 ], [ 126.631910682241511, 37.529870431766476 ] ] } },
{ "type": "Feature", "properties": { "도로번호": null, "명칭": null, "도로구분": "미분류", "시점": null, "종점": null, "포장재질": "포장", "분리대유무": "무", "차로수": 1, "도로폭": 13.0, "일방통행": "일방통행", "자동차전용": "일반", "기타": null, "UFID": "1000037607086A00210000000000000720", "region": "cheongna", "region_name": "청라국제업무지구", "base_year": 2023 }, "geometry": { "type": "LineString", "coordinates": [ [ 126.629119017336919, 37.529678452120393 ], [ 126.629123703470256, 37.52967568365807 ], [ 126.629210480453722, 37.529661062664687 ], [ 126.629278568295945, 37.529655923596074 ], [ 126.629346184977422, 37.529656604349015 ], [ 126.629744753952664, 37.529672884112941 ], [ 126.629847448319737, 37.529674601672404 ], [ 126.630145797635095, 37.529680627031503 ], [ 126.630304293890191, 37.529681249432926 ], [ 126.630593385363596, 37.529678821262131 ], [ 126.631557988967401, 37.529687580205653 ] ] } },
{ "type": "Feature", "properties": { "도로번호": null, "명칭": null, "도로구분": "미분류", "시점": null, "종점": null, "포장재질": "포장", "분리대유무": "무", "차로수": 4, "도로폭": 24.0, "일방통행": "양방통행", "자동차전용": "일반", "기타": null, "UFID": "1000037607086A00210000000000000721", "region": "cheongna", "region_name": "청라국제업무지구", "base_year": 2023 }, "geometry": { "type": "LineString", "coordinates": [ [ 126.631117464554748, 37.52595998957117 ], [ 126.631924775749539, 37.526193660124207 ] ] } },
{ "type": "Feature", "properties": { "도로번호": null, "명칭": null, "도로구분": "미분류", "시점": null, "종점": null, "포장재질": "포장", "분리대유무": "무", "차로수": 4, "도로폭": 24.0, "일방통행": "양방통행", "자동차전용": "일반", "기타": null, "UFID": "1000037607086A00210000000000000722", "region": "cheongna", "region_name": "청라국제업무지구", "base_year": 2023 }, "geometry": { "type": "LineString", "coordinates": [ [ 126.628766284985701, 37.525276092467209 ], [ 126.628802059160023, 37.525286599716559 ] ] } },
{ "type": "Feature", "properties": { "도로번호": null, "명칭": null, "도로구분": "미분류", "시점": null, "종점": null, "포장재질": "포장", "분리대유무": "무", "차로수": 2, "도로폭": 9.5, "일방통행": "양방통행", "자동차전용": "일반", "기타": null, "UFID": "1000037607086A00210000000000000723", "region": "cheongna", "region_name": "청라국제업무지구", "base_year": 2023 }, "geometry": { "type": "LineString", "coordinates": [ [ 126.631285405907207, 37.525306688158395 ], [ 126.631384931240291, 37.525334856768922 ] ] } },
{ "type": "Feature", "properties": { "도로번호": null, "명칭": null, "도로구분": "미분류", "시점": null, "종점": null, "포장재질": "포장", "분리대유무": "무", "차로수": 2, "도로폭": 9.5, "일방통행": "양방통행", "자동차전용": "일반", "기타": null, "UFID": "1000037607086A00210000000000000724", "region": "cheongna", "region_name": "청라국제업무지구", "base_year": 2023 }, "geometry": { "type": "LineString", "coordinates": [ [ 126.632119626500312, 37.525735596526403 ], [ 126.632114546914011, 37.525746914349497 ], [ 126.632088163439903, 37.525795937419545 ] ] } },
{ "type": "Feature", "properties": { "도로번호": null, "명칭": null, "도로구분": "미분류", "시점": null, "종점": null, "포장재질": "포장", "분리대유무": "무", "차로수": 4, "도로폭": 23.0, "일방통행": "양방통행", "자동차전용": "일반", "기타": null, "UFID": "1000037607086A00210000000000000725", "region": "cheongna", "region_name": "청라국제업무지구", "base_year": 2023 }, "geometry": { "type": "LineString", "coordinates": [ [ 126.629091151191787, 37.539009185074448 ], [ 126.629186668088593, 37.539009472434223 ] ] } },
{ "type": "Feature", "properties": { "도로번호": null, "명칭": null, "도로구분": "미분류", "시점": null, "종점": null, "포장재질": "포장", "분리대유무": "유", "차로수": 8, "도로폭": 44.0, "일방통행": "양방통행", "자동차전용": "일반", "기타": null, "UFID": "1000037607086A00210000000000000726", "region": "cheongna", "region_name": "청라국제업무지구", "base_year": 2023 }, "geometry": { "type": "LineString", "coordinates": [ [ 126.631907999690853, 37.536233023622998 ], [ 126.631893927724306, 37.536043645411901 ] ] } },
{ "type": "Feature", "properties": { "도로번호": null, "명칭": null, "도로구분": "미분류", "시점": null, "종점": null, "포장재질": "포장", "분리대유무": "무", "차로수": 2, "도로폭": 9.5, "일방통행": "양방통행", "자동차전용": "일반", "기타": null, "UFID": "1000037607086A00210000000000000727", "region": "cheongna", "region_name": "청라국제업무지구", "base_year": 2023 }, "geometry": { "type": "LineString", "coordinates": [ [ 126.630930176590908, 37.525205134522466 ], [ 126.631012605730504, 37.525229430692434 ] ] } },
{ "type": "Feature", "properties": { "도로번호": null, "명칭": null, "도로구분": "미분류", "시점": null, "종점": null, "포장재질": "포장", "분리대유무": "무", "차로수": 8, "도로폭": 40.0, "일방통행": "양방통행", "자동차전용": "일반", "기타": null, "UFID": "1000037607086A00210000000000000728", "region": "cheongna", "region_name": "청라국제업무지구", "base_year": 2023 }, "geometry": { "type": "LineString", "coordinates": [ [ 126.631893002705567, 37.53407939843428 ], [ 126.631891907991829, 37.53319192013025 ] ] } },
{ "type": "Feature", "properties": { "도로번호": null, "명칭": null, "도로구분": "미분류", "시점": null, "종점": null, "포장재질": "포장", "분리대유무": "무", "차로수": 4, "도로폭": 20.0, "일방통행": "양방통행", "자동차전용": "일반", "기타": null, "UFID": "1000037607086A00210000000000000729", "region": "cheongna", "region_name": "청라국제업무지구", "base_year": 2023 }, "geometry": { "type": "LineString", "coordinates": [ [ 126.629246691686021, 37.526200538104433 ], [ 126.629261335454345, 37.526167080492819 ] ] } },
{ "type": "Feature", "properties": { "도로번호": null, "명칭": null, "도로구분": "미분류", "시점": null, "종점": null, "포장재질": "포장", "분리대유무": "유", "차로수": 8, "도로폭": 44.0, "일방통행": "양방통행", "자동차전용": "일반", "기타": null, "UFID": "1000037607086A00210000000000000730", "region": "cheongna", "region_name": "청라국제업무지구", "base_year": 2023 }, "geometry": { "type": "LineString", "coordinates": [ [ 126.631893513261744, 37.54911952905605 ], [ 126.631867756230477, 37.548859745401636 ], [ 126.631860264254954, 37.548705707058879 ], [ 126.631835616092673, 37.546154150242693 ], [ 126.631845476500217, 37.545464601405918 ] ] } },
{ "type": "Feature", "properties": { "도로번호": null, "명칭": null, "도로구분": "미분류", "시점": null, "종점": null, "포장재질": "포장", "분리대유무": "무", "차로수": 4, "도로폭": 24.0, "일방통행": "양방통행", "자동차전용": "일반", "기타": null, "UFID": "1000037607086A00210000000000000731", "region": "cheongna", "region_name": "청라국제업무지구", "base_year": 2023 }, "geometry": { "type": "LineString", "coordinates": [ [ 126.630932571319832, 37.525906469330231 ], [ 126.631005265621596, 37.5259275095124 ] ] } },
{ "type": "Feature", "properties": { "도로번호": null, "명칭": null, "도로구분": "미분류", "시점": null, "종점": null, "포장재질": "포장", "분리대유무": "무", "차로수": 2, "도로폭": 15.0, "일방통행": "양방통행", "자동차전용": "일반", "기타": null, "UFID": "1000037607086A00210000000000000732", "region": "cheongna", "region_name": "청라국제업무지구", "base_year": 2023 }, "geometry": { "type": "LineString", "coordinates": [ [ 126.63156064410947, 37.545316503152002 ], [ 126.63137317390408, 37.545314899033528 ], [ 126.631220936939499, 37.545316172513537 ], [ 126.631205301776617, 37.545317591402423 ], [ 126.630922611259138, 37.545379687665346 ], [ 126.630600212748561, 37.545453354843467 ], [ 126.630514114355478, 37.545473329907971 ] ] } },
{ "type": "Feature", "properties": { "도로번호": null, "명칭": null, "도로구분": "미분류", "시점": null, "종점": null, "포장재질": "포장", "분리대유무": "무", "차로수": 1, "도로폭": 6.0, "일방통행": "양방통행", "자동차전용": "일반", "기타": null, "UFID": "1000037607086A00210000000000000733", "region": "cheongna", "region_name": "청라국제업무지구", "base_year": 2023 }, "geometry": { "type": "LineString", "coordinates": [ [ 126.630529378923313, 37.525131702462723 ], [ 126.630548701182832, 37.525092668630698 ] ] } },
{ "type": "Feature", "properties": { "도로번호": null, "명칭": null, "도로구분": "미분류", "시점": null, "종점": null, "포장재질": "포장", "분리대유무": "무", "차로수": 2, "도로폭": 9.5, "일방통행": "양방통행", "자동차전용": "일반", "기타": null, "UFID": "1000037607086A00210000000000000734", "region": "cheongna", "region_name": "청라국제업무지구", "base_year": 2023 }, "geometry": { "type": "LineString", "coordinates": [ [ 126.632147999661925, 37.525553214916449 ], [ 126.632195300458775, 37.525566831242813 ] ] } },
{ "type": "Feature", "properties": { "도로번호": null, "명칭": null, "도로구분": "미분류", "시점": null, "종점": null, "포장재질": "포장", "분리대유무": "무", "차로수": 2, "도로폭": 9.5, "일방통행": "양방통행", "자동차전용": "일반", "기타": null, "UFID": "1000037607086A00210000000000000735", "region": "cheongna", "region_name": "청라국제업무지구", "base_year": 2023 }, "geometry": { "type": "LineString", "coordinates": [ [ 126.630421199128364, 37.525362604965807 ], [ 126.630463706710401, 37.52537521769068 ] ] } },
{ "type": "Feature", "properties": { "도로번호": null, "명칭": null, "도로구분": "미분류", "시점": null, "종점": null, "포장재질": "포장", "분리대유무": "무", "차로수": 4, "도로폭": 20.0, "일방통행": "양방통행", "자동차전용": "일반", "기타": null, "UFID": "1000037607086A00210000000000000736", "region": "cheongna", "region_name": "청라국제업무지구", "base_year": 2023 }, "geometry": { "type": "LineString", "coordinates": [ [ 126.630821762055476, 37.534165407125798 ], [ 126.630967042376867, 37.534165887331916 ] ] } },
{ "type": "Feature", "properties": { "도로번호": null, "명칭": null, "도로구분": "미분류", "시점": null, "종점": null, "포장재질": "포장", "분리대유무": "무", "차로수": 1, "도로폭": 15.5, "일방통행": "일방통행", "자동차전용": "일반", "기타": null, "UFID": "1000037607086A00210000000000000737", "region": "cheongna", "region_name": "청라국제업무지구", "base_year": 2023 }, "geometry": { "type": "LineString", "coordinates": [ [ 126.631893927724306, 37.536043645411901 ], [ 126.631793026800253, 37.535969701474151 ], [ 126.631672625024521, 37.535897534659874 ], [ 126.631524240017868, 37.535853147310362 ] ] } },
{ "type": "Feature", "properties": { "도로번호": null, "명칭": null, "도로구분": "미분류", "시점": null, "종점": null, "포장재질": "포장", "분리대유무": "무", "차로수": 4, "도로폭": 20.0, "일방통행": "양방통행", "자동차전용": "일반", "기타": null, "UFID": "1000037607086A00210000000000000738", "region": "cheongna", "region_name": "청라국제업무지구", "base_year": 2023 }, "geometry": { "type": "LineString", "coordinates": [ [ 126.630967042376867, 37.534165887331916 ], [ 126.631581589459913, 37.534167906147552 ] ] } },
{ "type": "Feature", "properties": { "도로번호": null, "명칭": null, "도로구분": "미분류", "시점": null, "종점": null, "포장재질": "포장", "분리대유무": "무", "차로수": 2, "도로폭": 10.0, "일방통행": "양방통행", "자동차전용": "일반", "기타": null, "UFID": "1000037607086A00210000000000000739", "region": "cheongna", "region_name": "청라국제업무지구", "base_year": 2023 }, "geometry": { "type": "LineString", "coordinates": [ [ 126.630515604237388, 37.525082916311277 ], [ 126.630548701182832, 37.525092668630698 ] ] } },
{ "type": "Feature", "properties": { "도로번호": null, "명칭": null, "도로구분": "미분류", "시점": null, "종점": null, "포장재질": "포장", "분리대유무": "무", "차로수": 2, "도로폭": 9.5, "일방통행": "양방통행", "자동차전용": "일반", "기타": null, "UFID": "1000037607086A00210000000000000740", "region": "cheongna", "region_name": "청라국제업무지구", "base_year": 2023 }, "geometry": { "type": "LineString", "coordinates": [ [ 126.631012605730504, 37.525229430692434 ], [ 126.631107059574603, 37.525256179037314 ] ] } },
{ "type": "Feature", "properties": { "도로번호": null, "명칭": null, "도로구분": "미분류", "시점": null, "종점": null, "포장재질": "포장", "분리대유무": "무", "차로수": 1, "도로폭": 10.0, "일방통행": "양방통행", "자동차전용": "일반", "기타": null, "UFID": "1000037607086A00210000000000000741", "region": "cheongna", "region_name": "청라국제업무지구", "base_year": 2023 }, "geometry": { "type": "LineString", "coordinates": [ [ 126.628658863389788, 37.539682140302439 ], [ 126.628729723998362, 37.539682373922432 ] ] } },
{ "type": "Feature", "properties": { "도로번호": null, "명칭": null, "도로구분": "미분류", "시점": null, "종점": null, "포장재질": "포장", "분리대유무": "무", "차로수": 8, "도로폭": 40.0, "일방통행": "양방통행", "자동차전용": "일반", "기타": null, "UFID": "1000037607086A00210000000000000742", "region": "cheongna", "region_name": "청라국제업무지구", "base_year": 2023 }, "geometry": { "type": "LineString", "coordinates": [ [ 126.631890297920648, 37.531886740870092 ], [ 126.631889209649245, 37.53180223662828 ] ] } },
{ "type": "Feature", "properties": { "도로번호": null, "명칭": null, "도로구분": "미분류", "시점": null, "종점": null, "포장재질": "포장", "분리대유무": "무", "차로수": 4, "도로폭": 20.0, "일방통행": "양방통행", "자동차전용": "일반", "기타": null, "UFID": "1000037607086A00210000000000000743", "region": "cheongna", "region_name": "청라국제업무지구", "base_year": 2023 }, "geometry": { "type": "LineString", "coordinates": [ [ 126.631581589459913, 37.534167906147552 ], [ 126.631889938954473, 37.534168921764447 ] ] } },
{ "type": "Feature", "properties": { "도로번호": null, "명칭": null, "도로구분": "미분류", "시점": null, "종점": null, "포장재질": "포장", "분리대유무": "무", "차로수": 4, "도로폭": 24.0, "일방통행": "양방통행", "자동차전용": "일반", "기타": null, "UFID": "1000037607086A00210000000000000744", "region": "cheongna", "region_name": "청라국제업무지구", "base_year": 2023 }, "geometry": { "type": "LineString", "coordinates": [ [ 126.629398276952671, 37.525461708675124 ], [ 126.629550505271354, 37.525506416219223 ] ] } },
{ "type": "Feature", "properties": { "도로번호": null, "명칭": null, "도로구분": "미분류", "시점": null, "종점": null, "포장재질": "포장", "분리대유무": "무", "차로수": 1, "도로폭": 10.0, "일방통행": "양방통행", "자동차전용": "일반", "기타": null, "UFID": "1000037607086A00210000000000000745", "region": "cheongna", "region_name": "청라국제업무지구", "base_year": 2023 }, "geometry": { "type": "LineString", "coordinates": [ [ 126.632429735046415, 37.525063903541891 ], [ 126.632400886973301, 37.525124226535972 ] ] } },
{ "type": "Feature", "properties": { "도로번호": null, "명칭": null, "도로구분": "미분류", "시점": null, "종점": null, "포장재질": "포장", "분리대유무": "무", "차로수": 8, "도로폭": 40.0, "일방통행": "양방통행", "자동차전용": "일반", "기타": null, "UFID": "1000037607086A00210000000000000746", "region": "cheongna", "region_name": "청라국제업무지구", "base_year": 2023 }, "geometry": { "type": "LineString", "coordinates": [ [ 126.631927434076118, 37.529582857887924 ], [ 126.631952184727041, 37.529189740926327 ], [ 126.632001965849653, 37.528705393103643 ], [ 126.63207106482615, 37.528318900514492 ], [ 126.632255075841996, 37.527357714265491 ], [ 126.632359633522825, 37.526928182164198 ], [ 126.632490325279079, 37.526496066113339 ] ] } },
{ "type": "Feature", "properties": { "도로번호": null, "명칭": null, "도로구분": "미분류", "시점": null, "종점": null, "포장재질": "포장", "분리대유무": "무", "차로수": 2, "도로폭": 9.5, "일방통행": "양방통행", "자동차전용": "일반", "기타": null, "UFID": "1000037607086A00210000000000000747", "region": "cheongna", "region_name": "청라국제업무지구", "base_year": 2023 }, "geometry": { "type": "LineString", "coordinates": [ [ 126.632195300458775, 37.525566831242813 ], [ 126.632161683082771, 37.52564178863571 ] ] } },
{ "type": "Feature", "properties": { "도로번호": null, "명칭": null, "도로구분": "미분류", "시점": null, "종점": null, "포장재질": "포장", "분리대유무": "무", "차로수": 1, "도로폭": 10.0, "일방통행": "양방통행", "자동차전용": "일반", "기타": null, "UFID": "1000037607086A00210000000000000748", "region": "cheongna", "region_name": "청라국제업무지구", "base_year": 2023 }, "geometry": { "type": "LineString", "coordinates": [ [ 126.628996494034013, 37.53968329073664 ], [ 126.629086949731303, 37.539683761397697 ] ] } },
{ "type": "Feature", "properties": { "도로번호": null, "명칭": null, "도로구분": "미분류", "시점": null, "종점": null, "포장재질": "포장", "분리대유무": "무", "차로수": 1, "도로폭": 10.0, "일방통행": "양방통행", "자동차전용": "일반", "기타": null, "UFID": "1000037607086A00210000000000000749", "region": "cheongna", "region_name": "청라국제업무지구", "base_year": 2023 }, "geometry": { "type": "LineString", "coordinates": [ [ 126.629088895553991, 37.53937135284049 ], [ 126.629089311222927, 37.539304570580008 ] ] } },
{ "type": "Feature", "properties": { "도로번호": null, "명칭": null, "도로구분": "미분류", "시점": null, "종점": null, "포장재질": "포장", "분리대유무": "무", "차로수": 1, "도로폭": 10.0, "일방통행": "양방통행", "자동차전용": "일반", "기타": null, "UFID": "1000037607086A00210000000000000750", "region": "cheongna", "region_name": "청라국제업무지구", "base_year": 2023 }, "geometry": { "type": "LineString", "coordinates": [ [ 126.628729723998362, 37.539682373922432 ], [ 126.628996494034013, 37.53968329073664 ] ] } },
{ "type": "Feature", "properties": { "도로번호": null, "명칭": null, "도로구분": "미분류", "시점": null, "종점": null, "포장재질": "포장", "분리대유무": "무", "차로수": 8, "도로폭": 40.0, "일방통행": "양방통행", "자동차전용": "일반", "기타": null, "UFID": "1000037607086A00210000000000000751", "region": "cheongna", "region_name": "청라국제업무지구", "base_year": 2023 }, "geometry": { "type": "LineString", "coordinates": [ [ 126.631893927724306, 37.536043645411901 ], [ 126.631877596955491, 37.535781872346774 ] ] } },
{ "type": "Feature", "properties": { "도로번호": null, "명칭": null, "도로구분": "미분류", "시점": null, "종점": null, "포장재질": "포장", "분리대유무": "무", "차로수": 4, "도로폭": 24.0, "일방통행": "양방통행", "자동차전용": "일반", "기타": null, "UFID": "1000037607086A00210000000000000752", "region": "cheongna", "region_name": "청라국제업무지구", "base_year": 2023 }, "geometry": { "type": "LineString", "coordinates": [ [ 126.630266643806678, 37.525713708396687 ], [ 126.630306950230818, 37.525725376348461 ] ] } },
{ "type": "Feature", "properties": { "도로번호": null, "명칭": null, "도로구분": "미분류", "시점": null, "종점": null, "포장재질": "포장", "분리대유무": "무", "차로수": 2, "도로폭": 9.5, "일방통행": "양방통행", "자동차전용": "일반", "기타": null, "UFID": "1000037607086A00210000000000000753", "region": "cheongna", "region_name": "청라국제업무지구", "base_year": 2023 }, "geometry": { "type": "LineString", "coordinates": [ [ 126.631554250669538, 37.525382778477201 ], [ 126.631642231798452, 37.525407677176503 ] ] } },
{ "type": "Feature", "properties": { "도로번호": null, "명칭": null, "도로구분": "미분류", "시점": null, "종점": null, "포장재질": "포장", "분리대유무": "무", "차로수": 4, "도로폭": 23.0, "일방통행": "양방통행", "자동차전용": "일반", "기타": null, "UFID": "1000037607086A00210000000000000754", "region": "cheongna", "region_name": "청라국제업무지구", "base_year": 2023 }, "geometry": { "type": "LineString", "coordinates": [ [ 126.62956212183424, 37.539012021419644 ], [ 126.629956672736668, 37.539015113398293 ], [ 126.630011737027402, 37.539015396757634 ], [ 126.630531147690789, 37.539016103836246 ] ] } },
{ "type": "Feature", "properties": { "도로번호": null, "명칭": null, "도로구분": "미분류", "시점": null, "종점": null, "포장재질": "포장", "분리대유무": "무", "차로수": 4, "도로폭": 23.0, "일방통행": "양방통행", "자동차전용": "일반", "기타": null, "UFID": "1000037607086A00210000000000000755", "region": "cheongna", "region_name": "청라국제업무지구", "base_year": 2023 }, "geometry": { "type": "LineString", "coordinates": [ [ 126.629481781275445, 37.539011391652892 ], [ 126.62956212183424, 37.539012021419644 ] ] } },
{ "type": "Feature", "properties": { "도로번호": null, "명칭": null, "도로구분": "미분류", "시점": null, "종점": null, "포장재질": "포장", "분리대유무": "무", "차로수": 4, "도로폭": 23.0, "일방통행": "양방통행", "자동차전용": "일반", "기타": null, "UFID": "1000037607086A00210000000000000756", "region": "cheongna", "region_name": "청라국제업무지구", "base_year": 2023 }, "geometry": { "type": "LineString", "coordinates": [ [ 126.629405447563869, 37.539010793244032 ], [ 126.629481781275445, 37.539011391652892 ] ] } },
{ "type": "Feature", "properties": { "도로번호": null, "명칭": null, "도로구분": "미분류", "시점": null, "종점": null, "포장재질": "포장", "분리대유무": "무", "차로수": 4, "도로폭": 23.0, "일방통행": "양방통행", "자동차전용": "일반", "기타": null, "UFID": "1000037607086A00210000000000000757", "region": "cheongna", "region_name": "청라국제업무지구", "base_year": 2023 }, "geometry": { "type": "LineString", "coordinates": [ [ 126.629186668088593, 37.539009472434223 ], [ 126.629231213748568, 37.539009606898823 ], [ 126.62938327724396, 37.539010619433263 ], [ 126.629405447563869, 37.539010793244032 ] ] } },
{ "type": "Feature", "properties": { "도로번호": null, "명칭": null, "도로구분": "미분류", "시점": null, "종점": null, "포장재질": "포장", "분리대유무": "무", "차로수": 4, "도로폭": 23.0, "일방통행": "양방통행", "자동차전용": "일반", "기타": null, "UFID": "1000037607086A00210000000000000758", "region": "cheongna", "region_name": "청라국제업무지구", "base_year": 2023 }, "geometry": { "type": "LineString", "coordinates": [ [ 126.630531147690789, 37.539016103836246 ], [ 126.630642374615178, 37.539016254953488 ] ] } },
{ "type": "Feature", "properties": { "도로번호": null, "명칭": null, "도로구분": "미분류", "시점": null, "종점": null, "포장재질": "포장", "분리대유무": "무", "차로수": 4, "도로폭": 23.0, "일방통행": "양방통행", "자동차전용": "일반", "기타": null, "UFID": "1000037607086A00210000000000000759", "region": "cheongna", "region_name": "청라국제업무지구", "base_year": 2023 }, "geometry": { "type": "LineString", "coordinates": [ [ 126.630755420828805, 37.539016408435153 ], [ 126.630864042813926, 37.539016555808132 ], [ 126.63165216373659, 37.539031412675634 ] ] } },
{ "type": "Feature", "properties": { "도로번호": null, "명칭": null, "도로구분": "미분류", "시점": null, "종점": null, "포장재질": "포장", "분리대유무": "무", "차로수": 4, "도로폭": 23.0, "일방통행": "양방통행", "자동차전용": "일반", "기타": null, "UFID": "1000037607086A00210000000000000760", "region": "cheongna", "region_name": "청라국제업무지구", "base_year": 2023 }, "geometry": { "type": "LineString", "coordinates": [ [ 126.630642374615178, 37.539016254953488 ], [ 126.630755420828805, 37.539016408435153 ] ] } },
{ "type": "Feature", "properties": { "도로번호": null, "명칭": null, "도로구분": "미분류", "시점": null, "종점": null, "포장재질": "포장", "분리대유무": "무", "차로수": 8, "도로폭": 44.0, "일방통행": "양방통행", "자동차전용": "일반", "기타": null, "UFID": "1000037607086A00210000000000000761", "region": "cheongna", "region_name": "청라국제업무지구", "base_year": 2023 }, "geometry": { "type": "LineString", "coordinates": [ [ 126.631890324370673, 37.542327852917893 ], [ 126.631890600795046, 37.542308453559158 ], [ 126.631890217841132, 37.541995329627404 ] ] } },
{ "type": "Feature", "properties": { "도로번호": null, "명칭": null, "도로구분": "미분류", "시점": null, "종점": null, "포장재질": "포장", "분리대유무": "무", "차로수": 8, "도로폭": 40.0, "일방통행": "양방통행", "자동차전용": "일반", "기타": null, "UFID": "1000037607086A00210000000000000762", "region": "cheongna", "region_name": "청라국제업무지구", "base_year": 2023 }, "geometry": { "type": "LineString", "coordinates": [ [ 126.631891907991829, 37.53319192013025 ], [ 126.631891311581398, 37.532708550003598 ] ] } },
{ "type": "Feature", "properties": { "도로번호": null, "명칭": null, "도로구분": "미분류", "시점": null, "종점": null, "포장재질": "포장", "분리대유무": "무", "차로수": 8, "도로폭": 40.0, "일방통행": "양방통행", "자동차전용": "일반", "기타": null, "UFID": "1000037607086A00210000000000000763", "region": "cheongna", "region_name": "청라국제업무지구", "base_year": 2023 }, "geometry": { "type": "LineString", "coordinates": [ [ 126.631891311581398, 37.532708550003598 ], [ 126.631890297920648, 37.531886740870092 ] ] } },
{ "type": "Feature", "properties": { "도로번호": null, "명칭": null, "도로구분": "미분류", "시점": null, "종점": null, "포장재질": "포장", "분리대유무": "유", "차로수": 6, "도로폭": 25.0, "일방통행": "양방통행", "자동차전용": "일반", "기타": null, "UFID": "1000037607086A00210000000000000764", "region": "cheongna", "region_name": "청라국제업무지구", "base_year": 2023 }, "geometry": { "type": "LineString", "coordinates": [ [ 126.62928794215749, 37.529839793281369 ], [ 126.630140031225068, 37.529856357385619 ], [ 126.631911007044096, 37.529863503213058 ], [ 126.634284490024143, 37.529870931076594 ], [ 126.636603515166058, 37.52988446957972 ], [ 126.637181057302257, 37.529881370004489 ], [ 126.638055534745064, 37.529884566876618 ], [ 126.638619981828725, 37.529889621003875 ] ] } },
{ "type": "Feature", "properties": { "도로번호": null, "명칭": null, "도로구분": "미분류", "시점": null, "종점": null, "포장재질": "포장", "분리대유무": "유", "차로수": 8, "도로폭": 40.0, "일방통행": "양방통행", "자동차전용": "일반", "기타": null, "UFID": "1000037607086A00210000000000000765", "region": "cheongna", "region_name": "청라국제업무지구", "base_year": 2023 }, "geometry": { "type": "LineString", "coordinates": [ [ 126.633780729718325, 37.5418133224439 ], [ 126.634242052366091, 37.541814436895002 ] ] } },
{ "type": "Feature", "properties": { "도로번호": null, "명칭": null, "도로구분": "미분류", "시점": null, "종점": null, "포장재질": "포장", "분리대유무": "유", "차로수": 6, "도로폭": 25.0, "일방통행": "양방통행", "자동차전용": "일반", "기타": null, "UFID": "1000037607086A00210000000000000766", "region": "cheongna", "region_name": "청라국제업무지구", "base_year": 2023 }, "geometry": { "type": "LineString", "coordinates": [ [ 126.638830883959741, 37.536058189450358 ], [ 126.634241832197162, 37.536044183289455 ], [ 126.630653096627356, 37.536043348033289 ], [ 126.629735788118481, 37.536042998264065 ], [ 126.629251869109311, 37.536050562034355 ] ] } }
]
}
