{
"type": "FeatureCollection",
"name": "map_buildings",
"crs": { "type": "name", "properties": { "name": "urn:ogc:def:crs:OGC:1.3:CRS84" } },
"features": [
{ "type": "Feature", "properties": { "명칭": null, "구분": null, "종류": "무벽건물", "용도": "근린생활시설", "주기": "넥슨코리아", "층수": 1, "측량방법": "사진측량", "UFID": "1000037709035B00110000000000002443", "region": "pangyo", "region_name": "제1판교테크노밸리", "base_year": 2023 }, "geometry": { "type": "Polygon", "coordinates": [ [ [ 127.102927216957653, 37.401805935607172 ], [ 127.103047241726685, 37.401807011403157 ], [ 127.103048493444589, 37.401780853679931 ], [ 127.102927475274214, 37.401780103117389 ], [ 127.102927216957653, 37.401805935607172 ] ] ] } },
{ "type": "Feature", "properties": { "명칭": null, "구분": null, "종류": "무벽건물", "용도": "근린생활시설", "주기": null, "층수": 1, "측량방법": "사진측량", "UFID": "1000037709035B00110000000000002442", "region": "pangyo", "region_name": "제1판교테크노밸리", "base_year": 2023 }, "geometry": { "type": "Polygon", "coordinates": [ [ [ 127.108100230245597, 37.401039560397322 ], [ 127.108100531054902, 37.401075997404412 ], [ 127.108146136181716, 37.401075757477201 ], [ 127.108145835350328, 37.401039320470275 ], [ 127.108100230245597, 37.401039560397322 ] ] ] } },
{ "type": "Feature", "properties": { "명칭": "위메이드타워", "구분": null, "종류": "무벽건물", "용도": "근린생활시설", "주기": null, "층수": 1, "측량방법": "사진측량", "UFID": "1000037709035B00110000000000002441", "region": "pangyo", "region_name": "제1판교테크노밸리", "base_year": 2023 }, "geometry": { "type": "Polygon", "coordinates": [ [ [ 127.111873720284379, 37.401400810574664 ], [ 127.111900667394224, 37.401430744015144 ], [ 127.111931486457152, 37.401413802685433 ], [ 127.111905903703601, 37.401382372266205 ], [ 127.111873720284379, 37.401400810574664 ] ] ] } },
{ "type": "Feature", "properties": { "명칭": "투썬월드", "구분": null, "종류": "주택외건물", "용도": "근린생활시설", "주기": "경비실", "층수": 1, "측량방법": "사진측량", "UFID": "1000037709035B00110000000000002440", "region": "pangyo", "region_name": "제1판교테크노밸리", "base_year": 2023 }, "geometry": { "type": "Polygon", "coordinates": [ [ [ 127.108554648251058, 37.400633216165453 ], [ 127.108586839523554, 37.400635538271665 ], [ 127.108592164325913, 37.400592266358558 ], [ 127.108555378069951, 37.400591092768934 ], [ 127.108554648251058, 37.400633216165453 ] ] ] } },
{ "type": "Feature", "properties": { "명칭": null, "구분": null, "종류": "무벽건물", "용도": "근린생활시설", "주기": "메디포스트", "층수": 1, "측량방법": "사진측량", "UFID": "1000037709035B00110000000000002439", "region": "pangyo", "region_name": "제1판교테크노밸리", "base_year": 2023 }, "geometry": { "type": "Polygon", "coordinates": [ [ [ 127.108989292033755, 37.400332659238444 ], [ 127.109015924858639, 37.400333806013954 ], [ 127.109011389391156, 37.400290272864112 ], [ 127.108990314688256, 37.40029014812832 ], [ 127.108989292033755, 37.400332659238444 ] ] ] } },
{ "type": "Feature", "properties": { "명칭": null, "구분": null, "종류": "가건물", "용도": "근린생활시설", "주기": "판교테크노밸리글로벌R&D센터", "층수": 1, "측량방법": "사진측량", "UFID": "1000037709035B00110000000000001971", "region": "pangyo", "region_name": "제1판교테크노밸리", "base_year": 2023 }, "geometry": { "type": "Polygon", "coordinates": [ [ [ 127.101021897753256, 37.406894487562063 ], [ 127.101067986206118, 37.406906666005348 ], [ 127.101075845355496, 37.406888260458956 ], [ 127.101033950333175, 37.406878312964963 ], [ 127.101021897753256, 37.406894487562063 ] ] ] } },
{ "type": "Feature", "properties": { "명칭": null, "구분": null, "종류": "주택외건물", "용도": "근린생활시설", "주기": "판교테크노밸리글로벌R&D센터", "층수": 1, "측량방법": "사진측량", "UFID": "1000037709035B00110000000000001970", "region": "pangyo", "region_name": "제1판교테크노밸리", "base_year": 2023 }, "geometry": { "type": "Polygon", "coordinates": [ [ [ 127.102280767714234, 37.406605745616986 ], [ 127.102324150574219, 37.406613411801381 ], [ 127.10232729357466, 37.406599019791578 ], [ 127.102283424699465, 37.406591101743153 ], [ 127.102280767714234, 37.406605745616986 ] ] ] } },
{ "type": "Feature", "properties": { "명칭": null, "구분": null, "종류": "무벽건물", "용도": "근린생활시설", "주기": "판교테크노밸리글로벌R&D센터", "층수": 1, "측량방법": "사진측량", "UFID": "1000037709035B00110000000000001969", "region": "pangyo", "region_name": "제1판교테크노밸리", "base_year": 2023 }, "geometry": { "type": "Polygon", "coordinates": [ [ [ 127.102175860806668, 37.406323078211486 ], [ 127.10216484624641, 37.406329872410531 ], [ 127.102172268698595, 37.406339461860377 ], [ 127.102227271368449, 37.406312077368796 ], [ 127.102221806470254, 37.406305099188138 ], [ 127.102175860806668, 37.406323078211486 ] ] ] } },
{ "type": "Feature", "properties": { "명칭": null, "구분": null, "종류": "무벽건물", "용도": "근린생활시설", "주기": "판교테크노밸리글로벌R&D센터", "층수": 1, "측량방법": "사진측량", "UFID": "1000037709035B00110000000000001968", "region": "pangyo", "region_name": "제1판교테크노밸리", "base_year": 2023 }, "geometry": { "type": "Polygon", "coordinates": [ [ [ 127.102051220851862, 37.4064971097567 ], [ 127.102052327020388, 37.406521553475542 ], [ 127.102057552165405, 37.406551625014146 ], [ 127.102062772120178, 37.406577867221728 ], [ 127.102070522464984, 37.406596025094963 ], [ 127.102081134308804, 37.406617045740759 ], [ 127.102109385602489, 37.40665235034087 ], [ 127.102129344396957, 37.406669497533791 ], [ 127.102134052964175, 37.406668457293506 ], [ 127.102142734608648, 37.406665404346164 ], [ 127.102150462881269, 37.406658964386608 ], [ 127.102153390196833, 37.406652069054388 ], [ 127.102154998284234, 37.406646850759131 ], [ 127.102154448438085, 37.406632867403552 ], [ 127.102146303416205, 37.406623521852723 ], [ 127.102124144694429, 37.406608268704758 ], [ 127.102098653937901, 37.406584656964093 ], [ 127.10208232565941, 37.406562740235316 ], [ 127.102068584603785, 37.406533000416879 ], [ 127.102061178626172, 37.406510580421305 ], [ 127.10205979059451, 37.406494840799397 ], [ 127.102059905064479, 37.4064709816899 ], [ 127.102057553225833, 37.406469136628886 ], [ 127.102051220851862, 37.4064971097567 ] ] ] } },
{ "type": "Feature", "properties": { "명칭": null, "구분": null, "종류": "무벽건물", "용도": "근린생활시설", "주기": "판교테크노밸리글로벌R&D센터", "층수": 1, "측량방법": "사진측량", "UFID": "1000037709035B00110000000000001967", "region": "pangyo", "region_name": "제1판교테크노밸리", "base_year": 2023 }, "geometry": { "type": "Polygon", "coordinates": [ [ [ 127.101788153897203, 37.406999745275272 ], [ 127.102037552547301, 37.407020713284787 ], [ 127.102041262676551, 37.407008023721829 ], [ 127.101790081159933, 37.40698830967272 ], [ 127.101788153897203, 37.406999745275272 ] ] ] } },
{ "type": "Feature", "properties": { "명칭": null, "구분": null, "종류": "무벽건물", "용도": "근린생활시설", "주기": "판교테크노밸리글로벌R&D센터", "층수": 1, "측량방법": "사진측량", "UFID": "1000037709035B00110000000000001966", "region": "pangyo", "region_name": "제1판교테크노밸리", "base_year": 2023 }, "geometry": { "type": "Polygon", "coordinates": [ [ [ 127.101499761420754, 37.406975990028009 ], [ 127.101707082215754, 37.406994030493713 ], [ 127.101706533278374, 37.406980659829614 ], [ 127.101501382511231, 37.406963626642373 ], [ 127.101499761420754, 37.406975990028009 ] ] ] } },
{ "type": "Feature", "properties": { "명칭": null, "구분": null, "종류": "무벽건물", "용도": "근린생활시설", "주기": "판교테크노밸리글로벌R&D센터", "층수": 1, "측량방법": "사진측량", "UFID": "1000037709035B00110000000000001965", "region": "pangyo", "region_name": "제1판교테크노밸리", "base_year": 2023 }, "geometry": { "type": "Polygon", "coordinates": [ [ [ 127.101314779735389, 37.406813559626379 ], [ 127.101319772277009, 37.406838855989626 ], [ 127.101345554043732, 37.406835455068553 ], [ 127.101339600527211, 37.406809492775238 ], [ 127.101314779735389, 37.406813559626379 ] ] ] } },
{ "type": "Feature", "properties": { "명칭": null, "구분": null, "종류": "주택외건물", "용도": "근린생활시설", "주기": "판교테크노밸리글로벌R&D센터", "층수": 6, "측량방법": "사진측량", "UFID": "1000037709035B00110000000000001964", "region": "pangyo", "region_name": "제1판교테크노밸리", "base_year": 2023 }, "geometry": { "type": "Polygon", "coordinates": [ [ [ 127.102158202003253, 37.406693791133684 ], [ 127.102109389478713, 37.40665520657096 ], [ 127.102077711259383, 37.406616535114665 ], [ 127.102060707160192, 37.40657934667707 ], [ 127.102053178457297, 37.406541393201763 ], [ 127.102049268848688, 37.406515248974841 ], [ 127.10204958507471, 37.406498570821022 ], [ 127.102053233336974, 37.406481925831997 ], [ 127.102062362497534, 37.406450751668643 ], [ 127.102074893506938, 37.406421124322094 ], [ 127.102085064994213, 37.406400644364851 ], [ 127.102102237086896, 37.406378536525402 ], [ 127.102137672990821, 37.406348123523081 ], [ 127.102173275093762, 37.406323675119211 ], [ 127.102203991402831, 37.406311151423424 ], [ 127.102266272891498, 37.406287418762972 ], [ 127.102411496729644, 37.406258532503855 ], [ 127.10286664127058, 37.406181154242923 ], [ 127.102886463061296, 37.406172415121659 ], [ 127.102891421375347, 37.406164067360962 ], [ 127.102897219698207, 37.406142266639144 ], [ 127.102897473432492, 37.406121326711478 ], [ 127.1028944256757, 37.406089640487174 ], [ 127.102886900298159, 37.406054390119465 ], [ 127.102853111114698, 37.40595057694992 ], [ 127.10284162202143, 37.405940648691796 ], [ 127.102829767554425, 37.405936099840417 ], [ 127.10281418956329, 37.405934302337101 ], [ 127.102722080371834, 37.405942527618201 ], [ 127.102516599562762, 37.405971493551675 ], [ 127.102345132349924, 37.406004186944578 ], [ 127.102205350663809, 37.406039609824951 ], [ 127.102215410373091, 37.406078254891199 ], [ 127.10212758844726, 37.406108109495271 ], [ 127.102045430912725, 37.406142202950036 ], [ 127.10202786817986, 37.406151075134048 ], [ 127.10201858253447, 37.406141793629274 ], [ 127.101924748164507, 37.406194124711078 ], [ 127.101850574561297, 37.406243915927256 ], [ 127.10178399452623, 37.406287961061956 ], [ 127.101717426593936, 37.406341016349138 ], [ 127.101663626078462, 37.40638889777626 ], [ 127.101591678758339, 37.40645657216232 ], [ 127.101537165057792, 37.406419686177728 ], [ 127.101377550434918, 37.406515295226569 ], [ 127.101349921465001, 37.40653921396445 ], [ 127.101270646280909, 37.406609083913509 ], [ 127.101259767251364, 37.406624356510335 ], [ 127.101257688857984, 37.406641045181139 ], [ 127.101263843342025, 37.406656906872804 ], [ 127.101278199892207, 37.406674221191061 ], [ 127.101326793117067, 37.406709625684357 ], [ 127.101360329735627, 37.40672787863496 ], [ 127.10138399992978, 37.406733318521916 ], [ 127.101395959856234, 37.406732281103146 ], [ 127.101415359715773, 37.406728705435619 ], [ 127.101447633276734, 37.406714892142674 ], [ 127.101504727160446, 37.40673019652241 ], [ 127.101542776565964, 37.406736200684975 ], [ 127.101576903091058, 37.406739577227121 ], [ 127.101615442912063, 37.406740715436953 ], [ 127.10165284052384, 37.406740800422824 ], [ 127.101659153286477, 37.40674834554288 ], [ 127.101661591103507, 37.406755308331434 ], [ 127.101661758691691, 37.406762309112743 ], [ 127.10165869426605, 37.406768078275583 ], [ 127.101646404960292, 37.406776125939707 ], [ 127.101619417030363, 37.406789637407442 ], [ 127.10158962508612, 37.406809395346841 ], [ 127.101563987907312, 37.406827852241015 ], [ 127.101529159757732, 37.406865364584831 ], [ 127.101516548777425, 37.406877791468681 ], [ 127.101549835754042, 37.406903468983906 ], [ 127.101578491384188, 37.406920455625851 ], [ 127.101603997944466, 37.406930714347745 ], [ 127.101641709913395, 37.406937682859549 ], [ 127.101777874669622, 37.406957397175525 ], [ 127.10194491253354, 37.406971660578904 ], [ 127.102031855956085, 37.40697617177392 ], [ 127.102173499903458, 37.406979959882847 ], [ 127.102189831528932, 37.406979306044462 ], [ 127.102208315691101, 37.40697511834481 ], [ 127.102222909664405, 37.406967456068635 ], [ 127.102248118169868, 37.406949476943375 ], [ 127.102323351088742, 37.406872680998013 ], [ 127.102350262793578, 37.406836418681266 ], [ 127.102355906646508, 37.406825457392507 ], [ 127.102357464763372, 37.406816725159963 ], [ 127.102357405377134, 37.406806282389709 ], [ 127.102351239931565, 37.406790844244405 ], [ 127.102337165656905, 37.406773655955419 ], [ 127.102308477570872, 37.406757804810269 ], [ 127.102265553290934, 37.406738569126929 ], [ 127.102195940288937, 37.406711869022963 ], [ 127.102158202003253, 37.406693791133684 ] ] ] } },
{ "type": "Feature", "properties": { "명칭": null, "구분": null, "종류": "주택외건물", "용도": "근린생활시설", "주기": "한국파스퇴르연구소", "층수": 5, "측량방법": "사진측량", "UFID": "1000037709035B00110000000000001963", "region": "pangyo", "region_name": "제1판교테크노밸리", "base_year": 2023 }, "geometry": { "type": "Polygon", "coordinates": [ [ [ 127.103900750236605, 37.406842598861722 ], [ 127.103901340889493, 37.406722312175177 ], [ 127.103860542063444, 37.406721176694866 ], [ 127.103860481823531, 37.406702084134139 ], [ 127.103795975351005, 37.406701221740086 ], [ 127.102773402202359, 37.406701988868669 ], [ 127.102774021633067, 37.406932207946468 ], [ 127.103795162098351, 37.406930459956563 ], [ 127.103863408113881, 37.406931841657538 ], [ 127.103863655931889, 37.40684135200469 ], [ 127.103900750236605, 37.406842598861722 ] ] ] } },
{ "type": "Feature", "properties": { "명칭": null, "구분": null, "종류": "주택외건물", "용도": "근린생활시설", "주기": "한국파스퇴르연구소", "층수": 3, "측량방법": "사진측량", "UFID": "1000037709035B00110000000000001962", "region": "pangyo", "region_name": "제1판교테크노밸리", "base_year": 2023 }, "geometry": { "type": "Polygon", "coordinates": [ [ [ 127.103503025032481, 37.406336096911119 ], [ 127.103245959515149, 37.406381327617389 ], [ 127.103256919707675, 37.406400825130184 ], [ 127.103196296064937, 37.40641433929764 ], [ 127.103280094642741, 37.406547373817666 ], [ 127.103780106966326, 37.406554531592157 ], [ 127.10377860945627, 37.406500624878717 ], [ 127.103795426506153, 37.406499871280289 ], [ 127.103778077203344, 37.406434103037057 ], [ 127.103757413728445, 37.406389421567937 ], [ 127.103733247128758, 37.406359862284745 ], [ 127.103684200738343, 37.406332316071193 ], [ 127.103649658194982, 37.406322047698268 ], [ 127.103617012397834, 37.40631940028269 ], [ 127.103503025032481, 37.406336096911119 ] ] ] } },
{ "type": "Feature", "properties": { "명칭": null, "구분": null, "종류": "무벽건물", "용도": "근린생활시설", "주기": "한국파스퇴르연구소", "층수": 1, "측량방법": "사진측량", "UFID": "1000037709035B00110000000000001961", "region": "pangyo", "region_name": "제1판교테크노밸리", "base_year": 2023 }, "geometry": { "type": "Polygon", "coordinates": [ [ [ 127.103407039335465, 37.406696291571322 ], [ 127.103606463213637, 37.406696873846343 ], [ 127.103610219026081, 37.406553518271977 ], [ 127.103407801516994, 37.406552307907269 ], [ 127.103407039335465, 37.406696291571322 ] ] ] } },
{ "type": "Feature", "properties": { "명칭": null, "구분": null, "종류": "무벽건물", "용도": "근린생활시설", "주기": "한국파스퇴르연구소", "층수": 1, "측량방법": "사진측량", "UFID": "1000037709035B00110000000000001960", "region": "pangyo", "region_name": "제1판교테크노밸리", "base_year": 2023 }, "geometry": { "type": "Polygon", "coordinates": [ [ [ 127.102396463004041, 37.406606906904948 ], [ 127.102397005870159, 37.406682123585526 ], [ 127.102427773038457, 37.406681988813382 ], [ 127.102427230129294, 37.406606763122781 ], [ 127.102396463004041, 37.406606906904948 ] ] ] } },
{ "type": "Feature", "properties": { "명칭": null, "구분": null, "종류": "무벽건물", "용도": "근린생활시설", "주기": "한국파스퇴르연구소", "층수": 1, "측량방법": "사진측량", "UFID": "1000037709035B00110000000000001959", "region": "pangyo", "region_name": "제1판교테크노밸리", "base_year": 2023 }, "geometry": { "type": "Polygon", "coordinates": [ [ [ 127.103694280295116, 37.406122522729362 ], [ 127.103749700749901, 37.406128330742519 ], [ 127.103765875337132, 37.406038520886447 ], [ 127.103711869207274, 37.406034459619157 ], [ 127.103694280295116, 37.406122522729362 ] ] ] } },
{ "type": "Feature", "properties": { "명칭": null, "구분": null, "종류": "주택외건물", "용도": "근린생활시설", "주기": "한국파스퇴르연구소", "층수": 1, "측량방법": "사진측량", "UFID": "1000037709035B00110000000000001958", "region": "pangyo", "region_name": "제1판교테크노밸리", "base_year": 2023 }, "geometry": { "type": "Polygon", "coordinates": [ [ [ 127.102774988858783, 37.406565347804616 ], [ 127.102771198761687, 37.406569000230157 ], [ 127.102771072222453, 37.406583858160282 ], [ 127.102774576923849, 37.406586260837372 ], [ 127.102781772444686, 37.406586750143539 ], [ 127.102785573713945, 37.406583007605974 ], [ 127.102784773897369, 37.406568024338313 ], [ 127.102780138772573, 37.406564937868971 ], [ 127.102774988858783, 37.406565347804616 ] ] ] } },
{ "type": "Feature", "properties": { "명칭": null, "구분": null, "종류": "무벽건물", "용도": "근린생활시설", "주기": "한국파스퇴르연구소", "층수": 5, "측량방법": "사진측량", "UFID": "1000037709035B00110000000000001957", "region": "pangyo", "region_name": "제1판교테크노밸리", "base_year": 2023 }, "geometry": { "type": "Polygon", "coordinates": [ [ [ 127.102868821516694, 37.40670186984822 ], [ 127.103387921952319, 37.406699867318594 ], [ 127.103387973283304, 37.406679684425725 ], [ 127.102868891597737, 37.406678776644547 ], [ 127.102868821516694, 37.40670186984822 ] ] ] } },
{ "type": "Feature", "properties": { "명칭": "붓들마을3단지아파트", "구분": null, "종류": "주택외건물", "용도": "근린생활시설", "주기": null, "층수": 1, "측량방법": "사진측량", "UFID": "1000037709035B00110000000000001951", "region": "pangyo", "region_name": "제1판교테크노밸리", "base_year": 2023 }, "geometry": { "type": "Polygon", "coordinates": [ [ [ 127.113155071585524, 37.402324164621895 ], [ 127.113195923343156, 37.402324440877138 ], [ 127.113196437211585, 37.402275623089487 ], [ 127.113155596774689, 37.402275346823551 ], [ 127.113155071585524, 37.402324164621895 ] ] ] } },
{ "type": "Feature", "properties": { "명칭": "붓들마을5단지아파트", "구분": null, "종류": "주택외건물", "용도": "근린생활시설", "주기": null, "층수": 1, "측량방법": "사진측량", "UFID": "1000037709035B00110000000000001950", "region": "pangyo", "region_name": "제1판교테크노밸리", "base_year": 2023 }, "geometry": { "type": "Polygon", "coordinates": [ [ [ 127.113153152390581, 37.400612127978455 ], [ 127.113153948877041, 37.400661124729908 ], [ 127.113191670278823, 37.400660728217304 ], [ 127.113190862473814, 37.400611731476957 ], [ 127.113153152390581, 37.400612127978455 ] ] ] } },
{ "type": "Feature", "properties": { "명칭": "붓들마을5단지아파트", "구분": null, "종류": "무벽건물", "용도": "근린생활시설", "주기": null, "층수": 1, "측량방법": "사진측량", "UFID": "1000037709035B00110000000000001533", "region": "pangyo", "region_name": "제1판교테크노밸리", "base_year": 2023 }, "geometry": { "type": "Polygon", "coordinates": [ [ [ 127.113223403375756, 37.401266733433133 ], [ 127.113223124110661, 37.401283799033521 ], [ 127.113226234701131, 37.401294437109918 ], [ 127.113232655220585, 37.401305576588143 ], [ 127.113253703909393, 37.401303231795666 ], [ 127.113253799763783, 37.401284373339628 ], [ 127.113250434218571, 37.401269428628964 ], [ 127.113246801535681, 37.401264593626841 ], [ 127.113244750987818, 37.401260396834054 ], [ 127.113223403375756, 37.401266733433133 ] ] ] } },
{ "type": "Feature", "properties": { "명칭": "붓들마을5단지아파트", "구분": null, "종류": "무벽건물", "용도": "근린생활시설", "주기": null, "층수": 1, "측량방법": "사진측량", "UFID": "1000037709035B00110000000000001532", "region": "pangyo", "region_name": "제1판교테크노밸리", "base_year": 2023 }, "geometry": { "type": "Polygon", "coordinates": [ [ [ 127.113290754886123, 37.400707234120944 ], [ 127.113305028554919, 37.400743432471323 ], [ 127.113316714244917, 37.400740500106771 ], [ 127.113301522335888, 37.400704309056287 ], [ 127.113290754886123, 37.400707234120944 ] ] ] } },
{ "type": "Feature", "properties": { "명칭": "붓들마을3단지아파트", "구분": null, "종류": "무벽건물", "용도": "근린생활시설", "주기": null, "층수": 1, "측량방법": "사진측량", "UFID": "1000037709035B00110000000000001530", "region": "pangyo", "region_name": "제1판교테크노밸리", "base_year": 2023 }, "geometry": { "type": "Polygon", "coordinates": [ [ [ 127.113297017976507, 37.402001670550206 ], [ 127.113295757951377, 37.402042451951445 ], [ 127.113325727453415, 37.402042021839407 ], [ 127.113331989815208, 37.402023103123184 ], [ 127.113332661740841, 37.402001158850325 ], [ 127.113297017976507, 37.402001670550206 ] ] ] } },
{ "type": "Feature", "properties": { "명칭": "만도GLOBALR&DCENTER", "구분": null, "종류": "무벽건물", "용도": "근린생활시설", "주기": null, "층수": 1, "측량방법": "사진측량", "UFID": "1000037709035B00110000000000001528", "region": "pangyo", "region_name": "제1판교테크노밸리", "base_year": 2023 }, "geometry": { "type": "Polygon", "coordinates": [ [ [ 127.100752574653896, 37.404308618244478 ], [ 127.100812242405354, 37.404375008628072 ], [ 127.100965119983755, 37.404286569175156 ], [ 127.100905982249813, 37.404219610772572 ], [ 127.100752574653896, 37.404308618244478 ] ] ] } },
{ "type": "Feature", "properties": { "명칭": "만도GLOBALR&DCENTER", "구분": null, "종류": "무벽건물", "용도": "근린생활시설", "주기": null, "층수": 1, "측량방법": "사진측량", "UFID": "1000037709035B00110000000000001527", "region": "pangyo", "region_name": "제1판교테크노밸리", "base_year": 2023 }, "geometry": { "type": "Polygon", "coordinates": [ [ [ 127.100377937277983, 37.40415860163283 ], [ 127.100397970705316, 37.404181686787027 ], [ 127.100516246465617, 37.404113541236576 ], [ 127.100493374775951, 37.404087971698168 ], [ 127.100377937277983, 37.40415860163283 ] ] ] } },
{ "type": "Feature", "properties": { "명칭": "만도GLOBALR&DCENTER", "구분": null, "종류": "무벽건물", "용도": "근린생활시설", "주기": null, "층수": 1, "측량방법": "사진측량", "UFID": "1000037709035B00110000000000001526", "region": "pangyo", "region_name": "제1판교테크노밸리", "base_year": 2023 }, "geometry": { "type": "Polygon", "coordinates": [ [ [ 127.100247747511759, 37.404872509420571 ], [ 127.100285933477451, 37.404913960012799 ], [ 127.100313435267537, 37.404896501940541 ], [ 127.100273997080649, 37.404856169684237 ], [ 127.100247747511759, 37.404872509420571 ] ] ] } },
{ "type": "Feature", "properties": { "명칭": "판교우림W-시티", "구분": null, "종류": "주택외건물", "용도": "근린생활시설", "주기": null, "층수": 1, "측량방법": "사진측량", "UFID": "1000037709035B00110000000000001525", "region": "pangyo", "region_name": "제1판교테크노밸리", "base_year": 2023 }, "geometry": { "type": "Polygon", "coordinates": [ [ [ 127.10013651217244, 37.403527263084193 ], [ 127.100165690646151, 37.403547934810298 ], [ 127.100173530729464, 37.403540756045132 ], [ 127.100334064613094, 37.403587563097574 ], [ 127.10035451577356, 37.403542900175808 ], [ 127.100170424615641, 37.403489742895474 ], [ 127.10013651217244, 37.403527263084193 ] ] ] } },
{ "type": "Feature", "properties": { "명칭": "판교우림W-시티", "구분": null, "종류": "주택외건물", "용도": "근린생활시설", "주기": null, "층수": 1, "측량방법": "사진측량", "UFID": "1000037709035B00110000000000001524", "region": "pangyo", "region_name": "제1판교테크노밸리", "base_year": 2023 }, "geometry": { "type": "Polygon", "coordinates": [ [ [ 127.100722386328783, 37.403803865294023 ], [ 127.100750727878662, 37.403789749187645 ], [ 127.100717325865276, 37.403752835805648 ], [ 127.100621351059445, 37.40380774461471 ], [ 127.100642695723494, 37.403831648541562 ], [ 127.100712894035368, 37.403791745644327 ], [ 127.100722386328783, 37.403803865294023 ] ] ] } },
{ "type": "Feature", "properties": { "명칭": null, "구분": null, "종류": "무벽건물", "용도": "근린생활시설", "주기": "우주공원", "층수": 1, "측량방법": "사진측량", "UFID": "1000037709035B00110000000000001523", "region": "pangyo", "region_name": "제1판교테크노밸리", "base_year": 2023 }, "geometry": { "type": "Polygon", "coordinates": [ [ [ 127.101122732422013, 37.404132981699036 ], [ 127.101152614175163, 37.404163924210273 ], [ 127.101188544901433, 37.404140809323358 ], [ 127.101161194047307, 37.404110558441452 ], [ 127.101122732422013, 37.404132981699036 ] ] ] } },
{ "type": "Feature", "properties": { "명칭": null, "구분": null, "종류": "무벽건물", "용도": "근린생활시설", "주기": "우주공원", "층수": 1, "측량방법": "사진측량", "UFID": "1000037709035B00110000000000001522", "region": "pangyo", "region_name": "제1판교테크노밸리", "base_year": 2023 }, "geometry": { "type": "Polygon", "coordinates": [ [ [ 127.101092572011083, 37.404096371999927 ], [ 127.101118625524649, 37.404127786323635 ], [ 127.101156499312808, 37.404104976131499 ], [ 127.101129149344359, 37.404075364965728 ], [ 127.101092572011083, 37.404096371999927 ] ] ] } },
{ "type": "Feature", "properties": { "명칭": null, "구분": null, "종류": "무벽건물", "용도": "근린생활시설", "주기": "우주공원", "층수": 1, "측량방법": "사진측량", "UFID": "1000037709035B00110000000000001521", "region": "pangyo", "region_name": "제1판교테크노밸리", "base_year": 2023 }, "geometry": { "type": "Polygon", "coordinates": [ [ [ 127.10106214348977, 37.404061942991447 ], [ 127.101086262033846, 37.404090691955929 ], [ 127.10112451258847, 37.404070899870206 ], [ 127.101097962993407, 37.404040125696149 ], [ 127.10106214348977, 37.404061942991447 ] ] ] } },
{ "type": "Feature", "properties": { "명칭": null, "구분": null, "종류": "무벽건물", "용도": "근린생활시설", "주기": "우주공원", "층수": 1, "측량방법": "사진측량", "UFID": "1000037709035B00110000000000001520", "region": "pangyo", "region_name": "제1판교테크노밸리", "base_year": 2023 }, "geometry": { "type": "Polygon", "coordinates": [ [ [ 127.101401374761508, 37.403953187713789 ], [ 127.101418855065447, 37.4039756621913 ], [ 127.101431757402807, 37.403995392481171 ], [ 127.101438397891741, 37.404011641192824 ], [ 127.10148873130322, 37.40400701180635 ], [ 127.101479642655704, 37.40397606054534 ], [ 127.101465014737641, 37.403949799343309 ], [ 127.101442469210724, 37.403923409779445 ], [ 127.101401374761508, 37.403953187713789 ] ] ] } },
{ "type": "Feature", "properties": { "명칭": null, "구분": null, "종류": "무벽건물", "용도": "근린생활시설", "주기": "우주공원", "층수": 1, "측량방법": "사진측량", "UFID": "1000037709035B00110000000000001519", "region": "pangyo", "region_name": "제1판교테크노밸리", "base_year": 2023 }, "geometry": { "type": "Polygon", "coordinates": [ [ [ 127.101238701458726, 37.403878731628694 ], [ 127.101205669169047, 37.403890184846396 ], [ 127.101170761496007, 37.403909676761877 ], [ 127.10120038507894, 37.403941862891365 ], [ 127.101228770617226, 37.403926890663691 ], [ 127.101255718645902, 37.403918010558371 ], [ 127.101285031691205, 37.403912453186436 ], [ 127.10127927600989, 37.403873849390777 ], [ 127.101238701458726, 37.403878731628694 ] ] ] } },
{ "type": "Feature", "properties": { "명칭": null, "구분": null, "종류": "무벽건물", "용도": "근린생활시설", "주기": "환상공원", "층수": 1, "측량방법": "사진측량", "UFID": "1000037709035B00110000000000001518", "region": "pangyo", "region_name": "제1판교테크노밸리", "base_year": 2023 }, "geometry": { "type": "Polygon", "coordinates": [ [ [ 127.102379778848729, 37.402089881011037 ], [ 127.102422124865598, 37.402092790675376 ], [ 127.102421874221449, 37.402058002482846 ], [ 127.102380220639944, 37.402057642107444 ], [ 127.102379778848729, 37.402089881011037 ] ] ] } },
{ "type": "Feature", "properties": { "명칭": null, "구분": null, "종류": "무벽건물", "용도": "근린생활시설", "주기": "환상공원", "층수": 1, "측량방법": "사진측량", "UFID": "1000037709035B00110000000000001517", "region": "pangyo", "region_name": "제1판교테크노밸리", "base_year": 2023 }, "geometry": { "type": "Polygon", "coordinates": [ [ [ 127.102379762150747, 37.402036099099114 ], [ 127.102421913548298, 37.402037107778376 ], [ 127.102421936197203, 37.402003959206482 ], [ 127.102379797460799, 37.402003941639045 ], [ 127.102379762150747, 37.402036099099114 ] ] ] } },
{ "type": "Feature", "properties": { "명칭": null, "구분": null, "종류": "무벽건물", "용도": "근린생활시설", "주기": "환상공원", "층수": 1, "측량방법": "사진측량", "UFID": "1000037709035B00110000000000001516", "region": "pangyo", "region_name": "제1판교테크노밸리", "base_year": 2023 }, "geometry": { "type": "Polygon", "coordinates": [ [ [ 127.102108627688665, 37.401973820735179 ], [ 127.102106572403784, 37.401982337155914 ], [ 127.102097614602627, 37.401989562067115 ], [ 127.102090212196757, 37.401994424960399 ], [ 127.102080749636926, 37.402004218215176 ], [ 127.102077118048527, 37.402016340079122 ], [ 127.102079468952013, 37.402034250341494 ], [ 127.102088230566437, 37.402048911394395 ], [ 127.102098564681995, 37.402057164831483 ], [ 127.102109640219851, 37.402062471289653 ], [ 127.102122372645695, 37.402065298508795 ], [ 127.102137196990611, 37.402061636570409 ], [ 127.102152984573564, 37.402035394218807 ], [ 127.10215359511875, 37.402019238389812 ], [ 127.102146388817133, 37.402002161262544 ], [ 127.102138590774658, 37.401990130362023 ], [ 127.102132221709866, 37.401982450156794 ], [ 127.102129990161913, 37.401977595582572 ], [ 127.102129614139585, 37.401975154141198 ], [ 127.102126301320595, 37.401972489981226 ], [ 127.102108627688665, 37.401973820735179 ] ] ] } },
{ "type": "Feature", "properties": { "명칭": null, "구분": null, "종류": "무벽건물", "용도": "근린생활시설", "주기": "환상공원", "층수": 1, "측량방법": "사진측량", "UFID": "1000037709035B00110000000000001515", "region": "pangyo", "region_name": "제1판교테크노밸리", "base_year": 2023 }, "geometry": { "type": "Polygon", "coordinates": [ [ [ 127.102380607273872, 37.401951654705094 ], [ 127.102379723734785, 37.401982956930226 ], [ 127.102422563459982, 37.401983532523339 ], [ 127.102423185988499, 37.401951329503277 ], [ 127.102380607273872, 37.401951654705094 ] ] ] } },
{ "type": "Feature", "properties": { "명칭": null, "구분": null, "종류": "무벽건물", "용도": "근린생활시설", "주기": "환상공원", "층수": 1, "측량방법": "사진측량", "UFID": "1000037709035B00110000000000001514", "region": "pangyo", "region_name": "제1판교테크노밸리", "base_year": 2023 }, "geometry": { "type": "Polygon", "coordinates": [ [ [ 127.102229947679547, 37.40170600462011 ], [ 127.102228848019251, 37.401727909385727 ], [ 127.102275142704841, 37.401727815289838 ], [ 127.102276242363885, 37.401705919534017 ], [ 127.102229947679547, 37.40170600462011 ] ] ] } },
{ "type": "Feature", "properties": { "명칭": null, "구분": null, "종류": "무벽건물", "용도": "근린생활시설", "주기": "환상공원", "층수": 1, "측량방법": "사진측량", "UFID": "1000037709035B00110000000000001513", "region": "pangyo", "region_name": "제1판교테크노밸리", "base_year": 2023 }, "geometry": { "type": "Polygon", "coordinates": [ [ [ 127.102227895204152, 37.401583548660646 ], [ 127.102227688895908, 37.401606272583237 ], [ 127.102275810034939, 37.401603879305043 ], [ 127.102276016328631, 37.401581155382367 ], [ 127.102227895204152, 37.401583548660646 ] ] ] } },
{ "type": "Feature", "properties": { "명칭": null, "구분": null, "종류": "무벽건물", "용도": "근린생활시설", "주기": "환상공원", "층수": 1, "측량방법": "사진측량", "UFID": "1000037709035B00110000000000001512", "region": "pangyo", "region_name": "제1판교테크노밸리", "base_year": 2023 }, "geometry": { "type": "Polygon", "coordinates": [ [ [ 127.101938989618816, 37.401357542752791 ], [ 127.101984097414828, 37.401356873140919 ], [ 127.101983252096758, 37.401249814574705 ], [ 127.101940085666456, 37.401249536440631 ], [ 127.101938989618816, 37.401357542752791 ] ] ] } },
{ "type": "Feature", "properties": { "명칭": null, "구분": null, "종류": "무벽건물", "용도": "근린생활시설", "주기": "환상공원", "층수": 1, "측량방법": "사진측량", "UFID": "1000037709035B00110000000000001511", "region": "pangyo", "region_name": "제1판교테크노밸리", "base_year": 2023 }, "geometry": { "type": "Polygon", "coordinates": [ [ [ 127.101934763080791, 37.401155555544641 ], [ 127.101925285663057, 37.401162654748774 ], [ 127.101929254498629, 37.401199412978279 ], [ 127.101935729619086, 37.401202074417959 ], [ 127.101956634388401, 37.401201632914336 ], [ 127.101961098518629, 37.40119548410275 ], [ 127.101956914091545, 37.40115799623333 ], [ 127.101951907142634, 37.401155288477824 ], [ 127.101934763080791, 37.401155555544641 ] ] ] } },
{ "type": "Feature", "properties": { "명칭": null, "구분": null, "종류": "주택외건물", "용도": "근린생활시설", "주기": "NHN", "층수": 10, "측량방법": "사진측량", "UFID": "1000037709035B00110000000000001510", "region": "pangyo", "region_name": "제1판교테크노밸리", "base_year": 2023 }, "geometry": { "type": "Polygon", "coordinates": [ [ [ 127.104564394562047, 37.401241667487263 ], [ 127.104561771689404, 37.400784563905361 ], [ 127.103837390196347, 37.400789166752446 ], [ 127.103838896739063, 37.40124256813759 ], [ 127.103841618178649, 37.401242250390318 ], [ 127.104564394562047, 37.401241667487263 ] ] ] } },
{ "type": "Feature", "properties": { "명칭": null, "구분": null, "종류": "주택외건물", "용도": "근린생활시설", "주기": null, "층수": 1, "측량방법": "사진측량", "UFID": "1000037709035B00110000000000001509", "region": "pangyo", "region_name": "제1판교테크노밸리", "base_year": 2023 }, "geometry": { "type": "Polygon", "coordinates": [ [ [ 127.103881653165388, 37.400585821514731 ], [ 127.103880368566422, 37.40064520893236 ], [ 127.104007840390665, 37.400650728255179 ], [ 127.104008242018466, 37.400647141838654 ], [ 127.10400800663686, 37.400632094996354 ], [ 127.10400714118299, 37.400626950928171 ], [ 127.104001990873186, 37.400618602994406 ], [ 127.103992071885685, 37.400608367110536 ], [ 127.103974628066723, 37.400595939351867 ], [ 127.103955699670294, 37.400588018000427 ], [ 127.103936077309967, 37.400584629391233 ], [ 127.103904724517434, 37.400584161385027 ], [ 127.103881653165388, 37.400585821514731 ] ] ] } },
{ "type": "Feature", "properties": { "명칭": null, "구분": null, "종류": "주택외건물", "용도": "업무시설", "주기": "경기창조경제혁신센터", "층수": 10, "측량방법": "사진측량", "UFID": "1000037709035B00110000000000001508", "region": "pangyo", "region_name": "제1판교테크노밸리", "base_year": 2023 }, "geometry": { "type": "Polygon", "coordinates": [ [ [ 127.104652227084642, 37.400119665578316 ], [ 127.10465232229231, 37.400569851605873 ], [ 127.104758342613636, 37.400572406724585 ], [ 127.10475844358885, 37.400580038282335 ], [ 127.104932815649221, 37.400582902086057 ], [ 127.105156521781865, 37.400118299128302 ], [ 127.104652227084642, 37.400119665578316 ] ] ] } },
{ "type": "Feature", "properties": { "명칭": "네오위즈판교타워", "구분": null, "종류": "주택외건물", "용도": "근린생활시설", "주기": null, "층수": 12, "측량방법": "사진측량", "UFID": "1000037709035B00110000000000001507", "region": "pangyo", "region_name": "제1판교테크노밸리", "base_year": 2023 }, "geometry": { "type": "Polygon", "coordinates": [ [ [ 127.103835194843001, 37.40042587704346 ], [ 127.104564305333369, 37.400429631504281 ], [ 127.104562594855096, 37.40001140610935 ], [ 127.103835096141054, 37.40001054249722 ], [ 127.103835194843001, 37.40042587704346 ] ] ] } },
{ "type": "Feature", "properties": { "명칭": null, "구분": null, "종류": "주택외건물", "용도": "근린생활시설", "주기": null, "층수": 1, "측량방법": "사진측량", "UFID": "1000037709035B00110000000000001506", "region": "pangyo", "region_name": "제1판교테크노밸리", "base_year": 2023 }, "geometry": { "type": "Polygon", "coordinates": [ [ [ 127.104460872699278, 37.401664653097733 ], [ 127.104480601427966, 37.401671222128307 ], [ 127.10449308501947, 37.401649370353624 ], [ 127.104473356295443, 37.401642801325103 ], [ 127.104460872699278, 37.401664653097733 ] ] ] } },
{ "type": "Feature", "properties": { "명칭": null, "구분": null, "종류": "주택외건물", "용도": "근린생활시설", "주기": null, "층수": 1, "측량방법": "사진측량", "UFID": "1000037709035B00110000000000001505", "region": "pangyo", "region_name": "제1판교테크노밸리", "base_year": 2023 }, "geometry": { "type": "Polygon", "coordinates": [ [ [ 127.104524344340135, 37.401541562620316 ], [ 127.104554112082752, 37.401555213797423 ], [ 127.104585002745836, 37.401507297224079 ], [ 127.104555235016633, 37.401493646054611 ], [ 127.104524344340135, 37.401541562620316 ] ] ] } },
{ "type": "Feature", "properties": { "명칭": "판교이노밸리", "구분": null, "종류": "무벽건물", "용도": "근린생활시설", "주기": null, "층수": 1, "측량방법": "사진측량", "UFID": "1000037709035B00110000000000001504", "region": "pangyo", "region_name": "제1판교테크노밸리", "base_year": 2023 }, "geometry": { "type": "Polygon", "coordinates": [ [ [ 127.101991924534104, 37.403765366642716 ], [ 127.101981929885852, 37.403774412498798 ], [ 127.101979313160342, 37.403785398195062 ], [ 127.101983336007038, 37.403795215848263 ], [ 127.101993456208334, 37.403803802854036 ], [ 127.102005398018477, 37.403806414521824 ], [ 127.102018046739218, 37.403805601700782 ], [ 127.102029670576414, 37.403798608762486 ], [ 127.102033476085325, 37.403789739437343 ], [ 127.102033892202414, 37.403780098159416 ], [ 127.10202877313921, 37.403769803913015 ], [ 127.102020881771594, 37.403764035181133 ], [ 127.102005236091685, 37.403761949302151 ], [ 127.101991924534104, 37.403765366642716 ] ] ] } },
{ "type": "Feature", "properties": { "명칭": "판교이노밸리", "구분": null, "종류": "무벽건물", "용도": "근린생활시설", "주기": null, "층수": 1, "측량방법": "사진측량", "UFID": "1000037709035B00110000000000001503", "region": "pangyo", "region_name": "제1판교테크노밸리", "base_year": 2023 }, "geometry": { "type": "Polygon", "coordinates": [ [ [ 127.101019605569945, 37.403496219584476 ], [ 127.101324091731371, 37.403596431844115 ], [ 127.101341207356839, 37.403557862508961 ], [ 127.101221479147441, 37.403519022960317 ], [ 127.101036892753442, 37.403459145840102 ], [ 127.101019605569945, 37.403496219584476 ] ] ] } },
{ "type": "Feature", "properties": { "명칭": null, "구분": null, "종류": "주택외건물", "용도": "근린생활시설", "주기": "램리서치코리아", "층수": 9, "측량방법": "사진측량", "UFID": "1000037709035B00110000000000001502", "region": "pangyo", "region_name": "제1판교테크노밸리", "base_year": 2023 }, "geometry": { "type": "Polygon", "coordinates": [ [ [ 127.100551097866841, 37.405218135496924 ], [ 127.100383991957884, 37.40531907462325 ], [ 127.100355157195082, 37.405336488791129 ], [ 127.100347437831601, 37.405341153617371 ], [ 127.100619639004137, 37.405644124595497 ], [ 127.100832392635112, 37.405521819073748 ], [ 127.100664954730135, 37.405341054908526 ], [ 127.100635579933694, 37.405309336971492 ], [ 127.100551097866841, 37.405218135496924 ] ] ] } },
{ "type": "Feature", "properties": { "명칭": null, "구분": null, "종류": "무벽건물", "용도": "근린생활시설", "주기": "램리서치코리아", "층수": 1, "측량방법": "사진측량", "UFID": "1000037709035B00110000000000001501", "region": "pangyo", "region_name": "제1판교테크노밸리", "base_year": 2023 }, "geometry": { "type": "Polygon", "coordinates": [ [ [ 127.100690136279297, 37.405319940583148 ], [ 127.100665545512925, 37.40529298497632 ], [ 127.100635579933694, 37.405309336971492 ], [ 127.100664954730135, 37.405341054908526 ], [ 127.100690136279297, 37.405319940583148 ] ] ] } },
{ "type": "Feature", "properties": { "명칭": null, "구분": null, "종류": "무벽건물", "용도": "근린생활시설", "주기": "램리서치코리아", "층수": 1, "측량방법": "사진측량", "UFID": "1000037709035B00110000000000001500", "region": "pangyo", "region_name": "제1판교테크노밸리", "base_year": 2023 }, "geometry": { "type": "Polygon", "coordinates": [ [ [ 127.100321442556179, 37.405302666072018 ], [ 127.100355157195082, 37.405336488791129 ], [ 127.100383991957884, 37.40531907462325 ], [ 127.100351597218861, 37.405284070455515 ], [ 127.100321442556179, 37.405302666072018 ] ] ] } },
{ "type": "Feature", "properties": { "명칭": null, "구분": null, "종류": "무벽건물", "용도": "기타시설", "주기": null, "층수": 1, "측량방법": "사진측량", "UFID": "1000037709035B00110000000000001499", "region": "pangyo", "region_name": "제1판교테크노밸리", "base_year": 2023 }, "geometry": { "type": "Polygon", "coordinates": [ [ [ 127.100559547337227, 37.405202009058812 ], [ 127.10059377571929, 37.405239885864567 ], [ 127.100681704532178, 37.405188921400203 ], [ 127.100648548086667, 37.405150268829694 ], [ 127.100559547337227, 37.405202009058812 ] ] ] } },
{ "type": "Feature", "properties": { "명칭": null, "구분": null, "종류": "무벽건물", "용도": "근린생활시설", "주기": "I&CTECHNOLOGY", "층수": 1, "측량방법": "사진측량", "UFID": "1000037709035B00110000000000001498", "region": "pangyo", "region_name": "제1판교테크노밸리", "base_year": 2023 }, "geometry": { "type": "Polygon", "coordinates": [ [ [ 127.100895378234554, 37.405155761917477 ], [ 127.100912395570134, 37.40516980331072 ], [ 127.101043482084194, 37.405094366065569 ], [ 127.10102700168315, 37.405076449845097 ], [ 127.100895378234554, 37.405155761917477 ] ] ] } },
{ "type": "Feature", "properties": { "명칭": null, "구분": null, "종류": "주택외건물", "용도": "근린생활시설", "주기": "I&CTECHNOLOGY", "층수": 10, "측량방법": "사진측량", "UFID": "1000037709035B00110000000000001497", "region": "pangyo", "region_name": "제1판교테크노밸리", "base_year": 2023 }, "geometry": { "type": "Polygon", "coordinates": [ [ [ 127.10100940558462, 37.405422159312977 ], [ 127.101338368303104, 37.405232086923277 ], [ 127.101169360603834, 37.405043467912527 ], [ 127.100842837003199, 37.405232843971994 ], [ 127.10100940558462, 37.405422159312977 ] ] ] } },
{ "type": "Feature", "properties": { "명칭": "판교이노밸리", "구분": null, "종류": "무벽건물", "용도": "근린생활시설", "주기": null, "층수": 1, "측량방법": "사진측량", "UFID": "1000037709035B00110000000000001496", "region": "pangyo", "region_name": "제1판교테크노밸리", "base_year": 2023 }, "geometry": { "type": "Polygon", "coordinates": [ [ [ 127.101165161622973, 37.402541932366226 ], [ 127.101135568332367, 37.402523459728378 ], [ 127.101105766348923, 37.402517772744574 ], [ 127.10106540689489, 37.402514086033364 ], [ 127.101036783921529, 37.402520084262285 ], [ 127.10100684103972, 37.402544049963616 ], [ 127.100989582830238, 37.402585736910176 ], [ 127.100925080160664, 37.402568213072051 ], [ 127.10091414473122, 37.402600001403755 ], [ 127.101348138431646, 37.402708122100684 ], [ 127.101323727622926, 37.402671759808833 ], [ 127.101168859725348, 37.402629562469798 ], [ 127.101171119291266, 37.402621685616069 ], [ 127.101172418320942, 37.402613422145308 ], [ 127.101176482287002, 37.402595145969315 ], [ 127.101177618696241, 37.402566735816023 ], [ 127.101165161622973, 37.402541932366226 ] ] ] } },
{ "type": "Feature", "properties": { "명칭": "판교이노밸리", "구분": null, "종류": "무벽건물", "용도": "근린생활시설", "주기": null, "층수": 1, "측량방법": "사진측량", "UFID": "1000037709035B00110000000000001495", "region": "pangyo", "region_name": "제1판교테크노밸리", "base_year": 2023 }, "geometry": { "type": "Polygon", "coordinates": [ [ [ 127.101544472395858, 37.402318298260973 ], [ 127.101666689665066, 37.402344908500829 ], [ 127.101672793020299, 37.402323125583031 ], [ 127.101548951832669, 37.402298309775226 ], [ 127.101544472395858, 37.402318298260973 ] ] ] } },
{ "type": "Feature", "properties": { "명칭": "판교이노밸리", "구분": null, "종류": "무벽건물", "용도": "근린생활시설", "주기": null, "층수": 1, "측량방법": "사진측량", "UFID": "1000037709035B00110000000000001494", "region": "pangyo", "region_name": "제1판교테크노밸리", "base_year": 2023 }, "geometry": { "type": "Polygon", "coordinates": [ [ [ 127.101711235895408, 37.402354484080732 ], [ 127.10181793672767, 37.402382404980152 ], [ 127.101827682758284, 37.402356681457391 ], [ 127.101717542571507, 37.402332728016397 ], [ 127.101711235895408, 37.402354484080732 ] ] ] } },
{ "type": "Feature", "properties": { "명칭": "판교이노밸리", "구분": null, "종류": "주택외건물", "용도": "근린생활시설", "주기": null, "층수": 10, "측량방법": "사진측량", "UFID": "1000037709035B00110000000000001493", "region": "pangyo", "region_name": "제1판교테크노밸리", "base_year": 2023 }, "geometry": { "type": "Polygon", "coordinates": [ [ [ 127.101904854924044, 37.4025556954861 ], [ 127.101676558302884, 37.402510201265876 ], [ 127.101689558028184, 37.402468409758761 ], [ 127.101697669348042, 37.402469907487024 ], [ 127.101725950105248, 37.402377906970187 ], [ 127.101586213751872, 37.402341743005053 ], [ 127.101588384492786, 37.402335037546202 ], [ 127.101324247471894, 37.402269363537037 ], [ 127.101111046501998, 37.402211015740036 ], [ 127.100984070363495, 37.402450444356852 ], [ 127.101303883998398, 37.402537885144945 ], [ 127.101303659889567, 37.402631492371434 ], [ 127.10136467417577, 37.402717145162889 ], [ 127.101591665811043, 37.40277449853594 ], [ 127.101593727513276, 37.402770676437115 ], [ 127.101820666179549, 37.402813676157116 ], [ 127.102072824252687, 37.402855851764251 ], [ 127.102074307489787, 37.402850237125499 ], [ 127.102242228730546, 37.402872950934913 ], [ 127.102246068517474, 37.402606741075033 ], [ 127.101904854924044, 37.4025556954861 ] ] ] } },
{ "type": "Feature", "properties": { "명칭": null, "구분": null, "종류": "무벽건물", "용도": "근린생활시설", "주기": "SK커뮤니케이션즈", "층수": 9, "측량방법": "사진측량", "UFID": "1000037709035B00110000000000001492", "region": "pangyo", "region_name": "제1판교테크노밸리", "base_year": 2023 }, "geometry": { "type": "Polygon", "coordinates": [ [ [ 127.103190873978079, 37.40294662321277 ], [ 127.103295482494147, 37.402946766137021 ], [ 127.103296442939936, 37.402922392691458 ], [ 127.103190919616338, 37.402922250566405 ], [ 127.103190873978079, 37.40294662321277 ] ] ] } },
{ "type": "Feature", "properties": { "명칭": null, "구분": null, "종류": "주택외건물", "용도": "근린생활시설", "주기": "SK플래닛판교사옥", "층수": 10, "측량방법": "사진측량", "UFID": "1000037709035B00110000000000001491", "region": "pangyo", "region_name": "제1판교테크노밸리", "base_year": 2023 }, "geometry": { "type": "Polygon", "coordinates": [ [ [ 127.103873259767781, 37.40280182637283 ], [ 127.103998695682378, 37.402549241126543 ], [ 127.103276195114006, 37.402587131602765 ], [ 127.103278422681512, 37.402646624048764 ], [ 127.10321352633143, 37.402647176277078 ], [ 127.103213897293571, 37.402596493543278 ], [ 127.103015577342546, 37.402602342924411 ], [ 127.103015331314481, 37.40258762947191 ], [ 127.102770080634073, 37.402591347860223 ], [ 127.102768012060878, 37.402920897944306 ], [ 127.103321344753638, 37.402920767117443 ], [ 127.103322425370578, 37.402893438219039 ], [ 127.103472425220076, 37.402893162884659 ], [ 127.103472326088024, 37.402919634955957 ], [ 127.103710244490586, 37.40292173312482 ], [ 127.10376151671062, 37.402804059904931 ], [ 127.103873259767781, 37.40280182637283 ] ] ] } },
{ "type": "Feature", "properties": { "명칭": null, "구분": null, "종류": "무벽건물", "용도": "기타시설", "주기": null, "층수": 1, "측량방법": "사진측량", "UFID": "1000037709035B00110000000000001490", "region": "pangyo", "region_name": "제1판교테크노밸리", "base_year": 2023 }, "geometry": { "type": "Polygon", "coordinates": [ [ [ 127.100780194628385, 37.401807514767867 ], [ 127.100780516078245, 37.401828274012253 ], [ 127.100930795897781, 37.401827794430055 ], [ 127.10093124064575, 37.401805719041754 ], [ 127.100780194628385, 37.401807514767867 ] ] ] } },
{ "type": "Feature", "properties": { "명칭": null, "구분": null, "종류": "주택외건물", "용도": "근린생활시설", "주기": "농수산홈쇼핑", "층수": 10, "측량방법": "사진측량", "UFID": "1000037709035B00110000000000001489", "region": "pangyo", "region_name": "제1판교테크노밸리", "base_year": 2023 }, "geometry": { "type": "Polygon", "coordinates": [ [ [ 127.100678708131682, 37.401564974347828 ], [ 127.100676433330335, 37.401713437480417 ], [ 127.100694718077349, 37.401713052491893 ], [ 127.100695160254219, 37.40180717274518 ], [ 127.101084669301997, 37.401803605728517 ], [ 127.101077957957671, 37.401566228530982 ], [ 127.100678708131682, 37.401564974347828 ] ] ] } },
{ "type": "Feature", "properties": { "명칭": null, "구분": null, "종류": "주택외건물", "용도": "근린생활시설", "주기": "NS홈쇼핑", "층수": 10, "측량방법": "사진측량", "UFID": "1000037709035B00110000000000001488", "region": "pangyo", "region_name": "제1판교테크노밸리", "base_year": 2023 }, "geometry": { "type": "Polygon", "coordinates": [ [ [ 127.101791703415685, 37.401792006713535 ], [ 127.101791256333129, 37.401695273508921 ], [ 127.101844914081113, 37.401694650650505 ], [ 127.101844360743343, 37.401569526370956 ], [ 127.101414502886897, 37.401567634276546 ], [ 127.10141225426824, 37.401692544716802 ], [ 127.101434932407884, 37.401692137825208 ], [ 127.101434955896679, 37.401717943040055 ], [ 127.101409588112631, 37.401717144870631 ], [ 127.101411886502248, 37.401855449586492 ], [ 127.101320937743807, 37.401857951301722 ], [ 127.101320383565337, 37.402025154195286 ], [ 127.10184804605116, 37.402022682576735 ], [ 127.10184480802566, 37.401791537504863 ], [ 127.101791703415685, 37.401792006713535 ] ] ] } },
{ "type": "Feature", "properties": { "명칭": "윈스", "구분": null, "종류": "주택외건물", "용도": "근린생활시설", "주기": null, "층수": 10, "측량방법": "사진측량", "UFID": "1000037709035B00110000000000001487", "region": "pangyo", "region_name": "제1판교테크노밸리", "base_year": 2023 }, "geometry": { "type": "Polygon", "coordinates": [ [ [ 127.101571680416157, 37.401021399642907 ], [ 127.101574708931665, 37.401248589451441 ], [ 127.101592169651951, 37.401248619501636 ], [ 127.101592736517887, 37.40141754239994 ], [ 127.101693413226982, 37.401418185682509 ], [ 127.101693372811241, 37.401421708708675 ], [ 127.101843348820282, 37.401422669861702 ], [ 127.101841587281953, 37.401247666103394 ], [ 127.101857274647386, 37.401247562488692 ], [ 127.101858003125443, 37.401018098878907 ], [ 127.101571680416157, 37.401021399642907 ] ] ] } },
{ "type": "Feature", "properties": { "명칭": "판교7벤처밸리1단지", "구분": null, "종류": "주택외건물", "용도": "근린생활시설", "주기": null, "층수": 10, "측량방법": "사진측량", "UFID": "1000037709035B00110000000000001486", "region": "pangyo", "region_name": "제1판교테크노밸리", "base_year": 2023 }, "geometry": { "type": "Polygon", "coordinates": [ [ [ 127.10133131125265, 37.401182591278669 ], [ 127.101331213280972, 37.40117693295165 ], [ 127.101352865288533, 37.401177851455884 ], [ 127.101353827183715, 37.401019928703789 ], [ 127.100928448424256, 37.401020643961346 ], [ 127.100928609484512, 37.401081787100694 ], [ 127.100823594765231, 37.401079993558945 ], [ 127.1008243537525, 37.401233436764791 ], [ 127.100842243535809, 37.401233385467968 ], [ 127.100842274008116, 37.401239269108146 ], [ 127.100834763464775, 37.401239293533699 ], [ 127.100836452576146, 37.401328276911777 ], [ 127.101026963290181, 37.401329483841842 ], [ 127.101027003035512, 37.401325438224326 ], [ 127.101236766947991, 37.401324222638941 ], [ 127.10123684558512, 37.401332304728506 ], [ 127.101348884734506, 37.401333452157445 ], [ 127.101347236630403, 37.401183118242272 ], [ 127.10133131125265, 37.401182591278669 ] ] ] } },
{ "type": "Feature", "properties": { "명칭": "판교7벤처밸리1단지", "구분": null, "종류": "무벽건물", "용도": "근린생활시설", "주기": null, "층수": 1, "측량방법": "사진측량", "UFID": "1000037709035B00110000000000001485", "region": "pangyo", "region_name": "제1판교테크노밸리", "base_year": 2023 }, "geometry": { "type": "Polygon", "coordinates": [ [ [ 127.100904459613915, 37.40136583651541 ], [ 127.100966002451713, 37.401366721041725 ], [ 127.100968125477991, 37.401332849855748 ], [ 127.100905598993833, 37.401331155251214 ], [ 127.100904459613915, 37.40136583651541 ] ] ] } },
{ "type": "Feature", "properties": { "명칭": "판교7벤처밸리2단지", "구분": null, "종류": "주택외건물", "용도": "근린생활시설", "주기": null, "층수": 10, "측량방법": "사진측량", "UFID": "1000037709035B00110000000000001484", "region": "pangyo", "region_name": "제1판교테크노밸리", "base_year": 2023 }, "geometry": { "type": "Polygon", "coordinates": [ [ [ 127.101813773995076, 37.40081658760792 ], [ 127.10181595887704, 37.400594988640307 ], [ 127.101801942000122, 37.400594234841357 ], [ 127.101803087228703, 37.400514097052223 ], [ 127.101745307508665, 37.400514345009412 ], [ 127.101745352372618, 37.400313624529325 ], [ 127.101851720169989, 37.400314569128064 ], [ 127.101853718834263, 37.400047261504952 ], [ 127.101419389233598, 37.400047779000452 ], [ 127.101418442302659, 37.400065845284239 ], [ 127.101319768221899, 37.400066533561393 ], [ 127.101322433700375, 37.400309888041306 ], [ 127.101416942685859, 37.400310726059729 ], [ 127.101416740951919, 37.400412451501431 ], [ 127.101402159985383, 37.4004121216187 ], [ 127.101402153198904, 37.40040708491729 ], [ 127.101203730292966, 37.400407777506501 ], [ 127.101205517491024, 37.400594584652573 ], [ 127.101178941570524, 37.400593742416305 ], [ 127.10117967116939, 37.400783595912621 ], [ 127.101420802204203, 37.400786173485209 ], [ 127.101418021186461, 37.400683612658852 ], [ 127.101592229489782, 37.400682210690093 ], [ 127.101593649325167, 37.40082205692709 ], [ 127.101710871883469, 37.40082335273344 ], [ 127.101710997401796, 37.4008159462336 ], [ 127.101813773995076, 37.40081658760792 ] ] ] } },
{ "type": "Feature", "properties": { "명칭": null, "구분": null, "종류": "가건물", "용도": "근린생활시설", "주기": "NEXON", "층수": 1, "측량방법": "사진측량", "UFID": "1000037709035B00110000000000001483", "region": "pangyo", "region_name": "제1판교테크노밸리", "base_year": 2023 }, "geometry": { "type": "Polygon", "coordinates": [ [ [ 127.10285546726, 37.400799449657619 ], [ 127.102855485359314, 37.400829219372419 ], [ 127.10290696433492, 37.400829769254756 ], [ 127.102907036115639, 37.40080792844568 ], [ 127.102900168882698, 37.40080759203417 ], [ 127.102900166390711, 37.400797509612424 ], [ 127.10285546726, 37.400799449657619 ] ] ] } },
{ "type": "Feature", "properties": { "명칭": null, "구분": null, "종류": "주택외건물", "용도": "근린생활시설", "주기": "NEXON", "층수": 10, "측량방법": "사진측량", "UFID": "1000037709035B00110000000000001482", "region": "pangyo", "region_name": "제1판교테크노밸리", "base_year": 2023 }, "geometry": { "type": "Polygon", "coordinates": [ [ [ 127.102902755033966, 37.400650523817916 ], [ 127.102902144744988, 37.400807157824609 ], [ 127.103464574607926, 37.400805883133494 ], [ 127.103464210547259, 37.400647871415181 ], [ 127.102902755033966, 37.400650523817916 ] ] ] } },
{ "type": "Feature", "properties": { "명칭": null, "구분": null, "종류": "무벽건물", "용도": "근린생활시설", "주기": "NEXON", "층수": 1, "측량방법": "사진측량", "UFID": "1000037709035B00110000000000001481", "region": "pangyo", "region_name": "제1판교테크노밸리", "base_year": 2023 }, "geometry": { "type": "Polygon", "coordinates": [ [ [ 127.102983324944063, 37.400649381457768 ], [ 127.103031607152147, 37.400649609702576 ], [ 127.103031866432687, 37.400517267521792 ], [ 127.10298406991356, 37.400517011823375 ], [ 127.102983324944063, 37.400649381457768 ] ] ] } },
{ "type": "Feature", "properties": { "명칭": null, "구분": null, "종류": "무벽건물", "용도": "근린생활시설", "주기": "NEXON", "층수": 1, "측량방법": "사진측량", "UFID": "1000037709035B00110000000000001480", "region": "pangyo", "region_name": "제1판교테크노밸리", "base_year": 2023 }, "geometry": { "type": "Polygon", "coordinates": [ [ [ 127.103413804919427, 37.400647537081639 ], [ 127.103458438683163, 37.400647416944878 ], [ 127.103461293576729, 37.400514162461285 ], [ 127.103414434334766, 37.40051381601463 ], [ 127.103413804919427, 37.400647537081639 ] ] ] } },
{ "type": "Feature", "properties": { "명칭": null, "구분": null, "종류": "가건물", "용도": "근린생활시설", "주기": "NEXON", "층수": 1, "측량방법": "사진측량", "UFID": "1000037709035B00110000000000001479", "region": "pangyo", "region_name": "제1판교테크노밸리", "base_year": 2023 }, "geometry": { "type": "Polygon", "coordinates": [ [ [ 127.102718024014251, 37.40021571657168 ], [ 127.102768519886482, 37.400216186276744 ], [ 127.102768726853981, 37.400202337404195 ], [ 127.102718534869553, 37.400201092557161 ], [ 127.102718024014251, 37.40021571657168 ] ] ] } },
{ "type": "Feature", "properties": { "명칭": null, "구분": null, "종류": "가건물", "용도": "근린생활시설", "주기": "NEXON", "층수": 1, "측량방법": "사진측량", "UFID": "1000037709035B00110000000000001478", "region": "pangyo", "region_name": "제1판교테크노밸리", "base_year": 2023 }, "geometry": { "type": "Polygon", "coordinates": [ [ [ 127.102718753531278, 37.400146157116879 ], [ 127.102718668254482, 37.400158149780488 ], [ 127.102769671711741, 37.400158177543865 ], [ 127.102769767105457, 37.400145328901452 ], [ 127.102718753531278, 37.400146157116879 ] ] ] } },
{ "type": "Feature", "properties": { "명칭": null, "구분": null, "종류": "무벽건물", "용도": "근린생활시설", "주기": "NEXON", "층수": 1, "측량방법": "사진측량", "UFID": "1000037709035B00110000000000001477", "region": "pangyo", "region_name": "제1판교테크노밸리", "base_year": 2023 }, "geometry": { "type": "Polygon", "coordinates": [ [ [ 127.103099716202465, 37.400250154776828 ], [ 127.103343987909952, 37.400254626844472 ], [ 127.103345077952682, 37.40020952078121 ], [ 127.103099681960614, 37.400208671800392 ], [ 127.103099716202465, 37.400250154776828 ] ] ] } },
{ "type": "Feature", "properties": { "명칭": null, "구분": null, "종류": "무벽건물", "용도": "기타시설", "주기": null, "층수": 1, "측량방법": "사진측량", "UFID": "1000037709035B00110000000000001476", "region": "pangyo", "region_name": "제1판교테크노밸리", "base_year": 2023 }, "geometry": { "type": "Polygon", "coordinates": [ [ [ 127.103971041700902, 37.402291816817133 ], [ 127.104038796302646, 37.402292072576898 ], [ 127.104038365190647, 37.402266168612016 ], [ 127.103970712484454, 37.40226607494612 ], [ 127.103971041700902, 37.402291816817133 ] ] ] } },
{ "type": "Feature", "properties": { "명칭": null, "구분": null, "종류": "주택외건물", "용도": "근린생활시설", "주기": "넥슨코리아", "층수": 10, "측량방법": "사진측량", "UFID": "1000037709035B00110000000000001475", "region": "pangyo", "region_name": "제1판교테크노밸리", "base_year": 2023 }, "geometry": { "type": "Polygon", "coordinates": [ [ [ 127.102912879643199, 37.402190440658352 ], [ 127.104121692499078, 37.402183318494288 ], [ 127.104124448933916, 37.401816465484885 ], [ 127.102914635510118, 37.40180613577288 ], [ 127.102912879643199, 37.402190440658352 ] ] ] } },
{ "type": "Feature", "properties": { "명칭": null, "구분": null, "종류": "무벽건물", "용도": "근린생활시설", "주기": "GBI", "층수": 1, "측량방법": "사진측량", "UFID": "1000037709035B00110000000000001474", "region": "pangyo", "region_name": "제1판교테크노밸리", "base_year": 2023 }, "geometry": { "type": "Polygon", "coordinates": [ [ [ 127.102968034744777, 37.401344135927303 ], [ 127.102990589213377, 37.401344224406529 ], [ 127.102990861248358, 37.401270664829489 ], [ 127.102968261674761, 37.401270612430416 ], [ 127.102968034744777, 37.401344135927303 ] ] ] } },
{ "type": "Feature", "properties": { "명칭": null, "구분": null, "종류": "주택외건물", "용도": "근린생활시설", "주기": "GBI", "층수": 10, "측량방법": "사진측량", "UFID": "1000037709035B00110000000000001473", "region": "pangyo", "region_name": "제1판교테크노밸리", "base_year": 2023 }, "geometry": { "type": "Polygon", "coordinates": [ [ [ 127.10356653295301, 37.401434751476678 ], [ 127.103565762879711, 37.401187043507512 ], [ 127.103560261944722, 37.401186525733479 ], [ 127.103561889509891, 37.401080717429977 ], [ 127.103568248153437, 37.401080774932026 ], [ 127.103567471706043, 37.401050014760067 ], [ 127.103384178905003, 37.401049048887707 ], [ 127.103384226747849, 37.40104276873047 ], [ 127.103089421245699, 37.401045395810463 ], [ 127.103088894720258, 37.401048531822113 ], [ 127.103037935860684, 37.401048522178392 ], [ 127.103038186254338, 37.401033429860718 ], [ 127.102883805970734, 37.401032212758913 ], [ 127.102883407092307, 37.401211336051645 ], [ 127.102994173526554, 37.401215168071211 ], [ 127.102992769529862, 37.401344627966772 ], [ 127.102882742983653, 37.401345156243096 ], [ 127.102881445262696, 37.401511188476285 ], [ 127.103034130473063, 37.401510992454881 ], [ 127.103033627964692, 37.401432685175145 ], [ 127.103176557284044, 37.401434236440814 ], [ 127.103177597624367, 37.401509308585887 ], [ 127.103421148023642, 37.401511906996781 ], [ 127.103421346610688, 37.401434518146928 ], [ 127.10356653295301, 37.401434751476678 ] ] ] } },
{ "type": "Feature", "properties": { "명칭": null, "구분": null, "종류": "무벽건물", "용도": "근린생활시설", "주기": "GBI", "층수": 1, "측량방법": "사진측량", "UFID": "1000037709035B00110000000000001472", "region": "pangyo", "region_name": "제1판교테크노밸리", "base_year": 2023 }, "geometry": { "type": "Polygon", "coordinates": [ [ [ 127.103571788250051, 37.401035207206412 ], [ 127.103566587899635, 37.401212064133503 ], [ 127.103594506459643, 37.401211742339697 ], [ 127.103594401226488, 37.401225546071061 ], [ 127.10361041636088, 37.401225622140771 ], [ 127.103609859553885, 37.401034480066251 ], [ 127.103571788250051, 37.401035207206412 ] ] ] } },
{ "type": "Feature", "properties": { "명칭": null, "구분": null, "종류": "주택외건물", "용도": "근린생활시설", "주기": "NH엔터테이먼트", "층수": 7, "측량방법": "사진측량", "UFID": "1000037709035B00110000000000001471", "region": "pangyo", "region_name": "제1판교테크노밸리", "base_year": 2023 }, "geometry": { "type": "Polygon", "coordinates": [ [ [ 127.103357379644564, 37.405852349499661 ], [ 127.103412385840755, 37.405787013483852 ], [ 127.103507785421058, 37.405683078424694 ], [ 127.103490233063297, 37.405666442936827 ], [ 127.103561345068343, 37.405625537428605 ], [ 127.10340028542889, 37.405447339465113 ], [ 127.102816255016108, 37.405784424852541 ], [ 127.102909168494548, 37.40588542946881 ], [ 127.102885850893756, 37.405898190186015 ], [ 127.102946227280654, 37.40596839017131 ], [ 127.102968009947716, 37.405956468727801 ], [ 127.103032067910348, 37.406026187921618 ], [ 127.103346751563649, 37.405844357731091 ], [ 127.103357379644564, 37.405852349499661 ] ] ] } },
{ "type": "Feature", "properties": { "명칭": null, "구분": null, "종류": "무벽건물", "용도": "근린생활시설", "주기": "스타트업캠퍼스", "층수": 1, "측량방법": "사진측량", "UFID": "1000037709035B00110000000000001470", "region": "pangyo", "region_name": "제1판교테크노밸리", "base_year": 2023 }, "geometry": { "type": "Polygon", "coordinates": [ [ [ 127.105713469637323, 37.404668082870607 ], [ 127.10573518201015, 37.404671018802617 ], [ 127.105744599401177, 37.404621147917588 ], [ 127.105724436857443, 37.404619958580852 ], [ 127.105713469637323, 37.404668082870607 ] ] ] } },
{ "type": "Feature", "properties": { "명칭": null, "구분": null, "종류": "무벽건물", "용도": "근린생활시설", "주기": "스타트업캠퍼스", "층수": 1, "측량방법": "사진측량", "UFID": "1000037709035B00110000000000001469", "region": "pangyo", "region_name": "제1판교테크노밸리", "base_year": 2023 }, "geometry": { "type": "Polygon", "coordinates": [ [ [ 127.106097066763269, 37.404218202223831 ], [ 127.106067077695002, 37.404224761527338 ], [ 127.106053598664531, 37.404229485954581 ], [ 127.106066273952067, 37.404255514072993 ], [ 127.106099254560249, 37.404247870860907 ], [ 127.106125811621141, 37.404242395854176 ], [ 127.106127300890336, 37.404217229018961 ], [ 127.106121121040673, 37.404216000167779 ], [ 127.106097066763269, 37.404218202223831 ] ] ] } },
{ "type": "Feature", "properties": { "명칭": null, "구분": null, "종류": "주택외건물", "용도": "근린생활시설", "주기": "스타트업캠퍼스어린이집", "층수": 2, "측량방법": "사진측량", "UFID": "1000037709035B00110000000000001468", "region": "pangyo", "region_name": "제1판교테크노밸리", "base_year": 2023 }, "geometry": { "type": "Polygon", "coordinates": [ [ [ 127.107205240525914, 37.404129659508762 ], [ 127.107193029483994, 37.404136428232455 ], [ 127.107183908710212, 37.404148014612488 ], [ 127.107167822839898, 37.40423352701459 ], [ 127.1074168321678, 37.404264070901426 ], [ 127.107418910380161, 37.404153315592303 ], [ 127.107415670551873, 37.404146596923773 ], [ 127.107404100374467, 37.404135479832945 ], [ 127.1073839312876, 37.404129632509715 ], [ 127.107211677309976, 37.404128887805108 ], [ 127.107205240525914, 37.404129659508762 ] ] ] } },
{ "type": "Feature", "properties": { "명칭": null, "구분": null, "종류": "주택외건물", "용도": "근린생활시설", "주기": "스타트업캠퍼스", "층수": 8, "측량방법": "사진측량", "UFID": "1000037709035B00110000000000001467", "region": "pangyo", "region_name": "제1판교테크노밸리", "base_year": 2023 }, "geometry": { "type": "Polygon", "coordinates": [ [ [ 127.106441719956138, 37.405136491647085 ], [ 127.106470621371685, 37.405063464967228 ], [ 127.106503784400246, 37.404977009239261 ], [ 127.106477535387185, 37.404968869637166 ], [ 127.106513075090078, 37.404909775749907 ], [ 127.106359674603212, 37.404832308965531 ], [ 127.106223036057315, 37.404779127440101 ], [ 127.106254236133651, 37.40471819043568 ], [ 127.106357164624882, 37.404726612535654 ], [ 127.106508486104261, 37.404580249739503 ], [ 127.106498346210429, 37.404566166915629 ], [ 127.106644308467921, 37.404480032967022 ], [ 127.107008655090965, 37.404269739017366 ], [ 127.107004939084533, 37.404222015332735 ], [ 127.107035230673148, 37.404221744639564 ], [ 127.107033810962747, 37.404120912736708 ], [ 127.106794528053015, 37.404123048276382 ], [ 127.106798257133761, 37.404132334428112 ], [ 127.106771141259543, 37.404149874753202 ], [ 127.106751847547883, 37.404132088011842 ], [ 127.106677985106103, 37.404158671705126 ], [ 127.106594117015831, 37.404194193484656 ], [ 127.106523484521404, 37.404228631066786 ], [ 127.106459115663256, 37.404267676191239 ], [ 127.106397855776436, 37.40431685496165 ], [ 127.106337231895282, 37.404368574005311 ], [ 127.106293327654924, 37.404414952957929 ], [ 127.106295931437131, 37.404419221453495 ], [ 127.10624380391198, 37.40448105126805 ], [ 127.106225372876892, 37.404490276255643 ], [ 127.106187843090837, 37.404507789760714 ], [ 127.106143339703053, 37.404521885637145 ], [ 127.106094464966645, 37.40452774108347 ], [ 127.106038047177279, 37.404526818591677 ], [ 127.105995397160925, 37.404517639395664 ], [ 127.105935617911314, 37.404495717084863 ], [ 127.105916029701078, 37.404517377141318 ], [ 127.105881071257969, 37.404500126881935 ], [ 127.105835090488185, 37.404467650225222 ], [ 127.105796994390147, 37.404435896322092 ], [ 127.105763448499445, 37.404403048101834 ], [ 127.105737828523957, 37.404424398167251 ], [ 127.105703540656833, 37.404458316199715 ], [ 127.105678581936914, 37.40449212677197 ], [ 127.105648447628624, 37.404548188154898 ], [ 127.105755456007969, 37.404598810924583 ], [ 127.10573866253219, 37.404672286128672 ], [ 127.105709339358171, 37.404670609420137 ], [ 127.105618811725094, 37.404661635067114 ], [ 127.105517585831493, 37.40465908545707 ], [ 127.105490423422012, 37.404659893581901 ], [ 127.105444615162355, 37.404702111202553 ], [ 127.105353948338035, 37.404779265299737 ], [ 127.105356212130971, 37.40478274122087 ], [ 127.105338455317693, 37.40479769595801 ], [ 127.105334589354243, 37.404795410810664 ], [ 127.105264735688436, 37.404846452747762 ], [ 127.105317365998374, 37.404884861424975 ], [ 127.105363822717223, 37.404910372970008 ], [ 127.105368784307132, 37.404904620039282 ], [ 127.105413206442748, 37.404929007102609 ], [ 127.105408826838925, 37.404939012331937 ], [ 127.105499630915588, 37.404983820173655 ], [ 127.105635985808064, 37.405044228969018 ], [ 127.105768968621589, 37.405091990298978 ], [ 127.10588019828046, 37.405123867953805 ], [ 127.105979794393775, 37.405147646749938 ], [ 127.106109579596492, 37.40517023605716 ], [ 127.106218998893468, 37.405183653113305 ], [ 127.106306666107358, 37.405190106720809 ], [ 127.106404515988572, 37.40519291097845 ], [ 127.106415690908463, 37.405132181169414 ], [ 127.106441719956138, 37.405136491647085 ] ] ] } },
{ "type": "Feature", "properties": { "명칭": null, "구분": null, "종류": "무벽건물", "용도": "근린생활시설", "주기": "스타트업캠퍼스", "층수": 1, "측량방법": "사진측량", "UFID": "1000037709035B00110000000000001466", "region": "pangyo", "region_name": "제1판교테크노밸리", "base_year": 2023 }, "geometry": { "type": "Polygon", "coordinates": [ [ [ 127.107175705045194, 37.404184972893695 ], [ 127.107179399037776, 37.404161660148681 ], [ 127.107106883596444, 37.404134686238656 ], [ 127.107035044990411, 37.404115027956635 ], [ 127.106977439753379, 37.404104880539222 ], [ 127.106943721478913, 37.404101991735466 ], [ 127.106942754248237, 37.404120769874723 ], [ 127.107034013815479, 37.404120597195956 ], [ 127.107035749593095, 37.404189541702486 ], [ 127.107081891808193, 37.404168551199689 ], [ 127.107092428303801, 37.404167631626315 ], [ 127.107175705045194, 37.404184972893695 ] ] ] } },
{ "type": "Feature", "properties": { "명칭": null, "구분": null, "종류": "무벽건물", "용도": "근린생활시설", "주기": "달팽이공원", "층수": 1, "측량방법": "사진측량", "UFID": "1000037709035B00110000000000001465", "region": "pangyo", "region_name": "제1판교테크노밸리", "base_year": 2023 }, "geometry": { "type": "Polygon", "coordinates": [ [ [ 127.108315319514062, 37.404346478476974 ], [ 127.108311810947924, 37.404317901326444 ], [ 127.10830862917706, 37.404304497058632 ], [ 127.108298935798956, 37.404286963071826 ], [ 127.108293997685479, 37.404277452820061 ], [ 127.108287649557639, 37.404277044164786 ], [ 127.108264856327722, 37.404292175148591 ], [ 127.108257512395696, 37.404298308811086 ], [ 127.108259427703331, 37.40431069608691 ], [ 127.108271037535999, 37.40431001870126 ], [ 127.108274753233744, 37.40430987113546 ], [ 127.108276682732097, 37.404316419786291 ], [ 127.108279559415337, 37.404329734232306 ], [ 127.108280467397705, 37.40434850165407 ], [ 127.108279137140073, 37.404365937615438 ], [ 127.108275692869981, 37.404374185105468 ], [ 127.108266035974182, 37.404374157907505 ], [ 127.108262892843939, 37.404379756121671 ], [ 127.108299005364017, 37.404405924720869 ], [ 127.108300077452313, 37.404405302034888 ], [ 127.108306447815693, 37.404397610496524 ], [ 127.108311955070548, 37.404386640034517 ], [ 127.108315431182334, 37.404369130025458 ], [ 127.108315319514062, 37.404346478476974 ] ] ] } },
{ "type": "Feature", "properties": { "명칭": null, "구분": null, "종류": "주택외건물", "용도": "근린생활시설", "주기": "ABN", "층수": 7, "측량방법": "사진측량", "UFID": "1000037709035B00110000000000001464", "region": "pangyo", "region_name": "제1판교테크노밸리", "base_year": 2023 }, "geometry": { "type": "Polygon", "coordinates": [ [ [ 127.110656801714796, 37.403459598407466 ], [ 127.110642866523065, 37.403507140276055 ], [ 127.110590182791285, 37.40350273852264 ], [ 127.110590288078868, 37.403474473413191 ], [ 127.110299458889756, 37.403476168684165 ], [ 127.110295301868234, 37.403853285643407 ], [ 127.110437976391566, 37.403854999559236 ], [ 127.11043849801986, 37.403817940103771 ], [ 127.11047057483259, 37.40382595625065 ], [ 127.110458758970609, 37.403886263573298 ], [ 127.1106979116948, 37.403926739003936 ], [ 127.110823540241128, 37.403443467151064 ], [ 127.110656801714796, 37.403459598407466 ] ] ] } },
{ "type": "Feature", "properties": { "명칭": null, "구분": null, "종류": "주택외건물", "용도": "근린생활시설", "주기": "ABN", "층수": 1, "측량방법": "사진측량", "UFID": "1000037709035B00110000000000001463", "region": "pangyo", "region_name": "제1판교테크노밸리", "base_year": 2023 }, "geometry": { "type": "Polygon", "coordinates": [ [ [ 127.110421641446067, 37.403922149843353 ], [ 127.110466888651956, 37.403930820445687 ], [ 127.110474643520689, 37.403889321212297 ], [ 127.110451336989371, 37.403885243343495 ], [ 127.110454311179822, 37.403872401024813 ], [ 127.110434811224351, 37.403868544851797 ], [ 127.110421641446067, 37.403922149843353 ] ] ] } },
{ "type": "Feature", "properties": { "명칭": "V-FORUM", "구분": null, "종류": "주택외건물", "용도": "근린생활시설", "주기": null, "층수": 1, "측량방법": "사진측량", "UFID": "1000037709035B00110000000000001462", "region": "pangyo", "region_name": "제1판교테크노밸리", "base_year": 2023 }, "geometry": { "type": "Polygon", "coordinates": [ [ [ 127.109915048593408, 37.403890815841272 ], [ 127.109949498630371, 37.403892063260223 ], [ 127.109949801087339, 37.403859437031073 ], [ 127.109915262196708, 37.403859207847816 ], [ 127.109915048593408, 37.403890815841272 ] ] ] } },
{ "type": "Feature", "properties": { "명칭": "V-FORUM", "구분": null, "종류": "주택외건물", "용도": "근린생활시설", "주기": null, "층수": 7, "측량방법": "사진측량", "UFID": "1000037709035B00110000000000001461", "region": "pangyo", "region_name": "제1판교테크노밸리", "base_year": 2023 }, "geometry": { "type": "Polygon", "coordinates": [ [ [ 127.110225233903137, 37.403462136932056 ], [ 127.110224882875542, 37.403453811830424 ], [ 127.109933567398258, 37.403455029113871 ], [ 127.109926596441198, 37.40385549411711 ], [ 127.110224333891608, 37.403857793853042 ], [ 127.110228692562089, 37.403841688555531 ], [ 127.110237276282859, 37.40384162649174 ], [ 127.110240367695496, 37.403461627261734 ], [ 127.110225233903137, 37.403462136932056 ] ] ] } },
{ "type": "Feature", "properties": { "명칭": "HappyHouse판교", "구분": null, "종류": "무벽건물", "용도": "기타시설", "주기": null, "층수": 1, "측량방법": "현황측량", "UFID": "1000037709035B00110000000000001460", "region": "pangyo", "region_name": "제1판교테크노밸리", "base_year": 2023 }, "geometry": { "type": "Polygon", "coordinates": [ [ [ 127.108521872444911, 37.404235400505989 ], [ 127.108521889480826, 37.404247212866927 ], [ 127.108498013028338, 37.404247369932001 ], [ 127.108497773453848, 37.404308378238277 ], [ 127.108562152694589, 37.404308553410161 ], [ 127.108562329333509, 37.404235273264646 ], [ 127.108521872444911, 37.404235400505989 ] ] ] } },
{ "type": "Feature", "properties": { "명칭": "HappyHouse판교", "구분": null, "종류": "주택외건물", "용도": "근린생활시설", "주기": null, "층수": 1, "측량방법": "현황측량", "UFID": "1000037709035B00110000000000001459", "region": "pangyo", "region_name": "제1판교테크노밸리", "base_year": 2023 }, "geometry": { "type": "Polygon", "coordinates": [ [ [ 127.108895650685568, 37.404506110791928 ], [ 127.108895648507968, 37.404504606090043 ], [ 127.108949579836235, 37.404504376203498 ], [ 127.108949686779184, 37.404305214576659 ], [ 127.108885205798757, 37.404304976638045 ], [ 127.108885109609446, 37.404457050934461 ], [ 127.108756656946667, 37.404457475503655 ], [ 127.108756549710449, 37.404477054773359 ], [ 127.108673184036746, 37.404476816067692 ], [ 127.108672647314904, 37.404543131654435 ], [ 127.108638401850527, 37.404542955889951 ], [ 127.108638079671124, 37.404570139967966 ], [ 127.108575630722214, 37.404569368391662 ], [ 127.108575519118958, 37.40457812641128 ], [ 127.1087605822282, 37.404617952616306 ], [ 127.108836176819565, 37.404617810974962 ], [ 127.108836037507444, 37.404505877353529 ], [ 127.108895650685568, 37.404506110791928 ] ] ] } },
{ "type": "Feature", "properties": { "명칭": "HappyHouse판교", "구분": null, "종류": "무벽건물", "용도": "기타시설", "주기": null, "층수": 1, "측량방법": "현황측량", "UFID": "1000037709035B00110000000000001458", "region": "pangyo", "region_name": "제1판교테크노밸리", "base_year": 2023 }, "geometry": { "type": "Polygon", "coordinates": [ [ [ 127.108895157256512, 37.404555379035642 ], [ 127.108895380632873, 37.404506813836463 ], [ 127.108836727675452, 37.404506705656907 ], [ 127.108837046424867, 37.404617756113275 ], [ 127.108896964176139, 37.404617664903299 ], [ 127.108897506464203, 37.404555331821015 ], [ 127.108895157256512, 37.404555379035642 ] ] ] } },
{ "type": "Feature", "properties": { "명칭": "HappyHouse판교", "구분": null, "종류": "아파트", "용도": "주택", "주기": "202동", "층수": 8, "측량방법": "현황측량", "UFID": "1000037709035B00110000000000001457", "region": "pangyo", "region_name": "제1판교테크노밸리", "base_year": 2023 }, "geometry": { "type": "Polygon", "coordinates": [ [ [ 127.108896496699529, 37.404232208848335 ], [ 127.108896391839878, 37.404190969244176 ], [ 127.108843634806362, 37.404190810586584 ], [ 127.108843633536992, 37.404182124751699 ], [ 127.108747358690763, 37.404181997093126 ], [ 127.108746925029067, 37.404100752487281 ], [ 127.108670065815232, 37.404100787111084 ], [ 127.108669908225664, 37.404108977530932 ], [ 127.108638735183888, 37.404108880034393 ], [ 127.108638644271522, 37.404100671822498 ], [ 127.108406756608204, 37.404100875646201 ], [ 127.108406844172819, 37.404185175029824 ], [ 127.108412152496129, 37.404185098081129 ], [ 127.108412580982161, 37.40424732215282 ], [ 127.108521199448631, 37.404246474663573 ], [ 127.108521160031657, 37.404234806486436 ], [ 127.108596833430724, 37.404234755028057 ], [ 127.108596774485505, 37.404248693866748 ], [ 127.108689265357327, 37.404248554820221 ], [ 127.108689105407464, 37.404231651825818 ], [ 127.108896496699529, 37.404232208848335 ] ] ] } },
{ "type": "Feature", "properties": { "명칭": "HappyHouse판교", "구분": null, "종류": "아파트", "용도": "주택", "주기": "101동", "층수": 8, "측량방법": "현황측량", "UFID": "1000037709035B00110000000000001456", "region": "pangyo", "region_name": "제1판교테크노밸리", "base_year": 2023 }, "geometry": { "type": "Polygon", "coordinates": [ [ [ 127.108671629605581, 37.404542303651162 ], [ 127.108672168928564, 37.404438685821603 ], [ 127.108631870028759, 37.404438794935025 ], [ 127.108631649850338, 37.404356694166779 ], [ 127.10860976035913, 37.404356263765685 ], [ 127.108609728476509, 37.404326349920439 ], [ 127.108592922255554, 37.40432641040794 ], [ 127.108593179406071, 37.404308939387725 ], [ 127.108406219916006, 37.404308489245054 ], [ 127.108405853804186, 37.404548269104573 ], [ 127.10852221049322, 37.404548108304752 ], [ 127.108522352430441, 37.404568209937054 ], [ 127.10855250850004, 37.404567857887663 ], [ 127.108552462033813, 37.404559136053969 ], [ 127.108575424048979, 37.404559205072623 ], [ 127.108575392872893, 37.404568909089711 ], [ 127.108636733898578, 37.404568951857705 ], [ 127.108637384219648, 37.404542181947519 ], [ 127.108671629605581, 37.404542303651162 ] ] ] } },
{ "type": "Feature", "properties": { "명칭": "HappyHouse판교", "구분": null, "종류": "아파트", "용도": "주택", "주기": "201동", "층수": 8, "측량방법": "현황측량", "UFID": "1000037709035B00110000000000001455", "region": "pangyo", "region_name": "제1판교테크노밸리", "base_year": 2023 }, "geometry": { "type": "Polygon", "coordinates": [ [ [ 127.109157325206581, 37.404195702270655 ], [ 127.109156769296689, 37.404100564045869 ], [ 127.108747150919342, 37.404100752279511 ], [ 127.108747584320838, 37.40418181668155 ], [ 127.108843859179856, 37.404181953350118 ], [ 127.108843860436238, 37.404190630174831 ], [ 127.108896617469625, 37.40419078883231 ], [ 127.108896657545912, 37.404241894668779 ], [ 127.108950724716024, 37.404242007044424 ], [ 127.108950631379642, 37.40450516813241 ], [ 127.108896338363664, 37.404505218148493 ], [ 127.108896183837686, 37.404554531131097 ], [ 127.108898600838913, 37.404554501874422 ], [ 127.108898285812757, 37.40461778081869 ], [ 127.109148902594242, 37.404618315599031 ], [ 127.109149825326838, 37.404195492949427 ], [ 127.109157325206581, 37.404195702270655 ] ] ] } },
{ "type": "Feature", "properties": { "명칭": null, "구분": null, "종류": "주택외건물", "용도": "근린생활시설", "주기": "한화테크원", "층수": 7, "측량방법": "사진측량", "UFID": "1000037709035B00110000000000001454", "region": "pangyo", "region_name": "제1판교테크노밸리", "base_year": 2023 }, "geometry": { "type": "Polygon", "coordinates": [ [ [ 127.110402788324038, 37.404720967001317 ], [ 127.110403893620173, 37.404612122722597 ], [ 127.110412263003326, 37.404612177978834 ], [ 127.110405679450324, 37.404220411493327 ], [ 127.110321621525557, 37.404217741841251 ], [ 127.110321906940229, 37.404212119208132 ], [ 127.110074950857907, 37.404211529444034 ], [ 127.110073863792437, 37.404503019534495 ], [ 127.110062275494656, 37.40450298527108 ], [ 127.110062325944639, 37.404491145817609 ], [ 127.109645385781164, 37.404490803367622 ], [ 127.109646403484049, 37.404499371126782 ], [ 127.109631901384105, 37.404499474676292 ], [ 127.109633603784147, 37.404249295800014 ], [ 127.10962799034769, 37.404249264964015 ], [ 127.109629491233704, 37.404209618678031 ], [ 127.109367391096782, 37.404210347956081 ], [ 127.109368154689463, 37.404588063970941 ], [ 127.109378378031735, 37.404589252871013 ], [ 127.109377858430875, 37.404628069304948 ], [ 127.109372064226605, 37.404628020603624 ], [ 127.109374741635307, 37.404768288960568 ], [ 127.109609251685086, 37.404768071795928 ], [ 127.109609978015158, 37.404832485059551 ], [ 127.109695769971751, 37.404831035945605 ], [ 127.109695898414259, 37.404934635132065 ], [ 127.110295033900798, 37.404934167861256 ], [ 127.110292114926992, 37.404722737176961 ], [ 127.110402788324038, 37.404720967001317 ] ] ] } },
{ "type": "Feature", "properties": { "명칭": null, "구분": null, "종류": "주택외건물", "용도": "근린생활시설", "주기": "한화테크원", "층수": 1, "측량방법": "사진측량", "UFID": "1000037709035B00110000000000001453", "region": "pangyo", "region_name": "제1판교테크노밸리", "base_year": 2023 }, "geometry": { "type": "Polygon", "coordinates": [ [ [ 127.110101526542607, 37.405091233849944 ], [ 127.110192697589156, 37.405091518335183 ], [ 127.110191080155502, 37.405028250204445 ], [ 127.110101682050413, 37.4050276937609 ], [ 127.110101526542607, 37.405091233849944 ] ] ] } },
{ "type": "Feature", "properties": { "명칭": null, "구분": null, "종류": "주택외건물", "용도": "근린생활시설", "주기": "한화테크원", "층수": 1, "측량방법": "사진측량", "UFID": "1000037709035B00110000000000001452", "region": "pangyo", "region_name": "제1판교테크노밸리", "base_year": 2023 }, "geometry": { "type": "Polygon", "coordinates": [ [ [ 127.110228734960586, 37.405065697546242 ], [ 127.110246503146442, 37.405066834286018 ], [ 127.110248341451211, 37.405041847281908 ], [ 127.110229704150484, 37.405041098791337 ], [ 127.110228734960586, 37.405065697546242 ] ] ] } },
{ "type": "Feature", "properties": { "명칭": null, "구분": null, "종류": "무벽건물", "용도": "근린생활시설", "주기": "한화테크원", "층수": 1, "측량방법": "사진측량", "UFID": "1000037709035B00110000000000001451", "region": "pangyo", "region_name": "제1판교테크노밸리", "base_year": 2023 }, "geometry": { "type": "Polygon", "coordinates": [ [ [ 127.110413249778588, 37.404514938949887 ], [ 127.110460522004402, 37.404517913214377 ], [ 127.110503112925116, 37.40439419036268 ], [ 127.110411445418691, 37.404393672314519 ], [ 127.110413249778588, 37.404514938949887 ] ] ] } },
{ "type": "Feature", "properties": { "명칭": null, "구분": null, "종류": "무벽건물", "용도": "근린생활시설", "주기": "한화테크원", "층수": 1, "측량방법": "사진측량", "UFID": "1000037709035B00110000000000001450", "region": "pangyo", "region_name": "제1판교테크노밸리", "base_year": 2023 }, "geometry": { "type": "Polygon", "coordinates": [ [ [ 127.109877147569577, 37.404364904899836 ], [ 127.109896866446022, 37.404371653236126 ], [ 127.109926744935166, 37.404382365623604 ], [ 127.109898104739131, 37.40429150632869 ], [ 127.109804100981691, 37.404292080215598 ], [ 127.109778881406399, 37.40438578271511 ], [ 127.109793589034297, 37.404387219701462 ], [ 127.109797589924284, 37.404381269252248 ], [ 127.109826233700247, 37.404366303733056 ], [ 127.10984840990092, 37.404361967245165 ], [ 127.109877147569577, 37.404364904899836 ] ] ] } },
{ "type": "Feature", "properties": { "명칭": null, "구분": null, "종류": "주택외건물", "용도": "근린생활시설", "주기": "한화테크원", "층수": 1, "측량방법": "사진측량", "UFID": "1000037709035B00110000000000001449", "region": "pangyo", "region_name": "제1판교테크노밸리", "base_year": 2023 }, "geometry": { "type": "Polygon", "coordinates": [ [ [ 127.109675246638574, 37.405047335877661 ], [ 127.109723940615282, 37.405049155811511 ], [ 127.109724406926873, 37.405028134577456 ], [ 127.109675320146252, 37.405028026946532 ], [ 127.109675246638574, 37.405047335877661 ] ] ] } },
{ "type": "Feature", "properties": { "명칭": null, "구분": null, "종류": "주택외건물", "용도": "근린생활시설", "주기": "한화테크원", "층수": 1, "측량방법": "사진측량", "UFID": "1000037709035B00110000000000001448", "region": "pangyo", "region_name": "제1판교테크노밸리", "base_year": 2023 }, "geometry": { "type": "Polygon", "coordinates": [ [ [ 127.109750517357284, 37.405033930934508 ], [ 127.109752080881194, 37.40507598009593 ], [ 127.110077331516266, 37.40507454245315 ], [ 127.110076250607207, 37.40503052862281 ], [ 127.109750517357284, 37.405033930934508 ] ] ] } },
{ "type": "Feature", "properties": { "명칭": null, "구분": null, "종류": "무벽건물", "용도": "근린생활시설", "주기": "엘아이지넥스원판교하우스", "층수": 1, "측량방법": "사진측량", "UFID": "1000037709035B00110000000000001447", "region": "pangyo", "region_name": "제1판교테크노밸리", "base_year": 2023 }, "geometry": { "type": "Polygon", "coordinates": [ [ [ 127.111591492580814, 37.404516598938983 ], [ 127.111695036529269, 37.404612243582619 ], [ 127.111723797114408, 37.404584861435062 ], [ 127.111614071628054, 37.40449453867118 ], [ 127.111591492580814, 37.404516598938983 ] ] ] } },
{ "type": "Feature", "properties": { "명칭": null, "구분": null, "종류": "무벽건물", "용도": "근린생활시설", "주기": "엘아이지넥스원판교하우스", "층수": 1, "측량방법": "사진측량", "UFID": "1000037709035B00110000000000001446", "region": "pangyo", "region_name": "제1판교테크노밸리", "base_year": 2023 }, "geometry": { "type": "Polygon", "coordinates": [ [ [ 127.111364902575673, 37.404556151120048 ], [ 127.11149457330464, 37.404600178908133 ], [ 127.1115085558652, 37.404577207726007 ], [ 127.111736190371929, 37.404655390599288 ], [ 127.111699078421239, 37.40461879018153 ], [ 127.111491482958016, 37.404427807634676 ], [ 127.111364902575673, 37.404556151120048 ] ] ] } },
{ "type": "Feature", "properties": { "명칭": null, "구분": null, "종류": "주택외건물", "용도": "근린생활시설", "주기": "엘아이지넥스원판교하우스", "층수": 1, "측량방법": "사진측량", "UFID": "1000037709035B00110000000000001445", "region": "pangyo", "region_name": "제1판교테크노밸리", "base_year": 2023 }, "geometry": { "type": "Polygon", "coordinates": [ [ [ 127.11111736738151, 37.404439512668183 ], [ 127.111113454658181, 37.404428613999777 ], [ 127.111095806568144, 37.404401627005207 ], [ 127.111072723211592, 37.404388187448859 ], [ 127.111050414111105, 37.404386613598035 ], [ 127.111034887075988, 37.404388646465662 ], [ 127.11102379352819, 37.404394756790253 ], [ 127.11101049608196, 37.404407536733146 ], [ 127.11099441900754, 37.404442502403306 ], [ 127.110991895090436, 37.40446193076987 ], [ 127.110993112678159, 37.404483391929922 ], [ 127.110996791460124, 37.404504156993823 ], [ 127.111003607903157, 37.404523405397846 ], [ 127.111019627104824, 37.40454106837533 ], [ 127.111044702905829, 37.404557596569951 ], [ 127.111113141219207, 37.40443816510934 ], [ 127.11111736738151, 37.404439512668183 ] ] ] } },
{ "type": "Feature", "properties": { "명칭": "에이텍빌딩", "구분": null, "종류": "주택외건물", "용도": "근린생활시설", "주기": null, "층수": 8, "측량방법": "사진측량", "UFID": "1000037709035B00110000000000001444", "region": "pangyo", "region_name": "제1판교테크노밸리", "base_year": 2023 }, "geometry": { "type": "Polygon", "coordinates": [ [ [ 127.106349307545543, 37.403554689443524 ], [ 127.106350709392544, 37.403443754543105 ], [ 127.105862361873392, 37.403444490118829 ], [ 127.10586199466691, 37.403568831271983 ], [ 127.105859351769269, 37.403568833638204 ], [ 127.105859597287449, 37.403655043055103 ], [ 127.106352793069945, 37.403655420394493 ], [ 127.106353181586655, 37.403554721999789 ], [ 127.106349307545543, 37.403554689443524 ] ] ] } },
{ "type": "Feature", "properties": { "명칭": null, "구분": null, "종류": "무벽건물", "용도": "근린생활시설", "주기": "삼양판교R&D센터", "층수": 1, "측량방법": "사진측량", "UFID": "1000037709035B00110000000000001443", "region": "pangyo", "region_name": "제1판교테크노밸리", "base_year": 2023 }, "geometry": { "type": "Polygon", "coordinates": [ [ [ 127.106580227511643, 37.40371771038118 ], [ 127.106583402339226, 37.403750369509801 ], [ 127.106596160580864, 37.403779073529321 ], [ 127.10662357845419, 37.403807340849042 ], [ 127.106658517297518, 37.403826807418916 ], [ 127.10665893743365, 37.403796514733607 ], [ 127.106654743459302, 37.403769983465459 ], [ 127.106654745946969, 37.403755801401786 ], [ 127.10665561946395, 37.403718669562117 ], [ 127.106653554188014, 37.403679963587336 ], [ 127.106581128490788, 37.403676019353654 ], [ 127.106580227511643, 37.40371771038118 ] ] ] } },
{ "type": "Feature", "properties": { "명칭": null, "구분": null, "종류": "주택외건물", "용도": "근린생활시설", "주기": "삼양판교R&D센터", "층수": 9, "측량방법": "사진측량", "UFID": "1000037709035B00110000000000001442", "region": "pangyo", "region_name": "제1판교테크노밸리", "base_year": 2023 }, "geometry": { "type": "Polygon", "coordinates": [ [ [ 127.107225623761281, 37.403865714135719 ], [ 127.107226571003963, 37.403856739113479 ], [ 127.107325135386105, 37.403854883687558 ], [ 127.107323428594583, 37.403774766502096 ], [ 127.107344335201446, 37.403775134962387 ], [ 127.107346638707838, 37.403750985523949 ], [ 127.107348388789049, 37.403711005658998 ], [ 127.107342863336441, 37.403630108050983 ], [ 127.1073495198263, 37.403561696535796 ], [ 127.107348081989386, 37.403535532207371 ], [ 127.107343527072189, 37.403509496851584 ], [ 127.107342123014476, 37.40341199870204 ], [ 127.107327744407726, 37.40341143510156 ], [ 127.107290111638562, 37.403411613418854 ], [ 127.107182572181344, 37.403407935675624 ], [ 127.107066163841168, 37.403410248641691 ], [ 127.107024362716786, 37.403409926077337 ], [ 127.106966836315834, 37.403407184970121 ], [ 127.106918317208965, 37.403408409190632 ], [ 127.10685772619297, 37.403410923750847 ], [ 127.106796351510738, 37.403410375518234 ], [ 127.10678915534379, 37.403417193732565 ], [ 127.106669704769004, 37.403416679851624 ], [ 127.106667582352529, 37.403497016751295 ], [ 127.10665832399377, 37.403515126604283 ], [ 127.106652488212831, 37.40353349466529 ], [ 127.106651741443429, 37.403564427371066 ], [ 127.106655791215985, 37.403600788903411 ], [ 127.106651940795658, 37.403601486162309 ], [ 127.106652057135591, 37.403643725895733 ], [ 127.106661487090605, 37.40364307766496 ], [ 127.106662333901511, 37.40365085270745 ], [ 127.106656033650339, 37.403724021249843 ], [ 127.106656008717351, 37.403754241497388 ], [ 127.106661075549255, 37.403798954570192 ], [ 127.106660726381591, 37.403863377844559 ], [ 127.106765446827694, 37.403861904770501 ], [ 127.10679954946049, 37.403865117645466 ], [ 127.106868074775903, 37.403866263097022 ], [ 127.106910517813461, 37.403865089442149 ], [ 127.106940185885648, 37.403863287602519 ], [ 127.106986992982883, 37.403865200473057 ], [ 127.107024584531132, 37.403867644258789 ], [ 127.107068713905747, 37.403868901775802 ], [ 127.107103738738914, 37.403869329574889 ], [ 127.107138600382399, 37.403866198480884 ], [ 127.107169883277479, 37.403864196895874 ], [ 127.107198062551277, 37.403863855994004 ], [ 127.107225623761281, 37.403865714135719 ] ] ] } },
{ "type": "Feature", "properties": { "명칭": null, "구분": null, "종류": "가건물", "용도": "기타시설", "주기": null, "층수": 1, "측량방법": "사진측량", "UFID": "1000037709035B00110000000000001441", "region": "pangyo", "region_name": "제1판교테크노밸리", "base_year": 2023 }, "geometry": { "type": "Polygon", "coordinates": [ [ [ 127.108647770985058, 37.403850864548126 ], [ 127.108646745782636, 37.403876130101914 ], [ 127.108628560968356, 37.403875660259153 ], [ 127.108628569431829, 37.403889346751065 ], [ 127.108710135573077, 37.403887469745264 ], [ 127.108709200323233, 37.403849898054915 ], [ 127.108647770985058, 37.403850864548126 ] ] ] } },
{ "type": "Feature", "properties": { "명칭": "한화빌딩", "구분": null, "종류": "주택외건물", "용도": "근린생활시설", "주기": null, "층수": 7, "측량방법": "사진측량", "UFID": "1000037709035B00110000000000001440", "region": "pangyo", "region_name": "제1판교테크노밸리", "base_year": 2023 }, "geometry": { "type": "Polygon", "coordinates": [ [ [ 127.108515888359975, 37.40380605177269 ], [ 127.108521593652114, 37.403807145781286 ], [ 127.108536896371135, 37.403806239724965 ], [ 127.10854251143779, 37.403807423917407 ], [ 127.108547322530725, 37.403807176225229 ], [ 127.108554956006046, 37.403806069972276 ], [ 127.108563698574969, 37.403806512455581 ], [ 127.108570643737394, 37.403805857343812 ], [ 127.108575000529243, 37.40380386208809 ], [ 127.108582476427316, 37.403803134406623 ], [ 127.108587895470791, 37.403801534623888 ], [ 127.108593662640061, 37.403798546949787 ], [ 127.108603076673461, 37.403794690946164 ], [ 127.108610658193172, 37.40378889042104 ], [ 127.108617680073763, 37.403786613399305 ], [ 127.108624100082608, 37.403782075368881 ], [ 127.108641613784386, 37.403763633410705 ], [ 127.108650322196254, 37.403748244990446 ], [ 127.108652224990266, 37.403736286701111 ], [ 127.108659681468978, 37.403526576355056 ], [ 127.108654536069537, 37.403498658459924 ], [ 127.108642176233275, 37.403472612305897 ], [ 127.108620904976988, 37.403454305092815 ], [ 127.108594069681132, 37.403438841200582 ], [ 127.108563349926612, 37.403431769369341 ], [ 127.10852698137171, 37.403431424327671 ], [ 127.108002794734276, 37.403430760000937 ], [ 127.107969366090614, 37.403432754755499 ], [ 127.107947857795011, 37.403438045363472 ], [ 127.107920603778993, 37.403453405610513 ], [ 127.107905825923964, 37.403465853180158 ], [ 127.107890544501103, 37.403489446830456 ], [ 127.107885403705637, 37.403511805838626 ], [ 127.107885770971123, 37.403531636963585 ], [ 127.107889787559515, 37.403536561880472 ], [ 127.10788874313306, 37.403540716537734 ], [ 127.107886037843969, 37.40354446725123 ], [ 127.107886643489181, 37.403549377260042 ], [ 127.107889990102834, 37.403551788941165 ], [ 127.107890061861283, 37.40355457302887 ], [ 127.107887109360234, 37.403559206968005 ], [ 127.107885771575184, 37.403563569127584 ], [ 127.10788907799828, 37.403569458784332 ], [ 127.107889411259777, 37.403573450000778 ], [ 127.107887486383603, 37.40357796586958 ], [ 127.107888047768654, 37.403583515643241 ], [ 127.107890775114768, 37.403587270409844 ], [ 127.1078863575394, 37.40359414021647 ], [ 127.107887640954658, 37.40359912168843 ], [ 127.107889805000482, 37.403603868091508 ], [ 127.107886568948018, 37.403607673350514 ], [ 127.107886518922015, 37.403612169488134 ], [ 127.107889306707335, 37.403618690332344 ], [ 127.107886039264088, 37.403624234589408 ], [ 127.107886665599864, 37.403627820079244 ], [ 127.107889189557142, 37.403631511959993 ], [ 127.107890617307689, 37.40363475433076 ], [ 127.107886670918305, 37.403639407197126 ], [ 127.107887301168475, 37.403645722775266 ], [ 127.107889736140194, 37.40365036981887 ], [ 127.107888769843157, 37.403653875670045 ], [ 127.107886122559506, 37.403658698544859 ], [ 127.107886808506962, 37.403664473459912 ], [ 127.107889353517052, 37.403667093107138 ], [ 127.107888871976797, 37.403669967801683 ], [ 127.107886145721864, 37.403674853819979 ], [ 127.107885799081842, 37.403677286891416 ], [ 127.107887295194075, 37.403680943669208 ], [ 127.107889049722374, 37.403683654139748 ], [ 127.107886966811492, 37.403688233224081 ], [ 127.107886193333371, 37.40369230654214 ], [ 127.107888109937278, 37.403697773987304 ], [ 127.107888622735004, 37.403700945111268 ], [ 127.107886450281811, 37.403706091920135 ], [ 127.107886137163291, 37.403708272675253 ], [ 127.107886605416155, 37.403711885339888 ], [ 127.107888483279893, 37.403713964983595 ], [ 127.107889129750916, 37.403715838516177 ], [ 127.107886201240504, 37.403721454545526 ], [ 127.107885473133607, 37.403725662975226 ], [ 127.107886834746779, 37.403730040692075 ], [ 127.107888871004647, 37.403732309405513 ], [ 127.107888820617006, 37.403736553257652 ], [ 127.107888150984778, 37.403742158215643 ], [ 127.107891101370825, 37.403743921523521 ], [ 127.107895321258312, 37.403748837244301 ], [ 127.107893984013003, 37.403753577831935 ], [ 127.107894329487323, 37.403758208761602 ], [ 127.107898906845193, 37.403760367033598 ], [ 127.107902325447412, 37.403765715975155 ], [ 127.107904908440673, 37.403771191822031 ], [ 127.107912931657864, 37.403774076775235 ], [ 127.107914408363143, 37.403779950080548 ], [ 127.107917269532706, 37.403782506367136 ], [ 127.107925302831291, 37.403784544351126 ], [ 127.107930038637264, 37.403786927732376 ], [ 127.107935093919622, 37.403791563372828 ], [ 127.107939513520037, 37.403793974072947 ], [ 127.107947161386718, 37.403795021284864 ], [ 127.107952746424886, 37.403798899583755 ], [ 127.107958723654633, 37.403800606065118 ], [ 127.107966630532303, 37.40380112143724 ], [ 127.107970474517131, 37.403803811978136 ], [ 127.107976619471003, 37.403804337968701 ], [ 127.107985686692601, 37.403802770922773 ], [ 127.107992375643036, 37.403804593885056 ], [ 127.107998892228309, 37.403804362677896 ], [ 127.108005203030046, 37.403802401699174 ], [ 127.108011657060416, 37.403805801660681 ], [ 127.10801832157324, 37.403806336184651 ], [ 127.108022421116331, 37.403806089163865 ], [ 127.108025862928486, 37.403803995652055 ], [ 127.108031795008273, 37.403805720191372 ], [ 127.108038346072021, 37.403805903419908 ], [ 127.108050245590732, 37.403802513719818 ], [ 127.108053885980624, 37.403804997209356 ], [ 127.108061296109767, 37.403805657192372 ], [ 127.108065597995562, 37.403804743230076 ], [ 127.108079728618563, 37.40380559529396 ], [ 127.108083198427749, 37.403807268020167 ], [ 127.108095428228239, 37.403805788176861 ], [ 127.108105031232327, 37.403807662529893 ], [ 127.1081112417924, 37.403806683749401 ], [ 127.108116784994721, 37.403805020803311 ], [ 127.108121258536585, 37.403805665447322 ], [ 127.108127394152177, 37.403807551979391 ], [ 127.108134419001345, 37.403807329310155 ], [ 127.108143179611844, 37.403804609226441 ], [ 127.108150897903982, 37.40380750345259 ], [ 127.108157889361792, 37.403807623200258 ], [ 127.108169439485124, 37.403804747389401 ], [ 127.108174048004045, 37.40380500446917 ], [ 127.108180330863519, 37.403807179190302 ], [ 127.108192007841964, 37.403806123322404 ], [ 127.10819592541624, 37.403805002472325 ], [ 127.108207099533033, 37.403807695307954 ], [ 127.108212655491954, 37.403807050498749 ], [ 127.108219294333296, 37.403805440606341 ], [ 127.108230400502734, 37.403808007359096 ], [ 127.108240913113377, 37.403806231735842 ], [ 127.108247452299906, 37.403806009504486 ], [ 127.108252875680108, 37.40380741914128 ], [ 127.108258907056324, 37.403807503721161 ], [ 127.1082692723066, 37.403805358811937 ], [ 127.108273384569358, 37.40380610289327 ], [ 127.108277926877747, 37.403807441254095 ], [ 127.108283326165633, 37.40380780572788 ], [ 127.108294739194477, 37.403803848805879 ], [ 127.10830090797144, 37.403805230727137 ], [ 127.108307494060426, 37.403806206806628 ], [ 127.108322321065273, 37.40380436415262 ], [ 127.108329766506927, 37.403806015208893 ], [ 127.108335042009827, 37.403806695150877 ], [ 127.108339061621422, 37.403805844508696 ], [ 127.108348638228364, 37.403805069866152 ], [ 127.108354784002316, 37.403806163479153 ], [ 127.108359742715351, 37.403806465281782 ], [ 127.108367579403009, 37.403805295783258 ], [ 127.108376434058968, 37.403805143504215 ], [ 127.108382287280236, 37.403807003251281 ], [ 127.10838586744525, 37.403806873826639 ], [ 127.108389141426642, 37.403805888713187 ], [ 127.108397644461476, 37.403804700581432 ], [ 127.108403948592297, 37.403805956230379 ], [ 127.10841017283127, 37.403806635299176 ], [ 127.108417524401219, 37.403805844670714 ], [ 127.108426063188531, 37.403805953973503 ], [ 127.108430616015056, 37.403806751706576 ], [ 127.10843606015689, 37.403806890877149 ], [ 127.108447589978894, 37.403805609863866 ], [ 127.108453962955323, 37.403807613293942 ], [ 127.10845820946794, 37.403807465235488 ], [ 127.108466169977689, 37.403806007290328 ], [ 127.108472281194594, 37.403806632398307 ], [ 127.108475964425452, 37.403807484988633 ], [ 127.108479250934138, 37.40380735583058 ], [ 127.108487969017261, 37.403806482852168 ], [ 127.108492566061031, 37.403806613787182 ], [ 127.108497876319262, 37.403807897373682 ], [ 127.108501648074366, 37.403807479443202 ], [ 127.108510771354858, 37.40380563298924 ], [ 127.108515888359975, 37.40380605177269 ] ] ] } },
{ "type": "Feature", "properties": { "명칭": null, "구분": null, "종류": "주택외건물", "용도": "근린생활시설", "주기": "디테라스그랜드", "층수": 6, "측량방법": "사진측량", "UFID": "1000037709035B00110000000000001439", "region": "pangyo", "region_name": "제1판교테크노밸리", "base_year": 2023 }, "geometry": { "type": "Polygon", "coordinates": [ [ [ 127.108752732168909, 37.403445516098607 ], [ 127.108746715006333, 37.403447431796224 ], [ 127.10873886561636, 37.403455413046224 ], [ 127.108736870812606, 37.403864829549725 ], [ 127.108737298330254, 37.403871487697245 ], [ 127.108739710082702, 37.403875657203649 ], [ 127.108745601316542, 37.403880364122166 ], [ 127.108759091965524, 37.403883838662743 ], [ 127.109473654969747, 37.403887585217184 ], [ 127.109492189553663, 37.403887802320362 ], [ 127.109500625547483, 37.403887118742787 ], [ 127.109510153473551, 37.40388393832685 ], [ 127.109522012143302, 37.40387580013914 ], [ 127.109528900901736, 37.403859674503359 ], [ 127.109529644470882, 37.403617848948741 ], [ 127.109527118768113, 37.403613012808734 ], [ 127.109518850520629, 37.403604767120434 ], [ 127.109507838526596, 37.403597073595179 ], [ 127.109493882882404, 37.40359226606023 ], [ 127.109093356972082, 37.403590843254733 ], [ 127.109081186908099, 37.40358674582972 ], [ 127.109073637128645, 37.403575444988142 ], [ 127.109071582313121, 37.403459098114247 ], [ 127.109070831827424, 37.40345561185741 ], [ 127.109066748744794, 37.40345161509304 ], [ 127.109059829902563, 37.403447026270655 ], [ 127.108756831546629, 37.403445169940269 ], [ 127.108752732168909, 37.403445516098607 ] ] ] } },
{ "type": "Feature", "properties": { "명칭": null, "구분": null, "종류": "무벽건물", "용도": "위험물저장및처리시설", "주기": "GS칼텍스판교서일주유소", "층수": 1, "측량방법": "사진측량", "UFID": "1000037709035B00110000000000001438", "region": "pangyo", "region_name": "제1판교테크노밸리", "base_year": 2023 }, "geometry": { "type": "Polygon", "coordinates": [ [ [ 127.109499199842176, 37.403543822278138 ], [ 127.109497347489878, 37.403404066712618 ], [ 127.109205656805912, 37.403403444468275 ], [ 127.109205217582584, 37.403412094670308 ], [ 127.109206853434955, 37.403543128562738 ], [ 127.109499199842176, 37.403543822278138 ] ] ] } },
{ "type": "Feature", "properties": { "명칭": null, "구분": null, "종류": "주택외건물", "용도": "위험물저장및처리시설", "주기": "GS칼텍스판교서일주유소", "층수": 4, "측량방법": "사진측량", "UFID": "1000037709035B00110000000000001437", "region": "pangyo", "region_name": "제1판교테크노밸리", "base_year": 2023 }, "geometry": { "type": "Polygon", "coordinates": [ [ [ 127.109094284845114, 37.403412854820509 ], [ 127.10909344925804, 37.403545431739815 ], [ 127.109206853434955, 37.403543128562738 ], [ 127.109205217582584, 37.403412094670308 ], [ 127.109094284845114, 37.403412854820509 ] ] ] } },
{ "type": "Feature", "properties": { "명칭": null, "구분": null, "종류": "주택외건물", "용도": "근린생활시설", "주기": "이룸", "층수": 9, "측량방법": "사진측량", "UFID": "1000037709035B00110000000000001436", "region": "pangyo", "region_name": "제1판교테크노밸리", "base_year": 2023 }, "geometry": { "type": "Polygon", "coordinates": [ [ [ 127.108226925864543, 37.4004732519968 ], [ 127.108226312552901, 37.400423741458859 ], [ 127.10821539102011, 37.400423562240384 ], [ 127.10821439844905, 37.400400902472612 ], [ 127.108240058438284, 37.400400960077874 ], [ 127.108238414767087, 37.40028682025094 ], [ 127.108019762394719, 37.400301589710651 ], [ 127.108018382395912, 37.400307970199584 ], [ 127.108009787445795, 37.400307797846864 ], [ 127.108007389876022, 37.400297663551349 ], [ 127.107900702885559, 37.400302563397112 ], [ 127.107901491379749, 37.400466530465991 ], [ 127.108134398779256, 37.400476400121676 ], [ 127.108134415877885, 37.400472579777365 ], [ 127.108226925864543, 37.4004732519968 ] ] ] } },
{ "type": "Feature", "properties": { "명칭": null, "구분": null, "종류": "주택외건물", "용도": "근린생활시설", "주기": null, "층수": 1, "측량방법": "사진측량", "UFID": "1000037709035B00110000000000001435", "region": "pangyo", "region_name": "제1판교테크노밸리", "base_year": 2023 }, "geometry": { "type": "Polygon", "coordinates": [ [ [ 127.105306948095176, 37.404421818353647 ], [ 127.105296399036774, 37.404421872799581 ], [ 127.105287622796041, 37.404421619319024 ], [ 127.105286448262405, 37.40442169244654 ], [ 127.105101353997981, 37.404357902697861 ], [ 127.105048824090289, 37.404455791178137 ], [ 127.105215669549679, 37.404489458118583 ], [ 127.105209841858439, 37.404497761701457 ], [ 127.105257467470736, 37.404503215537758 ], [ 127.105320117063286, 37.404421455226213 ], [ 127.105306948095176, 37.404421818353647 ] ] ] } },
{ "type": "Feature", "properties": { "명칭": "코리아바이오파크C동", "구분": null, "종류": "주택외건물", "용도": "근린생활시설", "주기": null, "층수": 10, "측량방법": "사진측량", "UFID": "1000037709035B00110000000000001434", "region": "pangyo", "region_name": "제1판교테크노밸리", "base_year": 2023 }, "geometry": { "type": "Polygon", "coordinates": [ [ [ 127.10581500154936, 37.403635278544087 ], [ 127.10581803645637, 37.403456234052221 ], [ 127.105367288050658, 37.40345699699931 ], [ 127.105317944653123, 37.40347454778874 ], [ 127.105272742567095, 37.403497510003469 ], [ 127.105244467797561, 37.403526385849723 ], [ 127.105223403201052, 37.403558363793401 ], [ 127.105111404532352, 37.403766491011773 ], [ 127.105299974119745, 37.403869255800352 ], [ 127.105423810587695, 37.403654189005778 ], [ 127.105456056385023, 37.403638149117043 ], [ 127.10547442826649, 37.403635150352194 ], [ 127.10581500154936, 37.403635278544087 ] ] ] } },
{ "type": "Feature", "properties": { "명칭": "코리아바이오파크A동", "구분": null, "종류": "주택외건물", "용도": "근린생활시설", "주기": null, "층수": 10, "측량방법": "사진측량", "UFID": "1000037709035B00110000000000001433", "region": "pangyo", "region_name": "제1판교테크노밸리", "base_year": 2023 }, "geometry": { "type": "Polygon", "coordinates": [ [ [ 127.104818642944878, 37.404587265109903 ], [ 127.1050918041269, 37.404636677863522 ], [ 127.105212079563742, 37.404490668680367 ], [ 127.104719255608146, 37.404396192703743 ], [ 127.104693858858738, 37.404399603030548 ], [ 127.104674858199616, 37.404405431434391 ], [ 127.104658985529454, 37.404410824576665 ], [ 127.104641372762728, 37.404423814858269 ], [ 127.104348277247354, 37.404748702495588 ], [ 127.104568620661965, 37.404794991466588 ], [ 127.104739276440881, 37.404603968277279 ], [ 127.104761546642393, 37.40459387514035 ], [ 127.104782106723135, 37.404588567932571 ], [ 127.104804162693767, 37.404586854466338 ], [ 127.104818642944878, 37.404587265109903 ] ] ] } },
{ "type": "Feature", "properties": { "명칭": null, "구분": null, "종류": "무벽건물", "용도": "근린생활시설", "주기": "판교테크노밸리글로벌R&D센터", "층수": 1, "측량방법": "사진측량", "UFID": "1000037709035B00110000000000001432", "region": "pangyo", "region_name": "제1판교테크노밸리", "base_year": 2023 }, "geometry": { "type": "Polygon", "coordinates": [ [ [ 127.102792708998038, 37.405911074694821 ], [ 127.102797008839502, 37.40592506379901 ], [ 127.102874213363634, 37.405911868787349 ], [ 127.102861374429395, 37.405897724931357 ], [ 127.102792708998038, 37.405911074694821 ] ] ] } },
{ "type": "Feature", "properties": { "명칭": null, "구분": null, "종류": "무벽건물", "용도": "근린생활시설", "주기": "판교테크노밸리글로벌R&D센터", "층수": 1, "측량방법": "사진측량", "UFID": "1000037709035B00110000000000001431", "region": "pangyo", "region_name": "제1판교테크노밸리", "base_year": 2023 }, "geometry": { "type": "Polygon", "coordinates": [ [ [ 127.102555053649553, 37.406349203864806 ], [ 127.102555616606708, 37.406364466656264 ], [ 127.102656557719015, 37.406363640222068 ], [ 127.10265729147352, 37.406346781499749 ], [ 127.102555053649553, 37.406349203864806 ] ] ] } },
{ "type": "Feature", "properties": { "명칭": null, "구분": null, "종류": "주택외건물", "용도": "근린생활시설", "주기": "유라R&D센터", "층수": 10, "측량방법": "사진측량", "UFID": "1000037709035B00110000000000001430", "region": "pangyo", "region_name": "제1판교테크노밸리", "base_year": 2023 }, "geometry": { "type": "Polygon", "coordinates": [ [ [ 127.107881298533272, 37.402948770888315 ], [ 127.108013307405685, 37.402949082859926 ], [ 127.10801245790401, 37.402963130546077 ], [ 127.108265338869188, 37.402963340767236 ], [ 127.108266591536449, 37.402570134247448 ], [ 127.107882735784131, 37.402564745601758 ], [ 127.107881298533272, 37.402948770888315 ] ] ] } },
{ "type": "Feature", "properties": { "명칭": "미래에셋벤처타운", "구분": null, "종류": "주택외건물", "용도": "근린생활시설", "주기": null, "층수": 10, "측량방법": "사진측량", "UFID": "1000037709035B00110000000000001429", "region": "pangyo", "region_name": "제1판교테크노밸리", "base_year": 2023 }, "geometry": { "type": "Polygon", "coordinates": [ [ [ 127.107125669850603, 37.402550377875542 ], [ 127.107126823119685, 37.402678195612005 ], [ 127.107118681211816, 37.402679104008989 ], [ 127.107120087540508, 37.402738741287031 ], [ 127.1071394923312, 37.40273954363424 ], [ 127.107140032047894, 37.402793379124248 ], [ 127.107118415814455, 37.402794164576783 ], [ 127.107120326033112, 37.40298562070312 ], [ 127.107126321284895, 37.402992111629551 ], [ 127.107459174482827, 37.402990052601822 ], [ 127.107457665159075, 37.402834754072394 ], [ 127.107474482278192, 37.402834648685513 ], [ 127.107471661808063, 37.402544225285965 ], [ 127.107125669850603, 37.402550377875542 ] ] ] } },
{ "type": "Feature", "properties": { "명칭": "판교M타워", "구분": null, "종류": "주택외건물", "용도": "근린생활시설", "주기": null, "층수": 8, "측량방법": "사진측량", "UFID": "1000037709035B00110000000000001428", "region": "pangyo", "region_name": "제1판교테크노밸리", "base_year": 2023 }, "geometry": { "type": "Polygon", "coordinates": [ [ [ 127.106597628038344, 37.402518760749992 ], [ 127.106596958949737, 37.40254872929868 ], [ 127.106560365887688, 37.402549050609423 ], [ 127.10656105738822, 37.402598705231689 ], [ 127.10656898588941, 37.402598635014584 ], [ 127.106568540568389, 37.402810546447014 ], [ 127.106561639713206, 37.4028105346461 ], [ 127.106562558099185, 37.402860891857713 ], [ 127.106569989664806, 37.402860813078192 ], [ 127.106573668657958, 37.402930494691915 ], [ 127.10666858545909, 37.40292983244855 ], [ 127.106668612811731, 37.402933193230517 ], [ 127.107090910437265, 37.402934433341343 ], [ 127.107091197746541, 37.402517287584892 ], [ 127.106597628038344, 37.402518760749992 ] ] ] } },
{ "type": "Feature", "properties": { "명칭": null, "구분": null, "종류": "주택외건물", "용도": "근린생활시설", "주기": "HahKOOK", "층수": 1, "측량방법": "현황측량", "UFID": "1000037709035B00110000000000001427", "region": "pangyo", "region_name": "제1판교테크노밸리", "base_year": 2023 }, "geometry": { "type": "Polygon", "coordinates": [ [ [ 127.10565179985376, 37.402479189881241 ], [ 127.105824625419402, 37.402479485839095 ], [ 127.105824579246956, 37.402446652688802 ], [ 127.105652374511251, 37.402446049829059 ], [ 127.10565179985376, 37.402479189881241 ] ] ] } },
{ "type": "Feature", "properties": { "명칭": null, "구분": null, "종류": "무벽건물", "용도": "기타시설", "주기": "HahKOOK", "층수": 1, "측량방법": "현황측량", "UFID": "1000037709035B00110000000000001426", "region": "pangyo", "region_name": "제1판교테크노밸리", "base_year": 2023 }, "geometry": { "type": "Polygon", "coordinates": [ [ [ 127.105924156381789, 37.402451456067489 ], [ 127.105924736472318, 37.402486451188857 ], [ 127.106328336496802, 37.402485539313986 ], [ 127.106327834629155, 37.402450084603835 ], [ 127.105924156381789, 37.402451456067489 ] ] ] } },
{ "type": "Feature", "properties": { "명칭": null, "구분": null, "종류": "주택외건물", "용도": "근린생활시설", "주기": "HahKOOK", "층수": 10, "측량방법": "현황측량", "UFID": "1000037709035B00110000000000001425", "region": "pangyo", "region_name": "제1판교테크노밸리", "base_year": 2023 }, "geometry": { "type": "Polygon", "coordinates": [ [ [ 127.106237874257928, 37.40294507805509 ], [ 127.106330374321388, 37.402944580438309 ], [ 127.106328089652393, 37.402486692842352 ], [ 127.106236087506758, 37.402487478336262 ], [ 127.106236180406157, 37.402497281357121 ], [ 127.106210881271934, 37.402497331115796 ], [ 127.106211036035944, 37.402486951219245 ], [ 127.105636475122552, 37.40248838497363 ], [ 127.105639714931868, 37.402945794191275 ], [ 127.106211626515645, 37.402945317880651 ], [ 127.106211173827731, 37.402936668490014 ], [ 127.106237421846856, 37.402936626888824 ], [ 127.106237874257928, 37.40294507805509 ] ] ] } },
{ "type": "Feature", "properties": { "명칭": null, "구분": null, "종류": "주택외건물", "용도": "근린생활시설", "주기": null, "층수": 1, "측량방법": "사진측량", "UFID": "1000037709035B00110000000000001424", "region": "pangyo", "region_name": "제1판교테크노밸리", "base_year": 2023 }, "geometry": { "type": "Polygon", "coordinates": [ [ [ 127.107508229124278, 37.40232034248087 ], [ 127.107616756078272, 37.402320622183026 ], [ 127.107616971919313, 37.402305701084863 ], [ 127.10750767593558, 37.402304692255399 ], [ 127.107508229124278, 37.40232034248087 ] ] ] } },
{ "type": "Feature", "properties": { "명칭": null, "구분": null, "종류": "무벽건물", "용도": "기타시설", "주기": null, "층수": 1, "측량방법": "사진측량", "UFID": "1000037709035B00110000000000001423", "region": "pangyo", "region_name": "제1판교테크노밸리", "base_year": 2023 }, "geometry": { "type": "Polygon", "coordinates": [ [ [ 127.106580381922598, 37.402295665568602 ], [ 127.106580029821302, 37.402318191402095 ], [ 127.106654461075635, 37.402319656022414 ], [ 127.106654968221974, 37.402294976609532 ], [ 127.106580381922598, 37.402295665568602 ] ] ] } },
{ "type": "Feature", "properties": { "명칭": "유스페이스타워2B동", "구분": null, "종류": "주택외건물", "용도": "근린생활시설", "주기": null, "층수": 10, "측량방법": "사진측량", "UFID": "1000037709035B00110000000000001422", "region": "pangyo", "region_name": "제1판교테크노밸리", "base_year": 2023 }, "geometry": { "type": "Polygon", "coordinates": [ [ [ 127.107567700877283, 37.402009517356753 ], [ 127.107567779535486, 37.401993434066007 ], [ 127.107601684921747, 37.401993547379448 ], [ 127.107602314919021, 37.401873332625222 ], [ 127.107061749625231, 37.401871516706507 ], [ 127.107052976635345, 37.401881282703989 ], [ 127.106555263326214, 37.401880777195615 ], [ 127.10656063408247, 37.402076447019759 ], [ 127.106542361619631, 37.402077571741302 ], [ 127.106543295841277, 37.402202947925737 ], [ 127.107076792578113, 37.402204250022479 ], [ 127.107084120672155, 37.402194998914091 ], [ 127.107613300139235, 37.402194329264773 ], [ 127.107614142033555, 37.402009060628878 ], [ 127.107567700877283, 37.402009517356753 ] ] ] } },
{ "type": "Feature", "properties": { "명칭": "유스페이스타워2A동", "구분": null, "종류": "주택외건물", "용도": "근린생활시설", "주기": null, "층수": 10, "측량방법": "사진측량", "UFID": "1000037709035B00110000000000001421", "region": "pangyo", "region_name": "제1판교테크노밸리", "base_year": 2023 }, "geometry": { "type": "Polygon", "coordinates": [ [ [ 127.106313880684297, 37.402054458981688 ], [ 127.106313646405766, 37.402032528348819 ], [ 127.106333751679585, 37.402033636545696 ], [ 127.106332849545012, 37.401882761440859 ], [ 127.105864241214476, 37.401882145754406 ], [ 127.105691161763659, 37.402303221413497 ], [ 127.105890563968543, 37.402304691873688 ], [ 127.105892236262179, 37.402297193884237 ], [ 127.106010329125354, 37.402297268269024 ], [ 127.106010319978722, 37.402306810085904 ], [ 127.106330399550572, 37.402307000220411 ], [ 127.106332583725376, 37.402054325030988 ], [ 127.106313880684297, 37.402054458981688 ] ] ] } },
{ "type": "Feature", "properties": { "명칭": "유스페이스타워2", "구분": null, "종류": "무벽건물", "용도": "근린생활시설", "주기": null, "층수": 1, "측량방법": "사진측량", "UFID": "1000037709035B00110000000000001420", "region": "pangyo", "region_name": "제1판교테크노밸리", "base_year": 2023 }, "geometry": { "type": "Polygon", "coordinates": [ [ [ 127.106499121724127, 37.401993806761361 ], [ 127.106498626396487, 37.402018891623534 ], [ 127.106334733068181, 37.402016795586448 ], [ 127.106335640599866, 37.402035608082279 ], [ 127.106315964988951, 37.402034841887271 ], [ 127.106316837806162, 37.402053068750952 ], [ 127.106334444735907, 37.402052530326223 ], [ 127.106334968406074, 37.402063450225981 ], [ 127.106558086368608, 37.402063871067085 ], [ 127.106556970349558, 37.401993574438841 ], [ 127.106499121724127, 37.401993806761361 ] ] ] } },
{ "type": "Feature", "properties": { "명칭": "에이치스퀘어", "구분": null, "종류": "무벽건물", "용도": "근린생활시설", "주기": null, "층수": 1, "측량방법": "사진측량", "UFID": "1000037709035B00110000000000001419", "region": "pangyo", "region_name": "제1판교테크노밸리", "base_year": 2023 }, "geometry": { "type": "Polygon", "coordinates": [ [ [ 127.109192662586395, 37.402286515364821 ], [ 127.109238564525327, 37.402287950640087 ], [ 127.109238982510618, 37.402249116264805 ], [ 127.109192946698812, 37.402248807389086 ], [ 127.109192662586395, 37.402286515364821 ] ] ] } },
{ "type": "Feature", "properties": { "명칭": "에이치스퀘어", "구분": null, "종류": "무벽건물", "용도": "근린생활시설", "주기": null, "층수": 1, "측량방법": "사진측량", "UFID": "1000037709035B00110000000000001418", "region": "pangyo", "region_name": "제1판교테크노밸리", "base_year": 2023 }, "geometry": { "type": "Polygon", "coordinates": [ [ [ 127.10910897278572, 37.40228695302951 ], [ 127.109152455625534, 37.402286921906864 ], [ 127.109153072244155, 37.402252628492462 ], [ 127.109110231732387, 37.402251649879489 ], [ 127.10910897278572, 37.40228695302951 ] ] ] } },
{ "type": "Feature", "properties": { "명칭": "에이치스퀘어", "구분": null, "종류": "주택외건물", "용도": "근린생활시설", "주기": null, "층수": 8, "측량방법": "사진측량", "UFID": "1000037709035B00110000000000001417", "region": "pangyo", "region_name": "제1판교테크노밸리", "base_year": 2023 }, "geometry": { "type": "Polygon", "coordinates": [ [ [ 127.107922343847989, 37.402201760329469 ], [ 127.109386166427512, 37.402200604395944 ], [ 127.109385747930929, 37.401858307032605 ], [ 127.10792557969323, 37.401851350434789 ], [ 127.107922343847989, 37.402201760329469 ] ] ] } },
{ "type": "Feature", "properties": { "명칭": "에이치스퀘어", "구분": null, "종류": "무벽건물", "용도": "근린생활시설", "주기": null, "층수": 1, "측량방법": "사진측량", "UFID": "1000037709035B00110000000000001416", "region": "pangyo", "region_name": "제1판교테크노밸리", "base_year": 2023 }, "geometry": { "type": "Polygon", "coordinates": [ [ [ 127.109448999193148, 37.401791023347123 ], [ 127.1094483846652, 37.401826659284552 ], [ 127.109490149842884, 37.401826161097048 ], [ 127.109489476435911, 37.401790265056029 ], [ 127.109448999193148, 37.401791023347123 ] ] ] } },
{ "type": "Feature", "properties": { "명칭": null, "구분": null, "종류": "무벽건물", "용도": "근린생활시설", "주기": null, "층수": 1, "측량방법": "사진측량", "UFID": "1000037709035B00110000000000001415", "region": "pangyo", "region_name": "제1판교테크노밸리", "base_year": 2023 }, "geometry": { "type": "Polygon", "coordinates": [ [ [ 127.109389484213153, 37.401281902591627 ], [ 127.10938955662273, 37.401316177354964 ], [ 127.109428791378221, 37.401315501326081 ], [ 127.109427408417147, 37.401280939449002 ], [ 127.109389484213153, 37.401281902591627 ] ] ] } },
{ "type": "Feature", "properties": { "명칭": null, "구분": null, "종류": "무벽건물", "용도": "근린생활시설", "주기": null, "층수": 1, "측량방법": "사진측량", "UFID": "1000037709035B00110000000000001414", "region": "pangyo", "region_name": "제1판교테크노밸리", "base_year": 2023 }, "geometry": { "type": "Polygon", "coordinates": [ [ [ 127.10944337131609, 37.40145476762136 ], [ 127.109488165968159, 37.401456230855807 ], [ 127.109488026823641, 37.401422694992178 ], [ 127.109444103069819, 37.401422077911093 ], [ 127.10944337131609, 37.40145476762136 ] ] ] } },
{ "type": "Feature", "properties": { "명칭": null, "구분": null, "종류": "무벽건물", "용도": "근린생활시설", "주기": null, "층수": 1, "측량방법": "사진측량", "UFID": "1000037709035B00110000000000001413", "region": "pangyo", "region_name": "제1판교테크노밸리", "base_year": 2023 }, "geometry": { "type": "Polygon", "coordinates": [ [ [ 127.109442824317881, 37.401498008113386 ], [ 127.109487887891618, 37.40149798441476 ], [ 127.109489139050893, 37.401465222141837 ], [ 127.109443872019213, 37.401465119886339 ], [ 127.109442824317881, 37.401498008113386 ] ] ] } },
{ "type": "Feature", "properties": { "명칭": null, "구분": null, "종류": "주택외건물", "용도": "근린생활시설", "주기": null, "층수": 8, "측량방법": "사진측량", "UFID": "1000037709035B00110000000000001412", "region": "pangyo", "region_name": "제1판교테크노밸리", "base_year": 2023 }, "geometry": { "type": "Polygon", "coordinates": [ [ [ 127.107928007698348, 37.401496805571362 ], [ 127.10939033922223, 37.401497155660742 ], [ 127.109388629514285, 37.401152327582722 ], [ 127.107928148441715, 37.401146065082202 ], [ 127.107928007698348, 37.401496805571362 ] ] ] } },
{ "type": "Feature", "properties": { "명칭": null, "구분": null, "종류": "무벽건물", "용도": "근린생활시설", "주기": null, "층수": 1, "측량방법": "사진측량", "UFID": "1000037709035B00110000000000001411", "region": "pangyo", "region_name": "제1판교테크노밸리", "base_year": 2023 }, "geometry": { "type": "Polygon", "coordinates": [ [ [ 127.10823163196666, 37.40111477454326 ], [ 127.108231912748721, 37.40112938884382 ], [ 127.108324558722103, 37.401129817586174 ], [ 127.10832486291784, 37.401113607943095 ], [ 127.10823163196666, 37.40111477454326 ] ] ] } },
{ "type": "Feature", "properties": { "명칭": null, "구분": null, "종류": "무벽건물", "용도": "근린생활시설", "주기": null, "층수": 1, "측량방법": "사진측량", "UFID": "1000037709035B00110000000000001410", "region": "pangyo", "region_name": "제1판교테크노밸리", "base_year": 2023 }, "geometry": { "type": "Polygon", "coordinates": [ [ [ 127.108098961157282, 37.401123158269208 ], [ 127.108143312943241, 37.401123108703274 ], [ 127.108143460845625, 37.401084562897502 ], [ 127.108099706826337, 37.401084026253457 ], [ 127.108098961157282, 37.401123158269208 ] ] ] } },
{ "type": "Feature", "properties": { "명칭": null, "구분": null, "종류": "주택외건물", "용도": "업무시설", "주기": "SK헬러시스판교연구소", "층수": 1, "측량방법": "사진측량", "UFID": "1000037709035B00110000000000001409", "region": "pangyo", "region_name": "제1판교테크노밸리", "base_year": 2023 }, "geometry": { "type": "Polygon", "coordinates": [ [ [ 127.108215377639652, 37.40092478214823 ], [ 127.108215552267438, 37.40076347222476 ], [ 127.107858202957743, 37.400759086393705 ], [ 127.107861323676019, 37.400950694642241 ], [ 127.108182015613622, 37.400948770820804 ], [ 127.108182204787354, 37.400923235717087 ], [ 127.108215377639652, 37.40092478214823 ] ] ] } },
{ "type": "Feature", "properties": { "명칭": null, "구분": null, "종류": "주택외건물", "용도": "근린생활시설", "주기": "(주)멜파스판교사옥", "층수": 10, "측량방법": "사진측량", "UFID": "1000037709035B00110000000000001408", "region": "pangyo", "region_name": "제1판교테크노밸리", "base_year": 2023 }, "geometry": { "type": "Polygon", "coordinates": [ [ [ 127.107860870382368, 37.400500463934314 ], [ 127.107857168136235, 37.400691114322775 ], [ 127.107931806497646, 37.400696344218815 ], [ 127.107931872724379, 37.40073464655584 ], [ 127.108132895694652, 37.400735102614767 ], [ 127.108133464073006, 37.400714081277989 ], [ 127.108233585323802, 37.400713917591951 ], [ 127.108236315208799, 37.400578149266138 ], [ 127.108136769018415, 37.400577537550497 ], [ 127.108137546723853, 37.40055285787686 ], [ 127.108045522048286, 37.400552022960333 ], [ 127.108045220727092, 37.400499475696499 ], [ 127.107860870382368, 37.400500463934314 ] ] ] } },
{ "type": "Feature", "properties": { "명칭": null, "구분": null, "종류": "주택외건물", "용도": "근린생활시설", "주기": null, "층수": 1, "측량방법": "사진측량", "UFID": "1000037709035B00110000000000001407", "region": "pangyo", "region_name": "제1판교테크노밸리", "base_year": 2023 }, "geometry": { "type": "Polygon", "coordinates": [ [ [ 127.106775586211825, 37.401105646520286 ], [ 127.107002094095705, 37.40121251907366 ], [ 127.107122321914858, 37.401253722016627 ], [ 127.107120587197784, 37.401026837535944 ], [ 127.106998279649304, 37.401000124886536 ], [ 127.10677336964595, 37.400936418787893 ], [ 127.106775586211825, 37.401105646520286 ] ] ] } },
{ "type": "Feature", "properties": { "명칭": null, "구분": null, "종류": "무벽건물", "용도": "근린생활시설", "주기": "멜타스", "층수": 1, "측량방법": "사진측량", "UFID": "1000037709035B00110000000000001406", "region": "pangyo", "region_name": "제1판교테크노밸리", "base_year": 2023 }, "geometry": { "type": "Polygon", "coordinates": [ [ [ 127.10670018690432, 37.400946305977278 ], [ 127.106709987282443, 37.400960217905237 ], [ 127.106767804809124, 37.400978429404837 ], [ 127.106771592033169, 37.400933284840505 ], [ 127.106730299492966, 37.400924275870892 ], [ 127.10671577778686, 37.400902105844473 ], [ 127.10670018690432, 37.400946305977278 ] ] ] } },
{ "type": "Feature", "properties": { "명칭": null, "구분": null, "종류": "무벽건물", "용도": "기타시설", "주기": null, "층수": 1, "측량방법": "사진측량", "UFID": "1000037709035B00110000000000001405", "region": "pangyo", "region_name": "제1판교테크노밸리", "base_year": 2023 }, "geometry": { "type": "Polygon", "coordinates": [ [ [ 127.107594305234457, 37.400584249453949 ], [ 127.107585153179784, 37.400589411621056 ], [ 127.10758277764505, 37.400594657724078 ], [ 127.107582572346075, 37.400601154271541 ], [ 127.107589333695216, 37.400630124951519 ], [ 127.107576499439816, 37.400674547948434 ], [ 127.107576883514639, 37.400682503613425 ], [ 127.107577700185999, 37.400684953647215 ], [ 127.107580506018465, 37.400688392994191 ], [ 127.107585353424966, 37.400689983390713 ], [ 127.107611442877939, 37.400690175894695 ], [ 127.107613056077739, 37.400688885966659 ], [ 127.107616393574702, 37.400685017549534 ], [ 127.107617469307812, 37.400679078842835 ], [ 127.107616300853593, 37.400596483321202 ], [ 127.1076131729548, 37.400588962643475 ], [ 127.107608424378597, 37.400585398922352 ], [ 127.107600719793226, 37.400583946279944 ], [ 127.107594305234457, 37.400584249453949 ] ] ] } },
{ "type": "Feature", "properties": { "명칭": null, "구분": null, "종류": "주택외건물", "용도": "근린생활시설", "주기": "멜타스", "층수": 10, "측량방법": "사진측량", "UFID": "1000037709035B00110000000000001404", "region": "pangyo", "region_name": "제1판교테크노밸리", "base_year": 2023 }, "geometry": { "type": "Polygon", "coordinates": [ [ [ 127.10668200161291, 37.400968892958403 ], [ 127.106827047476401, 37.400655972608376 ], [ 127.106967431843444, 37.400655836682922 ], [ 127.106965306137838, 37.400574665633073 ], [ 127.106990739627392, 37.400574246173235 ], [ 127.106990934970881, 37.400656040673731 ], [ 127.107111385330512, 37.400655850531265 ], [ 127.10720941764751, 37.400600565146362 ], [ 127.107209303178323, 37.40037750851193 ], [ 127.10741495496886, 37.400377439002938 ], [ 127.107417059703863, 37.400269503792444 ], [ 127.107468639198558, 37.400269510985133 ], [ 127.107548033541804, 37.40006252834408 ], [ 127.106782168998265, 37.40006971882044 ], [ 127.106724012589225, 37.400011150900305 ], [ 127.106233785139153, 37.401104566765525 ], [ 127.106459012376149, 37.401105076002487 ], [ 127.106544037979219, 37.401027971147762 ], [ 127.106580811564569, 37.400940322739324 ], [ 127.10668200161291, 37.400968892958403 ] ] ] } },
{ "type": "Feature", "properties": { "명칭": "유스페이스빌딩", "구분": null, "종류": "주택외건물", "용도": "근린생활시설", "주기": null, "층수": 10, "측량방법": "사진측량", "UFID": "1000037709035B00110000000000001403", "region": "pangyo", "region_name": "제1판교테크노밸리", "base_year": 2023 }, "geometry": { "type": "Polygon", "coordinates": [ [ [ 127.107451940960289, 37.400771710165088 ], [ 127.107452025603095, 37.400783531481984 ], [ 127.107421938486695, 37.400783657932081 ], [ 127.107421882610012, 37.400776161489198 ], [ 127.10732615780573, 37.400778537008811 ], [ 127.107326249054395, 37.400755407720162 ], [ 127.107140418106042, 37.400756080821694 ], [ 127.107143472659104, 37.401291203338531 ], [ 127.107567252447879, 37.401292827850291 ], [ 127.107568258137078, 37.4011667651151 ], [ 127.107558668297045, 37.401165953909988 ], [ 127.107560317815583, 37.400771260230059 ], [ 127.107451940960289, 37.400771710165088 ] ] ] } },
{ "type": "Feature", "properties": { "명칭": null, "구분": null, "종류": "무벽건물", "용도": "기타시설", "주기": null, "층수": 1, "측량방법": "사진측량", "UFID": "1000037709035B00110000000000001402", "region": "pangyo", "region_name": "제1판교테크노밸리", "base_year": 2023 }, "geometry": { "type": "Polygon", "coordinates": [ [ [ 127.106855132505686, 37.401441195898606 ], [ 127.106894945577977, 37.401442087963986 ], [ 127.106894504229274, 37.401417616638724 ], [ 127.106856000941391, 37.401416480113902 ], [ 127.106855132505686, 37.401441195898606 ] ] ] } },
{ "type": "Feature", "properties": { "명칭": null, "구분": null, "종류": "무벽건물", "용도": "기타시설", "주기": null, "층수": 1, "측량방법": "사진측량", "UFID": "1000037709035B00110000000000001401", "region": "pangyo", "region_name": "제1판교테크노밸리", "base_year": 2023 }, "geometry": { "type": "Polygon", "coordinates": [ [ [ 127.106898683408772, 37.401417865146328 ], [ 127.10690062622335, 37.401441875593534 ], [ 127.106938107254479, 37.401438931404236 ], [ 127.106935239437647, 37.40141571469249 ], [ 127.106898683408772, 37.401417865146328 ] ] ] } },
{ "type": "Feature", "properties": { "명칭": null, "구분": null, "종류": "무벽건물", "용도": "기타시설", "주기": null, "층수": 1, "측량방법": "사진측량", "UFID": "1000037709035B00110000000000001400", "region": "pangyo", "region_name": "제1판교테크노밸리", "base_year": 2023 }, "geometry": { "type": "Polygon", "coordinates": [ [ [ 127.106790966655126, 37.401430486669994 ], [ 127.106849269043565, 37.401439921747809 ], [ 127.106852713920105, 37.401416176737321 ], [ 127.106796526220549, 37.401408622884588 ], [ 127.106790966655126, 37.401430486669994 ] ] ] } },
{ "type": "Feature", "properties": { "명칭": null, "구분": null, "종류": "무벽건물", "용도": "기타시설", "주기": null, "층수": 1, "측량방법": "사진측량", "UFID": "1000037709035B00110000000000001399", "region": "pangyo", "region_name": "제1판교테크노밸리", "base_year": 2023 }, "geometry": { "type": "Polygon", "coordinates": [ [ [ 127.10674918789887, 37.401421270912259 ], [ 127.106786864705768, 37.401428949629121 ], [ 127.106793125133578, 37.401407526711083 ], [ 127.106757196865701, 37.401398395774017 ], [ 127.10674918789887, 37.401421270912259 ] ] ] } },
{ "type": "Feature", "properties": { "명칭": null, "구분": null, "종류": "무벽건물", "용도": "기타시설", "주기": null, "층수": 1, "측량방법": "사진측량", "UFID": "1000037709035B00110000000000001398", "region": "pangyo", "region_name": "제1판교테크노밸리", "base_year": 2023 }, "geometry": { "type": "Polygon", "coordinates": [ [ [ 127.106708972722714, 37.401407602686007 ], [ 127.10674368401132, 37.401418698961656 ], [ 127.10675226033068, 37.401397688424574 ], [ 127.106719615603694, 37.401386401071854 ], [ 127.106708972722714, 37.401407602686007 ] ] ] } },
{ "type": "Feature", "properties": { "명칭": null, "구분": null, "종류": "주택외건물", "용도": "근린생활시설", "주기": "SK케미칼", "층수": 10, "측량방법": "사진측량", "UFID": "1000037709035B00110000000000001397", "region": "pangyo", "region_name": "제1판교테크노밸리", "base_year": 2023 }, "geometry": { "type": "Polygon", "coordinates": [ [ [ 127.109175845176281, 37.402815700284741 ], [ 127.109177181759961, 37.402732724067917 ], [ 127.10943529811702, 37.402729908534255 ], [ 127.109434676509082, 37.402543226657365 ], [ 127.108549088923951, 37.402541862510297 ], [ 127.10854626069893, 37.402726556304962 ], [ 127.108727886413575, 37.402727749970602 ], [ 127.108727621988237, 37.402818329810273 ], [ 127.108368582713666, 37.402815803186009 ], [ 127.108366455993533, 37.403009524550804 ], [ 127.109275841906353, 37.403007858661653 ], [ 127.109274602985465, 37.402815798270304 ], [ 127.109175845176281, 37.402815700284741 ] ] ] } },
{ "type": "Feature", "properties": { "명칭": null, "구분": null, "종류": "주택외건물", "용도": "근린생활시설", "주기": null, "층수": 1, "측량방법": "사진측량", "UFID": "1000037709035B00110000000000001396", "region": "pangyo", "region_name": "제1판교테크노밸리", "base_year": 2023 }, "geometry": { "type": "Polygon", "coordinates": [ [ [ 127.10837341153379, 37.40260832075392 ], [ 127.108374906058387, 37.402642242808994 ], [ 127.108387104077948, 37.402642357770915 ], [ 127.108392665276639, 37.402629729374659 ], [ 127.10839887424558, 37.402619875527662 ], [ 127.10840722636317, 37.402608100541563 ], [ 127.10837341153379, 37.40260832075392 ] ] ] } },
{ "type": "Feature", "properties": { "명칭": null, "구분": null, "종류": "주택외건물", "용도": "근린생활시설", "주기": null, "층수": 1, "측량방법": "사진측량", "UFID": "1000037709035B00110000000000001395", "region": "pangyo", "region_name": "제1판교테크노밸리", "base_year": 2023 }, "geometry": { "type": "Polygon", "coordinates": [ [ [ 127.108382049752294, 37.402544250272307 ], [ 127.108382528909388, 37.402555422488454 ], [ 127.108406096310262, 37.402552787923732 ], [ 127.10840641059184, 37.402543588215316 ], [ 127.108382049752294, 37.402544250272307 ] ] ] } },
{ "type": "Feature", "properties": { "명칭": null, "구분": null, "종류": "주택외건물", "용도": "근린생활시설", "주기": null, "층수": 1, "측량방법": "사진측량", "UFID": "1000037709035B00110000000000001394", "region": "pangyo", "region_name": "제1판교테크노밸리", "base_year": 2023 }, "geometry": { "type": "Polygon", "coordinates": [ [ [ 127.109286765020371, 37.402542255206264 ], [ 127.109351312466202, 37.402542637028795 ], [ 127.109350936000297, 37.402524508842724 ], [ 127.10928750628463, 37.402523837660304 ], [ 127.109286765020371, 37.402542255206264 ] ] ] } },
{ "type": "Feature", "properties": { "명칭": "더블유스퀘어", "구분": null, "종류": "주택외건물", "용도": "근린생활시설", "주기": null, "층수": 8, "측량방법": "사진측량", "UFID": "1000037709035B00110000000000001393", "region": "pangyo", "region_name": "제1판교테크노밸리", "base_year": 2023 }, "geometry": { "type": "Polygon", "coordinates": [ [ [ 127.111293714138242, 37.400822785445037 ], [ 127.111625321710562, 37.400825067798067 ], [ 127.111636124541192, 37.40082131836278 ], [ 127.111640559522158, 37.400818908449864 ], [ 127.111646073542261, 37.400813001557104 ], [ 127.111647108007034, 37.400809910078877 ], [ 127.111647532016192, 37.40018979106803 ], [ 127.111294774960655, 37.400188366633287 ], [ 127.111293714138242, 37.400822785445037 ] ] ] } },
{ "type": "Feature", "properties": { "명칭": null, "구분": null, "종류": "무벽건물", "용도": "위험물저장및처리시설", "주기": "SK네트웍스스타팅광동주유소", "층수": 1, "측량방법": "사진측량", "UFID": "1000037709035B00110000000000001392", "region": "pangyo", "region_name": "제1판교테크노밸리", "base_year": 2023 }, "geometry": { "type": "Polygon", "coordinates": [ [ [ 127.111566965953017, 37.400132156722385 ], [ 127.111567299479063, 37.400174297156774 ], [ 127.111607573968271, 37.40017450242469 ], [ 127.111609193652527, 37.400131945677195 ], [ 127.111566965953017, 37.400132156722385 ] ] ] } },
{ "type": "Feature", "properties": { "명칭": null, "구분": null, "종류": "무벽건물", "용도": "위험물저장및처리시설", "주기": "SK네트웍스스타팅광동주유소", "층수": 1, "측량방법": "사진측량", "UFID": "1000037709035B00110000000000001391", "region": "pangyo", "region_name": "제1판교테크노밸리", "base_year": 2023 }, "geometry": { "type": "Polygon", "coordinates": [ [ [ 127.111358982321775, 37.400128190064414 ], [ 127.111357206849206, 37.400164782196732 ], [ 127.111396277071094, 37.400167817876493 ], [ 127.111396218162398, 37.400128019837254 ], [ 127.111358982321775, 37.400128190064414 ] ] ] } },
{ "type": "Feature", "properties": { "명칭": null, "구분": null, "종류": "주택외건물", "용도": "위험물저장및처리시설", "주기": "SK네트웍스스타팅광동주유소", "층수": 3, "측량방법": "사진측량", "UFID": "1000037709035B00110000000000001390", "region": "pangyo", "region_name": "제1판교테크노밸리", "base_year": 2023 }, "geometry": { "type": "Polygon", "coordinates": [ [ [ 127.111397819859675, 37.40017242063999 ], [ 127.111562339136256, 37.400172743070769 ], [ 127.111556898174598, 37.400113623210444 ], [ 127.111398776447857, 37.400109086977118 ], [ 127.111397819859675, 37.40017242063999 ] ] ] } },
{ "type": "Feature", "properties": { "명칭": null, "구분": null, "종류": "무벽건물", "용도": "근린생활시설", "주기": "SKECOHUB", "층수": 1, "측량방법": "사진측량", "UFID": "1000037709035B00110000000000001389", "region": "pangyo", "region_name": "제1판교테크노밸리", "base_year": 2023 }, "geometry": { "type": "Polygon", "coordinates": [ [ [ 127.110036711933375, 37.402538487186447 ], [ 127.110085424260362, 37.402538513925236 ], [ 127.110086458413463, 37.402519708662844 ], [ 127.110036481047601, 37.402519620030297 ], [ 127.110036711933375, 37.402538487186447 ] ] ] } },
{ "type": "Feature", "properties": { "명칭": null, "구분": null, "종류": "무벽건물", "용도": "근린생활시설", "주기": "SKECOHUB", "층수": 1, "측량방법": "사진측량", "UFID": "1000037709035B00110000000000001388", "region": "pangyo", "region_name": "제1판교테크노밸리", "base_year": 2023 }, "geometry": { "type": "Polygon", "coordinates": [ [ [ 127.109945201298061, 37.402574216687093 ], [ 127.110021269483099, 37.402574956849179 ], [ 127.110022336903938, 37.402532544817248 ], [ 127.109946290639442, 37.402531318084328 ], [ 127.109945201298061, 37.402574216687093 ] ] ] } },
{ "type": "Feature", "properties": { "명칭": "SKECOHUB", "구분": null, "종류": "주택외건물", "용도": "근린생활시설", "주기": null, "층수": 9, "측량방법": "사진측량", "UFID": "1000037709035B00110000000000001387", "region": "pangyo", "region_name": "제1판교테크노밸리", "base_year": 2023 }, "geometry": { "type": "Polygon", "coordinates": [ [ [ 127.11084794755881, 37.402730448736619 ], [ 127.110848937171042, 37.402558857453613 ], [ 127.110025453158741, 37.402562780168218 ], [ 127.110024856284426, 37.402733902549343 ], [ 127.110089745692491, 37.402736310946651 ], [ 127.110087397396072, 37.402821865033779 ], [ 127.11002561603928, 37.402820949437242 ], [ 127.110023218296178, 37.403004057059434 ], [ 127.110848343040004, 37.403006593136297 ], [ 127.110845962060807, 37.402824021580933 ], [ 127.110826059888637, 37.402822968022505 ], [ 127.110824624245012, 37.402730083160762 ], [ 127.11084794755881, 37.402730448736619 ] ] ] } },
{ "type": "Feature", "properties": { "명칭": null, "구분": null, "종류": "주택외건물", "용도": "근린생활시설", "주기": "(주)아이디스", "층수": 10, "측량방법": "사진측량", "UFID": "1000037709035B00110000000000001386", "region": "pangyo", "region_name": "제1판교테크노밸리", "base_year": 2023 }, "geometry": { "type": "Polygon", "coordinates": [ [ [ 127.112572997691458, 37.402036222439648 ], [ 127.112572291158031, 37.401918766060781 ], [ 127.112554164073316, 37.401918837378744 ], [ 127.112553986483618, 37.401890716693053 ], [ 127.112578189803386, 37.401890621569613 ], [ 127.112577231968984, 37.401733529527391 ], [ 127.112003409531852, 37.401733921299062 ], [ 127.112004813513721, 37.402039807474821 ], [ 127.112318230913061, 37.40204170866086 ], [ 127.112318290165632, 37.40203600514392 ], [ 127.112572997691458, 37.402036222439648 ] ] ] } },
{ "type": "Feature", "properties": { "명칭": "스마일게이트", "구분": null, "종류": "무벽건물", "용도": "근린생활시설", "주기": null, "층수": 1, "측량방법": "사진측량", "UFID": "1000037709035B00110000000000001385", "region": "pangyo", "region_name": "제1판교테크노밸리", "base_year": 2023 }, "geometry": { "type": "Polygon", "coordinates": [ [ [ 127.11242585836942, 37.402914325890492 ], [ 127.112425121544135, 37.402950322360155 ], [ 127.112448046265285, 37.402948435448067 ], [ 127.112447124320539, 37.402913449698744 ], [ 127.11242585836942, 37.402914325890492 ] ] ] } },
{ "type": "Feature", "properties": { "명칭": "스마일게이트", "구분": null, "종류": "무벽건물", "용도": "근린생활시설", "주기": null, "층수": 1, "측량방법": "사진측량", "UFID": "1000037709035B00110000000000001384", "region": "pangyo", "region_name": "제1판교테크노밸리", "base_year": 2023 }, "geometry": { "type": "Polygon", "coordinates": [ [ [ 127.111909680064826, 37.402911680011492 ], [ 127.11190942052599, 37.402927024636398 ], [ 127.112183569104019, 37.402927548734439 ], [ 127.112183725500699, 37.402911240114889 ], [ 127.111909680064826, 37.402911680011492 ] ] ] } },
{ "type": "Feature", "properties": { "명칭": "스마일게이트", "구분": null, "종류": "주택외건물", "용도": "근린생활시설", "주기": null, "층수": 10, "측량방법": "사진측량", "UFID": "1000037709035B00110000000000001383", "region": "pangyo", "region_name": "제1판교테크노밸리", "base_year": 2023 }, "geometry": { "type": "Polygon", "coordinates": [ [ [ 127.111852192696674, 37.40267671221288 ], [ 127.111852406044605, 37.402911427858605 ], [ 127.112520846952577, 37.40290884743149 ], [ 127.112521397605391, 37.402672842601852 ], [ 127.111852192696674, 37.40267671221288 ] ] ] } },
{ "type": "Feature", "properties": { "명칭": "엠텍비젼타워", "구분": null, "종류": "주택외건물", "용도": "근린생활시설", "주기": null, "층수": 10, "측량방법": "사진측량", "UFID": "1000037709035B00110000000000001382", "region": "pangyo", "region_name": "제1판교테크노밸리", "base_year": 2023 }, "geometry": { "type": "Polygon", "coordinates": [ [ [ 127.112532666281012, 37.402640593362577 ], [ 127.112534246628101, 37.402405894022017 ], [ 127.112535956723022, 37.402152228064608 ], [ 127.112520246464101, 37.402152243015919 ], [ 127.112520266470554, 37.402165623153067 ], [ 127.111942205632403, 37.402166171836726 ], [ 127.111943100047355, 37.402402995245794 ], [ 127.112193539855852, 37.402403397602548 ], [ 127.112192776430263, 37.402671614128565 ], [ 127.112427288350517, 37.402669472203499 ], [ 127.112429052401012, 37.402640664899337 ], [ 127.112532666281012, 37.402640593362577 ] ] ] } },
{ "type": "Feature", "properties": { "명칭": "DTC타워", "구분": null, "종류": "주택외건물", "용도": "근린생활시설", "주기": null, "층수": 10, "측량방법": "사진측량", "UFID": "1000037709035B00110000000000001381", "region": "pangyo", "region_name": "제1판교테크노밸리", "base_year": 2023 }, "geometry": { "type": "Polygon", "coordinates": [ [ [ 127.111992711979298, 37.400032596891343 ], [ 127.111990845859594, 37.400212983049954 ], [ 127.112295387577205, 37.400213324932011 ], [ 127.112294032004598, 37.400273676600214 ], [ 127.112252301962812, 37.400281996605777 ], [ 127.112252711363837, 37.400352032571902 ], [ 127.112562798163978, 37.400351827887953 ], [ 127.11256519807678, 37.4000308819517 ], [ 127.111992711979298, 37.400032596891343 ] ] ] } },
{ "type": "Feature", "properties": { "명칭": "다산타워", "구분": null, "종류": "무벽건물", "용도": "근린생활시설", "주기": null, "층수": 1, "측량방법": "사진측량", "UFID": "1000037709035B00110000000000001380", "region": "pangyo", "region_name": "제1판교테크노밸리", "base_year": 2023 }, "geometry": { "type": "Polygon", "coordinates": [ [ [ 127.112183367061817, 37.401034342357761 ], [ 127.112182895299711, 37.401354286270447 ], [ 127.1122519127223, 37.401353671146424 ], [ 127.112256099235026, 37.401033255176173 ], [ 127.112183367061817, 37.401034342357761 ] ] ] } },
{ "type": "Feature", "properties": { "명칭": "다산타워3관", "구분": null, "종류": "주택외건물", "용도": "근린생활시설", "주기": null, "층수": 11, "측량방법": "사진측량", "UFID": "1000037709035B00110000000000001379", "region": "pangyo", "region_name": "제1판교테크노밸리", "base_year": 2023 }, "geometry": { "type": "Polygon", "coordinates": [ [ [ 127.111993610725989, 37.401031179452502 ], [ 127.112300165759564, 37.401031294157789 ], [ 127.112297371704656, 37.401073743900852 ], [ 127.112255766825413, 37.401082982829138 ], [ 127.112255284483936, 37.401160912574341 ], [ 127.112566246268543, 37.401162049569365 ], [ 127.112565992924061, 37.400834114281466 ], [ 127.111992864872207, 37.400833559264413 ], [ 127.111993610725989, 37.401031179452502 ] ] ] } },
{ "type": "Feature", "properties": { "명칭": "위메이드타워", "구분": null, "종류": "주택외건물", "용도": "근린생활시설", "주기": null, "층수": 11, "측량방법": "사진측량", "UFID": "1000037709035B00110000000000001378", "region": "pangyo", "region_name": "제1판교테크노밸리", "base_year": 2023 }, "geometry": { "type": "Polygon", "coordinates": [ [ [ 127.112253776378296, 37.401225039654236 ], [ 127.112253464964354, 37.401303987388722 ], [ 127.112297230135425, 37.401311892834748 ], [ 127.112296787177712, 37.401355637812728 ], [ 127.11199268327843, 37.401356620023307 ], [ 127.111997445576307, 37.401543775539054 ], [ 127.112567383364905, 37.40154471199606 ], [ 127.112566019376047, 37.401221778451998 ], [ 127.112253776378296, 37.401225039654236 ] ] ] } },
{ "type": "Feature", "properties": { "명칭": "한컴타워", "구분": null, "종류": "무벽건물", "용도": "근린생활시설", "주기": null, "층수": 1, "측량방법": "사진측량", "UFID": "1000037709035B00110000000000001377", "region": "pangyo", "region_name": "제1판교테크노밸리", "base_year": 2023 }, "geometry": { "type": "Polygon", "coordinates": [ [ [ 127.11217954591892, 37.400554498329448 ], [ 127.112248562003316, 37.400553477749675 ], [ 127.1122482552381, 37.400415955224361 ], [ 127.112332586649515, 37.400415487698815 ], [ 127.11233403683535, 37.400358010198417 ], [ 127.112246755523117, 37.400356975820422 ], [ 127.112248208438814, 37.400217991966159 ], [ 127.112182393180689, 37.400214342220487 ], [ 127.11217954591892, 37.400554498329448 ] ] ] } },
{ "type": "Feature", "properties": { "명칭": "한컴타워2관", "구분": null, "종류": "주택외건물", "용도": "근린생활시설", "주기": null, "층수": 10, "측량방법": "사진측량", "UFID": "1000037709035B00110000000000001376", "region": "pangyo", "region_name": "제1판교테크노밸리", "base_year": 2023 }, "geometry": { "type": "Polygon", "coordinates": [ [ [ 127.112253858600639, 37.400416995089152 ], [ 127.112251840064673, 37.400494782138161 ], [ 127.112298239581122, 37.400504910605861 ], [ 127.112296776391105, 37.400553693265394 ], [ 127.111992433258379, 37.400558703263755 ], [ 127.11199323912291, 37.400720760111625 ], [ 127.112564750680107, 37.400720920217175 ], [ 127.11256344434085, 37.400413853550916 ], [ 127.112253858600639, 37.400416995089152 ] ] ] } },
{ "type": "Feature", "properties": { "명칭": "한컴타워", "구분": null, "종류": "무벽건물", "용도": "근린생활시설", "주기": null, "층수": 1, "측량방법": "사진측량", "UFID": "1000037709035B00110000000000001375", "region": "pangyo", "region_name": "제1판교테크노밸리", "base_year": 2023 }, "geometry": { "type": "Polygon", "coordinates": [ [ [ 127.112181825292936, 37.400833479251482 ], [ 127.112285503468257, 37.400832750126789 ], [ 127.112286108390009, 37.400723455725362 ], [ 127.112182485210084, 37.400723094563119 ], [ 127.112181825292936, 37.400833479251482 ] ] ] } },
{ "type": "Feature", "properties": { "명칭": null, "구분": null, "종류": "주택외건물", "용도": "근린생활시설", "주기": "안랩", "층수": 10, "측량방법": "사진측량", "UFID": "1000037709035B00110000000000001374", "region": "pangyo", "region_name": "제1판교테크노밸리", "base_year": 2023 }, "geometry": { "type": "Polygon", "coordinates": [ [ [ 127.110339950870582, 37.400681047716667 ], [ 127.110338908684085, 37.400031845101303 ], [ 127.110071988211345, 37.400031823572448 ], [ 127.110071979144408, 37.400041068055984 ], [ 127.110014097797645, 37.400041058852061 ], [ 127.110000002864979, 37.400118244410294 ], [ 127.109993388660712, 37.400182826734508 ], [ 127.10999033223203, 37.400247540901354 ], [ 127.109988244816975, 37.400318435169581 ], [ 127.109988257046737, 37.400388624687544 ], [ 127.109976409911269, 37.400388788880633 ], [ 127.10997804417228, 37.400463770320307 ], [ 127.109985501661129, 37.400527961122499 ], [ 127.109999462965874, 37.400637458213083 ], [ 127.110009426968546, 37.400685653559705 ], [ 127.110232799964706, 37.400685625731981 ], [ 127.110232915580539, 37.400679741957944 ], [ 127.110339950870582, 37.400681047716667 ] ] ] } },
{ "type": "Feature", "properties": { "명칭": null, "구분": null, "종류": "주택외건물", "용도": "근린생활시설", "주기": "SOLID", "층수": 10, "측량방법": "사진측량", "UFID": "1000037709035B00110000000000001373", "region": "pangyo", "region_name": "제1판교테크노밸리", "base_year": 2023 }, "geometry": { "type": "Polygon", "coordinates": [ [ [ 127.110617471830551, 37.400030945105151 ], [ 127.110617496026691, 37.400677472636936 ], [ 127.110726688340478, 37.400678685925513 ], [ 127.110727338170094, 37.400682811992517 ], [ 127.110951423459838, 37.400683313742505 ], [ 127.110967226794713, 37.400593440101694 ], [ 127.110976516897992, 37.400505897204496 ], [ 127.110964714630086, 37.400505863229931 ], [ 127.110968416205338, 37.400442653140715 ], [ 127.110968484978656, 37.400351424709918 ], [ 127.11096688674138, 37.400255584615053 ], [ 127.110964401196412, 37.400201372518453 ], [ 127.110954770575873, 37.400111558778583 ], [ 127.110942988302753, 37.400025450251526 ], [ 127.110617471830551, 37.400030945105151 ] ] ] } },
{ "type": "Feature", "properties": { "명칭": "투썬월드", "구분": null, "종류": "무벽건물", "용도": "근린생활시설", "주기": null, "층수": 12, "측량방법": "사진측량", "UFID": "1000037709035B00110000000000001372", "region": "pangyo", "region_name": "제1판교테크노밸리", "base_year": 2023 }, "geometry": { "type": "Polygon", "coordinates": [ [ [ 127.108622048025438, 37.400654706687888 ], [ 127.108621277368968, 37.400809358617771 ], [ 127.108537748037634, 37.400810291291236 ], [ 127.108570481909098, 37.400844211705085 ], [ 127.108766328824743, 37.400842121550482 ], [ 127.108764642957638, 37.400652458209066 ], [ 127.108622048025438, 37.400654706687888 ] ] ] } },
{ "type": "Feature", "properties": { "명칭": "투썬월드", "구분": null, "종류": "주택외건물", "용도": "근린생활시설", "주기": null, "층수": 12, "측량방법": "사진측량", "UFID": "1000037709035B00110000000000001371", "region": "pangyo", "region_name": "제1판교테크노밸리", "base_year": 2023 }, "geometry": { "type": "Polygon", "coordinates": [ [ [ 127.108768081699921, 37.400851526595723 ], [ 127.109429623700251, 37.400854880698084 ], [ 127.109433278471414, 37.400564415219122 ], [ 127.108766374916854, 37.40056143548594 ], [ 127.108768081699921, 37.400851526595723 ] ] ] } },
{ "type": "Feature", "properties": { "명칭": null, "구분": null, "종류": "무벽건물", "용도": "기타시설", "주기": null, "층수": 1, "측량방법": "사진측량", "UFID": "1000037709035B00110000000000001370", "region": "pangyo", "region_name": "제1판교테크노밸리", "base_year": 2023 }, "geometry": { "type": "Polygon", "coordinates": [ [ [ 127.108631143282551, 37.400571119634769 ], [ 127.10876631237106, 37.400572860488396 ], [ 127.108765370307154, 37.400546191136492 ], [ 127.108782377816183, 37.400545328531209 ], [ 127.108783211123395, 37.400488941876624 ], [ 127.108633547377508, 37.400483997715241 ], [ 127.108631143282551, 37.400571119634769 ] ] ] } },
{ "type": "Feature", "properties": { "명칭": null, "구분": null, "종류": "주택외건물", "용도": "근린생활시설", "주기": "WOOAm", "층수": 7, "측량방법": "사진측량", "UFID": "1000037709035B00110000000000001369", "region": "pangyo", "region_name": "제1판교테크노밸리", "base_year": 2023 }, "geometry": { "type": "Polygon", "coordinates": [ [ [ 127.108622701683927, 37.400317273757956 ], [ 127.108619786405924, 37.400480604498156 ], [ 127.108894399984436, 37.40048083846451 ], [ 127.108895664776526, 37.400426109289675 ], [ 127.108898792656291, 37.400425727980213 ], [ 127.108897607396344, 37.400316876734252 ], [ 127.108622701683927, 37.400317273757956 ] ] ] } },
{ "type": "Feature", "properties": { "명칭": null, "구분": null, "종류": "무벽건물", "용도": "근린생활시설", "주기": "메디포스트", "층수": 10, "측량방법": "사진측량", "UFID": "1000037709035B00110000000000001368", "region": "pangyo", "region_name": "제1판교테크노밸리", "base_year": 2023 }, "geometry": { "type": "Polygon", "coordinates": [ [ [ 127.108744105261508, 37.400156456073361 ], [ 127.108765280178631, 37.400155616668435 ], [ 127.108765522944182, 37.400120413556287 ], [ 127.108744346695985, 37.40012032491088 ], [ 127.108744105261508, 37.400156456073361 ] ] ] } },
{ "type": "Feature", "properties": { "명칭": null, "구분": null, "종류": "주택외건물", "용도": "근린생활시설", "주기": "메디포스트", "층수": 10, "측량방법": "사진측량", "UFID": "1000037709035B00110000000000001367", "region": "pangyo", "region_name": "제1판교테크노밸리", "base_year": 2023 }, "geometry": { "type": "Polygon", "coordinates": [ [ [ 127.108767967281779, 37.40005343841942 ], [ 127.108767963150214, 37.400277197966986 ], [ 127.108890911671082, 37.400278949919347 ], [ 127.108890642784644, 37.400272643020415 ], [ 127.109209552430571, 37.400274214016356 ], [ 127.109209831513212, 37.400279746027117 ], [ 127.109265160771088, 37.400279866105478 ], [ 127.109265841869771, 37.400056664566407 ], [ 127.108767967281779, 37.40005343841942 ] ] ] } },
{ "type": "Feature", "properties": { "명칭": null, "구분": null, "종류": "가건물", "용도": "근린생활시설", "주기": "한국전자무역센타", "층수": 1, "측량방법": "사진측량", "UFID": "1000037709035B00110000000000001366", "region": "pangyo", "region_name": "제1판교테크노밸리", "base_year": 2023 }, "geometry": { "type": "Polygon", "coordinates": [ [ [ 127.1116327344334, 37.403066043343159 ], [ 127.111696831378765, 37.403066973932724 ], [ 127.111696898736483, 37.403043871703737 ], [ 127.11163393246251, 37.40304375997534 ], [ 127.1116327344334, 37.403066043343159 ] ] ] } },
{ "type": "Feature", "properties": { "명칭": null, "구분": null, "종류": "주택외건물", "용도": "근린생활시설", "주기": "한국전자무역센타", "층수": 9, "측량방법": "사진측량", "UFID": "1000037709035B00110000000000001365", "region": "pangyo", "region_name": "제1판교테크노밸리", "base_year": 2023 }, "geometry": { "type": "Polygon", "coordinates": [ [ [ 127.111446184191081, 37.402622989306934 ], [ 127.111387883278013, 37.402623188407034 ], [ 127.111305164202008, 37.402623473538455 ], [ 127.111306819178708, 37.40301695665552 ], [ 127.11173561636285, 37.403021408722026 ], [ 127.111735998395375, 37.402966833549407 ], [ 127.111731026784597, 37.402965423645277 ], [ 127.111732859289702, 37.402693484909406 ], [ 127.111736280205221, 37.40269263471739 ], [ 127.11173476355647, 37.402622014159896 ], [ 127.111634673918985, 37.402622351976291 ], [ 127.11155513982176, 37.402622625265273 ], [ 127.111446184191081, 37.402622989306934 ] ] ] } },
{ "type": "Feature", "properties": { "명칭": null, "구분": null, "종류": "무벽건물", "용도": "근린생활시설", "주기": "한국전자무역센타", "층수": 1, "측량방법": "사진측량", "UFID": "1000037709035B00110000000000001364", "region": "pangyo", "region_name": "제1판교테크노밸리", "base_year": 2023 }, "geometry": { "type": "Polygon", "coordinates": [ [ [ 127.111554100877029, 37.402599857455961 ], [ 127.11155513982176, 37.402622625265273 ], [ 127.111634673918985, 37.402622351976291 ], [ 127.111635929013715, 37.402600474012161 ], [ 127.111554100877029, 37.402599857455961 ] ] ] } },
{ "type": "Feature", "properties": { "명칭": null, "구분": null, "종류": "무벽건물", "용도": "근린생활시설", "주기": "한국전자무역센타", "층수": 1, "측량방법": "사진측량", "UFID": "1000037709035B00110000000000001363", "region": "pangyo", "region_name": "제1판교테크노밸리", "base_year": 2023 }, "geometry": { "type": "Polygon", "coordinates": [ [ [ 127.111386709269098, 37.40256255082916 ], [ 127.111387883278013, 37.402623188407034 ], [ 127.111446184191081, 37.402622989306934 ], [ 127.111447992332529, 37.402562691306656 ], [ 127.111386709269098, 37.40256255082916 ] ] ] } },
{ "type": "Feature", "properties": { "명칭": null, "구분": null, "종류": "무벽건물", "용도": "근린생활시설", "주기": "어울공원", "층수": 1, "측량방법": "사진측량", "UFID": "1000037709035B00110000000000001362", "region": "pangyo", "region_name": "제1판교테크노밸리", "base_year": 2023 }, "geometry": { "type": "Polygon", "coordinates": [ [ [ 127.111256298554537, 37.401519030403186 ], [ 127.111264903079203, 37.40155613535029 ], [ 127.111296052303672, 37.401556115044912 ], [ 127.111317292518947, 37.401560996603067 ], [ 127.111348941898029, 37.40157077891832 ], [ 127.111367225872726, 37.401531774532025 ], [ 127.111329917577862, 37.401521610110969 ], [ 127.111291094966418, 37.40151846605491 ], [ 127.111265750830995, 37.401518408814795 ], [ 127.111256298554537, 37.401519030403186 ] ] ] } },
{ "type": "Feature", "properties": { "명칭": null, "구분": null, "종류": "무벽건물", "용도": "근린생활시설", "주기": "어울공원", "층수": 1, "측량방법": "사진측량", "UFID": "1000037709035B00110000000000001361", "region": "pangyo", "region_name": "제1판교테크노밸리", "base_year": 2023 }, "geometry": { "type": "Polygon", "coordinates": [ [ [ 127.111421308259139, 37.401879112111281 ], [ 127.11148560795354, 37.4018803579824 ], [ 127.111484448248589, 37.401859914916791 ], [ 127.111421276841924, 37.40185789310403 ], [ 127.111421308259139, 37.401879112111281 ] ] ] } },
{ "type": "Feature", "properties": { "명칭": null, "구분": null, "종류": "무벽건물", "용도": "근린생활시설", "주기": "어울공원", "층수": 1, "측량방법": "사진측량", "UFID": "1000037709035B00110000000000001360", "region": "pangyo", "region_name": "제1판교테크노밸리", "base_year": 2023 }, "geometry": { "type": "Polygon", "coordinates": [ [ [ 127.111479145431218, 37.40210756544348 ], [ 127.111479783178311, 37.402217858777199 ], [ 127.111520576893568, 37.402217117512748 ], [ 127.111519927779128, 37.402106815179785 ], [ 127.111479145431218, 37.40210756544348 ] ] ] } },
{ "type": "Feature", "properties": { "명칭": null, "구분": null, "종류": "무벽건물", "용도": "근린생활시설", "주기": "판교테크노밸리", "층수": 1, "측량방법": "사진측량", "UFID": "1000037709035B00110000000000001359", "region": "pangyo", "region_name": "제1판교테크노밸리", "base_year": 2023 }, "geometry": { "type": "Polygon", "coordinates": [ [ [ 127.110118541148722, 37.401822099600544 ], [ 127.110147319763584, 37.401822802622014 ], [ 127.1101492149308, 37.401798112889587 ], [ 127.110119487575801, 37.401797383721529 ], [ 127.110118541148722, 37.401822099600544 ] ] ] } },
{ "type": "Feature", "properties": { "명칭": null, "구분": null, "종류": "무벽건물", "용도": "근린생활시설", "주기": "판교테크노밸리", "층수": 1, "측량방법": "사진측량", "UFID": "1000037709035B00110000000000001358", "region": "pangyo", "region_name": "제1판교테크노밸리", "base_year": 2023 }, "geometry": { "type": "Polygon", "coordinates": [ [ [ 127.110118317909226, 37.401854779828803 ], [ 127.110147853615615, 37.401855734430832 ], [ 127.110147820460597, 37.401833082801652 ], [ 127.110118669503294, 37.401832632412862 ], [ 127.110118317909226, 37.401854779828803 ] ] ] } },
{ "type": "Feature", "properties": { "명칭": "삼환하이펙스", "구분": null, "종류": "주택외건물", "용도": "근린생활시설", "주기": null, "층수": 11, "측량방법": "사진측량", "UFID": "1000037709035B00110000000000001357", "region": "pangyo", "region_name": "제1판교테크노밸리", "base_year": 2023 }, "geometry": { "type": "Polygon", "coordinates": [ [ [ 127.111034429604089, 37.402295152907953 ], [ 127.111037447801579, 37.402029033630242 ], [ 127.11102887649983, 37.40202971744457 ], [ 127.111029418185055, 37.402014111258211 ], [ 127.111010477879688, 37.40201417409294 ], [ 127.111011672830216, 37.401982033564252 ], [ 127.110964237905208, 37.40198254662041 ], [ 127.110965701157355, 37.401856609588322 ], [ 127.110965467501501, 37.401851338836629 ], [ 127.110962835774089, 37.401843556487734 ], [ 127.110953696239335, 37.401834176428871 ], [ 127.110934802992972, 37.401827823940025 ], [ 127.110752026569799, 37.401826058087387 ], [ 127.110728705074607, 37.401826737674654 ], [ 127.110707030379842, 37.401833632758184 ], [ 127.11069760942155, 37.401840219029502 ], [ 127.110693823366475, 37.401846196341104 ], [ 127.110688437206335, 37.401862347673976 ], [ 127.110686273189515, 37.401972886915708 ], [ 127.109980425959407, 37.401969896427076 ], [ 127.109978615968203, 37.402307934025323 ], [ 127.111013152165341, 37.402311102931186 ], [ 127.111013975493947, 37.4022950099301 ], [ 127.111034429604089, 37.402295152907953 ] ] ] } },
{ "type": "Feature", "properties": { "명칭": null, "구분": null, "종류": "무벽건물", "용도": "근린생활시설", "주기": "판교테크노밸리", "층수": 1, "측량방법": "사진측량", "UFID": "1000037709035B00110000000000001356", "region": "pangyo", "region_name": "제1판교테크노밸리", "base_year": 2023 }, "geometry": { "type": "Polygon", "coordinates": [ [ [ 127.109956237361985, 37.401493116786448 ], [ 127.109957210649114, 37.401517668696521 ], [ 127.109990111014525, 37.401518034545639 ], [ 127.109987713972572, 37.401493015429438 ], [ 127.109956237361985, 37.401493116786448 ] ] ] } },
{ "type": "Feature", "properties": { "명칭": null, "구분": null, "종류": "무벽건물", "용도": "근린생활시설", "주기": "판교테크노밸리", "층수": 1, "측량방법": "사진측량", "UFID": "1000037709035B00110000000000001355", "region": "pangyo", "region_name": "제1판교테크노밸리", "base_year": 2023 }, "geometry": { "type": "Polygon", "coordinates": [ [ [ 127.109956624119746, 37.401525922591915 ], [ 127.109956063077789, 37.401551620225 ], [ 127.109989120904217, 37.401551526407395 ], [ 127.109989015594635, 37.401525838404204 ], [ 127.109956624119746, 37.401525922591915 ] ] ] } },
{ "type": "Feature", "properties": { "명칭": "삼환하이펙스B동", "구분": null, "종류": "주택외건물", "용도": "근린생활시설", "주기": null, "층수": 11, "측량방법": "사진측량", "UFID": "1000037709035B00110000000000001354", "region": "pangyo", "region_name": "제1판교테크노밸리", "base_year": 2023 }, "geometry": { "type": "Polygon", "coordinates": [ [ [ 127.110716789663883, 37.401043689723636 ], [ 127.110716312118839, 37.401056872105144 ], [ 127.109977396700273, 37.401040856759693 ], [ 127.10997291236157, 37.401380509725655 ], [ 127.111032438417013, 37.401381934277154 ], [ 127.111034798852685, 37.401045103463893 ], [ 127.110716789663883, 37.401043689723636 ] ] ] } },
{ "type": "Feature", "properties": { "명칭": null, "구분": null, "종류": "무벽건물", "용도": "기타시설", "주기": null, "층수": 1, "측량방법": "사진측량", "UFID": "1000037709035B00110000000000001351", "region": "pangyo", "region_name": "제1판교테크노밸리", "base_year": 2023 }, "geometry": { "type": "Polygon", "coordinates": [ [ [ 127.100094771299339, 37.401610827498359 ], [ 127.100104660170217, 37.401615702659434 ], [ 127.100113264476164, 37.401605829196811 ], [ 127.100104256129541, 37.401600637933718 ], [ 127.100094771299339, 37.401610827498359 ] ] ] } },
{ "type": "Feature", "properties": { "명칭": null, "구분": null, "종류": "무벽건물", "용도": "근린생활시설", "주기": "포스코ICT", "층수": 1, "측량방법": "사진측량", "UFID": "1000037709035B00110000000000001350", "region": "pangyo", "region_name": "제1판교테크노밸리", "base_year": 2023 }, "geometry": { "type": "Polygon", "coordinates": [ [ [ 127.102673639150652, 37.403767191368672 ], [ 127.10271138063284, 37.4037803224982 ], [ 127.102741387357497, 37.403720432629257 ], [ 127.102700180629469, 37.403708863284457 ], [ 127.102673639150652, 37.403767191368672 ] ] ] } },
{ "type": "Feature", "properties": { "명칭": null, "구분": null, "종류": "주택외건물", "용도": "근린생활시설", "주기": "포스코ICTD동", "층수": 10, "측량방법": "사진측량", "UFID": "1000037709035B00110000000000001349", "region": "pangyo", "region_name": "제1판교테크노밸리", "base_year": 2023 }, "geometry": { "type": "Polygon", "coordinates": [ [ [ 127.102807784299841, 37.40360231420442 ], [ 127.102801096575519, 37.40360128384561 ], [ 127.102741387357497, 37.403720432629257 ], [ 127.10271138063284, 37.4037803224982 ], [ 127.102635023193841, 37.403932706308687 ], [ 127.103039414947105, 37.404058875877254 ], [ 127.103041947611786, 37.404052593557907 ], [ 127.103152682047238, 37.404087699870516 ], [ 127.103235599986064, 37.404008887329525 ], [ 127.10333386612659, 37.403904778683859 ], [ 127.103371881909752, 37.403862577697979 ], [ 127.10339201297046, 37.403832808401653 ], [ 127.10344038521086, 37.403757368702792 ], [ 127.103467834256676, 37.403702391448647 ], [ 127.103407330299632, 37.403678107816233 ], [ 127.103460486541024, 37.403582796421823 ], [ 127.102893189039847, 37.40350858784582 ], [ 127.102855119975459, 37.403503611294056 ], [ 127.102807784299841, 37.40360231420442 ] ] ] } },
{ "type": "Feature", "properties": { "명칭": null, "구분": null, "종류": "무벽건물", "용도": "근린생활시설", "주기": "포스코ICT", "층수": 1, "측량방법": "사진측량", "UFID": "1000037709035B00110000000000001348", "region": "pangyo", "region_name": "제1판교테크노밸리", "base_year": 2023 }, "geometry": { "type": "Polygon", "coordinates": [ [ [ 127.103019663887522, 37.403524876290689 ], [ 127.102905370492252, 37.403488232202029 ], [ 127.102893189039847, 37.40350858784582 ], [ 127.102969088558154, 37.40351748692639 ], [ 127.103019663887522, 37.403524876290689 ] ] ] } },
{ "type": "Feature", "properties": { "명칭": "판교이노밸리", "구분": null, "종류": "무벽건물", "용도": "근린생활시설", "주기": null, "층수": 1, "측량방법": "사진측량", "UFID": "1000037709035B00110000000000001347", "region": "pangyo", "region_name": "제1판교테크노밸리", "base_year": 2023 }, "geometry": { "type": "Polygon", "coordinates": [ [ [ 127.103040444705584, 37.404126289326094 ], [ 127.102988585634208, 37.404171511670498 ], [ 127.102956173334931, 37.404198489417773 ], [ 127.102874681908816, 37.40426363204039 ], [ 127.102840596286413, 37.404289403844217 ], [ 127.102877222773515, 37.404321159980221 ], [ 127.103018813530326, 37.404207219805727 ], [ 127.103089136019463, 37.404143204087028 ], [ 127.103149343466001, 37.404091054578977 ], [ 127.10309790790248, 37.404074358480457 ], [ 127.103040444705584, 37.404126289326094 ] ] ] } },
{ "type": "Feature", "properties": { "명칭": "판교이노밸리E동", "구분": null, "종류": "주택외건물", "용도": "근린생활시설", "주기": null, "층수": 10, "측량방법": "사진측량", "UFID": "1000037709035B00110000000000001346", "region": "pangyo", "region_name": "제1판교테크노밸리", "base_year": 2023 }, "geometry": { "type": "Polygon", "coordinates": [ [ [ 127.102606154531045, 37.404123279160849 ], [ 127.102592827193163, 37.404106865123602 ], [ 127.102126685470466, 37.404369339455172 ], [ 127.102360962393888, 37.404630378706607 ], [ 127.102776450944759, 37.404394302348315 ], [ 127.102822768250405, 37.404359969243842 ], [ 127.102817151993236, 37.404349612393602 ], [ 127.102871832034282, 37.404318794986956 ], [ 127.102621073400215, 37.404114111846184 ], [ 127.102606154531045, 37.404123279160849 ] ] ] } },
{ "type": "Feature", "properties": { "명칭": "판교이노밸리F동", "구분": null, "종류": "주택외건물", "용도": "근린생활시설", "주기": null, "층수": 10, "측량방법": "사진측량", "UFID": "1000037709035B00110000000000001345", "region": "pangyo", "region_name": "제1판교테크노밸리", "base_year": 2023 }, "geometry": { "type": "Polygon", "coordinates": [ [ [ 127.101681332066079, 37.404630478574063 ], [ 127.10191052301596, 37.404889558856397 ], [ 127.102187937380251, 37.404728036790281 ], [ 127.101955844424822, 37.404469815510623 ], [ 127.101681332066079, 37.404630478574063 ] ] ] } },
{ "type": "Feature", "properties": { "명칭": "판교이노밸리", "구분": null, "종류": "무벽건물", "용도": "근린생활시설", "주기": null, "층수": 1, "측량방법": "사진측량", "UFID": "1000037709035B00110000000000001344", "region": "pangyo", "region_name": "제1판교테크노밸리", "base_year": 2023 }, "geometry": { "type": "Polygon", "coordinates": [ [ [ 127.102164072411455, 37.404686862764798 ], [ 127.102194186774469, 37.404722273869247 ], [ 127.102348190425261, 37.404632020609682 ], [ 127.102320945966881, 37.404597426988914 ], [ 127.102164072411455, 37.404686862764798 ] ] ] } },
{ "type": "Feature", "properties": { "명칭": "판교이노밸리", "구분": null, "종류": "무벽건물", "용도": "근린생활시설", "주기": null, "층수": 1, "측량방법": "사진측량", "UFID": "1000037709035B00110000000000001343", "region": "pangyo", "region_name": "제1판교테크노밸리", "base_year": 2023 }, "geometry": { "type": "Polygon", "coordinates": [ [ [ 127.101625028973928, 37.404563968607988 ], [ 127.101641169629858, 37.404581191253044 ], [ 127.101687862085669, 37.404556544239973 ], [ 127.101670419260458, 37.404536889966039 ], [ 127.101625028973928, 37.404563968607988 ] ] ] } },
{ "type": "Feature", "properties": { "명칭": "판교이노밸리", "구분": null, "종류": "가건물", "용도": "근린생활시설", "주기": null, "층수": 1, "측량방법": "사진측량", "UFID": "1000037709035B00110000000000001342", "region": "pangyo", "region_name": "제1판교테크노밸리", "base_year": 2023 }, "geometry": { "type": "Polygon", "coordinates": [ [ [ 127.102711634533748, 37.404073901763141 ], [ 127.102741507801596, 37.404081624584379 ], [ 127.102747795055876, 37.404070572610848 ], [ 127.102715830770094, 37.404061725332184 ], [ 127.102711634533748, 37.404073901763141 ] ] ] } },
{ "type": "Feature", "properties": { "명칭": null, "구분": null, "종류": "주택외건물", "용도": "근린생활시설", "주기": "WONIK", "층수": 9, "측량방법": "사진측량", "UFID": "1000037709035B00110000000000001341", "region": "pangyo", "region_name": "제1판교테크노밸리", "base_year": 2023 }, "geometry": { "type": "Polygon", "coordinates": [ [ [ 127.101186226797068, 37.404852707486164 ], [ 127.101461156423014, 37.405159260276633 ], [ 127.101664899424776, 37.405040844377666 ], [ 127.101388705026437, 37.404734752659948 ], [ 127.101186226797068, 37.404852707486164 ] ] ] } },
{ "type": "Feature", "properties": { "명칭": null, "구분": null, "종류": "주택외건물", "용도": "근린생활시설", "주기": "CHABIOCOMPLEX", "층수": 8, "측량방법": "사진측량", "UFID": "1000037709035B00110000000000000199", "region": "pangyo", "region_name": "제1판교테크노밸리", "base_year": 2023 }, "geometry": { "type": "Polygon", "coordinates": [ [ [ 127.112059416852361, 37.403500778548242 ], [ 127.112059533322082, 37.403495561529645 ], [ 127.112047526373132, 37.403494915163584 ], [ 127.111871666950719, 37.403970135671415 ], [ 127.111725902148947, 37.403933529887652 ], [ 127.111690794093789, 37.403785759675863 ], [ 127.111758620649226, 37.403590192181142 ], [ 127.111884225729185, 37.40358984813799 ], [ 127.111938634853658, 37.40343292898568 ], [ 127.111287074920142, 37.403443473278095 ], [ 127.111151290098576, 37.403762454104367 ], [ 127.111347442968949, 37.403763594046097 ], [ 127.111420172077928, 37.403590835964096 ], [ 127.111540385900483, 37.403595543080726 ], [ 127.111587729855742, 37.403814806772523 ], [ 127.111556433945751, 37.403891738392431 ], [ 127.111273847585181, 37.403824311011164 ], [ 127.111268434023742, 37.403837218717499 ], [ 127.111282553092295, 37.403845503827505 ], [ 127.111276284623827, 37.403853123349187 ], [ 127.11126409322236, 37.403849981250801 ], [ 127.11112188943666, 37.404021723318891 ], [ 127.112054850918966, 37.40424964792836 ], [ 127.112335574663717, 37.403506679479996 ], [ 127.112059416852361, 37.403500778548242 ] ] ] } },
{ "type": "Feature", "properties": { "명칭": null, "구분": null, "종류": "무벽건물", "용도": "근린생활시설", "주기": "판교테크노밸리글로벌R&D센터", "층수": 1, "측량방법": "사진측량", "UFID": "1000037709035B00110000000000000193", "region": "pangyo", "region_name": "제1판교테크노밸리", "base_year": 2023 }, "geometry": { "type": "Polygon", "coordinates": [ [ [ 127.101447928219955, 37.406715837960618 ], [ 127.101426221046836, 37.406725452446871 ], [ 127.101409546941682, 37.406731755868982 ], [ 127.101392947648392, 37.406734905654531 ], [ 127.101382601279084, 37.406734743332841 ], [ 127.101358230156833, 37.406728826505862 ], [ 127.101320216289892, 37.406707261637855 ], [ 127.101272699796382, 37.406674613340833 ], [ 127.101259312632195, 37.406655829529058 ], [ 127.101252125863653, 37.406636661977693 ], [ 127.101223529787489, 37.406663807165444 ], [ 127.10134061587695, 37.406741518956075 ], [ 127.101371344418254, 37.406754611465594 ], [ 127.101412110398044, 37.406764911206466 ], [ 127.101457380432166, 37.406764881379203 ], [ 127.101488744687117, 37.406763575013024 ], [ 127.101505504955909, 37.40676253346264 ], [ 127.101554060516719, 37.406753175220636 ], [ 127.101596433928052, 37.406740993068205 ], [ 127.10157807925809, 37.406740684471266 ], [ 127.1015512397137, 37.406738608149972 ], [ 127.101522240666483, 37.406734920851022 ], [ 127.101502118972107, 37.406730892546918 ], [ 127.101447928219955, 37.406715837960618 ] ] ] } },
{ "type": "Feature", "properties": { "명칭": null, "구분": null, "종류": "무벽건물", "용도": "근린생활시설", "주기": "I&CTECHNOLOGY", "층수": 1, "측량방법": "사진측량", "UFID": "1000037709035B00110000000000000192", "region": "pangyo", "region_name": "제1판교테크노밸리", "base_year": 2023 }, "geometry": { "type": "Polygon", "coordinates": [ [ [ 127.101344120526136, 37.405234478706845 ], [ 127.10134645597762, 37.405232584562555 ], [ 127.101162435958557, 37.405025912952347 ], [ 127.101043482084194, 37.405094366065569 ], [ 127.100912395570134, 37.40516980331072 ], [ 127.100816340522172, 37.405225072742482 ], [ 127.100832082887308, 37.405240106356501 ], [ 127.100842837003199, 37.405232843971994 ], [ 127.101169360603834, 37.405043467912527 ], [ 127.101344120526136, 37.405234478706845 ] ] ] } },
{ "type": "Feature", "properties": { "명칭": "코리아바이오파크B동", "구분": null, "종류": "주택외건물", "용도": "근린생활시설", "주기": null, "층수": 10, "측량방법": "사진측량", "UFID": "1000037709035B00110000000000000166", "region": "pangyo", "region_name": "제1판교테크노밸리", "base_year": 2023 }, "geometry": { "type": "Polygon", "coordinates": [ [ [ 127.105552960181015, 37.404151563191327 ], [ 127.105549334681228, 37.404135492224384 ], [ 127.105542986863156, 37.404119180411826 ], [ 127.105537463765344, 37.404111076158401 ], [ 127.105526362063046, 37.40410360759796 ], [ 127.105157997575574, 37.403906260921246 ], [ 127.105075914085944, 37.404006851731857 ], [ 127.105338931845949, 37.404145726237772 ], [ 127.10526268129955, 37.404233724722815 ], [ 127.104923167465799, 37.404112433792207 ], [ 127.104801951825621, 37.404248325065524 ], [ 127.105267438430062, 37.40441286135291 ], [ 127.105305291750284, 37.404416575890522 ], [ 127.105321653963415, 37.404413984398666 ], [ 127.105339139122904, 37.404406742639203 ], [ 127.105352918831002, 37.404398909505424 ], [ 127.105538377408564, 37.404174633319933 ], [ 127.105552960181015, 37.404151563191327 ] ] ] } },
{ "type": "Feature", "properties": { "명칭": null, "구분": null, "종류": "무벽건물", "용도": "근린생활시설", "주기": "어울공원", "층수": 1, "측량방법": "사진측량", "UFID": "1000037709035B00110000000000000163", "region": "pangyo", "region_name": "제1판교테크노밸리", "base_year": 2023 }, "geometry": { "type": "Polygon", "coordinates": [ [ [ 127.11151897817183, 37.401953786728669 ], [ 127.111560078383036, 37.401954189457818 ], [ 127.111560266476403, 37.401875367992595 ], [ 127.11152005901566, 37.401875279778722 ], [ 127.11151897817183, 37.401953786728669 ] ] ] } },
{ "type": "Feature", "properties": { "명칭": null, "구분": null, "종류": "무벽건물", "용도": "근린생활시설", "주기": "어울공원", "층수": 1, "측량방법": "사진측량", "UFID": "1000037709035B00110000000000000162", "region": "pangyo", "region_name": "제1판교테크노밸리", "base_year": 2023 }, "geometry": { "type": "Polygon", "coordinates": [ [ [ 127.11163516637302, 37.401286975824753 ], [ 127.111625966060217, 37.401289930848577 ], [ 127.111625060524858, 37.401319034673904 ], [ 127.111632259019771, 37.401321830052524 ], [ 127.111642886241782, 37.401321468620729 ], [ 127.11165101621215, 37.401320262586552 ], [ 127.111650981574229, 37.401289303546044 ], [ 127.111644268553817, 37.401286390577468 ], [ 127.11163516637302, 37.401286975824753 ] ] ] } },
{ "type": "Feature", "properties": { "명칭": null, "구분": null, "종류": "무벽건물", "용도": "기타시설", "주기": null, "층수": 1, "측량방법": "사진측량", "UFID": "1000037709035B00110000000000000161", "region": "pangyo", "region_name": "제1판교테크노밸리", "base_year": 2023 }, "geometry": { "type": "Polygon", "coordinates": [ [ [ 127.101648819939939, 37.404859960361158 ], [ 127.10169779955649, 37.40491457413377 ], [ 127.101732528427718, 37.404896253546013 ], [ 127.101682204347711, 37.40484135261736 ], [ 127.101648819939939, 37.404859960361158 ] ] ] } },
{ "type": "Feature", "properties": { "명칭": null, "구분": null, "종류": "무벽건물", "용도": "기타시설", "주기": null, "층수": 1, "측량방법": "사진측량", "UFID": "1000037709035B00110000000000000160", "region": "pangyo", "region_name": "제1판교테크노밸리", "base_year": 2023 }, "geometry": { "type": "Polygon", "coordinates": [ [ [ 127.101715633477994, 37.404956104838249 ], [ 127.101747634212771, 37.404991712656539 ], [ 127.101792757029813, 37.404967139035982 ], [ 127.101762843842991, 37.404930087800658 ], [ 127.101715633477994, 37.404956104838249 ] ] ] } },
{ "type": "Feature", "properties": { "명칭": null, "구분": null, "종류": "무벽건물", "용도": "근린생활시설", "주기": null, "층수": 1, "측량방법": "사진측량", "UFID": "1000037709035B00110000000000000116", "region": "pangyo", "region_name": "제1판교테크노밸리", "base_year": 2023 }, "geometry": { "type": "Polygon", "coordinates": [ [ [ 127.10264415946493, 37.400437720202227 ], [ 127.102663415786822, 37.400437784576432 ], [ 127.102662396736662, 37.400377930638577 ], [ 127.102643140430089, 37.400377866264172 ], [ 127.10264415946493, 37.400437720202227 ] ] ] } },
{ "type": "Feature", "properties": { "명칭": null, "구분": null, "종류": "무벽건물", "용도": "근린생활시설", "주기": null, "층수": 1, "측량방법": "사진측량", "UFID": "1000037709035B00110000000000000113", "region": "pangyo", "region_name": "제1판교테크노밸리", "base_year": 2023 }, "geometry": { "type": "Polygon", "coordinates": [ [ [ 127.103032449420553, 37.403384810524251 ], [ 127.103096332862009, 37.40338641271719 ], [ 127.103096810755872, 37.403372500543874 ], [ 127.103033264184475, 37.403369456424812 ], [ 127.103032449420553, 37.403384810524251 ] ] ] } },
{ "type": "Feature", "properties": { "명칭": null, "구분": null, "종류": "무벽건물", "용도": "근린생활시설", "주기": null, "층수": 1, "측량방법": "사진측량", "UFID": "1000037709035B00110000000000000112", "region": "pangyo", "region_name": "제1판교테크노밸리", "base_year": 2023 }, "geometry": { "type": "Polygon", "coordinates": [ [ [ 127.109808432517283, 37.401803763903061 ], [ 127.109807727647791, 37.401847031571307 ], [ 127.109820592724944, 37.401847713409005 ], [ 127.109823058425334, 37.401803723288666 ], [ 127.109808432517283, 37.401803763903061 ] ] ] } },
{ "type": "Feature", "properties": { "명칭": null, "구분": null, "종류": "무벽건물", "용도": "근린생활시설", "주기": null, "층수": 1, "측량방법": "사진측량", "UFID": "1000037709035B00110000000000000108", "region": "pangyo", "region_name": "제1판교테크노밸리", "base_year": 2023 }, "geometry": { "type": "Polygon", "coordinates": [ [ [ 127.109514773653785, 37.401874433002014 ], [ 127.109526700162206, 37.401874322842765 ], [ 127.109526786272795, 37.401824847716867 ], [ 127.109513707202936, 37.401824571504712 ], [ 127.109514773653785, 37.401874433002014 ] ] ] } },
{ "type": "Feature", "properties": { "명칭": null, "구분": null, "종류": "무벽건물", "용도": "기타시설", "주기": "판교이노벨리", "층수": 1, "측량방법": "사진측량", "UFID": "1000037709035B00110000000000000107", "region": "pangyo", "region_name": "제1판교테크노밸리", "base_year": 2023 }, "geometry": { "type": "Polygon", "coordinates": [ [ [ 127.102014672142019, 37.404340594490542 ], [ 127.102053908921903, 37.404381836373766 ], [ 127.102098645987098, 37.404356325905987 ], [ 127.102063989368375, 37.404311088563638 ], [ 127.102014672142019, 37.404340594490542 ] ] ] } },
{ "type": "Feature", "properties": { "명칭": null, "구분": null, "종류": "무벽건물", "용도": "근린생활시설", "주기": null, "층수": 1, "측량방법": "사진측량", "UFID": "1000037709035B00110000000000000106", "region": "pangyo", "region_name": "제1판교테크노밸리", "base_year": 2023 }, "geometry": { "type": "Polygon", "coordinates": [ [ [ 127.10486640265114, 37.403935208388276 ], [ 127.104881126203026, 37.40394009687995 ], [ 127.104917390667367, 37.403873722573671 ], [ 127.104901006950655, 37.403868916651192 ], [ 127.10486640265114, 37.403935208388276 ] ] ] } },
{ "type": "Feature", "properties": { "명칭": null, "구분": null, "종류": "무벽건물", "용도": "기타시설", "주기": null, "층수": 1, "측량방법": "사진측량", "UFID": "1000037709035B00110000000000000105", "region": "pangyo", "region_name": "제1판교테크노밸리", "base_year": 2023 }, "geometry": { "type": "Polygon", "coordinates": [ [ [ 127.111832560411983, 37.404551970486388 ], [ 127.111822162676603, 37.404562657410487 ], [ 127.111818946397875, 37.404579662704464 ], [ 127.111823653213122, 37.404592822158975 ], [ 127.111834600178767, 37.404602101324144 ], [ 127.111851046343276, 37.404602923716283 ], [ 127.111861972943188, 37.40459090277939 ], [ 127.111864461842643, 37.404578457334956 ], [ 127.111863292475562, 37.404566808249378 ], [ 127.111857517813277, 37.404557109724401 ], [ 127.111847919767953, 37.404551099988822 ], [ 127.111832560411983, 37.404551970486388 ] ] ] } },
{ "type": "Feature", "properties": { "명칭": null, "구분": null, "종류": "무벽건물", "용도": "근린생활시설", "주기": null, "층수": 1, "측량방법": "사진측량", "UFID": "1000037709035B00110000000000000091", "region": "pangyo", "region_name": "제1판교테크노밸리", "base_year": 2023 }, "geometry": { "type": "Polygon", "coordinates": [ [ [ 127.113143913592083, 37.401370643153257 ], [ 127.113144873954951, 37.401446003608072 ], [ 127.11316244740506, 37.40144586064784 ], [ 127.113161498318689, 37.401370500182374 ], [ 127.113143913592083, 37.401370643153257 ] ] ] } },
{ "type": "Feature", "properties": { "명칭": null, "구분": null, "종류": "무벽건물", "용도": "근린생활시설", "주기": null, "층수": 1, "측량방법": "사진측량", "UFID": "1000037709035B00110000000000000090", "region": "pangyo", "region_name": "제1판교테크노밸리", "base_year": 2023 }, "geometry": { "type": "Polygon", "coordinates": [ [ [ 127.11276664763767, 37.401380022771576 ], [ 127.112766141069073, 37.401448969361056 ], [ 127.112783793917131, 37.401449051636526 ], [ 127.112782761122659, 37.40137787198389 ], [ 127.11276664763767, 37.401380022771576 ] ] ] } },
{ "type": "Feature", "properties": { "명칭": null, "구분": null, "종류": "무벽건물", "용도": "근린생활시설", "주기": null, "층수": 1, "측량방법": "사진측량", "UFID": "1000037709035B00110000000000000088", "region": "pangyo", "region_name": "제1판교테크노밸리", "base_year": 2023 }, "geometry": { "type": "Polygon", "coordinates": [ [ [ 127.112415258902587, 37.403984297721117 ], [ 127.112432894656607, 37.403987659778849 ], [ 127.112444722242728, 37.403943804881429 ], [ 127.112426801766958, 37.403938857300361 ], [ 127.112415258902587, 37.403984297721117 ] ] ] } },
{ "type": "Feature", "properties": { "명칭": null, "구분": null, "종류": "무벽건물", "용도": "근린생활시설", "주기": null, "층수": 1, "측량방법": "사진측량", "UFID": "1000037709035B00110000000000000087", "region": "pangyo", "region_name": "제1판교테크노밸리", "base_year": 2023 }, "geometry": { "type": "Polygon", "coordinates": [ [ [ 127.105561017507213, 37.401304466093677 ], [ 127.105575344157913, 37.401308543936992 ], [ 127.105605652740863, 37.401240733075653 ], [ 127.10559097705945, 37.401237421415331 ], [ 127.105561017507213, 37.401304466093677 ] ] ] } },
{ "type": "Feature", "properties": { "명칭": null, "구분": null, "종류": "무벽건물", "용도": "근린생활시설", "주기": null, "층수": 1, "측량방법": "사진측량", "UFID": "1000037709035B00110000000000000086", "region": "pangyo", "region_name": "제1판교테크노밸리", "base_year": 2023 }, "geometry": { "type": "Polygon", "coordinates": [ [ [ 127.105960906242728, 37.40147165322859 ], [ 127.105977347979888, 37.401477882567271 ], [ 127.106008105405309, 37.401408206089584 ], [ 127.105992692967632, 37.401403057057372 ], [ 127.105960906242728, 37.40147165322859 ] ] ] } },
{ "type": "Feature", "properties": { "명칭": null, "구분": null, "종류": "무벽건물", "용도": "근린생활시설", "주기": null, "층수": 1, "측량방법": "사진측량", "UFID": "1000037709035B00110000000000000085", "region": "pangyo", "region_name": "제1판교테크노밸리", "base_year": 2023 }, "geometry": { "type": "Polygon", "coordinates": [ [ [ 127.110961973297222, 37.403096921981465 ], [ 127.110961885092564, 37.403113699065727 ], [ 127.111040538751581, 37.403113427002324 ], [ 127.111042784175055, 37.403096656902314 ], [ 127.110961973297222, 37.403096921981465 ] ] ] } },
{ "type": "Feature", "properties": { "명칭": null, "구분": null, "종류": "무벽건물", "용도": "근린생활시설", "주기": null, "층수": 1, "측량방법": "사진측량", "UFID": "1000037709035B00110000000000000084", "region": "pangyo", "region_name": "제1판교테크노밸리", "base_year": 2023 }, "geometry": { "type": "Polygon", "coordinates": [ [ [ 127.110929810647804, 37.403359951024996 ], [ 127.1109297224491, 37.403376737118691 ], [ 127.111008376369938, 37.403376456066042 ], [ 127.111010621808262, 37.403359685967381 ], [ 127.110929810647804, 37.403359951024996 ] ] ] } },
{ "type": "Feature", "properties": { "명칭": null, "구분": null, "종류": "무벽건물", "용도": "근린생활시설", "주기": null, "층수": 1, "측량방법": "사진측량", "UFID": "1000037709035B00110000000000000083", "region": "pangyo", "region_name": "제1판교테크노밸리", "base_year": 2023 }, "geometry": { "type": "Polygon", "coordinates": [ [ [ 127.107730506866815, 37.403121823222847 ], [ 127.107801077902536, 37.40312443493378 ], [ 127.107802628315625, 37.403110819100306 ], [ 127.10773056982903, 37.403110578429491 ], [ 127.107730506866815, 37.403121823222847 ] ] ] } },
{ "type": "Feature", "properties": { "명칭": null, "구분": null, "종류": "무벽건물", "용도": "근린생활시설", "주기": null, "층수": 1, "측량방법": "사진측량", "UFID": "1000037709035B00110000000000000082", "region": "pangyo", "region_name": "제1판교테크노밸리", "base_year": 2023 }, "geometry": { "type": "Polygon", "coordinates": [ [ [ 127.107673616095241, 37.403373728291648 ], [ 127.107744187378202, 37.403376349046241 ], [ 127.107745737793749, 37.40336272420388 ], [ 127.107673679078943, 37.403362492508975 ], [ 127.107673616095241, 37.403373728291648 ] ] ] } },
{ "type": "Feature", "properties": { "명칭": null, "구분": null, "종류": "무벽건물", "용도": "근린생활시설", "주기": null, "층수": 1, "측량방법": "사진측량", "UFID": "1000037709035B00110000000000000081", "region": "pangyo", "region_name": "제1판교테크노밸리", "base_year": 2023 }, "geometry": { "type": "Polygon", "coordinates": [ [ [ 127.105435454716186, 37.404613080546056 ], [ 127.105441232779881, 37.404617733668417 ], [ 127.105479371193141, 37.404583028390149 ], [ 127.105471013114453, 37.404574917653115 ], [ 127.105435454716186, 37.404613080546056 ] ] ] } },
{ "type": "Feature", "properties": { "명칭": null, "구분": null, "종류": "무벽건물", "용도": "근린생활시설", "주기": null, "층수": 1, "측량방법": "사진측량", "UFID": "1000037709035B00110000000000000080", "region": "pangyo", "region_name": "제1판교테크노밸리", "base_year": 2023 }, "geometry": { "type": "Polygon", "coordinates": [ [ [ 127.105372485086292, 37.404442132035442 ], [ 127.105378251851022, 37.404446794181304 ], [ 127.105416401488867, 37.404412079902173 ], [ 127.105408032141412, 37.404403969170495 ], [ 127.105372485086292, 37.404442132035442 ] ] ] } },
{ "type": "Feature", "properties": { "명칭": null, "구분": null, "종류": "무벽건물", "용도": "근린생활시설", "주기": null, "층수": 1, "측량방법": "사진측량", "UFID": "1000037709035B00110000000000000079", "region": "pangyo", "region_name": "제1판교테크노밸리", "base_year": 2023 }, "geometry": { "type": "Polygon", "coordinates": [ [ [ 127.104183448007873, 37.403944380837466 ], [ 127.104192184213986, 37.403948391690435 ], [ 127.1042190894821, 37.403908885263739 ], [ 127.104210034076246, 37.403902739275651 ], [ 127.104183448007873, 37.403944380837466 ] ] ] } },
{ "type": "Feature", "properties": { "명칭": null, "구분": null, "종류": "무벽건물", "용도": "근린생활시설", "주기": null, "층수": 1, "측량방법": "사진측량", "UFID": "1000037709035B00110000000000000074", "region": "pangyo", "region_name": "제1판교테크노밸리", "base_year": 2023 }, "geometry": { "type": "Polygon", "coordinates": [ [ [ 127.102453835216266, 37.401733255929422 ], [ 127.102454997650455, 37.401774098193243 ], [ 127.10246707207105, 37.401774790526389 ], [ 127.102466006370406, 37.40173034409581 ], [ 127.102453835216266, 37.401733255929422 ] ] ] } },
{ "type": "Feature", "properties": { "명칭": null, "구분": null, "종류": "무벽건물", "용도": "근린생활시설", "주기": null, "층수": 1, "측량방법": "사진측량", "UFID": "1000037709035B00110000000000000073", "region": "pangyo", "region_name": "제1판교테크노밸리", "base_year": 2023 }, "geometry": { "type": "Polygon", "coordinates": [ [ [ 127.102631272919126, 37.401530795854008 ], [ 127.102646656224167, 37.401531296082396 ], [ 127.102648987838379, 37.401485296946618 ], [ 127.102633604542689, 37.401484796718528 ], [ 127.102631272919126, 37.401530795854008 ] ] ] } },
{ "type": "Feature", "properties": { "명칭": null, "구분": null, "종류": "무벽건물", "용도": "근린생활시설", "주기": null, "층수": 1, "측량방법": "사진측량", "UFID": "1000037709035B00110000000000000072", "region": "pangyo", "region_name": "제1판교테크노밸리", "base_year": 2023 }, "geometry": { "type": "Polygon", "coordinates": [ [ [ 127.103125126372319, 37.403034971579565 ], [ 127.103184580599262, 37.403035460322585 ], [ 127.103186255762665, 37.40302161017469 ], [ 127.103126496055793, 37.40302072524991 ], [ 127.103125126372319, 37.403034971579565 ] ] ] } },
{ "type": "Feature", "properties": { "명칭": null, "구분": null, "종류": "무벽건물", "용도": "근린생활시설", "주기": null, "층수": 1, "측량방법": "사진측량", "UFID": "1000037709035B00110000000000000071", "region": "pangyo", "region_name": "제1판교테크노밸리", "base_year": 2023 }, "geometry": { "type": "Polygon", "coordinates": [ [ [ 127.101874638908924, 37.404388271082077 ], [ 127.101880057359125, 37.404394438402846 ], [ 127.101930091247013, 37.404368635108185 ], [ 127.101923643977116, 37.404361720829655 ], [ 127.101874638908924, 37.404388271082077 ] ] ] } },
{ "type": "Feature", "properties": { "명칭": null, "구분": null, "종류": "무벽건물", "용도": "근린생활시설", "주기": null, "층수": 1, "측량방법": "사진측량", "UFID": "1000037709035B00110000000000000059", "region": "pangyo", "region_name": "제1판교테크노밸리", "base_year": 2023 }, "geometry": { "type": "Polygon", "coordinates": [ [ [ 127.100275002476579, 37.401482973110326 ], [ 127.100294886239425, 37.401496012037747 ], [ 127.100346312853688, 37.401423084831094 ], [ 127.100330837757198, 37.401413006529872 ], [ 127.100275002476579, 37.401482973110326 ] ] ] } },
{ "type": "Feature", "properties": { "명칭": null, "구분": null, "종류": "무벽건물", "용도": "근린생활시설", "주기": null, "층수": 1, "측량방법": "사진측량", "UFID": "1000037709035B00110000000000000058", "region": "pangyo", "region_name": "제1판교테크노밸리", "base_year": 2023 }, "geometry": { "type": "Polygon", "coordinates": [ [ [ 127.100814100041035, 37.402608619412085 ], [ 127.100885766902039, 37.402628822239649 ], [ 127.100889705650872, 37.402618186835383 ], [ 127.100819155750685, 37.402597100057548 ], [ 127.100814100041035, 37.402608619412085 ] ] ] } },
{ "type": "Feature", "properties": { "명칭": "판교실리콘파크", "구분": null, "종류": "주택외건물", "용도": "근린생활시설", "주기": null, "층수": 12, "측량방법": "사진측량", "UFID": "1000037709035B00110000000000000037", "region": "pangyo", "region_name": "제1판교테크노밸리", "base_year": 2023 }, "geometry": { "type": "Polygon", "coordinates": [ [ [ 127.100056561485403, 37.405109153147102 ], [ 127.099999991510117, 37.405044985290509 ], [ 127.099999995600029, 37.405141547629192 ], [ 127.100056561485403, 37.405109153147102 ] ] ] } },
{ "type": "Feature", "properties": { "명칭": "만도GLOBALR&DCENTER", "구분": null, "종류": "주택외건물", "용도": "근린생활시설", "주기": null, "층수": 10, "측량방법": "사진측량", "UFID": "1000037709035B00110000000000000036", "region": "pangyo", "region_name": "제1판교테크노밸리", "base_year": 2023 }, "geometry": { "type": "Polygon", "coordinates": [ [ [ 127.100116854124281, 37.404635012258041 ], [ 127.100322738258882, 37.404520912735386 ], [ 127.100422711287919, 37.404634374451341 ], [ 127.100228056598368, 37.404775972777763 ], [ 127.100420832534326, 37.404944624370849 ], [ 127.100762268264049, 37.404698751796666 ], [ 127.101175319811105, 37.404511013872678 ], [ 127.101033014574057, 37.404314046362323 ], [ 127.100805338986504, 37.404415344185601 ], [ 127.100703929493051, 37.404300559512606 ], [ 127.10090074300318, 37.404186980284898 ], [ 127.100732804995289, 37.404001765558995 ], [ 127.100000000371693, 37.404422749658139 ], [ 127.099999997170258, 37.404505328177216 ], [ 127.100116854124281, 37.404635012258041 ] ] ] } },
{ "type": "Feature", "properties": { "명칭": "판교우림W-시티", "구분": null, "종류": "주택외건물", "용도": "근린생활시설", "주기": null, "층수": 9, "측량방법": "사진측량", "UFID": "1000037709035B00110000000000000035", "region": "pangyo", "region_name": "제1판교테크노밸리", "base_year": 2023 }, "geometry": { "type": "Polygon", "coordinates": [ [ [ 127.100135782362614, 37.404107656032856 ], [ 127.100367040338909, 37.40397402783956 ], [ 127.100583549510617, 37.403850809514942 ], [ 127.10041200052045, 37.403683807017586 ], [ 127.100159886336883, 37.403811758524647 ], [ 127.100033113975869, 37.403673523162055 ], [ 127.100167951823636, 37.403549653843882 ], [ 127.100120065277835, 37.403517131521028 ], [ 127.100108269657355, 37.403530936132476 ], [ 127.100076561721536, 37.403510617931069 ], [ 127.10008722795007, 37.403496850319563 ], [ 127.099999992702038, 37.403439610215578 ], [ 127.100000000416102, 37.404184817204033 ], [ 127.100135782362614, 37.404107656032856 ] ] ] } },
{ "type": "Feature", "properties": { "명칭": null, "구분": null, "종류": "주택외건물", "용도": "업무시설", "주기": "SK주식회사", "층수": 7, "측량방법": "사진측량", "UFID": "1000037709035B00110000000000000034", "region": "pangyo", "region_name": "제1판교테크노밸리", "base_year": 2023 }, "geometry": { "type": "Polygon", "coordinates": [ [ [ 127.100182277256238, 37.405894087578638 ], [ 127.099999996222522, 37.405694422644963 ], [ 127.099999993966094, 37.405998670121967 ], [ 127.100182277256238, 37.405894087578638 ] ] ] } },
{ "type": "Feature", "properties": { "명칭": "SOULBRAIN", "구분": null, "종류": "주택외건물", "용도": "근린생활시설", "주기": null, "층수": 10, "측량방법": "사진측량", "UFID": "1000037709035B00110000000000000033", "region": "pangyo", "region_name": "제1판교테크노밸리", "base_year": 2023 }, "geometry": { "type": "Polygon", "coordinates": [ [ [ 127.100230268201017, 37.405859681997448 ], [ 127.100574115287841, 37.405665112046748 ], [ 127.100487033753339, 37.405564443021007 ], [ 127.100478816371506, 37.405568333401554 ], [ 127.100436003506672, 37.40552170594075 ], [ 127.100411220914054, 37.405537188496325 ], [ 127.1003841169167, 37.405505865018263 ], [ 127.10041300465204, 37.405485783779007 ], [ 127.100322007592581, 37.40538760476943 ], [ 127.09999999746735, 37.405576379989427 ], [ 127.099999998621271, 37.405602743839275 ], [ 127.100230268201017, 37.405859681997448 ] ] ] } },
{ "type": "Feature", "properties": { "명칭": "우리은행판교벤쳐밸리금융센터", "구분": null, "종류": "주택외건물", "용도": "근린생활시설", "주기": null, "층수": 6, "측량방법": "사진측량", "UFID": "1000037709035B00110000000000000032", "region": "pangyo", "region_name": "제1판교테크노밸리", "base_year": 2023 }, "geometry": { "type": "Polygon", "coordinates": [ [ [ 127.101887432306526, 37.400607009765103 ], [ 127.101876407307202, 37.400722295882545 ], [ 127.102310021859012, 37.400766170625168 ], [ 127.102310143853998, 37.400000221602816 ], [ 127.101879563350508, 37.400000178911441 ], [ 127.101887432306526, 37.400607009765103 ] ] ] } },
{ "type": "Feature", "properties": { "명칭": "판교이노밸리C동", "구분": null, "종류": "주택외건물", "용도": "근린생활시설", "주기": null, "층수": 10, "측량방법": "사진측량", "UFID": "1000037709035B00110000000000000031", "region": "pangyo", "region_name": "제1판교테크노밸리", "base_year": 2023 }, "geometry": { "type": "Polygon", "coordinates": [ [ [ 127.10021277140217, 37.403246755836506 ], [ 127.100294252076466, 37.403070951699696 ], [ 127.100478220262488, 37.403134218346814 ], [ 127.100406718835444, 37.40330599558289 ], [ 127.101017865236628, 37.40349548223454 ], [ 127.101077742263186, 37.403364828139608 ], [ 127.101344077389484, 37.403449764619538 ], [ 127.101388275939556, 37.403460701157897 ], [ 127.101329602265508, 37.403595571152302 ], [ 127.10185013462366, 37.40375774008902 ], [ 127.101846845725504, 37.403764455524438 ], [ 127.101895218975102, 37.403780397950264 ], [ 127.102057718490073, 37.403434932691084 ], [ 127.101471094462624, 37.403307303451449 ], [ 127.101462577872041, 37.403315230730435 ], [ 127.101151323005865, 37.403228612002572 ], [ 127.101156547539659, 37.403216660000531 ], [ 127.100084047127638, 37.402888601064092 ], [ 127.099999995156836, 37.402957014592673 ], [ 127.099999995229609, 37.40317804395049 ], [ 127.10021277140217, 37.403246755836506 ] ] ] } },
{ "type": "Feature", "properties": { "명칭": "판교디지텔센타", "구분": null, "종류": "주택외건물", "용도": "근린생활시설", "주기": null, "층수": 10, "측량방법": "사진측량", "UFID": "1000037709035B00110000000000000030", "region": "pangyo", "region_name": "제1판교테크노밸리", "base_year": 2023 }, "geometry": { "type": "Polygon", "coordinates": [ [ [ 127.100061448372941, 37.402210016483473 ], [ 127.100065508901125, 37.402273904425222 ], [ 127.10051288411573, 37.402458801852077 ], [ 127.100801364589572, 37.402561407777931 ], [ 127.100849098822508, 37.402472084937344 ], [ 127.100830624273812, 37.402465820579174 ], [ 127.100851744023203, 37.402423265381493 ], [ 127.100854974400121, 37.402423424809847 ], [ 127.100919787319626, 37.402301839839595 ], [ 127.100395896287495, 37.402102006945483 ], [ 127.100387352111184, 37.402114637500198 ], [ 127.100332952457578, 37.402092716788381 ], [ 127.100437240834609, 37.401938508651661 ], [ 127.100240425350535, 37.401851709145916 ], [ 127.099999991420162, 37.402129787530114 ], [ 127.099999990106525, 37.402179794181016 ], [ 127.100061448372941, 37.402210016483473 ] ] ] } },
{ "type": "Feature", "properties": { "명칭": null, "구분": null, "종류": "가건물", "용도": "근린생활시설", "주기": "NEXON", "층수": 1, "측량방법": "사진측량", "UFID": "1000037709035B00110000000000000029", "region": "pangyo", "region_name": "제1판교테크노밸리", "base_year": 2023 }, "geometry": { "type": "Polygon", "coordinates": [ [ [ 127.102767744562286, 37.400070212537784 ], [ 127.102798203770831, 37.400069843672973 ], [ 127.102797442380961, 37.400000258481541 ], [ 127.102768575135997, 37.400000256543912 ], [ 127.102767744562286, 37.400070212537784 ] ] ] } },
{ "type": "Feature", "properties": { "명칭": null, "구분": null, "종류": "주택외건물", "용도": "근린생활시설", "주기": "넥슨지티", "층수": 10, "측량방법": "사진측량", "UFID": "1000037709035B00110000000000000028", "region": "pangyo", "region_name": "제1판교테크노밸리", "base_year": 2023 }, "geometry": { "type": "Polygon", "coordinates": [ [ [ 127.102805997193641, 37.400516743303584 ], [ 127.103099392592483, 37.400516821223654 ], [ 127.103099114151448, 37.400156935669933 ], [ 127.10310605987722, 37.400156902582914 ], [ 127.103105099912312, 37.40000028794784 ], [ 127.102800695036422, 37.400000264663923 ], [ 127.102805997193641, 37.400516743303584 ] ] ] } },
{ "type": "Feature", "properties": { "명칭": null, "구분": null, "종류": "주택외건물", "용도": "근린생활시설", "주기": "넥슨앤파트너즈센터", "층수": 10, "측량방법": "사진측량", "UFID": "1000037709035B00110000000000000027", "region": "pangyo", "region_name": "제1판교테크노밸리", "base_year": 2023 }, "geometry": { "type": "Polygon", "coordinates": [ [ [ 127.103337586403924, 37.400157502376516 ], [ 127.103346203654993, 37.400157485834974 ], [ 127.103344332163445, 37.400513543927396 ], [ 127.103567829398699, 37.400513879980537 ], [ 127.103566148581223, 37.400154220912711 ], [ 127.103575952660961, 37.400154906111268 ], [ 127.103573649015431, 37.400056660798953 ], [ 127.103579521736009, 37.400056574562754 ], [ 127.103579003855046, 37.40000032427443 ], [ 127.10333718984802, 37.400000301587589 ], [ 127.103337586403924, 37.400157502376516 ] ] ] } },
{ "type": "Feature", "properties": { "명칭": null, "구분": null, "종류": "주택외건물", "용도": "근린생활시설", "주기": "시공테크판교신사옥", "층수": 10, "측량방법": "사진측량", "UFID": "1000037709035B00110000000000000026", "region": "pangyo", "region_name": "제1판교테크노밸리", "base_year": 2023 }, "geometry": { "type": "Polygon", "coordinates": [ [ [ 127.107889597028034, 37.400158040760346 ], [ 127.108019170393547, 37.400156670041817 ], [ 127.108019327091156, 37.40017141961178 ], [ 127.108227573908309, 37.400169949736636 ], [ 127.108227555677175, 37.400157272388434 ], [ 127.108274448051915, 37.400157238468658 ], [ 127.108275815116556, 37.400000585710764 ], [ 127.107890139263745, 37.40000056882991 ], [ 127.107889597028034, 37.400158040760346 ] ] ] } },
{ "type": "Feature", "properties": { "명칭": null, "구분": null, "종류": "무벽건물", "용도": "근린생활시설", "주기": "멜타스", "층수": 1, "측량방법": "사진측량", "UFID": "1000037709035B00110000000000000025", "region": "pangyo", "region_name": "제1판교테크노밸리", "base_year": 2023 }, "geometry": { "type": "Polygon", "coordinates": [ [ [ 127.107517921506286, 37.400029199932007 ], [ 127.107517786853279, 37.40005352762099 ], [ 127.107518536305932, 37.400056365155599 ], [ 127.10752091112866, 37.400058534456704 ], [ 127.1075303457893, 37.400061499246391 ], [ 127.107538951090064, 37.400061031899682 ], [ 127.107543331349262, 37.400059784506887 ], [ 127.107547100720154, 37.400057825863009 ], [ 127.107549017645525, 37.400055697709959 ], [ 127.107548972725169, 37.400000555266544 ], [ 127.10750985061037, 37.400000554803214 ], [ 127.107517921506286, 37.400029199932007 ] ] ] } },
{ "type": "Feature", "properties": { "명칭": null, "구분": null, "종류": "무벽건물", "용도": "위험물저장및처리시설", "주기": "SK네트웍스스타팅광동주유소", "층수": 1, "측량방법": "사진측량", "UFID": "1000037709035B00110000000000000024", "region": "pangyo", "region_name": "제1판교테크노밸리", "base_year": 2023 }, "geometry": { "type": "Polygon", "coordinates": [ [ [ 127.111398445616786, 37.400106852756871 ], [ 127.111554117534595, 37.400112049047188 ], [ 127.11155677196561, 37.400036099487352 ], [ 127.11155710341572, 37.400000653010302 ], [ 127.11140128130927, 37.400000655756081 ], [ 127.111398445616786, 37.400106852756871 ] ] ] } },
{ "type": "Feature", "properties": { "명칭": null, "구분": null, "종류": "주택외건물", "용도": "근린생활시설", "주기": "엘아이지넥스원판교하우스", "층수": 5, "측량방법": "사진측량", "UFID": "1000037709035B00110000000000003059", "region": "pangyo", "region_name": "제1판교테크노밸리", "base_year": 2023 }, "geometry": { "type": "Polygon", "coordinates": [ [ [ 127.11184339795301, 37.404730794733858 ], [ 127.111859479328345, 37.404698946476152 ], [ 127.111511069071199, 37.404581124793935 ], [ 127.111498249853184, 37.404604094879311 ], [ 127.111343604465233, 37.404550882189326 ], [ 127.111358461399234, 37.404523423120416 ], [ 127.11113942701131, 37.404448051627618 ], [ 127.111134448653715, 37.404457426917915 ], [ 127.111123540425794, 37.404481953932091 ], [ 127.111096223971387, 37.404470140195365 ], [ 127.110748344689597, 37.405095242991209 ], [ 127.110997792946591, 37.405183065780726 ], [ 127.111010430092492, 37.40515900568824 ], [ 127.1113369846409, 37.405267604948413 ], [ 127.11131872163476, 37.405298500104863 ], [ 127.111497316928919, 37.405356444485413 ], [ 127.111537, 37.405329 ], [ 127.111597468121815, 37.405241529607558 ], [ 127.111869772210099, 37.40473927541391 ], [ 127.11184339795301, 37.404730794733858 ] ], [ [ 127.11154842369163, 37.404888157254305 ], [ 127.111535049740482, 37.404910280906861 ], [ 127.111592691139734, 37.404928751494175 ], [ 127.111508689168915, 37.405071101834331 ], [ 127.111083236229334, 37.404914580633481 ], [ 127.111093574492884, 37.404894108751272 ], [ 127.111037850257517, 37.404873554763313 ], [ 127.11112023810422, 37.404731431524475 ], [ 127.11154842369163, 37.404888157254305 ] ] ] } }
]
}
